[2026-06-20T00:06:00.463Z] [INFO] [SYSTEM] Autonomous Trading Engine initialized.
[2026-06-20T00:06:00.466Z] [INFO] [SYSTEM] Paper Trading mode: ENABLED
[2026-06-20T00:06:00.466Z] [INFO] [SYSTEM] Engine loop started.
[2026-06-20T00:06:00.466Z] [INFO] [SYSTEM] --- INITIATING SOVEREIGN NODE SCAN ---
[2026-06-20T00:06:04.026Z] [INFO] [SWARM] [BTC/USDT] $63493.8 | RSI: 67.3 | CONF: 0.40
[2026-06-20T00:06:04.026Z] [INFO] [EXECUTION] [STASIS] BTC/USDT - Confidence too low (0.40). Holding.
[2026-06-20T00:06:06.371Z] [INFO] [SWARM] [ETH/USDT] $1712.92 | RSI: 82.7 | CONF: 0.00
[2026-06-20T00:06:06.372Z] [INFO] [EXECUTION] [STASIS] ETH/USDT - Confidence too low (0.00). Holding.
[2026-06-20T00:23:07.783Z] [INFO] [SYSTEM] Autonomous Trading Engine initialized.
[2026-06-20T00:23:07.786Z] [INFO] [SYSTEM] Paper Trading mode: ENABLED
[2026-06-20T00:23:07.786Z] [INFO] [SYSTEM] Engine loop started.
[2026-06-20T00:23:07.787Z] [INFO] [SYSTEM] --- INITIATING SOVEREIGN NODE SCAN ---
[2026-06-20T00:23:11.560Z] [INFO] [SWARM] [BTC/USDT] $63486.1 | RSI: 25.4 | CONF: 0.30
[2026-06-20T00:23:11.560Z] [INFO] [EXECUTION] [STASIS] BTC/USDT - Confidence too low (0.30). Holding.
[2026-06-20T00:23:13.913Z] [INFO] [SWARM] [ETH/USDT] $1708.78 | RSI: 0.0 | CONF: 0.30
[2026-06-20T00:23:13.914Z] [INFO] [EXECUTION] [STASIS] ETH/USDT - Confidence too low (0.30). Holding.
[2026-06-20T00:23:22.789Z] [INFO] [SYSTEM] --- INITIATING SOVEREIGN NODE SCAN ---
[2026-06-20T00:23:25.135Z] [INFO] [SWARM] [BTC/USDT] $63486.1 | RSI: 25.4 | CONF: 0.30
[2026-06-20T00:23:25.135Z] [INFO] [EXECUTION] [STASIS] BTC/USDT - Confidence too low (0.30). Holding.
[2026-06-20T00:23:27.488Z] [INFO] [SWARM] [ETH/USDT] $1708.78 | RSI: 0.0 | CONF: 0.30
[2026-06-20T00:23:27.489Z] [INFO] [EXECUTION] [STASIS] ETH/USDT - Confidence too low (0.30). Holding.
[2026-06-20T00:23:37.790Z] [INFO] [SYSTEM] --- INITIATING SOVEREIGN NODE SCAN ---
[2026-06-20T00:23:40.247Z] [INFO] [SWARM] [BTC/USDT] $63486.1 | RSI: 25.4 | CONF: 0.30
[2026-06-20T00:23:40.247Z] [INFO] [EXECUTION] [STASIS] BTC/USDT - Confidence too low (0.30). Holding.
[2026-06-20T00:23:42.676Z] [INFO] [SWARM] [ETH/USDT] $1708.78 | RSI: 0.0 | CONF: 0.30
[2026-06-20T00:23:42.676Z] [INFO] [EXECUTION] [STASIS] ETH/USDT - Confidence too low (0.30). Holding.
[2026-06-20T00:23:52.790Z] [INFO] [SYSTEM] --- INITIATING SOVEREIGN NODE SCAN ---
[2026-06-20T00:23:55.130Z] [INFO] [SWARM] [BTC/USDT] $63479.8 | RSI: 24.5 | CONF: 0.30
[2026-06-20T00:23:55.131Z] [INFO] [EXECUTION] [STASIS] BTC/USDT - Confidence too low (0.30). Holding.
[2026-06-20T00:23:57.483Z] [INFO] [SWARM] [ETH/USDT] $1708.78 | RSI: 0.0 | CONF: 0.30
[2026-06-20T00:23:57.484Z] [INFO] [EXECUTION] [STASIS] ETH/USDT - Confidence too low (0.30). Holding.
[2026-06-20T00:24:07.791Z] [INFO] [SYSTEM] --- INITIATING SOVEREIGN NODE SCAN ---
[2026-06-20T00:24:10.148Z] [INFO] [SWARM] [BTC/USDT] $63479.8 | RSI: 38.7 | CONF: 0.00
[2026-06-20T00:24:10.148Z] [INFO] [EXECUTION] [STASIS] BTC/USDT - Confidence too low (0.00). Holding.
[2026-06-20T00:24:12.570Z] [INFO] [SWARM] [ETH/USDT] $1708.78 | RSI: 0.0 | CONF: 0.30
[2026-06-20T00:24:12.570Z] [INFO] [EXECUTION] [STASIS] ETH/USDT - Confidence too low (0.30). Holding.
[2026-06-20T00:24:22.792Z] [INFO] [SYSTEM] --- INITIATING SOVEREIGN NODE SCAN ---
[2026-06-20T00:24:25.172Z] [INFO] [SWARM] [BTC/USDT] $63479.8 | RSI: 38.7 | CONF: 0.00
[2026-06-20T00:24:25.173Z] [INFO] [EXECUTION] [STASIS] BTC/USDT - Confidence too low (0.00). Holding.
[2026-06-20T00:24:27.570Z] [INFO] [SWARM] [ETH/USDT] $1708.76 | RSI: 0.0 | CONF: 0.30
[2026-06-20T00:24:27.571Z] [INFO] [EXECUTION] [STASIS] ETH/USDT - Confidence too low (0.30). Holding.
[2026-06-20T00:24:37.793Z] [INFO] [SYSTEM] --- INITIATING SOVEREIGN NODE SCAN ---
[2026-06-20T00:24:40.143Z] [INFO] [SWARM] [BTC/USDT] $63479.8 | RSI: 38.7 | CONF: 0.00
[2026-06-20T00:24:40.143Z] [INFO] [EXECUTION] [STASIS] BTC/USDT - Confidence too low (0.00). Holding.
[2026-06-20T00:24:42.493Z] [INFO] [SWARM] [ETH/USDT] $1708.76 | RSI: 0.0 | CONF: 0.30
[2026-06-20T00:24:42.494Z] [INFO] [EXECUTION] [STASIS] ETH/USDT - Confidence too low (0.30). Holding.
[2026-06-20T00:24:52.793Z] [INFO] [SYSTEM] --- INITIATING SOVEREIGN NODE SCAN ---
[2026-06-20T00:24:55.131Z] [INFO] [SWARM] [BTC/USDT] $63479.8 | RSI: 38.7 | CONF: 0.00
[2026-06-20T00:24:55.131Z] [INFO] [EXECUTION] [STASIS] BTC/USDT - Confidence too low (0.00). Holding.
[2026-06-20T00:24:57.485Z] [INFO] [SWARM] [ETH/USDT] $1708.76 | RSI: 0.0 | CONF: 0.30
[2026-06-20T00:24:57.486Z] [INFO] [EXECUTION] [STASIS] ETH/USDT - Confidence too low (0.30). Holding.
[2026-06-20T00:25:07.794Z] [INFO] [SYSTEM] --- INITIATING SOVEREIGN NODE SCAN ---
[2026-06-20T00:25:10.239Z] [INFO] [SWARM] [BTC/USDT] $63530.1 | RSI: 64.0 | CONF: 0.70
[2026-06-20T00:25:10.239Z] [TRADE] [EXECUTION] [PAPER TRADE] BUY 0.003935 BTC/USDT @ $63530.1
[2026-06-20T00:25:12.592Z] [INFO] [SWARM] [ETH/USDT] $1708.76 | RSI: 0.0 | CONF: 0.30
[2026-06-20T00:25:12.593Z] [INFO] [EXECUTION] [STASIS] ETH/USDT - Confidence too low (0.30). Holding.
[2026-06-20T00:25:22.795Z] [INFO] [SYSTEM] --- INITIATING SOVEREIGN NODE SCAN ---
[2026-06-20T00:25:25.136Z] [INFO] [SWARM] [BTC/USDT] $63530.1 | RSI: 64.0 | CONF: 0.70
[2026-06-20T00:25:25.136Z] [TRADE] [EXECUTION] [PAPER TRADE] BUY 0.003935 BTC/USDT @ $63530.1
[2026-06-20T00:25:27.490Z] [INFO] [SWARM] [ETH/USDT] $1708.76 | RSI: 0.0 | CONF: 0.30
[2026-06-20T00:25:27.491Z] [INFO] [EXECUTION] [STASIS] ETH/USDT - Confidence too low (0.30). Holding.
[2026-06-20T00:25:37.796Z] [INFO] [SYSTEM] --- INITIATING SOVEREIGN NODE SCAN ---
[2026-06-20T00:25:40.134Z] [INFO] [SWARM] [BTC/USDT] $63530.1 | RSI: 64.0 | CONF: 0.70
[2026-06-20T00:25:40.134Z] [TRADE] [EXECUTION] [PAPER TRADE] BUY 0.003935 BTC/USDT @ $63530.1
[2026-06-20T00:25:42.486Z] [INFO] [SWARM] [ETH/USDT] $1708.76 | RSI: 0.0 | CONF: 0.30
[2026-06-20T00:25:42.486Z] [INFO] [EXECUTION] [STASIS] ETH/USDT - Confidence too low (0.30). Holding.
[2026-06-20T00:25:52.796Z] [INFO] [SYSTEM] --- INITIATING SOVEREIGN NODE SCAN ---
[2026-06-20T00:25:55.060Z] [INFO] [SWARM] [BTC/USDT] $63530.1 | RSI: 64.0 | CONF: 0.70
[2026-06-20T00:25:55.061Z] [TRADE] [EXECUTION] [PAPER TRADE] BUY 0.003935 BTC/USDT @ $63530.1
[2026-06-20T00:25:57.482Z] [INFO] [SWARM] [ETH/USDT] $1708.76 | RSI: 0.0 | CONF: 0.30
[2026-06-20T00:25:57.482Z] [INFO] [EXECUTION] [STASIS] ETH/USDT - Confidence too low (0.30). Holding.
[2026-06-20T00:26:07.796Z] [INFO] [SYSTEM] --- INITIATING SOVEREIGN NODE SCAN ---
[2026-06-20T00:26:10.139Z] [INFO] [SWARM] [BTC/USDT] $63530.1 | RSI: 67.9 | CONF: 0.40
[2026-06-20T00:26:10.140Z] [INFO] [EXECUTION] [STASIS] BTC/USDT - Confidence too low (0.40). Holding.
[2026-06-20T00:26:12.493Z] [INFO] [SWARM] [ETH/USDT] $1708.76 | RSI: 0.0 | CONF: 0.30
[2026-06-20T00:26:12.495Z] [INFO] [EXECUTION] [STASIS] ETH/USDT - Confidence too low (0.30). Holding.
[2026-06-20T00:26:22.797Z] [INFO] [SYSTEM] --- INITIATING SOVEREIGN NODE SCAN ---
[2026-06-20T00:26:25.137Z] [INFO] [SWARM] [BTC/USDT] $63576.5 | RSI: 75.8 | CONF: 0.30
[2026-06-20T00:26:25.137Z] [INFO] [EXECUTION] [STASIS] BTC/USDT - Confidence too low (0.30). Holding.
[2026-06-20T00:26:27.564Z] [INFO] [SWARM] [ETH/USDT] $1708.76 | RSI: 0.0 | CONF: 0.30
[2026-06-20T00:26:27.564Z] [INFO] [EXECUTION] [STASIS] ETH/USDT - Confidence too low (0.30). Holding.
[2026-06-20T00:26:37.797Z] [INFO] [SYSTEM] --- INITIATING SOVEREIGN NODE SCAN ---
[2026-06-20T00:26:40.205Z] [INFO] [SWARM] [BTC/USDT] $63576.5 | RSI: 75.8 | CONF: 0.30
[2026-06-20T00:26:40.205Z] [INFO] [EXECUTION] [STASIS] BTC/USDT - Confidence too low (0.30). Holding.
[2026-06-20T00:26:42.545Z] [INFO] [SWARM] [ETH/USDT] $1708.76 | RSI: 0.0 | CONF: 0.30
[2026-06-20T00:26:42.545Z] [INFO] [EXECUTION] [STASIS] ETH/USDT - Confidence too low (0.30). Holding.
[2026-06-20T00:26:52.797Z] [INFO] [SYSTEM] --- INITIATING SOVEREIGN NODE SCAN ---
[2026-06-20T00:26:55.136Z] [INFO] [SWARM] [BTC/USDT] $63576.5 | RSI: 75.8 | CONF: 0.30
[2026-06-20T00:26:55.136Z] [INFO] [EXECUTION] [STASIS] BTC/USDT - Confidence too low (0.30). Holding.
[2026-06-20T00:26:57.485Z] [INFO] [SWARM] [ETH/USDT] $1708.76 | RSI: 0.0 | CONF: 0.30
[2026-06-20T00:26:57.485Z] [INFO] [EXECUTION] [STASIS] ETH/USDT - Confidence too low (0.30). Holding.
[2026-06-20T00:27:07.798Z] [INFO] [SYSTEM] --- INITIATING SOVEREIGN NODE SCAN ---
[2026-06-20T00:27:10.136Z] [INFO] [SWARM] [BTC/USDT] $63546.2 | RSI: 71.2 | CONF: 0.00
[2026-06-20T00:27:10.136Z] [INFO] [EXECUTION] [STASIS] BTC/USDT - Confidence too low (0.00). Holding.
[2026-06-20T00:27:12.565Z] [INFO] [SWARM] [ETH/USDT] $1708.76 | RSI: 0.0 | CONF: 0.30
[2026-06-20T00:27:12.566Z] [INFO] [EXECUTION] [STASIS] ETH/USDT - Confidence too low (0.30). Holding.
[2026-06-20T00:27:22.799Z] [INFO] [SYSTEM] --- INITIATING SOVEREIGN NODE SCAN ---
[2026-06-20T00:27:25.152Z] [INFO] [SWARM] [BTC/USDT] $63542.2 | RSI: 69.4 | CONF: 0.40
[2026-06-20T00:27:25.152Z] [INFO] [EXECUTION] [STASIS] BTC/USDT - Confidence too low (0.40). Holding.
[2026-06-20T00:27:27.493Z] [INFO] [SWARM] [ETH/USDT] $1708.76 | RSI: 0.0 | CONF: 0.30
[2026-06-20T00:27:27.493Z] [INFO] [EXECUTION] [STASIS] ETH/USDT - Confidence too low (0.30). Holding.
[2026-06-20T00:27:37.799Z] [INFO] [SYSTEM] --- INITIATING SOVEREIGN NODE SCAN ---
[2026-06-20T00:27:40.134Z] [INFO] [SWARM] [BTC/USDT] $63542.2 | RSI: 69.4 | CONF: 0.40
[2026-06-20T00:27:40.135Z] [INFO] [EXECUTION] [STASIS] BTC/USDT - Confidence too low (0.40). Holding.
[2026-06-20T00:27:42.472Z] [INFO] [SWARM] [ETH/USDT] $1708.76 | RSI: 0.0 | CONF: 0.30
[2026-06-20T00:27:42.472Z] [INFO] [EXECUTION] [STASIS] ETH/USDT - Confidence too low (0.30). Holding.
[2026-06-20T00:27:52.799Z] [INFO] [SYSTEM] --- INITIATING SOVEREIGN NODE SCAN ---
[2026-06-20T00:27:55.182Z] [INFO] [SWARM] [BTC/USDT] $63553.8 | RSI: 72.5 | CONF: 0.30
[2026-06-20T00:27:55.182Z] [INFO] [EXECUTION] [STASIS] BTC/USDT - Confidence too low (0.30). Holding.
[2026-06-20T00:27:57.601Z] [INFO] [SWARM] [ETH/USDT] $1710.68 | RSI: 43.4 | CONF: 0.30
[2026-06-20T00:27:57.601Z] [INFO] [EXECUTION] [STASIS] ETH/USDT - Confidence too low (0.30). Holding.
[2026-06-20T00:28:07.800Z] [INFO] [SYSTEM] --- INITIATING SOVEREIGN NODE SCAN ---
[2026-06-20T00:28:10.222Z] [INFO] [SWARM] [BTC/USDT] $63584.8 | RSI: 76.9 | CONF: 0.00
[2026-06-20T00:28:10.222Z] [INFO] [EXECUTION] [STASIS] BTC/USDT - Confidence too low (0.00). Holding.
[2026-06-20T00:28:12.657Z] [INFO] [SWARM] [ETH/USDT] $1710.68 | RSI: 43.4 | CONF: 0.00
[2026-06-20T00:28:12.657Z] [INFO] [EXECUTION] [STASIS] ETH/USDT - Confidence too low (0.00). Holding.
[2026-06-20T00:28:22.800Z] [INFO] [SYSTEM] --- INITIATING SOVEREIGN NODE SCAN ---
[2026-06-20T00:28:25.063Z] [INFO] [SWARM] [BTC/USDT] $63584.8 | RSI: 76.9 | CONF: 0.00
[2026-06-20T00:28:25.064Z] [INFO] [EXECUTION] [STASIS] BTC/USDT - Confidence too low (0.00). Holding.
[2026-06-20T00:28:27.409Z] [INFO] [SWARM] [ETH/USDT] $1710.68 | RSI: 43.4 | CONF: 0.00
[2026-06-20T00:28:27.409Z] [INFO] [EXECUTION] [STASIS] ETH/USDT - Confidence too low (0.00). Holding.
[2026-06-20T00:28:37.801Z] [INFO] [SYSTEM] --- INITIATING SOVEREIGN NODE SCAN ---
[2026-06-20T00:28:40.223Z] [INFO] [SWARM] [BTC/USDT] $63584.8 | RSI: 76.9 | CONF: 0.00
[2026-06-20T00:28:40.223Z] [INFO] [EXECUTION] [STASIS] BTC/USDT - Confidence too low (0.00). Holding.
[2026-06-20T00:28:42.641Z] [INFO] [SWARM] [ETH/USDT] $1710.68 | RSI: 43.4 | CONF: 0.00
[2026-06-20T00:28:42.641Z] [INFO] [EXECUTION] [STASIS] ETH/USDT - Confidence too low (0.00). Holding.
[2026-06-20T00:28:52.801Z] [INFO] [SYSTEM] --- INITIATING SOVEREIGN NODE SCAN ---
[2026-06-20T00:28:55.141Z] [INFO] [SWARM] [BTC/USDT] $63601.6 | RSI: 78.7 | CONF: 0.00
[2026-06-20T00:28:55.141Z] [INFO] [EXECUTION] [STASIS] BTC/USDT - Confidence too low (0.00). Holding.
[2026-06-20T00:28:57.480Z] [INFO] [SWARM] [ETH/USDT] $1710.68 | RSI: 56.7 | CONF: 0.40
[2026-06-20T00:28:57.480Z] [INFO] [EXECUTION] [STASIS] ETH/USDT - Confidence too low (0.40). Holding.
[2026-06-20T00:29:07.802Z] [INFO] [SYSTEM] --- INITIATING SOVEREIGN NODE SCAN ---
[2026-06-20T00:29:10.165Z] [INFO] [SWARM] [BTC/USDT] $63601.6 | RSI: 78.7 | CONF: 0.00
[2026-06-20T00:29:10.165Z] [INFO] [EXECUTION] [STASIS] BTC/USDT - Confidence too low (0.00). Holding.
[2026-06-20T00:29:12.502Z] [INFO] [SWARM] [ETH/USDT] $1712.04 | RSI: 56.7 | CONF: 0.40
[2026-06-20T00:29:12.502Z] [INFO] [EXECUTION] [STASIS] ETH/USDT - Confidence too low (0.40). Holding.
[2026-06-20T00:29:22.803Z] [INFO] [SYSTEM] --- INITIATING SOVEREIGN NODE SCAN ---
[2026-06-20T00:29:25.062Z] [INFO] [SWARM] [BTC/USDT] $63601.6 | RSI: 78.7 | CONF: 0.00
[2026-06-20T00:29:25.062Z] [INFO] [EXECUTION] [STASIS] BTC/USDT - Confidence too low (0.00). Holding.
[2026-06-20T00:29:27.406Z] [INFO] [SWARM] [ETH/USDT] $1712.04 | RSI: 56.7 | CONF: 0.40
[2026-06-20T00:29:27.406Z] [INFO] [EXECUTION] [STASIS] ETH/USDT - Confidence too low (0.40). Holding.
[2026-06-20T00:29:37.814Z] [INFO] [SYSTEM] --- INITIATING SOVEREIGN NODE SCAN ---
[2026-06-20T00:29:38.312Z] [INFO] [SYSTEM] Autonomous Trading Engine initialized.
[2026-06-20T00:29:38.315Z] [INFO] [SYSTEM] Paper Trading mode: DISABLED
[2026-06-20T00:29:38.315Z] [INFO] [SYSTEM] Engine loop started.
[2026-06-20T00:29:38.316Z] [INFO] [SYSTEM] --- INITIATING SOVEREIGN NODE SCAN ---
[2026-06-20T00:29:40.157Z] [INFO] [SWARM] [BTC/USDT] $63601.6 | RSI: 78.7 | CONF: 0.00
[2026-06-20T00:29:40.157Z] [INFO] [EXECUTION] [STASIS] BTC/USDT - Confidence too low (0.00). Holding.
[2026-06-20T00:29:41.761Z] [INFO] [SWARM] [BTC/USDT] $63601.6 | RSI: 78.7 | CONF: 0.00
[2026-06-20T00:29:41.761Z] [INFO] [EXECUTION] [STASIS] BTC/USDT - Confidence too low (0.00). Holding.
[2026-06-20T00:29:42.500Z] [INFO] [SWARM] [ETH/USDT] $1712.04 | RSI: 56.7 | CONF: 0.40
[2026-06-20T00:29:42.500Z] [INFO] [EXECUTION] [STASIS] ETH/USDT - Confidence too low (0.40). Holding.
[2026-06-20T00:29:44.107Z] [INFO] [SWARM] [ETH/USDT] $1712.04 | RSI: 56.7 | CONF: 0.40
[2026-06-20T00:29:44.107Z] [INFO] [EXECUTION] [STASIS] ETH/USDT - Confidence too low (0.40). Holding.
[2026-06-20T00:29:52.814Z] [INFO] [SYSTEM] --- INITIATING SOVEREIGN NODE SCAN ---
[2026-06-20T00:29:53.319Z] [INFO] [SYSTEM] --- INITIATING SOVEREIGN NODE SCAN ---
[2026-06-20T00:29:55.253Z] [INFO] [SWARM] [BTC/USDT] $63601.6 | RSI: 78.7 | CONF: 0.00
[2026-06-20T00:29:55.253Z] [INFO] [EXECUTION] [STASIS] BTC/USDT - Confidence too low (0.00). Holding.
[2026-06-20T00:29:55.822Z] [INFO] [SWARM] [BTC/USDT] $63601.6 | RSI: 78.7 | CONF: 0.00
[2026-06-20T00:29:55.822Z] [INFO] [EXECUTION] [STASIS] BTC/USDT - Confidence too low (0.00). Holding.
[2026-06-20T00:29:57.589Z] [INFO] [SWARM] [ETH/USDT] $1711.84 | RSI: 54.8 | CONF: 0.70
[2026-06-20T00:29:57.589Z] [TRADE] [EXECUTION] [PAPER TRADE] BUY 0.146042 ETH/USDT @ $1711.84
[2026-06-20T00:29:58.100Z] [INFO] [SWARM] [ETH/USDT] $1711.84 | RSI: 54.8 | CONF: 0.70
[2026-06-20T00:29:58.100Z] [TRADE] [EXECUTION] [LIVE TRADE] Executing BUY 0.146042 ETH/USDT @ MARKET
[2026-06-20T00:29:59.303Z] [ERROR] [EXECUTION] Order failed for ETH/USDT: kraken requires "apiKey" credential
[2026-06-20T00:30:07.814Z] [INFO] [SYSTEM] --- INITIATING SOVEREIGN NODE SCAN ---
[2026-06-20T00:30:08.320Z] [INFO] [SYSTEM] --- INITIATING SOVEREIGN NODE SCAN ---
[2026-06-20T00:30:09.563Z] [INFO] [SWARM] [BTC/USDT] $63601.6 | RSI: 78.7 | CONF: 0.00
[2026-06-20T00:30:09.564Z] [INFO] [EXECUTION] [STASIS] BTC/USDT - Confidence too low (0.00). Holding.
[2026-06-20T00:30:10.076Z] [INFO] [SWARM] [BTC/USDT] $63601.6 | RSI: 78.7 | CONF: 0.00
[2026-06-20T00:30:10.076Z] [INFO] [EXECUTION] [STASIS] BTC/USDT - Confidence too low (0.00). Holding.
[2026-06-20T00:30:11.903Z] [INFO] [SWARM] [ETH/USDT] $1711.84 | RSI: 60.9 | CONF: 0.40
[2026-06-20T00:30:11.904Z] [INFO] [EXECUTION] [STASIS] ETH/USDT - Confidence too low (0.40). Holding.
[2026-06-20T00:30:12.354Z] [INFO] [SWARM] [ETH/USDT] $1711.84 | RSI: 60.9 | CONF: 0.40
[2026-06-20T00:30:12.354Z] [INFO] [EXECUTION] [STASIS] ETH/USDT - Confidence too low (0.40). Holding.
[2026-06-20T00:30:22.814Z] [INFO] [SYSTEM] --- INITIATING SOVEREIGN NODE SCAN ---
[2026-06-20T00:30:23.324Z] [INFO] [SYSTEM] --- INITIATING SOVEREIGN NODE SCAN ---
[2026-06-20T00:30:25.138Z] [INFO] [SWARM] [BTC/USDT] $63616 | RSI: 80.0 | CONF: 0.30
[2026-06-20T00:30:25.138Z] [INFO] [EXECUTION] [STASIS] BTC/USDT - Confidence too low (0.30). Holding.
[2026-06-20T00:30:25.667Z] [INFO] [SWARM] [BTC/USDT] $63616 | RSI: 80.0 | CONF: 0.30
[2026-06-20T00:30:25.668Z] [INFO] [EXECUTION] [STASIS] BTC/USDT - Confidence too low (0.30). Holding.
[2026-06-20T00:30:27.484Z] [INFO] [SWARM] [ETH/USDT] $1711.84 | RSI: 60.9 | CONF: 0.40
[2026-06-20T00:30:27.484Z] [INFO] [EXECUTION] [STASIS] ETH/USDT - Confidence too low (0.40). Holding.
[2026-06-20T00:30:27.930Z] [INFO] [SWARM] [ETH/USDT] $1711.84 | RSI: 60.9 | CONF: 0.40
[2026-06-20T00:30:27.931Z] [INFO] [EXECUTION] [STASIS] ETH/USDT - Confidence too low (0.40). Holding.
[2026-06-20T00:30:37.816Z] [INFO] [SYSTEM] --- INITIATING SOVEREIGN NODE SCAN ---
[2026-06-20T00:30:38.324Z] [INFO] [SYSTEM] --- INITIATING SOVEREIGN NODE SCAN ---
[2026-06-20T00:30:40.249Z] [INFO] [SWARM] [BTC/USDT] $63616 | RSI: 80.0 | CONF: 0.30
[2026-06-20T00:30:40.249Z] [INFO] [EXECUTION] [STASIS] BTC/USDT - Confidence too low (0.30). Holding.
[2026-06-20T00:30:40.585Z] [INFO] [SWARM] [BTC/USDT] $63616 | RSI: 80.0 | CONF: 0.30
[2026-06-20T00:30:40.585Z] [INFO] [EXECUTION] [STASIS] BTC/USDT - Confidence too low (0.30). Holding.
[2026-06-20T00:30:42.609Z] [INFO] [SWARM] [ETH/USDT] $1711.84 | RSI: 60.9 | CONF: 0.40
[2026-06-20T00:30:42.609Z] [INFO] [EXECUTION] [STASIS] ETH/USDT - Confidence too low (0.40). Holding.
[2026-06-20T00:30:42.883Z] [INFO] [SWARM] [ETH/USDT] $1711.84 | RSI: 60.9 | CONF: 0.40
[2026-06-20T00:30:42.883Z] [INFO] [EXECUTION] [STASIS] ETH/USDT - Confidence too low (0.40). Holding.
[2026-06-20T00:30:52.816Z] [INFO] [SYSTEM] --- INITIATING SOVEREIGN NODE SCAN ---
[2026-06-20T00:30:53.325Z] [INFO] [SYSTEM] --- INITIATING SOVEREIGN NODE SCAN ---
[2026-06-20T00:30:55.188Z] [INFO] [SWARM] [BTC/USDT] $63616 | RSI: 80.0 | CONF: 0.30
[2026-06-20T00:30:55.189Z] [INFO] [EXECUTION] [STASIS] BTC/USDT - Confidence too low (0.30). Holding.
[2026-06-20T00:30:55.606Z] [INFO] [SWARM] [BTC/USDT] $63616 | RSI: 80.0 | CONF: 0.30
[2026-06-20T00:30:55.606Z] [INFO] [EXECUTION] [STASIS] BTC/USDT - Confidence too low (0.30). Holding.
[2026-06-20T00:30:57.491Z] [INFO] [SWARM] [ETH/USDT] $1711.84 | RSI: 60.9 | CONF: 0.40
[2026-06-20T00:30:57.491Z] [INFO] [EXECUTION] [STASIS] ETH/USDT - Confidence too low (0.40). Holding.
[2026-06-20T00:30:57.945Z] [INFO] [SWARM] [ETH/USDT] $1711.84 | RSI: 60.9 | CONF: 0.40
[2026-06-20T00:30:57.946Z] [INFO] [EXECUTION] [STASIS] ETH/USDT - Confidence too low (0.40). Holding.
[2026-06-20T00:31:07.817Z] [INFO] [SYSTEM] --- INITIATING SOVEREIGN NODE SCAN ---
[2026-06-20T00:31:08.326Z] [INFO] [SYSTEM] --- INITIATING SOVEREIGN NODE SCAN ---
[2026-06-20T00:31:10.176Z] [INFO] [SWARM] [BTC/USDT] $63616 | RSI: 75.0 | CONF: 0.00
[2026-06-20T00:31:10.177Z] [INFO] [EXECUTION] [STASIS] BTC/USDT - Confidence too low (0.00). Holding.
[2026-06-20T00:31:10.679Z] [INFO] [SWARM] [BTC/USDT] $63616 | RSI: 75.0 | CONF: 0.00
[2026-06-20T00:31:10.680Z] [INFO] [EXECUTION] [STASIS] BTC/USDT - Confidence too low (0.00). Holding.
[2026-06-20T00:31:12.598Z] [INFO] [SWARM] [ETH/USDT] $1711.32 | RSI: 55.5 | CONF: 0.70
[2026-06-20T00:31:12.598Z] [TRADE] [EXECUTION] [PAPER TRADE] BUY 0.146086 ETH/USDT @ $1711.32
[2026-06-20T00:31:13.045Z] [INFO] [SWARM] [ETH/USDT] $1711.32 | RSI: 55.5 | CONF: 0.70
[2026-06-20T00:31:13.045Z] [TRADE] [EXECUTION] [LIVE TRADE] Executing BUY 0.146086 ETH/USDT @ MARKET
[2026-06-20T00:31:14.244Z] [ERROR] [EXECUTION] Order failed for ETH/USDT: kraken requires "apiKey" credential
[2026-06-20T00:31:22.819Z] [INFO] [SYSTEM] --- INITIATING SOVEREIGN NODE SCAN ---
[2026-06-20T00:31:23.327Z] [INFO] [SYSTEM] --- INITIATING SOVEREIGN NODE SCAN ---
[2026-06-20T00:31:24.436Z] [INFO] [SWARM] [BTC/USDT] $63616 | RSI: 75.0 | CONF: 0.00
[2026-06-20T00:31:24.436Z] [INFO] [EXECUTION] [STASIS] BTC/USDT - Confidence too low (0.00). Holding.
[2026-06-20T00:31:25.115Z] [INFO] [SWARM] [BTC/USDT] $63616 | RSI: 75.0 | CONF: 0.00
[2026-06-20T00:31:25.116Z] [INFO] [EXECUTION] [STASIS] BTC/USDT - Confidence too low (0.00). Holding.
[2026-06-20T00:31:26.867Z] [INFO] [SWARM] [ETH/USDT] $1711.32 | RSI: 55.5 | CONF: 0.70
[2026-06-20T00:31:26.867Z] [TRADE] [EXECUTION] [LIVE TRADE] Executing BUY 0.146086 ETH/USDT @ MARKET
[2026-06-20T00:31:27.379Z] [INFO] [SWARM] [ETH/USDT] $1711.32 | RSI: 55.5 | CONF: 0.70
[2026-06-20T00:31:27.379Z] [TRADE] [EXECUTION] [PAPER TRADE] BUY 0.146086 ETH/USDT @ $1711.32
[2026-06-20T00:31:28.067Z] [ERROR] [EXECUTION] Order failed for ETH/USDT: kraken requires "apiKey" credential
[2026-06-20T00:31:37.820Z] [INFO] [SYSTEM] --- INITIATING SOVEREIGN NODE SCAN ---
[2026-06-20T00:31:38.328Z] [INFO] [SYSTEM] --- INITIATING SOVEREIGN NODE SCAN ---
[2026-06-20T00:31:39.555Z] [INFO] [SWARM] [BTC/USDT] $63616 | RSI: 75.0 | CONF: 0.00
[2026-06-20T00:31:39.555Z] [INFO] [EXECUTION] [STASIS] BTC/USDT - Confidence too low (0.00). Holding.
[2026-06-20T00:31:40.080Z] [INFO] [SWARM] [BTC/USDT] $63616 | RSI: 75.0 | CONF: 0.00
[2026-06-20T00:31:40.080Z] [INFO] [EXECUTION] [STASIS] BTC/USDT - Confidence too low (0.00). Holding.
[2026-06-20T00:31:41.831Z] [INFO] [SWARM] [ETH/USDT] $1711.32 | RSI: 55.5 | CONF: 0.70
[2026-06-20T00:31:41.831Z] [TRADE] [EXECUTION] [LIVE TRADE] Executing BUY 0.146086 ETH/USDT @ MARKET
[2026-06-20T00:31:42.351Z] [INFO] [SWARM] [ETH/USDT] $1711.32 | RSI: 55.5 | CONF: 0.70
[2026-06-20T00:31:42.351Z] [TRADE] [EXECUTION] [PAPER TRADE] BUY 0.146086 ETH/USDT @ $1711.32
[2026-06-20T00:31:43.031Z] [ERROR] [EXECUTION] Order failed for ETH/USDT: kraken requires "apiKey" credential
[2026-06-20T00:31:52.821Z] [INFO] [SYSTEM] --- INITIATING SOVEREIGN NODE SCAN ---
[2026-06-20T00:31:53.330Z] [INFO] [SYSTEM] --- INITIATING SOVEREIGN NODE SCAN ---
[2026-06-20T00:31:54.391Z] [INFO] [SWARM] [BTC/USDT] $63608.6 | RSI: 72.1 | CONF: 0.00
[2026-06-20T00:31:54.391Z] [INFO] [EXECUTION] [STASIS] BTC/USDT - Confidence too low (0.00). Holding.
[2026-06-20T00:31:55.163Z] [INFO] [SWARM] [BTC/USDT] $63608.6 | RSI: 72.1 | CONF: 0.00
[2026-06-20T00:31:55.163Z] [INFO] [EXECUTION] [STASIS] BTC/USDT - Confidence too low (0.00). Holding.
[2026-06-20T00:31:56.739Z] [INFO] [SWARM] [ETH/USDT] $1711.32 | RSI: 55.5 | CONF: 0.70
[2026-06-20T00:31:56.739Z] [TRADE] [EXECUTION] [LIVE TRADE] Executing BUY 0.146086 ETH/USDT @ MARKET
[2026-06-20T00:31:57.511Z] [INFO] [SWARM] [ETH/USDT] $1711.32 | RSI: 55.5 | CONF: 0.70
[2026-06-20T00:31:57.511Z] [TRADE] [EXECUTION] [PAPER TRADE] BUY 0.146086 ETH/USDT @ $1711.32
[2026-06-20T00:31:57.939Z] [ERROR] [EXECUTION] Order failed for ETH/USDT: kraken requires "apiKey" credential
[2026-06-20T00:32:07.822Z] [INFO] [SYSTEM] --- INITIATING SOVEREIGN NODE SCAN ---
[2026-06-20T00:32:08.331Z] [INFO] [SYSTEM] --- INITIATING SOVEREIGN NODE SCAN ---
[2026-06-20T00:32:09.483Z] [INFO] [SWARM] [BTC/USDT] $63608.6 | RSI: 75.3 | CONF: 0.00
[2026-06-20T00:32:09.483Z] [INFO] [EXECUTION] [STASIS] BTC/USDT - Confidence too low (0.00). Holding.
[2026-06-20T00:32:10.086Z] [INFO] [SWARM] [BTC/USDT] $63633.2 | RSI: 75.3 | CONF: 0.00
[2026-06-20T00:32:10.086Z] [INFO] [EXECUTION] [STASIS] BTC/USDT - Confidence too low (0.00). Holding.
[2026-06-20T00:32:11.900Z] [INFO] [SWARM] [ETH/USDT] $1711.32 | RSI: 55.5 | CONF: 0.40
[2026-06-20T00:32:11.900Z] [INFO] [EXECUTION] [STASIS] ETH/USDT - Confidence too low (0.40). Holding.
[2026-06-20T00:32:12.437Z] [INFO] [SWARM] [ETH/USDT] $1711.32 | RSI: 55.5 | CONF: 0.40
[2026-06-20T00:32:12.438Z] [INFO] [EXECUTION] [STASIS] ETH/USDT - Confidence too low (0.40). Holding.
[2026-06-20T00:32:22.824Z] [INFO] [SYSTEM] --- INITIATING SOVEREIGN NODE SCAN ---
[2026-06-20T00:32:23.331Z] [INFO] [SYSTEM] --- INITIATING SOVEREIGN NODE SCAN ---
[2026-06-20T00:32:25.163Z] [INFO] [SWARM] [BTC/USDT] $63640.5 | RSI: 76.1 | CONF: 0.30
[2026-06-20T00:32:25.163Z] [INFO] [EXECUTION] [STASIS] BTC/USDT - Confidence too low (0.30). Holding.
[2026-06-20T00:32:25.592Z] [INFO] [SWARM] [BTC/USDT] $63640.5 | RSI: 76.1 | CONF: 0.30
[2026-06-20T00:32:25.592Z] [INFO] [EXECUTION] [STASIS] BTC/USDT - Confidence too low (0.30). Holding.
[2026-06-20T00:32:27.503Z] [INFO] [SWARM] [ETH/USDT] $1711.32 | RSI: 55.5 | CONF: 0.40
[2026-06-20T00:32:27.503Z] [INFO] [EXECUTION] [STASIS] ETH/USDT - Confidence too low (0.40). Holding.
[2026-06-20T00:32:27.935Z] [INFO] [SWARM] [ETH/USDT] $1711.32 | RSI: 55.5 | CONF: 0.40
[2026-06-20T00:32:27.935Z] [INFO] [EXECUTION] [STASIS] ETH/USDT - Confidence too low (0.40). Holding.
[2026-06-20T00:32:37.825Z] [INFO] [SYSTEM] --- INITIATING SOVEREIGN NODE SCAN ---
[2026-06-20T00:32:38.332Z] [INFO] [SYSTEM] --- INITIATING SOVEREIGN NODE SCAN ---
[2026-06-20T00:32:40.172Z] [INFO] [SWARM] [BTC/USDT] $63640.5 | RSI: 76.1 | CONF: 0.30
[2026-06-20T00:32:40.172Z] [INFO] [EXECUTION] [STASIS] BTC/USDT - Confidence too low (0.30). Holding.
[2026-06-20T00:32:40.597Z] [INFO] [SWARM] [BTC/USDT] $63640.5 | RSI: 76.1 | CONF: 0.30
[2026-06-20T00:32:40.597Z] [INFO] [EXECUTION] [STASIS] BTC/USDT - Confidence too low (0.30). Holding.
[2026-06-20T00:32:42.594Z] [INFO] [SWARM] [ETH/USDT] $1712.58 | RSI: 63.3 | CONF: 0.70
[2026-06-20T00:32:42.595Z] [TRADE] [EXECUTION] [PAPER TRADE] BUY 0.145979 ETH/USDT @ $1712.58
[2026-06-20T00:32:42.863Z] [INFO] [SWARM] [ETH/USDT] $1712.58 | RSI: 63.3 | CONF: 0.70
[2026-06-20T00:32:42.863Z] [TRADE] [EXECUTION] [LIVE TRADE] Executing BUY 0.145979 ETH/USDT @ MARKET
[2026-06-20T00:32:44.063Z] [ERROR] [EXECUTION] Order failed for ETH/USDT: kraken requires "apiKey" credential
[2026-06-20T00:32:52.826Z] [INFO] [SYSTEM] --- INITIATING SOVEREIGN NODE SCAN ---
[2026-06-20T00:32:53.334Z] [INFO] [SYSTEM] --- INITIATING SOVEREIGN NODE SCAN ---
[2026-06-20T00:32:54.553Z] [INFO] [SWARM] [BTC/USDT] $63640.5 | RSI: 76.1 | CONF: 0.30
[2026-06-20T00:32:54.553Z] [INFO] [EXECUTION] [STASIS] BTC/USDT - Confidence too low (0.30). Holding.
[2026-06-20T00:32:55.087Z] [INFO] [SWARM] [BTC/USDT] $63640.5 | RSI: 76.1 | CONF: 0.30
[2026-06-20T00:32:55.088Z] [INFO] [EXECUTION] [STASIS] BTC/USDT - Confidence too low (0.30). Holding.
[2026-06-20T00:32:56.952Z] [INFO] [SWARM] [ETH/USDT] $1712.58 | RSI: 63.3 | CONF: 0.70
[2026-06-20T00:32:56.953Z] [TRADE] [EXECUTION] [LIVE TRADE] Executing BUY 0.145979 ETH/USDT @ MARKET
[2026-06-20T00:32:57.444Z] [INFO] [SWARM] [ETH/USDT] $1712.58 | RSI: 63.3 | CONF: 0.70
[2026-06-20T00:32:57.444Z] [TRADE] [EXECUTION] [PAPER TRADE] BUY 0.145979 ETH/USDT @ $1712.58
[2026-06-20T00:32:58.154Z] [ERROR] [EXECUTION] Order failed for ETH/USDT: kraken requires "apiKey" credential
[2026-06-20T00:33:07.827Z] [INFO] [SYSTEM] --- INITIATING SOVEREIGN NODE SCAN ---
[2026-06-20T00:33:08.335Z] [INFO] [SYSTEM] --- INITIATING SOVEREIGN NODE SCAN ---
[2026-06-20T00:33:09.474Z] [INFO] [SWARM] [BTC/USDT] $63640.6 | RSI: 85.9 | CONF: 0.00
[2026-06-20T00:33:09.474Z] [INFO] [EXECUTION] [STASIS] BTC/USDT - Confidence too low (0.00). Holding.
[2026-06-20T00:33:10.091Z] [INFO] [SWARM] [BTC/USDT] $63640.6 | RSI: 85.9 | CONF: 0.00
[2026-06-20T00:33:10.091Z] [INFO] [EXECUTION] [STASIS] BTC/USDT - Confidence too low (0.00). Holding.
[2026-06-20T00:33:11.825Z] [INFO] [SWARM] [ETH/USDT] $1712.58 | RSI: 76.9 | CONF: 0.00
[2026-06-20T00:33:11.826Z] [INFO] [EXECUTION] [STASIS] ETH/USDT - Confidence too low (0.00). Holding.
[2026-06-20T00:33:12.358Z] [INFO] [SWARM] [ETH/USDT] $1712.58 | RSI: 76.9 | CONF: 0.00
[2026-06-20T00:33:12.358Z] [INFO] [EXECUTION] [STASIS] ETH/USDT - Confidence too low (0.00). Holding.
[2026-06-20T00:33:22.827Z] [INFO] [SYSTEM] --- INITIATING SOVEREIGN NODE SCAN ---
[2026-06-20T00:33:23.335Z] [INFO] [SYSTEM] --- INITIATING SOVEREIGN NODE SCAN ---
[2026-06-20T00:33:25.244Z] [INFO] [SWARM] [BTC/USDT] $63673 | RSI: 87.9 | CONF: 0.00
[2026-06-20T00:33:25.245Z] [INFO] [EXECUTION] [STASIS] BTC/USDT - Confidence too low (0.00). Holding.
[2026-06-20T00:33:25.596Z] [INFO] [SWARM] [BTC/USDT] $63673 | RSI: 87.9 | CONF: 0.00
[2026-06-20T00:33:25.596Z] [INFO] [EXECUTION] [STASIS] BTC/USDT - Confidence too low (0.00). Holding.
[2026-06-20T00:33:27.668Z] [INFO] [SWARM] [ETH/USDT] $1712.58 | RSI: 76.9 | CONF: 0.00
[2026-06-20T00:33:27.668Z] [INFO] [EXECUTION] [STASIS] ETH/USDT - Confidence too low (0.00). Holding.
[2026-06-20T00:33:27.861Z] [INFO] [SWARM] [ETH/USDT] $1712.58 | RSI: 76.9 | CONF: 0.00
[2026-06-20T00:33:27.861Z] [INFO] [EXECUTION] [STASIS] ETH/USDT - Confidence too low (0.00). Holding.
[2026-06-20T00:33:37.828Z] [INFO] [SYSTEM] --- INITIATING SOVEREIGN NODE SCAN ---
[2026-06-20T00:33:38.335Z] [INFO] [SYSTEM] --- INITIATING SOVEREIGN NODE SCAN ---
[2026-06-20T00:33:40.176Z] [INFO] [SWARM] [BTC/USDT] $63673 | RSI: 87.9 | CONF: 0.00
[2026-06-20T00:33:40.176Z] [INFO] [EXECUTION] [STASIS] BTC/USDT - Confidence too low (0.00). Holding.
[2026-06-20T00:33:40.606Z] [INFO] [SWARM] [BTC/USDT] $63673 | RSI: 87.9 | CONF: 0.00
[2026-06-20T00:33:40.606Z] [INFO] [EXECUTION] [STASIS] BTC/USDT - Confidence too low (0.00). Holding.
[2026-06-20T00:33:42.515Z] [INFO] [SWARM] [ETH/USDT] $1712.58 | RSI: 76.9 | CONF: 0.30
[2026-06-20T00:33:42.516Z] [INFO] [EXECUTION] [STASIS] ETH/USDT - Confidence too low (0.30). Holding.
[2026-06-20T00:33:42.866Z] [INFO] [SWARM] [ETH/USDT] $1712.58 | RSI: 76.9 | CONF: 0.30
[2026-06-20T00:33:42.866Z] [INFO] [EXECUTION] [STASIS] ETH/USDT - Confidence too low (0.30). Holding.
[2026-06-20T00:33:52.829Z] [INFO] [SYSTEM] --- INITIATING SOVEREIGN NODE SCAN ---
[2026-06-20T00:33:53.335Z] [INFO] [SYSTEM] --- INITIATING SOVEREIGN NODE SCAN ---
[2026-06-20T00:33:55.167Z] [INFO] [SWARM] [BTC/USDT] $63653.3 | RSI: 86.7 | CONF: 0.00
[2026-06-20T00:33:55.167Z] [INFO] [EXECUTION] [STASIS] BTC/USDT - Confidence too low (0.00). Holding.
[2026-06-20T00:33:55.676Z] [INFO] [SWARM] [BTC/USDT] $63653.3 | RSI: 86.7 | CONF: 0.00
[2026-06-20T00:33:55.676Z] [INFO] [EXECUTION] [STASIS] BTC/USDT - Confidence too low (0.00). Holding.
[2026-06-20T00:33:57.505Z] [INFO] [SWARM] [ETH/USDT] $1712.58 | RSI: 76.9 | CONF: 0.30
[2026-06-20T00:33:57.505Z] [INFO] [EXECUTION] [STASIS] ETH/USDT - Confidence too low (0.30). Holding.
[2026-06-20T00:33:57.936Z] [INFO] [SWARM] [ETH/USDT] $1712.58 | RSI: 76.9 | CONF: 0.30
[2026-06-20T00:33:57.937Z] [INFO] [EXECUTION] [STASIS] ETH/USDT - Confidence too low (0.30). Holding.
[2026-06-20T00:34:07.829Z] [INFO] [SYSTEM] --- INITIATING SOVEREIGN NODE SCAN ---
[2026-06-20T00:34:08.335Z] [INFO] [SYSTEM] --- INITIATING SOVEREIGN NODE SCAN ---
[2026-06-20T00:34:10.172Z] [INFO] [SWARM] [BTC/USDT] $63653.3 | RSI: 86.7 | CONF: 0.00
[2026-06-20T00:34:10.172Z] [INFO] [EXECUTION] [STASIS] BTC/USDT - Confidence too low (0.00). Holding.
[2026-06-20T00:34:10.598Z] [INFO] [SWARM] [BTC/USDT] $63653.3 | RSI: 86.7 | CONF: 0.00
[2026-06-20T00:34:10.598Z] [INFO] [EXECUTION] [STASIS] BTC/USDT - Confidence too low (0.00). Holding.
[2026-06-20T00:34:12.606Z] [INFO] [SWARM] [ETH/USDT] $1713.55 | RSI: 80.2 | CONF: 0.00
[2026-06-20T00:34:12.606Z] [INFO] [EXECUTION] [STASIS] ETH/USDT - Confidence too low (0.00). Holding.
[2026-06-20T00:34:12.865Z] [INFO] [SWARM] [ETH/USDT] $1713.55 | RSI: 80.2 | CONF: 0.00
[2026-06-20T00:34:12.865Z] [INFO] [EXECUTION] [STASIS] ETH/USDT - Confidence too low (0.00). Holding.
[2026-06-20T00:34:22.829Z] [INFO] [SYSTEM] --- INITIATING SOVEREIGN NODE SCAN ---
[2026-06-20T00:34:23.335Z] [INFO] [SYSTEM] --- INITIATING SOVEREIGN NODE SCAN ---
[2026-06-20T00:34:25.172Z] [INFO] [SWARM] [BTC/USDT] $63653.3 | RSI: 86.7 | CONF: 0.00
[2026-06-20T00:34:25.173Z] [INFO] [EXECUTION] [STASIS] BTC/USDT - Confidence too low (0.00). Holding.
[2026-06-20T00:34:25.597Z] [INFO] [SWARM] [BTC/USDT] $63653.3 | RSI: 86.7 | CONF: 0.00
[2026-06-20T00:34:25.597Z] [INFO] [EXECUTION] [STASIS] BTC/USDT - Confidence too low (0.00). Holding.
[2026-06-20T00:34:27.520Z] [INFO] [SWARM] [ETH/USDT] $1713.24 | RSI: 79.3 | CONF: 0.00
[2026-06-20T00:34:27.520Z] [INFO] [EXECUTION] [STASIS] ETH/USDT - Confidence too low (0.00). Holding.
[2026-06-20T00:34:27.857Z] [INFO] [SWARM] [ETH/USDT] $1713.24 | RSI: 79.3 | CONF: 0.00
[2026-06-20T00:34:27.858Z] [INFO] [EXECUTION] [STASIS] ETH/USDT - Confidence too low (0.00). Holding.
[2026-06-20T08:38:21.287Z] [INFO] [SYSTEM] Autonomous Trading Engine initialized.
[2026-06-20T08:38:21.290Z] [INFO] [SYSTEM] Paper Trading mode: DISABLED
[2026-06-20T08:38:21.290Z] [INFO] [SYSTEM] Engine loop started.
[2026-06-20T08:38:21.290Z] [INFO] [SYSTEM] --- INITIATING SOVEREIGN NODE SCAN ---
[2026-06-20T08:38:24.936Z] [INFO] [SWARM] [BTC/USDT] $63454.6 | RSI: 22.2 | CONF: 0.30
[2026-06-20T08:38:24.937Z] [INFO] [EXECUTION] [STASIS] BTC/USDT - Confidence too low (0.30). Holding.
[2026-06-20T08:38:27.356Z] [INFO] [SWARM] [ETH/USDT] $1723.33 | RSI: 0.0 | CONF: 0.30
[2026-06-20T08:38:27.357Z] [INFO] [EXECUTION] [STASIS] ETH/USDT - Confidence too low (0.30). Holding.
[2026-06-20T08:38:36.293Z] [INFO] [SYSTEM] --- INITIATING SOVEREIGN NODE SCAN ---
[2026-06-20T08:38:38.553Z] [INFO] [SWARM] [BTC/USDT] $63454.6 | RSI: 22.2 | CONF: 0.30
[2026-06-20T08:38:38.553Z] [INFO] [EXECUTION] [STASIS] BTC/USDT - Confidence too low (0.30). Holding.
[2026-06-20T08:38:40.893Z] [INFO] [SWARM] [ETH/USDT] $1722.37 | RSI: 0.0 | CONF: 0.30
[2026-06-20T08:38:40.894Z] [INFO] [EXECUTION] [STASIS] ETH/USDT - Confidence too low (0.30). Holding.
[2026-06-20T08:38:51.294Z] [INFO] [SYSTEM] --- INITIATING SOVEREIGN NODE SCAN ---
[2026-06-20T08:38:53.711Z] [INFO] [SWARM] [BTC/USDT] $63454.6 | RSI: 19.8 | CONF: 0.30
[2026-06-20T08:38:53.711Z] [INFO] [EXECUTION] [STASIS] BTC/USDT - Confidence too low (0.30). Holding.
[2026-06-20T08:38:55.970Z] [INFO] [SWARM] [ETH/USDT] $1722.37 | RSI: 0.0 | CONF: 0.30
[2026-06-20T08:38:55.970Z] [INFO] [EXECUTION] [STASIS] ETH/USDT - Confidence too low (0.30). Holding.
[2026-06-20T08:39:06.295Z] [INFO] [SYSTEM] --- INITIATING SOVEREIGN NODE SCAN ---
[2026-06-20T08:39:08.639Z] [INFO] [SWARM] [BTC/USDT] $63438.6 | RSI: 21.4 | CONF: 0.30
[2026-06-20T08:39:08.639Z] [INFO] [EXECUTION] [STASIS] BTC/USDT - Confidence too low (0.30). Holding.
[2026-06-20T08:39:10.973Z] [INFO] [SWARM] [ETH/USDT] $1722.37 | RSI: 0.0 | CONF: 0.30
[2026-06-20T08:39:10.973Z] [INFO] [EXECUTION] [STASIS] ETH/USDT - Confidence too low (0.30). Holding.
[2026-06-20T08:39:21.297Z] [INFO] [SYSTEM] --- INITIATING SOVEREIGN NODE SCAN ---
[2026-06-20T08:39:23.640Z] [INFO] [SWARM] [BTC/USDT] $63438.7 | RSI: 21.4 | CONF: 0.30
[2026-06-20T08:39:23.640Z] [INFO] [EXECUTION] [STASIS] BTC/USDT - Confidence too low (0.30). Holding.
[2026-06-20T08:39:25.977Z] [INFO] [SWARM] [ETH/USDT] $1722.37 | RSI: 0.0 | CONF: 0.30
[2026-06-20T08:39:25.977Z] [INFO] [EXECUTION] [STASIS] ETH/USDT - Confidence too low (0.30). Holding.
[2026-06-20T08:39:36.298Z] [INFO] [SYSTEM] --- INITIATING SOVEREIGN NODE SCAN ---
[2026-06-20T08:39:38.557Z] [INFO] [SWARM] [BTC/USDT] $63438.7 | RSI: 21.4 | CONF: 0.30
[2026-06-20T08:39:38.557Z] [INFO] [EXECUTION] [STASIS] BTC/USDT - Confidence too low (0.30). Holding.
[2026-06-20T08:39:40.893Z] [INFO] [SWARM] [ETH/USDT] $1722.37 | RSI: 29.3 | CONF: 0.30
[2026-06-20T08:39:40.893Z] [INFO] [EXECUTION] [STASIS] ETH/USDT - Confidence too low (0.30). Holding.
[2026-06-20T08:39:51.299Z] [INFO] [SYSTEM] --- INITIATING SOVEREIGN NODE SCAN ---
[2026-06-20T08:39:53.556Z] [INFO] [SWARM] [BTC/USDT] $63438.7 | RSI: 21.4 | CONF: 0.30
[2026-06-20T08:39:53.556Z] [INFO] [EXECUTION] [STASIS] BTC/USDT - Confidence too low (0.30). Holding.
[2026-06-20T08:39:55.893Z] [INFO] [SWARM] [ETH/USDT] $1723.25 | RSI: 29.3 | CONF: 0.30
[2026-06-20T08:39:55.894Z] [INFO] [EXECUTION] [STASIS] ETH/USDT - Confidence too low (0.30). Holding.
[2026-06-20T08:40:06.298Z] [INFO] [SYSTEM] --- INITIATING SOVEREIGN NODE SCAN ---
[2026-06-20T08:40:08.632Z] [INFO] [SWARM] [BTC/USDT] $63464.8 | RSI: 33.9 | CONF: 0.00
[2026-06-20T08:40:08.632Z] [INFO] [EXECUTION] [STASIS] BTC/USDT - Confidence too low (0.00). Holding.
[2026-06-20T08:40:10.970Z] [INFO] [SWARM] [ETH/USDT] $1723.61 | RSI: 36.9 | CONF: 0.00
[2026-06-20T08:40:10.970Z] [INFO] [EXECUTION] [STASIS] ETH/USDT - Confidence too low (0.00). Holding.
[2026-06-20T08:40:21.299Z] [INFO] [SYSTEM] --- INITIATING SOVEREIGN NODE SCAN ---
[2026-06-20T08:40:23.638Z] [INFO] [SWARM] [BTC/USDT] $63480.8 | RSI: 39.7 | CONF: 0.00
[2026-06-20T08:40:23.639Z] [INFO] [EXECUTION] [STASIS] BTC/USDT - Confidence too low (0.00). Holding.
[2026-06-20T08:40:25.983Z] [INFO] [SWARM] [ETH/USDT] $1723.61 | RSI: 36.9 | CONF: 0.00
[2026-06-20T08:40:25.983Z] [INFO] [EXECUTION] [STASIS] ETH/USDT - Confidence too low (0.00). Holding.
[2026-06-20T08:40:36.299Z] [INFO] [SYSTEM] --- INITIATING SOVEREIGN NODE SCAN ---
[2026-06-20T08:40:38.555Z] [INFO] [SWARM] [BTC/USDT] $63480.8 | RSI: 39.7 | CONF: 0.00
[2026-06-20T08:40:38.556Z] [INFO] [EXECUTION] [STASIS] BTC/USDT - Confidence too low (0.00). Holding.
[2026-06-20T08:40:40.892Z] [INFO] [SWARM] [ETH/USDT] $1723.61 | RSI: 36.9 | CONF: 0.00
[2026-06-20T08:40:40.893Z] [INFO] [EXECUTION] [STASIS] ETH/USDT - Confidence too low (0.00). Holding.
[2026-06-20T08:40:51.301Z] [INFO] [SYSTEM] --- INITIATING SOVEREIGN NODE SCAN ---
[2026-06-20T08:40:53.626Z] [INFO] [SWARM] [BTC/USDT] $63480.8 | RSI: 39.7 | CONF: 0.00
[2026-06-20T08:40:53.626Z] [INFO] [EXECUTION] [STASIS] BTC/USDT - Confidence too low (0.00). Holding.
[2026-06-20T08:40:55.885Z] [INFO] [SWARM] [ETH/USDT] $1723.61 | RSI: 36.9 | CONF: 0.00
[2026-06-20T08:40:55.885Z] [INFO] [EXECUTION] [STASIS] ETH/USDT - Confidence too low (0.00). Holding.
[2026-06-20T08:41:06.302Z] [INFO] [SYSTEM] --- INITIATING SOVEREIGN NODE SCAN ---
[2026-06-20T08:41:08.642Z] [INFO] [SWARM] [BTC/USDT] $63480.8 | RSI: 41.0 | CONF: 0.00
[2026-06-20T08:41:08.643Z] [INFO] [EXECUTION] [STASIS] BTC/USDT - Confidence too low (0.00). Holding.
[2026-06-20T08:41:11.026Z] [INFO] [SWARM] [ETH/USDT] $1723.61 | RSI: 36.9 | CONF: 0.00
[2026-06-20T08:41:11.027Z] [INFO] [EXECUTION] [STASIS] ETH/USDT - Confidence too low (0.00). Holding.
[2026-06-20T08:41:21.304Z] [INFO] [SYSTEM] --- INITIATING SOVEREIGN NODE SCAN ---
[2026-06-20T08:41:23.631Z] [INFO] [SWARM] [BTC/USDT] $63480.8 | RSI: 41.0 | CONF: 0.00
[2026-06-20T08:41:23.631Z] [INFO] [EXECUTION] [STASIS] BTC/USDT - Confidence too low (0.00). Holding.
[2026-06-20T08:41:25.889Z] [INFO] [SWARM] [ETH/USDT] $1723.61 | RSI: 36.9 | CONF: 0.00
[2026-06-20T08:41:25.889Z] [INFO] [EXECUTION] [STASIS] ETH/USDT - Confidence too low (0.00). Holding.
[2026-06-20T08:41:36.305Z] [INFO] [SYSTEM] --- INITIATING SOVEREIGN NODE SCAN ---
[2026-06-20T08:41:38.640Z] [INFO] [SWARM] [BTC/USDT] $63480.8 | RSI: 41.0 | CONF: 0.00
[2026-06-20T08:41:38.640Z] [INFO] [EXECUTION] [STASIS] BTC/USDT - Confidence too low (0.00). Holding.
[2026-06-20T08:41:40.988Z] [INFO] [SWARM] [ETH/USDT] $1723.61 | RSI: 36.9 | CONF: 0.00
[2026-06-20T08:41:40.988Z] [INFO] [EXECUTION] [STASIS] ETH/USDT - Confidence too low (0.00). Holding.
[2026-06-20T08:41:51.306Z] [INFO] [SYSTEM] --- INITIATING SOVEREIGN NODE SCAN ---
[2026-06-20T08:41:53.646Z] [INFO] [SWARM] [BTC/USDT] $63480.8 | RSI: 41.0 | CONF: 0.00
[2026-06-20T08:41:53.646Z] [INFO] [EXECUTION] [STASIS] BTC/USDT - Confidence too low (0.00). Holding.
[2026-06-20T08:41:55.966Z] [INFO] [SWARM] [ETH/USDT] $1723.61 | RSI: 36.9 | CONF: 0.00
[2026-06-20T08:41:55.966Z] [INFO] [EXECUTION] [STASIS] ETH/USDT - Confidence too low (0.00). Holding.
[2026-06-20T08:42:06.307Z] [INFO] [SYSTEM] --- INITIATING SOVEREIGN NODE SCAN ---
[2026-06-20T08:42:08.642Z] [INFO] [SWARM] [BTC/USDT] $63480.8 | RSI: 41.0 | CONF: 0.00
[2026-06-20T08:42:08.642Z] [INFO] [EXECUTION] [STASIS] BTC/USDT - Confidence too low (0.00). Holding.
[2026-06-20T08:42:10.983Z] [INFO] [SWARM] [ETH/USDT] $1723.61 | RSI: 36.9 | CONF: 0.00
[2026-06-20T08:42:10.983Z] [INFO] [EXECUTION] [STASIS] ETH/USDT - Confidence too low (0.00). Holding.
[2026-06-20T08:42:21.308Z] [INFO] [SYSTEM] --- INITIATING SOVEREIGN NODE SCAN ---
[2026-06-20T08:42:23.642Z] [INFO] [SWARM] [BTC/USDT] $63480.8 | RSI: 41.0 | CONF: 0.00
[2026-06-20T08:42:23.642Z] [INFO] [EXECUTION] [STASIS] BTC/USDT - Confidence too low (0.00). Holding.
[2026-06-20T08:42:25.981Z] [INFO] [SWARM] [ETH/USDT] $1723.61 | RSI: 36.9 | CONF: 0.00
[2026-06-20T08:42:25.981Z] [INFO] [EXECUTION] [STASIS] ETH/USDT - Confidence too low (0.00). Holding.
[2026-06-20T08:42:36.309Z] [INFO] [SYSTEM] --- INITIATING SOVEREIGN NODE SCAN ---
[2026-06-20T08:42:38.564Z] [INFO] [SWARM] [BTC/USDT] $63480.8 | RSI: 41.0 | CONF: 0.00
[2026-06-20T08:42:38.565Z] [INFO] [EXECUTION] [STASIS] BTC/USDT - Confidence too low (0.00). Holding.
[2026-06-20T08:42:40.989Z] [INFO] [SWARM] [ETH/USDT] $1723.61 | RSI: 36.9 | CONF: 0.00
[2026-06-20T08:42:40.989Z] [INFO] [EXECUTION] [STASIS] ETH/USDT - Confidence too low (0.00). Holding.
[2026-06-20T08:42:51.309Z] [INFO] [SYSTEM] --- INITIATING SOVEREIGN NODE SCAN ---
[2026-06-20T08:42:53.653Z] [INFO] [SWARM] [BTC/USDT] $63480.8 | RSI: 41.0 | CONF: 0.00
[2026-06-20T08:42:53.653Z] [INFO] [EXECUTION] [STASIS] BTC/USDT - Confidence too low (0.00). Holding.
[2026-06-20T08:42:55.990Z] [INFO] [SWARM] [ETH/USDT] $1723.61 | RSI: 36.9 | CONF: 0.00
[2026-06-20T08:42:55.991Z] [INFO] [EXECUTION] [STASIS] ETH/USDT - Confidence too low (0.00). Holding.
[2026-06-20T08:43:06.310Z] [INFO] [SYSTEM] --- INITIATING SOVEREIGN NODE SCAN ---
[2026-06-20T08:43:08.658Z] [INFO] [SWARM] [BTC/USDT] $63472.9 | RSI: 39.2 | CONF: 0.00
[2026-06-20T08:43:08.658Z] [INFO] [EXECUTION] [STASIS] BTC/USDT - Confidence too low (0.00). Holding.
[2026-06-20T08:43:10.995Z] [INFO] [SWARM] [ETH/USDT] $1723.61 | RSI: 36.9 | CONF: 0.00
[2026-06-20T08:43:10.995Z] [INFO] [EXECUTION] [STASIS] ETH/USDT - Confidence too low (0.00). Holding.
[2026-06-20T08:43:21.311Z] [INFO] [SYSTEM] --- INITIATING SOVEREIGN NODE SCAN ---
[2026-06-20T08:43:23.645Z] [INFO] [SWARM] [BTC/USDT] $63472.9 | RSI: 39.2 | CONF: 0.00
[2026-06-20T08:43:23.645Z] [INFO] [EXECUTION] [STASIS] BTC/USDT - Confidence too low (0.00). Holding.
[2026-06-20T08:43:25.983Z] [INFO] [SWARM] [ETH/USDT] $1723.61 | RSI: 36.9 | CONF: 0.00
[2026-06-20T08:43:25.984Z] [INFO] [EXECUTION] [STASIS] ETH/USDT - Confidence too low (0.00). Holding.
[2026-06-20T08:43:36.312Z] [INFO] [SYSTEM] --- INITIATING SOVEREIGN NODE SCAN ---
[2026-06-20T08:43:38.566Z] [INFO] [SWARM] [BTC/USDT] $63472.9 | RSI: 39.2 | CONF: 0.00
[2026-06-20T08:43:38.566Z] [INFO] [EXECUTION] [STASIS] BTC/USDT - Confidence too low (0.00). Holding.
[2026-06-20T08:43:40.906Z] [INFO] [SWARM] [ETH/USDT] $1723.61 | RSI: 36.9 | CONF: 0.00
[2026-06-20T08:43:40.906Z] [INFO] [EXECUTION] [STASIS] ETH/USDT - Confidence too low (0.00). Holding.
[2026-06-20T08:43:51.312Z] [INFO] [SYSTEM] --- INITIATING SOVEREIGN NODE SCAN ---
[2026-06-20T08:43:53.647Z] [INFO] [SWARM] [BTC/USDT] $63472.9 | RSI: 39.2 | CONF: 0.00
[2026-06-20T08:43:53.647Z] [INFO] [EXECUTION] [STASIS] BTC/USDT - Confidence too low (0.00). Holding.
[2026-06-20T08:43:55.907Z] [INFO] [SWARM] [ETH/USDT] $1723.61 | RSI: 36.9 | CONF: 0.00
[2026-06-20T08:43:55.907Z] [INFO] [EXECUTION] [STASIS] ETH/USDT - Confidence too low (0.00). Holding.
[2026-06-20T08:44:06.312Z] [INFO] [SYSTEM] --- INITIATING SOVEREIGN NODE SCAN ---
[2026-06-20T08:44:08.571Z] [INFO] [SWARM] [BTC/USDT] $63472.9 | RSI: 48.7 | CONF: 0.00
[2026-06-20T08:44:08.571Z] [INFO] [EXECUTION] [STASIS] BTC/USDT - Confidence too low (0.00). Holding.
[2026-06-20T08:44:10.992Z] [INFO] [SWARM] [ETH/USDT] $1723.61 | RSI: 36.9 | CONF: 0.00
[2026-06-20T08:44:10.992Z] [INFO] [EXECUTION] [STASIS] ETH/USDT - Confidence too low (0.00). Holding.
[2026-06-20T08:44:21.313Z] [INFO] [SYSTEM] --- INITIATING SOVEREIGN NODE SCAN ---
[2026-06-20T08:44:23.650Z] [INFO] [SWARM] [BTC/USDT] $63472.9 | RSI: 48.7 | CONF: 0.00
[2026-06-20T08:44:23.650Z] [INFO] [EXECUTION] [STASIS] BTC/USDT - Confidence too low (0.00). Holding.
[2026-06-20T08:44:25.984Z] [INFO] [SWARM] [ETH/USDT] $1723.61 | RSI: 36.9 | CONF: 0.00
[2026-06-20T08:44:25.984Z] [INFO] [EXECUTION] [STASIS] ETH/USDT - Confidence too low (0.00). Holding.
[2026-06-20T08:44:36.314Z] [INFO] [SYSTEM] --- INITIATING SOVEREIGN NODE SCAN ---
[2026-06-20T08:44:38.570Z] [INFO] [SWARM] [BTC/USDT] $63450.8 | RSI: 42.4 | CONF: 0.00
[2026-06-20T08:44:38.571Z] [INFO] [EXECUTION] [STASIS] BTC/USDT - Confidence too low (0.00). Holding.
[2026-06-20T08:44:40.911Z] [INFO] [SWARM] [ETH/USDT] $1723.61 | RSI: 36.9 | CONF: 0.00
[2026-06-20T08:44:40.911Z] [INFO] [EXECUTION] [STASIS] ETH/USDT - Confidence too low (0.00). Holding.
[2026-06-20T08:44:51.314Z] [INFO] [SYSTEM] --- INITIATING SOVEREIGN NODE SCAN ---
[2026-06-20T08:44:53.652Z] [INFO] [SWARM] [BTC/USDT] $63450.8 | RSI: 42.4 | CONF: 0.00
[2026-06-20T08:44:53.652Z] [INFO] [EXECUTION] [STASIS] BTC/USDT - Confidence too low (0.00). Holding.
[2026-06-20T08:44:56.004Z] [INFO] [SWARM] [ETH/USDT] $1723.61 | RSI: 36.9 | CONF: 0.00
[2026-06-20T08:44:56.004Z] [INFO] [EXECUTION] [STASIS] ETH/USDT - Confidence too low (0.00). Holding.
[2026-06-20T08:45:06.315Z] [INFO] [SYSTEM] --- INITIATING SOVEREIGN NODE SCAN ---
[2026-06-20T08:45:08.657Z] [INFO] [SWARM] [BTC/USDT] $63450.8 | RSI: 46.2 | CONF: 0.00
[2026-06-20T08:45:08.658Z] [INFO] [EXECUTION] [STASIS] BTC/USDT - Confidence too low (0.00). Holding.
[2026-06-20T08:45:10.997Z] [INFO] [SWARM] [ETH/USDT] $1723.61 | RSI: 36.9 | CONF: 0.00
[2026-06-20T08:45:10.997Z] [INFO] [EXECUTION] [STASIS] ETH/USDT - Confidence too low (0.00). Holding.
[2026-06-20T08:45:21.315Z] [INFO] [SYSTEM] --- INITIATING SOVEREIGN NODE SCAN ---
[2026-06-20T08:45:23.651Z] [INFO] [SWARM] [BTC/USDT] $63450.8 | RSI: 46.2 | CONF: 0.00
[2026-06-20T08:45:23.651Z] [INFO] [EXECUTION] [STASIS] BTC/USDT - Confidence too low (0.00). Holding.
[2026-06-20T08:45:25.988Z] [INFO] [SWARM] [ETH/USDT] $1723.61 | RSI: 36.9 | CONF: 0.00
[2026-06-20T08:45:25.988Z] [INFO] [EXECUTION] [STASIS] ETH/USDT - Confidence too low (0.00). Holding.
[2026-06-20T08:45:36.315Z] [INFO] [SYSTEM] --- INITIATING SOVEREIGN NODE SCAN ---
[2026-06-20T08:45:38.653Z] [INFO] [SWARM] [BTC/USDT] $63450.8 | RSI: 46.2 | CONF: 0.00
[2026-06-20T08:45:38.654Z] [INFO] [EXECUTION] [STASIS] BTC/USDT - Confidence too low (0.00). Holding.
[2026-06-20T08:45:40.991Z] [INFO] [SWARM] [ETH/USDT] $1723.61 | RSI: 36.9 | CONF: 0.00
[2026-06-20T08:45:40.991Z] [INFO] [EXECUTION] [STASIS] ETH/USDT - Confidence too low (0.00). Holding.
[2026-06-20T08:45:51.316Z] [INFO] [SYSTEM] --- INITIATING SOVEREIGN NODE SCAN ---
[2026-06-20T08:45:53.650Z] [INFO] [SWARM] [BTC/USDT] $63450.8 | RSI: 46.2 | CONF: 0.00
[2026-06-20T08:45:53.650Z] [INFO] [EXECUTION] [STASIS] BTC/USDT - Confidence too low (0.00). Holding.
[2026-06-20T08:45:55.982Z] [INFO] [SWARM] [ETH/USDT] $1723.61 | RSI: 36.9 | CONF: 0.00
[2026-06-20T08:45:55.982Z] [INFO] [EXECUTION] [STASIS] ETH/USDT - Confidence too low (0.00). Holding.
[2026-06-20T08:46:06.316Z] [INFO] [SYSTEM] --- INITIATING SOVEREIGN NODE SCAN ---
[2026-06-20T08:46:08.658Z] [INFO] [SWARM] [BTC/USDT] $63450.8 | RSI: 47.1 | CONF: 0.00
[2026-06-20T08:46:08.658Z] [INFO] [EXECUTION] [STASIS] BTC/USDT - Confidence too low (0.00). Holding.
[2026-06-20T08:46:10.995Z] [INFO] [SWARM] [ETH/USDT] $1723.61 | RSI: 56.4 | CONF: 0.00
[2026-06-20T08:46:10.995Z] [INFO] [EXECUTION] [STASIS] ETH/USDT - Confidence too low (0.00). Holding.
[2026-06-20T08:46:21.317Z] [INFO] [SYSTEM] --- INITIATING SOVEREIGN NODE SCAN ---
[2026-06-20T08:46:23.578Z] [INFO] [SWARM] [BTC/USDT] $63444.8 | RSI: 45.3 | CONF: 0.00
[2026-06-20T08:46:23.578Z] [INFO] [EXECUTION] [STASIS] BTC/USDT - Confidence too low (0.00). Holding.
[2026-06-20T08:46:25.834Z] [INFO] [SWARM] [ETH/USDT] $1723.61 | RSI: 56.4 | CONF: 0.00
[2026-06-20T08:46:25.835Z] [INFO] [EXECUTION] [STASIS] ETH/USDT - Confidence too low (0.00). Holding.
[2026-06-20T08:46:36.318Z] [INFO] [SYSTEM] --- INITIATING SOVEREIGN NODE SCAN ---
[2026-06-20T08:46:38.575Z] [INFO] [SWARM] [BTC/USDT] $63444.8 | RSI: 45.3 | CONF: 0.00
[2026-06-20T08:46:38.575Z] [INFO] [EXECUTION] [STASIS] BTC/USDT - Confidence too low (0.00). Holding.
[2026-06-20T08:46:40.907Z] [INFO] [SWARM] [ETH/USDT] $1723.61 | RSI: 56.4 | CONF: 0.00
[2026-06-20T08:46:40.907Z] [INFO] [EXECUTION] [STASIS] ETH/USDT - Confidence too low (0.00). Holding.
[2026-06-20T08:46:51.318Z] [INFO] [SYSTEM] --- INITIATING SOVEREIGN NODE SCAN ---
[2026-06-20T08:46:53.681Z] [INFO] [SWARM] [BTC/USDT] $63444.8 | RSI: 45.3 | CONF: 0.00
[2026-06-20T08:46:53.681Z] [INFO] [EXECUTION] [STASIS] BTC/USDT - Confidence too low (0.00). Holding.
[2026-06-20T08:46:56.017Z] [INFO] [SWARM] [ETH/USDT] $1723.61 | RSI: 56.4 | CONF: 0.00
[2026-06-20T08:46:56.018Z] [INFO] [EXECUTION] [STASIS] ETH/USDT - Confidence too low (0.00). Holding.
[2026-06-20T08:47:06.318Z] [INFO] [SYSTEM] --- INITIATING SOVEREIGN NODE SCAN ---
[2026-06-20T08:47:08.666Z] [INFO] [SWARM] [BTC/USDT] $63444.8 | RSI: 44.6 | CONF: 0.00
[2026-06-20T08:47:08.666Z] [INFO] [EXECUTION] [STASIS] BTC/USDT - Confidence too low (0.00). Holding.
[2026-06-20T08:47:10.920Z] [INFO] [SWARM] [ETH/USDT] $1723.61 | RSI: 56.4 | CONF: 0.00
[2026-06-20T08:47:10.920Z] [INFO] [EXECUTION] [STASIS] ETH/USDT - Confidence too low (0.00). Holding.
[2026-06-20T08:47:21.319Z] [INFO] [SYSTEM] --- INITIATING SOVEREIGN NODE SCAN ---
[2026-06-20T08:47:23.652Z] [INFO] [SWARM] [BTC/USDT] $63442.3 | RSI: 44.6 | CONF: 0.00
[2026-06-20T08:47:23.653Z] [INFO] [EXECUTION] [STASIS] BTC/USDT - Confidence too low (0.00). Holding.
[2026-06-20T08:47:25.989Z] [INFO] [SWARM] [ETH/USDT] $1723.61 | RSI: 56.4 | CONF: 0.00
[2026-06-20T08:47:25.989Z] [INFO] [EXECUTION] [STASIS] ETH/USDT - Confidence too low (0.00). Holding.
[2026-06-20T08:47:36.319Z] [INFO] [SYSTEM] --- INITIATING SOVEREIGN NODE SCAN ---
[2026-06-20T08:47:38.576Z] [INFO] [SWARM] [BTC/USDT] $63442.3 | RSI: 44.6 | CONF: 0.00
[2026-06-20T08:47:38.577Z] [INFO] [EXECUTION] [STASIS] BTC/USDT - Confidence too low (0.00). Holding.
[2026-06-20T08:47:40.917Z] [INFO] [SWARM] [ETH/USDT] $1723.61 | RSI: 56.4 | CONF: 0.00
[2026-06-20T08:47:40.917Z] [INFO] [EXECUTION] [STASIS] ETH/USDT - Confidence too low (0.00). Holding.
[2026-06-20T08:47:51.319Z] [INFO] [SYSTEM] --- INITIATING SOVEREIGN NODE SCAN ---
[2026-06-20T08:47:53.652Z] [INFO] [SWARM] [BTC/USDT] $63442.3 | RSI: 44.6 | CONF: 0.00
[2026-06-20T08:47:53.652Z] [INFO] [EXECUTION] [STASIS] BTC/USDT - Confidence too low (0.00). Holding.
[2026-06-20T08:47:55.992Z] [INFO] [SWARM] [ETH/USDT] $1723.61 | RSI: 56.4 | CONF: 0.00
[2026-06-20T08:47:55.992Z] [INFO] [EXECUTION] [STASIS] ETH/USDT - Confidence too low (0.00). Holding.
[2026-06-20T08:48:06.318Z] [INFO] [SYSTEM] --- INITIATING SOVEREIGN NODE SCAN ---
[2026-06-20T08:48:08.588Z] [INFO] [SWARM] [BTC/USDT] $63442.3 | RSI: 32.1 | CONF: 0.00
[2026-06-20T08:48:08.588Z] [INFO] [EXECUTION] [STASIS] BTC/USDT - Confidence too low (0.00). Holding.
[2026-06-20T08:48:10.972Z] [INFO] [SWARM] [ETH/USDT] $1723.61 | RSI: 56.4 | CONF: 0.40
[2026-06-20T08:48:10.972Z] [INFO] [EXECUTION] [STASIS] ETH/USDT - Confidence too low (0.40). Holding.
[2026-06-20T08:48:21.319Z] [INFO] [SYSTEM] --- INITIATING SOVEREIGN NODE SCAN ---
[2026-06-20T08:48:23.675Z] [INFO] [SWARM] [BTC/USDT] $63455.6 | RSI: 38.4 | CONF: 0.00
[2026-06-20T08:48:23.675Z] [INFO] [EXECUTION] [STASIS] BTC/USDT - Confidence too low (0.00). Holding.
[2026-06-20T08:48:26.010Z] [INFO] [SWARM] [ETH/USDT] $1723.61 | RSI: 56.4 | CONF: 0.40
[2026-06-20T08:48:26.011Z] [INFO] [EXECUTION] [STASIS] ETH/USDT - Confidence too low (0.40). Holding.
[2026-06-20T08:48:36.319Z] [INFO] [SYSTEM] --- INITIATING SOVEREIGN NODE SCAN ---
[2026-06-20T08:48:38.613Z] [INFO] [SWARM] [BTC/USDT] $63455.6 | RSI: 38.4 | CONF: 0.00
[2026-06-20T08:48:38.614Z] [INFO] [EXECUTION] [STASIS] BTC/USDT - Confidence too low (0.00). Holding.
[2026-06-20T08:48:40.948Z] [INFO] [SWARM] [ETH/USDT] $1723.61 | RSI: 56.4 | CONF: 0.40
[2026-06-20T08:48:40.948Z] [INFO] [EXECUTION] [STASIS] ETH/USDT - Confidence too low (0.40). Holding.
[2026-06-20T08:48:51.320Z] [INFO] [SYSTEM] --- INITIATING SOVEREIGN NODE SCAN ---
[2026-06-20T08:48:53.659Z] [INFO] [SWARM] [BTC/USDT] $63455.6 | RSI: 38.4 | CONF: 0.00
[2026-06-20T08:48:53.659Z] [INFO] [EXECUTION] [STASIS] BTC/USDT - Confidence too low (0.00). Holding.
[2026-06-20T08:48:56.098Z] [INFO] [SWARM] [ETH/USDT] $1723.61 | RSI: 56.4 | CONF: 0.40
[2026-06-20T08:48:56.098Z] [INFO] [EXECUTION] [STASIS] ETH/USDT - Confidence too low (0.40). Holding.
[2026-06-20T08:49:06.321Z] [INFO] [SYSTEM] --- INITIATING SOVEREIGN NODE SCAN ---
[2026-06-20T08:49:08.697Z] [INFO] [SWARM] [BTC/USDT] $63438.6 | RSI: 34.3 | CONF: 0.00
[2026-06-20T08:49:08.697Z] [INFO] [EXECUTION] [STASIS] BTC/USDT - Confidence too low (0.00). Holding.
[2026-06-20T08:49:11.033Z] [INFO] [SWARM] [ETH/USDT] $1723.61 | RSI: 56.4 | CONF: 0.40
[2026-06-20T08:49:11.033Z] [INFO] [EXECUTION] [STASIS] ETH/USDT - Confidence too low (0.40). Holding.
[2026-06-20T08:49:21.322Z] [INFO] [SYSTEM] --- INITIATING SOVEREIGN NODE SCAN ---
[2026-06-20T08:49:23.664Z] [INFO] [SWARM] [BTC/USDT] $63410.6 | RSI: 29.3 | CONF: 0.30
[2026-06-20T08:49:23.665Z] [INFO] [EXECUTION] [STASIS] BTC/USDT - Confidence too low (0.30). Holding.
[2026-06-20T08:49:26.008Z] [INFO] [SWARM] [ETH/USDT] $1723.61 | RSI: 56.4 | CONF: 0.40
[2026-06-20T08:49:26.008Z] [INFO] [EXECUTION] [STASIS] ETH/USDT - Confidence too low (0.40). Holding.
[2026-06-20T08:49:36.322Z] [INFO] [SYSTEM] --- INITIATING SOVEREIGN NODE SCAN ---
[2026-06-20T08:49:38.578Z] [INFO] [SWARM] [BTC/USDT] $63410.6 | RSI: 29.3 | CONF: 0.30
[2026-06-20T08:49:38.578Z] [INFO] [EXECUTION] [STASIS] BTC/USDT - Confidence too low (0.30). Holding.
[2026-06-20T08:49:40.900Z] [INFO] [SWARM] [ETH/USDT] $1723.61 | RSI: 56.4 | CONF: 0.40
[2026-06-20T08:49:40.900Z] [INFO] [EXECUTION] [STASIS] ETH/USDT - Confidence too low (0.40). Holding.
[2026-06-20T08:49:51.322Z] [INFO] [SYSTEM] --- INITIATING SOVEREIGN NODE SCAN ---
[2026-06-20T08:49:53.658Z] [INFO] [SWARM] [BTC/USDT] $63410.6 | RSI: 29.3 | CONF: 0.30
[2026-06-20T08:49:53.658Z] [INFO] [EXECUTION] [STASIS] BTC/USDT - Confidence too low (0.30). Holding.
[2026-06-20T08:49:56.018Z] [INFO] [SWARM] [ETH/USDT] $1723.61 | RSI: 56.4 | CONF: 0.40
[2026-06-20T08:49:56.018Z] [INFO] [EXECUTION] [STASIS] ETH/USDT - Confidence too low (0.40). Holding.
[2026-06-20T08:50:06.323Z] [INFO] [SYSTEM] --- INITIATING SOVEREIGN NODE SCAN ---
[2026-06-20T08:50:08.578Z] [INFO] [SWARM] [BTC/USDT] $63410.6 | RSI: 30.5 | CONF: 0.00
[2026-06-20T08:50:08.579Z] [INFO] [EXECUTION] [STASIS] BTC/USDT - Confidence too low (0.00). Holding.
[2026-06-20T08:50:11.001Z] [INFO] [SWARM] [ETH/USDT] $1723.61 | RSI: 56.4 | CONF: 0.40
[2026-06-20T08:50:11.001Z] [INFO] [EXECUTION] [STASIS] ETH/USDT - Confidence too low (0.40). Holding.
[2026-06-20T08:50:21.324Z] [INFO] [SYSTEM] --- INITIATING SOVEREIGN NODE SCAN ---
[2026-06-20T08:50:23.661Z] [INFO] [SWARM] [BTC/USDT] $63410.6 | RSI: 30.5 | CONF: 0.00
[2026-06-20T08:50:23.661Z] [INFO] [EXECUTION] [STASIS] BTC/USDT - Confidence too low (0.00). Holding.
[2026-06-20T08:50:26.001Z] [INFO] [SWARM] [ETH/USDT] $1723.61 | RSI: 56.4 | CONF: 0.40
[2026-06-20T08:50:26.002Z] [INFO] [EXECUTION] [STASIS] ETH/USDT - Confidence too low (0.40). Holding.
[2026-06-20T08:50:36.324Z] [INFO] [SYSTEM] --- INITIATING SOVEREIGN NODE SCAN ---
[2026-06-20T08:50:38.580Z] [INFO] [SWARM] [BTC/USDT] $63410.6 | RSI: 30.5 | CONF: 0.00
[2026-06-20T08:50:38.581Z] [INFO] [EXECUTION] [STASIS] BTC/USDT - Confidence too low (0.00). Holding.
[2026-06-20T08:50:40.923Z] [INFO] [SWARM] [ETH/USDT] $1723.61 | RSI: 56.4 | CONF: 0.40
[2026-06-20T08:50:40.923Z] [INFO] [EXECUTION] [STASIS] ETH/USDT - Confidence too low (0.40). Holding.
[2026-06-20T08:50:51.325Z] [INFO] [SYSTEM] --- INITIATING SOVEREIGN NODE SCAN ---
[2026-06-20T08:50:53.667Z] [INFO] [SWARM] [BTC/USDT] $63410.6 | RSI: 30.5 | CONF: 0.00
[2026-06-20T08:50:53.667Z] [INFO] [EXECUTION] [STASIS] BTC/USDT - Confidence too low (0.00). Holding.
[2026-06-20T08:50:56.010Z] [INFO] [SWARM] [ETH/USDT] $1723.61 | RSI: 56.4 | CONF: 0.40
[2026-06-20T08:50:56.010Z] [INFO] [EXECUTION] [STASIS] ETH/USDT - Confidence too low (0.40). Holding.
[2026-06-20T08:51:06.326Z] [INFO] [SYSTEM] --- INITIATING SOVEREIGN NODE SCAN ---
[2026-06-20T08:51:08.665Z] [INFO] [SWARM] [BTC/USDT] $63410.6 | RSI: 35.8 | CONF: 0.00
[2026-06-20T08:51:08.665Z] [INFO] [EXECUTION] [STASIS] BTC/USDT - Confidence too low (0.00). Holding.
[2026-06-20T08:51:11.009Z] [INFO] [SWARM] [ETH/USDT] $1723.61 | RSI: 56.4 | CONF: 0.40
[2026-06-20T08:51:11.009Z] [INFO] [EXECUTION] [STASIS] ETH/USDT - Confidence too low (0.40). Holding.
[2026-06-20T08:51:21.327Z] [INFO] [SYSTEM] --- INITIATING SOVEREIGN NODE SCAN ---
[2026-06-20T08:51:23.584Z] [INFO] [SWARM] [BTC/USDT] $63410.6 | RSI: 35.8 | CONF: 0.00
[2026-06-20T08:51:23.584Z] [INFO] [EXECUTION] [STASIS] BTC/USDT - Confidence too low (0.00). Holding.
[2026-06-20T08:51:25.920Z] [INFO] [SWARM] [ETH/USDT] $1723.61 | RSI: 56.4 | CONF: 0.40
[2026-06-20T08:51:25.920Z] [INFO] [EXECUTION] [STASIS] ETH/USDT - Confidence too low (0.40). Holding.
[2026-06-20T08:51:36.329Z] [INFO] [SYSTEM] --- INITIATING SOVEREIGN NODE SCAN ---
[2026-06-20T08:51:38.585Z] [INFO] [SWARM] [BTC/USDT] $63410.6 | RSI: 35.8 | CONF: 0.00
[2026-06-20T08:51:38.585Z] [INFO] [EXECUTION] [STASIS] BTC/USDT - Confidence too low (0.00). Holding.
[2026-06-20T08:51:40.926Z] [INFO] [SWARM] [ETH/USDT] $1723.61 | RSI: 56.4 | CONF: 0.40
[2026-06-20T08:51:40.927Z] [INFO] [EXECUTION] [STASIS] ETH/USDT - Confidence too low (0.40). Holding.
[2026-06-20T08:51:51.330Z] [INFO] [SYSTEM] --- INITIATING SOVEREIGN NODE SCAN ---
[2026-06-20T08:51:53.639Z] [INFO] [SWARM] [BTC/USDT] $63410.6 | RSI: 35.2 | CONF: 0.00
[2026-06-20T08:51:53.640Z] [INFO] [EXECUTION] [STASIS] BTC/USDT - Confidence too low (0.00). Holding.
[2026-06-20T08:51:55.975Z] [INFO] [SWARM] [ETH/USDT] $1723.61 | RSI: 56.4 | CONF: 0.40
[2026-06-20T08:51:55.976Z] [INFO] [EXECUTION] [STASIS] ETH/USDT - Confidence too low (0.40). Holding.
[2026-06-20T08:52:06.330Z] [INFO] [SYSTEM] --- INITIATING SOVEREIGN NODE SCAN ---
[2026-06-20T08:52:08.585Z] [INFO] [SWARM] [BTC/USDT] $63408.1 | RSI: 39.2 | CONF: 0.00
[2026-06-20T08:52:08.585Z] [INFO] [EXECUTION] [STASIS] BTC/USDT - Confidence too low (0.00). Holding.
[2026-06-20T08:52:10.921Z] [INFO] [SWARM] [ETH/USDT] $1723.61 | RSI: 100.0 | CONF: 0.00
[2026-06-20T08:52:10.921Z] [INFO] [EXECUTION] [STASIS] ETH/USDT - Confidence too low (0.00). Holding.
[2026-06-20T08:52:21.331Z] [INFO] [SYSTEM] --- INITIATING SOVEREIGN NODE SCAN ---
[2026-06-20T08:52:23.676Z] [INFO] [SWARM] [BTC/USDT] $63392.3 | RSI: 35.3 | CONF: 0.00
[2026-06-20T08:52:23.676Z] [INFO] [EXECUTION] [STASIS] BTC/USDT - Confidence too low (0.00). Holding.
[2026-06-20T08:52:26.008Z] [INFO] [SWARM] [ETH/USDT] $1723.61 | RSI: 100.0 | CONF: 0.00
[2026-06-20T08:52:26.009Z] [INFO] [EXECUTION] [STASIS] ETH/USDT - Confidence too low (0.00). Holding.
[2026-06-20T08:52:36.332Z] [INFO] [SYSTEM] --- INITIATING SOVEREIGN NODE SCAN ---
[2026-06-20T08:52:38.658Z] [INFO] [SWARM] [BTC/USDT] $63392.3 | RSI: 35.3 | CONF: 0.00
[2026-06-20T08:52:38.658Z] [INFO] [EXECUTION] [STASIS] BTC/USDT - Confidence too low (0.00). Holding.
[2026-06-20T08:52:40.993Z] [INFO] [SWARM] [ETH/USDT] $1723.61 | RSI: 100.0 | CONF: 0.00
[2026-06-20T08:52:40.993Z] [INFO] [EXECUTION] [STASIS] ETH/USDT - Confidence too low (0.00). Holding.
[2026-06-20T08:52:51.332Z] [INFO] [SYSTEM] --- INITIATING SOVEREIGN NODE SCAN ---
[2026-06-20T08:52:53.666Z] [INFO] [SWARM] [BTC/USDT] $63392.3 | RSI: 35.3 | CONF: 0.00
[2026-06-20T08:52:53.666Z] [INFO] [EXECUTION] [STASIS] BTC/USDT - Confidence too low (0.00). Holding.
[2026-06-20T08:52:56.070Z] [INFO] [SWARM] [ETH/USDT] $1722.05 | RSI: 44.3 | CONF: 0.00
[2026-06-20T08:52:56.071Z] [INFO] [EXECUTION] [STASIS] ETH/USDT - Confidence too low (0.00). Holding.
[2026-06-20T08:53:06.332Z] [INFO] [SYSTEM] --- INITIATING SOVEREIGN NODE SCAN ---
[2026-06-20T08:53:08.668Z] [INFO] [SWARM] [BTC/USDT] $63392.3 | RSI: 22.3 | CONF: 0.30
[2026-06-20T08:53:08.668Z] [INFO] [EXECUTION] [STASIS] BTC/USDT - Confidence too low (0.30). Holding.
[2026-06-20T08:53:11.008Z] [INFO] [SWARM] [ETH/USDT] $1722.05 | RSI: 16.6 | CONF: 0.30
[2026-06-20T08:53:11.009Z] [INFO] [EXECUTION] [STASIS] ETH/USDT - Confidence too low (0.30). Holding.
[2026-06-20T08:53:21.332Z] [INFO] [SYSTEM] --- INITIATING SOVEREIGN NODE SCAN ---
[2026-06-20T08:53:23.670Z] [INFO] [SWARM] [BTC/USDT] $63392.3 | RSI: 22.3 | CONF: 0.30
[2026-06-20T08:53:23.671Z] [INFO] [EXECUTION] [STASIS] BTC/USDT - Confidence too low (0.30). Holding.
[2026-06-20T08:53:26.009Z] [INFO] [SWARM] [ETH/USDT] $1722.05 | RSI: 16.6 | CONF: 0.30
[2026-06-20T08:53:26.009Z] [INFO] [EXECUTION] [STASIS] ETH/USDT - Confidence too low (0.30). Holding.
[2026-06-20T08:53:36.334Z] [INFO] [SYSTEM] --- INITIATING SOVEREIGN NODE SCAN ---
[2026-06-20T08:53:38.608Z] [INFO] [SWARM] [BTC/USDT] $63392.3 | RSI: 22.3 | CONF: 0.30
[2026-06-20T08:53:38.608Z] [INFO] [EXECUTION] [STASIS] BTC/USDT - Confidence too low (0.30). Holding.
[2026-06-20T08:53:40.940Z] [INFO] [SWARM] [ETH/USDT] $1722.05 | RSI: 16.6 | CONF: 0.30
[2026-06-20T08:53:40.940Z] [INFO] [EXECUTION] [STASIS] ETH/USDT - Confidence too low (0.30). Holding.
[2026-06-20T08:53:51.334Z] [INFO] [SYSTEM] --- INITIATING SOVEREIGN NODE SCAN ---
[2026-06-20T08:53:53.671Z] [INFO] [SWARM] [BTC/USDT] $63392.3 | RSI: 22.3 | CONF: 0.30
[2026-06-20T08:53:53.671Z] [INFO] [EXECUTION] [STASIS] BTC/USDT - Confidence too low (0.30). Holding.
[2026-06-20T08:53:56.014Z] [INFO] [SWARM] [ETH/USDT] $1722.05 | RSI: 16.6 | CONF: 0.30
[2026-06-20T08:53:56.014Z] [INFO] [EXECUTION] [STASIS] ETH/USDT - Confidence too low (0.30). Holding.
[2026-06-20T08:54:06.334Z] [INFO] [SYSTEM] --- INITIATING SOVEREIGN NODE SCAN ---
[2026-06-20T08:54:08.679Z] [INFO] [SWARM] [BTC/USDT] $63392.3 | RSI: 11.6 | CONF: 0.30
[2026-06-20T08:54:08.679Z] [INFO] [EXECUTION] [STASIS] BTC/USDT - Confidence too low (0.30). Holding.
[2026-06-20T08:54:11.016Z] [INFO] [SWARM] [ETH/USDT] $1722.05 | RSI: 0.0 | CONF: 0.30
[2026-06-20T08:54:11.016Z] [INFO] [EXECUTION] [STASIS] ETH/USDT - Confidence too low (0.30). Holding.
[2026-06-20T08:54:21.335Z] [INFO] [SYSTEM] --- INITIATING SOVEREIGN NODE SCAN ---
[2026-06-20T08:54:23.671Z] [INFO] [SWARM] [BTC/USDT] $63392.3 | RSI: 11.6 | CONF: 0.30
[2026-06-20T08:54:23.672Z] [INFO] [EXECUTION] [STASIS] BTC/USDT - Confidence too low (0.30). Holding.
[2026-06-20T08:54:26.015Z] [INFO] [SWARM] [ETH/USDT] $1722.05 | RSI: 0.0 | CONF: 0.30
[2026-06-20T08:54:26.015Z] [INFO] [EXECUTION] [STASIS] ETH/USDT - Confidence too low (0.30). Holding.
[2026-06-20T08:54:36.335Z] [INFO] [SYSTEM] --- INITIATING SOVEREIGN NODE SCAN ---
[2026-06-20T08:54:38.590Z] [INFO] [SWARM] [BTC/USDT] $63392.3 | RSI: 11.6 | CONF: 0.30
[2026-06-20T08:54:38.591Z] [INFO] [EXECUTION] [STASIS] BTC/USDT - Confidence too low (0.30). Holding.
[2026-06-20T08:54:40.929Z] [INFO] [SWARM] [ETH/USDT] $1722.06 | RSI: 0.6 | CONF: 0.30
[2026-06-20T08:54:40.929Z] [INFO] [EXECUTION] [STASIS] ETH/USDT - Confidence too low (0.30). Holding.
[2026-06-20T08:54:51.336Z] [INFO] [SYSTEM] --- INITIATING SOVEREIGN NODE SCAN ---
[2026-06-20T08:54:53.670Z] [INFO] [SWARM] [BTC/USDT] $63413.1 | RSI: 25.1 | CONF: 0.30
[2026-06-20T08:54:53.670Z] [INFO] [EXECUTION] [STASIS] BTC/USDT - Confidence too low (0.30). Holding.
[2026-06-20T08:54:56.005Z] [INFO] [SWARM] [ETH/USDT] $1722.06 | RSI: 0.6 | CONF: 0.30
[2026-06-20T08:54:56.005Z] [INFO] [EXECUTION] [STASIS] ETH/USDT - Confidence too low (0.30). Holding.
[2026-06-20T08:55:06.337Z] [INFO] [SYSTEM] --- INITIATING SOVEREIGN NODE SCAN ---
[2026-06-20T08:55:08.670Z] [INFO] [SWARM] [BTC/USDT] $63413.1 | RSI: 25.1 | CONF: 0.30
[2026-06-20T08:55:08.670Z] [INFO] [EXECUTION] [STASIS] BTC/USDT - Confidence too low (0.30). Holding.
[2026-06-20T08:55:11.000Z] [INFO] [SWARM] [ETH/USDT] $1722.06 | RSI: 0.6 | CONF: 0.30
[2026-06-20T08:55:11.000Z] [INFO] [EXECUTION] [STASIS] ETH/USDT - Confidence too low (0.30). Holding.
[2026-06-20T08:55:21.338Z] [INFO] [SYSTEM] --- INITIATING SOVEREIGN NODE SCAN ---
[2026-06-20T08:55:23.672Z] [INFO] [SWARM] [BTC/USDT] $63413.1 | RSI: 25.1 | CONF: 0.30
[2026-06-20T08:55:23.672Z] [INFO] [EXECUTION] [STASIS] BTC/USDT - Confidence too low (0.30). Holding.
[2026-06-20T08:55:26.007Z] [INFO] [SWARM] [ETH/USDT] $1722.06 | RSI: 0.6 | CONF: 0.30
[2026-06-20T08:55:26.007Z] [INFO] [EXECUTION] [STASIS] ETH/USDT - Confidence too low (0.30). Holding.
[2026-06-20T08:55:36.339Z] [INFO] [SYSTEM] --- INITIATING SOVEREIGN NODE SCAN ---
[2026-06-20T08:55:38.590Z] [INFO] [SWARM] [BTC/USDT] $63413.1 | RSI: 25.1 | CONF: 0.30
[2026-06-20T08:55:38.590Z] [INFO] [EXECUTION] [STASIS] BTC/USDT - Confidence too low (0.30). Holding.
[2026-06-20T08:55:40.931Z] [INFO] [SWARM] [ETH/USDT] $1722.06 | RSI: 0.6 | CONF: 0.30
[2026-06-20T08:55:40.931Z] [INFO] [EXECUTION] [STASIS] ETH/USDT - Confidence too low (0.30). Holding.
[2026-06-20T08:55:51.339Z] [INFO] [SYSTEM] --- INITIATING SOVEREIGN NODE SCAN ---
[2026-06-20T08:55:53.674Z] [INFO] [SWARM] [BTC/USDT] $63413.1 | RSI: 25.1 | CONF: 0.30
[2026-06-20T08:55:53.674Z] [INFO] [EXECUTION] [STASIS] BTC/USDT - Confidence too low (0.30). Holding.
[2026-06-20T08:55:56.088Z] [INFO] [SWARM] [ETH/USDT] $1722.06 | RSI: 0.6 | CONF: 0.30
[2026-06-20T08:55:56.088Z] [INFO] [EXECUTION] [STASIS] ETH/USDT - Confidence too low (0.30). Holding.
[2026-06-20T08:56:06.340Z] [INFO] [SYSTEM] --- INITIATING SOVEREIGN NODE SCAN ---
[2026-06-20T08:56:08.673Z] [INFO] [SWARM] [BTC/USDT] $63413.1 | RSI: 25.1 | CONF: 0.30
[2026-06-20T08:56:08.674Z] [INFO] [EXECUTION] [STASIS] BTC/USDT - Confidence too low (0.30). Holding.
[2026-06-20T08:56:11.009Z] [INFO] [SWARM] [ETH/USDT] $1722.06 | RSI: 0.6 | CONF: 0.30
[2026-06-20T08:56:11.009Z] [INFO] [EXECUTION] [STASIS] ETH/USDT - Confidence too low (0.30). Holding.
[2026-06-20T08:56:21.340Z] [INFO] [SYSTEM] --- INITIATING SOVEREIGN NODE SCAN ---
[2026-06-20T08:56:23.682Z] [INFO] [SWARM] [BTC/USDT] $63413.1 | RSI: 25.1 | CONF: 0.30
[2026-06-20T08:56:23.682Z] [INFO] [EXECUTION] [STASIS] BTC/USDT - Confidence too low (0.30). Holding.
[2026-06-20T08:56:26.030Z] [INFO] [SWARM] [ETH/USDT] $1722.06 | RSI: 0.6 | CONF: 0.30
[2026-06-20T08:56:26.030Z] [INFO] [EXECUTION] [STASIS] ETH/USDT - Confidence too low (0.30). Holding.
[2026-06-20T08:56:36.341Z] [INFO] [SYSTEM] --- INITIATING SOVEREIGN NODE SCAN ---
[2026-06-20T08:56:38.631Z] [INFO] [SWARM] [BTC/USDT] $63413.1 | RSI: 25.1 | CONF: 0.30
[2026-06-20T08:56:38.631Z] [INFO] [EXECUTION] [STASIS] BTC/USDT - Confidence too low (0.30). Holding.
[2026-06-20T08:56:40.967Z] [INFO] [SWARM] [ETH/USDT] $1722.06 | RSI: 0.6 | CONF: 0.30
[2026-06-20T08:56:40.967Z] [INFO] [EXECUTION] [STASIS] ETH/USDT - Confidence too low (0.30). Holding.
[2026-06-20T08:56:51.341Z] [INFO] [SYSTEM] --- INITIATING SOVEREIGN NODE SCAN ---
[2026-06-20T08:56:53.683Z] [INFO] [SWARM] [BTC/USDT] $63413.1 | RSI: 25.1 | CONF: 0.30
[2026-06-20T08:56:53.684Z] [INFO] [EXECUTION] [STASIS] BTC/USDT - Confidence too low (0.30). Holding.
[2026-06-20T08:56:56.020Z] [INFO] [SWARM] [ETH/USDT] $1722.06 | RSI: 0.6 | CONF: 0.30
[2026-06-20T08:56:56.020Z] [INFO] [EXECUTION] [STASIS] ETH/USDT - Confidence too low (0.30). Holding.
[2026-06-20T08:57:06.342Z] [INFO] [SYSTEM] --- INITIATING SOVEREIGN NODE SCAN ---
[2026-06-20T08:57:08.677Z] [INFO] [SWARM] [BTC/USDT] $63413.1 | RSI: 26.6 | CONF: 0.30
[2026-06-20T08:57:08.678Z] [INFO] [EXECUTION] [STASIS] BTC/USDT - Confidence too low (0.30). Holding.
[2026-06-20T08:57:11.017Z] [INFO] [SWARM] [ETH/USDT] $1722.06 | RSI: 0.6 | CONF: 0.30
[2026-06-20T08:57:11.017Z] [INFO] [EXECUTION] [STASIS] ETH/USDT - Confidence too low (0.30). Holding.
[2026-06-20T08:57:21.342Z] [INFO] [SYSTEM] --- INITIATING SOVEREIGN NODE SCAN ---
[2026-06-20T08:57:23.677Z] [INFO] [SWARM] [BTC/USDT] $63442.6 | RSI: 40.4 | CONF: 0.30
[2026-06-20T08:57:23.677Z] [INFO] [EXECUTION] [STASIS] BTC/USDT - Confidence too low (0.30). Holding.
[2026-06-20T08:57:26.015Z] [INFO] [SWARM] [ETH/USDT] $1722.06 | RSI: 0.6 | CONF: 0.30
[2026-06-20T08:57:26.015Z] [INFO] [EXECUTION] [STASIS] ETH/USDT - Confidence too low (0.30). Holding.
[2026-06-20T08:57:36.342Z] [INFO] [SYSTEM] --- INITIATING SOVEREIGN NODE SCAN ---
[2026-06-20T08:57:38.675Z] [INFO] [SWARM] [BTC/USDT] $63442.6 | RSI: 40.4 | CONF: 0.30
[2026-06-20T08:57:38.675Z] [INFO] [EXECUTION] [STASIS] BTC/USDT - Confidence too low (0.30). Holding.
[2026-06-20T08:57:41.094Z] [INFO] [SWARM] [ETH/USDT] $1722.06 | RSI: 0.6 | CONF: 0.30
[2026-06-20T08:57:41.094Z] [INFO] [EXECUTION] [STASIS] ETH/USDT - Confidence too low (0.30). Holding.
[2026-06-20T08:57:51.343Z] [INFO] [SYSTEM] --- INITIATING SOVEREIGN NODE SCAN ---
[2026-06-20T08:57:53.600Z] [INFO] [SWARM] [BTC/USDT] $63442.6 | RSI: 40.4 | CONF: 0.30
[2026-06-20T08:57:53.600Z] [INFO] [EXECUTION] [STASIS] BTC/USDT - Confidence too low (0.30). Holding.
[2026-06-20T08:57:55.936Z] [INFO] [SWARM] [ETH/USDT] $1722.06 | RSI: 0.6 | CONF: 0.30
[2026-06-20T08:57:55.936Z] [INFO] [EXECUTION] [STASIS] ETH/USDT - Confidence too low (0.30). Holding.
[2026-06-20T08:58:06.343Z] [INFO] [SYSTEM] --- INITIATING SOVEREIGN NODE SCAN ---
[2026-06-20T08:58:08.595Z] [INFO] [SWARM] [BTC/USDT] $63442.6 | RSI: 47.0 | CONF: 0.00
[2026-06-20T08:58:08.595Z] [INFO] [EXECUTION] [STASIS] BTC/USDT - Confidence too low (0.00). Holding.
[2026-06-20T08:58:10.936Z] [INFO] [SWARM] [ETH/USDT] $1722.06 | RSI: 0.6 | CONF: 0.30
[2026-06-20T08:58:10.937Z] [INFO] [EXECUTION] [STASIS] ETH/USDT - Confidence too low (0.30). Holding.
[2026-06-20T08:58:21.344Z] [INFO] [SYSTEM] --- INITIATING SOVEREIGN NODE SCAN ---
[2026-06-20T08:58:23.702Z] [INFO] [SWARM] [BTC/USDT] $63432 | RSI: 43.6 | CONF: 0.00
[2026-06-20T08:58:23.702Z] [INFO] [EXECUTION] [STASIS] BTC/USDT - Confidence too low (0.00). Holding.
[2026-06-20T08:58:26.034Z] [INFO] [SWARM] [ETH/USDT] $1723.18 | RSI: 42.0 | CONF: 0.30
[2026-06-20T08:58:26.034Z] [INFO] [EXECUTION] [STASIS] ETH/USDT - Confidence too low (0.30). Holding.
[2026-06-20T08:58:36.344Z] [INFO] [SYSTEM] --- INITIATING SOVEREIGN NODE SCAN ---
[2026-06-20T08:58:38.680Z] [INFO] [SWARM] [BTC/USDT] $63415.5 | RSI: 39.1 | CONF: 0.00
[2026-06-20T08:58:38.681Z] [INFO] [EXECUTION] [STASIS] BTC/USDT - Confidence too low (0.00). Holding.
[2026-06-20T08:58:40.940Z] [INFO] [SWARM] [ETH/USDT] $1723.18 | RSI: 42.0 | CONF: 0.30
[2026-06-20T08:58:40.940Z] [INFO] [EXECUTION] [STASIS] ETH/USDT - Confidence too low (0.30). Holding.
[2026-06-20T08:58:51.345Z] [INFO] [SYSTEM] --- INITIATING SOVEREIGN NODE SCAN ---
[2026-06-20T08:58:53.697Z] [INFO] [SWARM] [BTC/USDT] $63415.5 | RSI: 39.1 | CONF: 0.00
[2026-06-20T08:58:53.697Z] [INFO] [EXECUTION] [STASIS] BTC/USDT - Confidence too low (0.00). Holding.
[2026-06-20T08:58:56.031Z] [INFO] [SWARM] [ETH/USDT] $1723.18 | RSI: 42.0 | CONF: 0.30
[2026-06-20T08:58:56.032Z] [INFO] [EXECUTION] [STASIS] ETH/USDT - Confidence too low (0.30). Holding.
[2026-06-20T08:59:06.346Z] [INFO] [SYSTEM] --- INITIATING SOVEREIGN NODE SCAN ---
[2026-06-20T08:59:08.682Z] [INFO] [SWARM] [BTC/USDT] $63415.5 | RSI: 39.1 | CONF: 0.00
[2026-06-20T08:59:08.682Z] [INFO] [EXECUTION] [STASIS] BTC/USDT - Confidence too low (0.00). Holding.
[2026-06-20T08:59:11.021Z] [INFO] [SWARM] [ETH/USDT] $1723.18 | RSI: 42.0 | CONF: 0.00
[2026-06-20T08:59:11.021Z] [INFO] [EXECUTION] [STASIS] ETH/USDT - Confidence too low (0.00). Holding.
[2026-06-20T08:59:21.347Z] [INFO] [SYSTEM] --- INITIATING SOVEREIGN NODE SCAN ---
[2026-06-20T08:59:23.618Z] [INFO] [SWARM] [BTC/USDT] $63415.5 | RSI: 39.1 | CONF: 0.00
[2026-06-20T08:59:23.619Z] [INFO] [EXECUTION] [STASIS] BTC/USDT - Confidence too low (0.00). Holding.
[2026-06-20T08:59:25.955Z] [INFO] [SWARM] [ETH/USDT] $1723.18 | RSI: 42.0 | CONF: 0.00
[2026-06-20T08:59:25.955Z] [INFO] [EXECUTION] [STASIS] ETH/USDT - Confidence too low (0.00). Holding.
[2026-06-20T08:59:36.348Z] [INFO] [SYSTEM] --- INITIATING SOVEREIGN NODE SCAN ---
[2026-06-20T08:59:38.680Z] [INFO] [SWARM] [BTC/USDT] $63415.5 | RSI: 39.1 | CONF: 0.00
[2026-06-20T08:59:38.681Z] [INFO] [EXECUTION] [STASIS] BTC/USDT - Confidence too low (0.00). Holding.
[2026-06-20T08:59:41.022Z] [INFO] [SWARM] [ETH/USDT] $1723.18 | RSI: 42.0 | CONF: 0.00
[2026-06-20T08:59:41.022Z] [INFO] [EXECUTION] [STASIS] ETH/USDT - Confidence too low (0.00). Holding.
[2026-06-20T08:59:51.348Z] [INFO] [SYSTEM] --- INITIATING SOVEREIGN NODE SCAN ---
[2026-06-20T08:59:53.686Z] [INFO] [SWARM] [BTC/USDT] $63415.5 | RSI: 39.1 | CONF: 0.00
[2026-06-20T08:59:53.686Z] [INFO] [EXECUTION] [STASIS] BTC/USDT - Confidence too low (0.00). Holding.
[2026-06-20T08:59:56.030Z] [INFO] [SWARM] [ETH/USDT] $1723.18 | RSI: 42.0 | CONF: 0.00
[2026-06-20T08:59:56.030Z] [INFO] [EXECUTION] [STASIS] ETH/USDT - Confidence too low (0.00). Holding.
[2026-06-20T09:00:06.348Z] [INFO] [SYSTEM] --- INITIATING SOVEREIGN NODE SCAN ---
[2026-06-20T09:00:08.683Z] [INFO] [SWARM] [BTC/USDT] $63415.5 | RSI: 40.6 | CONF: 0.00
[2026-06-20T09:00:08.683Z] [INFO] [EXECUTION] [STASIS] BTC/USDT - Confidence too low (0.00). Holding.
[2026-06-20T09:00:11.023Z] [INFO] [SWARM] [ETH/USDT] $1723.18 | RSI: 42.0 | CONF: 0.00
[2026-06-20T09:00:11.024Z] [INFO] [EXECUTION] [STASIS] ETH/USDT - Confidence too low (0.00). Holding.
[2026-06-20T09:00:21.348Z] [INFO] [SYSTEM] --- INITIATING SOVEREIGN NODE SCAN ---
[2026-06-20T09:00:23.601Z] [INFO] [SWARM] [BTC/USDT] $63415.5 | RSI: 40.6 | CONF: 0.00
[2026-06-20T09:00:23.602Z] [INFO] [EXECUTION] [STASIS] BTC/USDT - Confidence too low (0.00). Holding.
[2026-06-20T09:00:25.944Z] [INFO] [SWARM] [ETH/USDT] $1723.18 | RSI: 42.0 | CONF: 0.00
[2026-06-20T09:00:25.944Z] [INFO] [EXECUTION] [STASIS] ETH/USDT - Confidence too low (0.00). Holding.
[2026-06-20T09:00:36.348Z] [INFO] [SYSTEM] --- INITIATING SOVEREIGN NODE SCAN ---
[2026-06-20T09:00:38.687Z] [INFO] [SWARM] [BTC/USDT] $63415.5 | RSI: 40.6 | CONF: 0.00
[2026-06-20T09:00:38.687Z] [INFO] [EXECUTION] [STASIS] BTC/USDT - Confidence too low (0.00). Holding.
[2026-06-20T09:00:41.032Z] [INFO] [SWARM] [ETH/USDT] $1723.18 | RSI: 42.0 | CONF: 0.00
[2026-06-20T09:00:41.032Z] [INFO] [EXECUTION] [STASIS] ETH/USDT - Confidence too low (0.00). Holding.
[2026-06-20T09:00:51.349Z] [INFO] [SYSTEM] --- INITIATING SOVEREIGN NODE SCAN ---
[2026-06-20T09:00:53.682Z] [INFO] [SWARM] [BTC/USDT] $63415.5 | RSI: 40.6 | CONF: 0.00
[2026-06-20T09:00:53.682Z] [INFO] [EXECUTION] [STASIS] BTC/USDT - Confidence too low (0.00). Holding.
[2026-06-20T09:00:56.017Z] [INFO] [SWARM] [ETH/USDT] $1723.18 | RSI: 42.0 | CONF: 0.00
[2026-06-20T09:00:56.017Z] [INFO] [EXECUTION] [STASIS] ETH/USDT - Confidence too low (0.00). Holding.
[2026-06-20T09:01:06.349Z] [INFO] [SYSTEM] --- INITIATING SOVEREIGN NODE SCAN ---
[2026-06-20T09:01:08.776Z] [INFO] [SWARM] [BTC/USDT] $63415.5 | RSI: 41.3 | CONF: 0.00
[2026-06-20T09:01:08.776Z] [INFO] [EXECUTION] [STASIS] BTC/USDT - Confidence too low (0.00). Holding.
[2026-06-20T09:01:11.139Z] [INFO] [SWARM] [ETH/USDT] $1723.18 | RSI: 42.0 | CONF: 0.00
[2026-06-20T09:01:11.140Z] [INFO] [EXECUTION] [STASIS] ETH/USDT - Confidence too low (0.00). Holding.
[2026-06-20T09:01:21.350Z] [INFO] [SYSTEM] --- INITIATING SOVEREIGN NODE SCAN ---
[2026-06-20T09:01:23.690Z] [INFO] [SWARM] [BTC/USDT] $63415.5 | RSI: 41.3 | CONF: 0.00
[2026-06-20T09:01:23.690Z] [INFO] [EXECUTION] [STASIS] BTC/USDT - Confidence too low (0.00). Holding.
[2026-06-20T09:01:26.030Z] [INFO] [SWARM] [ETH/USDT] $1723.18 | RSI: 42.0 | CONF: 0.00
[2026-06-20T09:01:26.030Z] [INFO] [EXECUTION] [STASIS] ETH/USDT - Confidence too low (0.00). Holding.
[2026-06-20T09:01:36.351Z] [INFO] [SYSTEM] --- INITIATING SOVEREIGN NODE SCAN ---
[2026-06-20T09:01:38.780Z] [INFO] [SWARM] [BTC/USDT] $63415.5 | RSI: 41.3 | CONF: 0.00
[2026-06-20T09:01:38.780Z] [INFO] [EXECUTION] [STASIS] BTC/USDT - Confidence too low (0.00). Holding.
[2026-06-20T09:01:41.114Z] [INFO] [SWARM] [ETH/USDT] $1723.18 | RSI: 42.0 | CONF: 0.00
[2026-06-20T09:01:41.115Z] [INFO] [EXECUTION] [STASIS] ETH/USDT - Confidence too low (0.00). Holding.
[2026-06-20T09:01:51.350Z] [INFO] [SYSTEM] --- INITIATING SOVEREIGN NODE SCAN ---
[2026-06-20T09:01:53.690Z] [INFO] [SWARM] [BTC/USDT] $63415.5 | RSI: 41.3 | CONF: 0.00
[2026-06-20T09:01:53.691Z] [INFO] [EXECUTION] [STASIS] BTC/USDT - Confidence too low (0.00). Holding.
[2026-06-20T09:01:56.031Z] [INFO] [SWARM] [ETH/USDT] $1723.18 | RSI: 42.0 | CONF: 0.00
[2026-06-20T09:01:56.031Z] [INFO] [EXECUTION] [STASIS] ETH/USDT - Confidence too low (0.00). Holding.
[2026-06-20T09:02:06.351Z] [INFO] [SYSTEM] --- INITIATING SOVEREIGN NODE SCAN ---
[2026-06-20T09:02:08.611Z] [INFO] [SWARM] [BTC/USDT] $63431.9 | RSI: 42.5 | CONF: 0.30
[2026-06-20T09:02:08.611Z] [INFO] [EXECUTION] [STASIS] BTC/USDT - Confidence too low (0.30). Holding.
[2026-06-20T09:02:10.960Z] [INFO] [SWARM] [ETH/USDT] $1723.18 | RSI: 42.0 | CONF: 0.00
[2026-06-20T09:02:10.960Z] [INFO] [EXECUTION] [STASIS] ETH/USDT - Confidence too low (0.00). Holding.
[2026-06-20T09:02:21.352Z] [INFO] [SYSTEM] --- INITIATING SOVEREIGN NODE SCAN ---
[2026-06-20T09:02:23.612Z] [INFO] [SWARM] [BTC/USDT] $63431.9 | RSI: 42.5 | CONF: 0.30
[2026-06-20T09:02:23.612Z] [INFO] [EXECUTION] [STASIS] BTC/USDT - Confidence too low (0.30). Holding.
[2026-06-20T09:02:25.870Z] [INFO] [SWARM] [ETH/USDT] $1723.18 | RSI: 42.0 | CONF: 0.00
[2026-06-20T09:02:25.870Z] [INFO] [EXECUTION] [STASIS] ETH/USDT - Confidence too low (0.00). Holding.
[2026-06-20T09:02:36.352Z] [INFO] [SYSTEM] --- INITIATING SOVEREIGN NODE SCAN ---
[2026-06-20T09:02:38.689Z] [INFO] [SWARM] [BTC/USDT] $63431.9 | RSI: 42.5 | CONF: 0.30
[2026-06-20T09:02:38.689Z] [INFO] [EXECUTION] [STASIS] BTC/USDT - Confidence too low (0.30). Holding.
[2026-06-20T09:02:41.049Z] [INFO] [SWARM] [ETH/USDT] $1723.18 | RSI: 42.0 | CONF: 0.00
[2026-06-20T09:02:41.049Z] [INFO] [EXECUTION] [STASIS] ETH/USDT - Confidence too low (0.00). Holding.
[2026-06-20T09:02:51.353Z] [INFO] [SYSTEM] --- INITIATING SOVEREIGN NODE SCAN ---
[2026-06-20T09:02:53.694Z] [INFO] [SWARM] [BTC/USDT] $63431.9 | RSI: 51.0 | CONF: 0.70
[2026-06-20T09:02:53.695Z] [TRADE] [EXECUTION] [LIVE TRADE] Executing BUY 0.003941 BTC/USDT @ MARKET
[2026-06-20T09:02:55.007Z] [ERROR] [EXECUTION] Order failed for BTC/USDT: kraken {"error":["EAPI:Invalid key"]}
[2026-06-20T09:02:56.061Z] [INFO] [SWARM] [ETH/USDT] $1724.55 | RSI: 61.6 | CONF: 0.70
[2026-06-20T09:02:56.062Z] [TRADE] [EXECUTION] [LIVE TRADE] Executing BUY 0.144965 ETH/USDT @ MARKET
[2026-06-20T09:02:57.365Z] [ERROR] [EXECUTION] Order failed for ETH/USDT: kraken {"error":["EAPI:Invalid key"]}
[2026-06-20T09:03:06.353Z] [INFO] [SYSTEM] --- INITIATING SOVEREIGN NODE SCAN ---
[2026-06-20T09:03:07.494Z] [INFO] [SWARM] [BTC/USDT] $63463.2 | RSI: 68.3 | CONF: 0.40
[2026-06-20T09:03:07.494Z] [INFO] [EXECUTION] [STASIS] BTC/USDT - Confidence too low (0.40). Holding.
[2026-06-20T09:03:09.830Z] [INFO] [SWARM] [ETH/USDT] $1724.55 | RSI: 61.6 | CONF: 0.40
[2026-06-20T09:03:09.831Z] [INFO] [EXECUTION] [STASIS] ETH/USDT - Confidence too low (0.40). Holding.
[2026-06-20T09:03:21.353Z] [INFO] [SYSTEM] --- INITIATING SOVEREIGN NODE SCAN ---
[2026-06-20T09:03:23.717Z] [INFO] [SWARM] [BTC/USDT] $63463.2 | RSI: 68.3 | CONF: 0.40
[2026-06-20T09:03:23.717Z] [INFO] [EXECUTION] [STASIS] BTC/USDT - Confidence too low (0.40). Holding.
[2026-06-20T09:03:26.025Z] [INFO] [SWARM] [ETH/USDT] $1724.63 | RSI: 62.3 | CONF: 0.70
[2026-06-20T09:03:26.025Z] [TRADE] [EXECUTION] [LIVE TRADE] Executing BUY 0.144959 ETH/USDT @ MARKET
[2026-06-20T09:03:27.330Z] [ERROR] [EXECUTION] Order failed for ETH/USDT: kraken {"error":["EAPI:Invalid key"]}
[2026-06-20T09:03:36.353Z] [INFO] [SYSTEM] --- INITIATING SOVEREIGN NODE SCAN ---
[2026-06-20T09:03:37.490Z] [INFO] [SWARM] [BTC/USDT] $63463.2 | RSI: 68.3 | CONF: 0.40
[2026-06-20T09:03:37.490Z] [INFO] [EXECUTION] [STASIS] BTC/USDT - Confidence too low (0.40). Holding.
[2026-06-20T09:03:39.832Z] [INFO] [SWARM] [ETH/USDT] $1724.63 | RSI: 62.3 | CONF: 0.70
[2026-06-20T09:03:39.832Z] [TRADE] [EXECUTION] [LIVE TRADE] Executing BUY 0.144959 ETH/USDT @ MARKET
[2026-06-20T09:03:41.134Z] [ERROR] [EXECUTION] Order failed for ETH/USDT: kraken {"error":["EAPI:Invalid key"]}
[2026-06-20T09:03:51.355Z] [INFO] [SYSTEM] --- INITIATING SOVEREIGN NODE SCAN ---
[2026-06-20T09:03:52.498Z] [INFO] [SWARM] [BTC/USDT] $63473 | RSI: 70.4 | CONF: 0.00
[2026-06-20T09:03:52.498Z] [INFO] [EXECUTION] [STASIS] BTC/USDT - Confidence too low (0.00). Holding.
[2026-06-20T09:03:54.758Z] [INFO] [SWARM] [ETH/USDT] $1724.63 | RSI: 62.3 | CONF: 0.70
[2026-06-20T09:03:54.758Z] [TRADE] [EXECUTION] [LIVE TRADE] Executing BUY 0.144959 ETH/USDT @ MARKET
[2026-06-20T09:03:56.060Z] [ERROR] [EXECUTION] Order failed for ETH/USDT: kraken {"error":["EAPI:Invalid key"]}
[2026-06-20T09:04:06.355Z] [INFO] [SYSTEM] --- INITIATING SOVEREIGN NODE SCAN ---
[2026-06-20T09:04:07.491Z] [INFO] [SWARM] [BTC/USDT] $63473 | RSI: 70.4 | CONF: 0.00
[2026-06-20T09:04:07.491Z] [INFO] [EXECUTION] [STASIS] BTC/USDT - Confidence too low (0.00). Holding.
[2026-06-20T09:04:09.752Z] [INFO] [SWARM] [ETH/USDT] $1724.63 | RSI: 62.3 | CONF: 0.40
[2026-06-20T09:04:09.752Z] [INFO] [EXECUTION] [STASIS] ETH/USDT - Confidence too low (0.40). Holding.
[2026-06-20T09:04:21.357Z] [INFO] [SYSTEM] --- INITIATING SOVEREIGN NODE SCAN ---
[2026-06-20T09:04:23.621Z] [INFO] [SWARM] [BTC/USDT] $63472.1 | RSI: 70.0 | CONF: 0.70
[2026-06-20T09:04:23.621Z] [TRADE] [EXECUTION] [LIVE TRADE] Executing BUY 0.003939 BTC/USDT @ MARKET
[2026-06-20T09:04:24.925Z] [ERROR] [EXECUTION] Order failed for BTC/USDT: kraken {"error":["EAPI:Invalid key"]}
[2026-06-20T09:04:26.085Z] [INFO] [SWARM] [ETH/USDT] $1724.63 | RSI: 62.3 | CONF: 0.40
[2026-06-20T09:04:26.085Z] [INFO] [EXECUTION] [STASIS] ETH/USDT - Confidence too low (0.40). Holding.
[2026-06-20T09:04:36.356Z] [INFO] [SYSTEM] --- INITIATING SOVEREIGN NODE SCAN ---
[2026-06-20T09:04:38.694Z] [INFO] [SWARM] [BTC/USDT] $63472.1 | RSI: 70.0 | CONF: 0.70
[2026-06-20T09:04:38.695Z] [TRADE] [EXECUTION] [LIVE TRADE] Executing BUY 0.003939 BTC/USDT @ MARKET
[2026-06-20T09:04:39.997Z] [ERROR] [EXECUTION] Order failed for BTC/USDT: kraken {"error":["EAPI:Invalid key"]}
[2026-06-20T09:04:41.053Z] [INFO] [SWARM] [ETH/USDT] $1724.63 | RSI: 62.3 | CONF: 0.40
[2026-06-20T09:04:41.053Z] [INFO] [EXECUTION] [STASIS] ETH/USDT - Confidence too low (0.40). Holding.
[2026-06-20T09:04:51.357Z] [INFO] [SYSTEM] --- INITIATING SOVEREIGN NODE SCAN ---
[2026-06-20T09:04:53.695Z] [INFO] [SWARM] [BTC/USDT] $63472.1 | RSI: 70.0 | CONF: 0.70
[2026-06-20T09:04:53.695Z] [TRADE] [EXECUTION] [LIVE TRADE] Executing BUY 0.003939 BTC/USDT @ MARKET
[2026-06-20T09:04:55.002Z] [ERROR] [EXECUTION] Order failed for BTC/USDT: kraken {"error":["EAPI:Invalid key"]}
[2026-06-20T09:04:56.139Z] [INFO] [SWARM] [ETH/USDT] $1724.63 | RSI: 62.3 | CONF: 0.40
[2026-06-20T09:04:56.139Z] [INFO] [EXECUTION] [STASIS] ETH/USDT - Confidence too low (0.40). Holding.
[2026-06-20T09:05:06.359Z] [INFO] [SYSTEM] --- INITIATING SOVEREIGN NODE SCAN ---
[2026-06-20T09:05:08.699Z] [INFO] [SWARM] [BTC/USDT] $63472.1 | RSI: 71.1 | CONF: 0.00
[2026-06-20T09:05:08.699Z] [INFO] [EXECUTION] [STASIS] BTC/USDT - Confidence too low (0.00). Holding.
[2026-06-20T09:05:11.035Z] [INFO] [SWARM] [ETH/USDT] $1724.63 | RSI: 62.3 | CONF: 0.40
[2026-06-20T09:05:11.035Z] [INFO] [EXECUTION] [STASIS] ETH/USDT - Confidence too low (0.40). Holding.
[2026-06-20T09:05:21.359Z] [INFO] [SYSTEM] --- INITIATING SOVEREIGN NODE SCAN ---
[2026-06-20T09:05:23.695Z] [INFO] [SWARM] [BTC/USDT] $63472.1 | RSI: 71.1 | CONF: 0.00
[2026-06-20T09:05:23.696Z] [INFO] [EXECUTION] [STASIS] BTC/USDT - Confidence too low (0.00). Holding.
[2026-06-20T09:05:26.034Z] [INFO] [SWARM] [ETH/USDT] $1724.63 | RSI: 62.3 | CONF: 0.40
[2026-06-20T09:05:26.034Z] [INFO] [EXECUTION] [STASIS] ETH/USDT - Confidence too low (0.40). Holding.
[2026-06-20T09:05:36.360Z] [INFO] [SYSTEM] --- INITIATING SOVEREIGN NODE SCAN ---
[2026-06-20T09:05:38.745Z] [INFO] [SWARM] [BTC/USDT] $63472.1 | RSI: 71.1 | CONF: 0.00
[2026-06-20T09:05:38.745Z] [INFO] [EXECUTION] [STASIS] BTC/USDT - Confidence too low (0.00). Holding.
[2026-06-20T09:05:41.000Z] [INFO] [SWARM] [ETH/USDT] $1724.63 | RSI: 62.3 | CONF: 0.40
[2026-06-20T09:05:41.000Z] [INFO] [EXECUTION] [STASIS] ETH/USDT - Confidence too low (0.40). Holding.
[2026-06-20T09:05:51.360Z] [INFO] [SYSTEM] --- INITIATING SOVEREIGN NODE SCAN ---
[2026-06-20T09:05:53.699Z] [INFO] [SWARM] [BTC/USDT] $63451.5 | RSI: 62.6 | CONF: 0.40
[2026-06-20T09:05:53.699Z] [INFO] [EXECUTION] [STASIS] BTC/USDT - Confidence too low (0.40). Holding.
[2026-06-20T09:05:56.036Z] [INFO] [SWARM] [ETH/USDT] $1724.63 | RSI: 62.3 | CONF: 0.40
[2026-06-20T09:05:56.036Z] [INFO] [EXECUTION] [STASIS] ETH/USDT - Confidence too low (0.40). Holding.
[2026-06-20T09:06:06.361Z] [INFO] [SYSTEM] --- INITIATING SOVEREIGN NODE SCAN ---
[2026-06-20T09:06:08.709Z] [INFO] [SWARM] [BTC/USDT] $63451.5 | RSI: 68.9 | CONF: 0.40
[2026-06-20T09:06:08.710Z] [INFO] [EXECUTION] [STASIS] BTC/USDT - Confidence too low (0.40). Holding.
[2026-06-20T09:06:11.050Z] [INFO] [SWARM] [ETH/USDT] $1724.63 | RSI: 100.0 | CONF: 0.00
[2026-06-20T09:06:11.050Z] [INFO] [EXECUTION] [STASIS] ETH/USDT - Confidence too low (0.00). Holding.
[2026-06-20T09:06:21.363Z] [INFO] [SYSTEM] --- INITIATING SOVEREIGN NODE SCAN ---
[2026-06-20T09:06:23.616Z] [INFO] [SWARM] [BTC/USDT] $63451.5 | RSI: 68.9 | CONF: 0.40
[2026-06-20T09:06:23.616Z] [INFO] [EXECUTION] [STASIS] BTC/USDT - Confidence too low (0.40). Holding.
[2026-06-20T09:06:25.872Z] [INFO] [SWARM] [ETH/USDT] $1724.63 | RSI: 100.0 | CONF: 0.00
[2026-06-20T09:06:25.872Z] [INFO] [EXECUTION] [STASIS] ETH/USDT - Confidence too low (0.00). Holding.
[2026-06-20T09:06:36.363Z] [INFO] [SYSTEM] --- INITIATING SOVEREIGN NODE SCAN ---
[2026-06-20T09:06:38.700Z] [INFO] [SWARM] [BTC/USDT] $63451.5 | RSI: 68.9 | CONF: 0.40
[2026-06-20T09:06:38.700Z] [INFO] [EXECUTION] [STASIS] BTC/USDT - Confidence too low (0.40). Holding.
[2026-06-20T09:06:41.058Z] [INFO] [SWARM] [ETH/USDT] $1724.63 | RSI: 100.0 | CONF: 0.00
[2026-06-20T09:06:41.058Z] [INFO] [EXECUTION] [STASIS] ETH/USDT - Confidence too low (0.00). Holding.
[2026-06-20T09:06:51.363Z] [INFO] [SYSTEM] --- INITIATING SOVEREIGN NODE SCAN ---
[2026-06-20T09:06:53.708Z] [INFO] [SWARM] [BTC/USDT] $63473 | RSI: 72.7 | CONF: 0.30
[2026-06-20T09:06:53.708Z] [INFO] [EXECUTION] [STASIS] BTC/USDT - Confidence too low (0.30). Holding.
[2026-06-20T09:06:56.046Z] [INFO] [SWARM] [ETH/USDT] $1724.63 | RSI: 100.0 | CONF: 0.00
[2026-06-20T09:06:56.047Z] [INFO] [EXECUTION] [STASIS] ETH/USDT - Confidence too low (0.00). Holding.
[2026-06-20T09:07:06.363Z] [INFO] [SYSTEM] --- INITIATING SOVEREIGN NODE SCAN ---
[2026-06-20T09:07:08.729Z] [INFO] [SWARM] [BTC/USDT] $63473 | RSI: 72.7 | CONF: 0.00
[2026-06-20T09:07:08.729Z] [INFO] [EXECUTION] [STASIS] BTC/USDT - Confidence too low (0.00). Holding.
[2026-06-20T09:07:11.073Z] [INFO] [SWARM] [ETH/USDT] $1724.63 | RSI: 100.0 | CONF: 0.00
[2026-06-20T09:07:11.073Z] [INFO] [EXECUTION] [STASIS] ETH/USDT - Confidence too low (0.00). Holding.
[2026-06-20T09:07:21.365Z] [INFO] [SYSTEM] --- INITIATING SOVEREIGN NODE SCAN ---
[2026-06-20T09:07:23.701Z] [INFO] [SWARM] [BTC/USDT] $63473 | RSI: 72.7 | CONF: 0.00
[2026-06-20T09:07:23.701Z] [INFO] [EXECUTION] [STASIS] BTC/USDT - Confidence too low (0.00). Holding.
[2026-06-20T09:07:26.048Z] [INFO] [SWARM] [ETH/USDT] $1724.63 | RSI: 100.0 | CONF: 0.00
[2026-06-20T09:07:26.049Z] [INFO] [EXECUTION] [STASIS] ETH/USDT - Confidence too low (0.00). Holding.
[2026-06-20T09:07:36.365Z] [INFO] [SYSTEM] --- INITIATING SOVEREIGN NODE SCAN ---
[2026-06-20T09:07:38.704Z] [INFO] [SWARM] [BTC/USDT] $63473 | RSI: 72.7 | CONF: 0.00
[2026-06-20T09:07:38.704Z] [INFO] [EXECUTION] [STASIS] BTC/USDT - Confidence too low (0.00). Holding.
[2026-06-20T09:07:41.044Z] [INFO] [SWARM] [ETH/USDT] $1724.63 | RSI: 100.0 | CONF: 0.00
[2026-06-20T09:07:41.044Z] [INFO] [EXECUTION] [STASIS] ETH/USDT - Confidence too low (0.00). Holding.
[2026-06-20T09:07:51.366Z] [INFO] [SYSTEM] --- INITIATING SOVEREIGN NODE SCAN ---
[2026-06-20T09:07:53.701Z] [INFO] [SWARM] [BTC/USDT] $63473 | RSI: 72.7 | CONF: 0.00
[2026-06-20T09:07:53.701Z] [INFO] [EXECUTION] [STASIS] BTC/USDT - Confidence too low (0.00). Holding.
[2026-06-20T09:07:56.039Z] [INFO] [SWARM] [ETH/USDT] $1724.63 | RSI: 100.0 | CONF: 0.00
[2026-06-20T09:07:56.039Z] [INFO] [EXECUTION] [STASIS] ETH/USDT - Confidence too low (0.00). Holding.
[2026-06-20T09:08:06.367Z] [INFO] [SYSTEM] --- INITIATING SOVEREIGN NODE SCAN ---
[2026-06-20T09:08:08.704Z] [INFO] [SWARM] [BTC/USDT] $63473 | RSI: 69.1 | CONF: 0.40
[2026-06-20T09:08:08.704Z] [INFO] [EXECUTION] [STASIS] BTC/USDT - Confidence too low (0.40). Holding.
[2026-06-20T09:08:11.046Z] [INFO] [SWARM] [ETH/USDT] $1724.63 | RSI: 100.0 | CONF: 0.00
[2026-06-20T09:08:11.046Z] [INFO] [EXECUTION] [STASIS] ETH/USDT - Confidence too low (0.00). Holding.
[2026-06-20T09:08:21.367Z] [INFO] [SYSTEM] --- INITIATING SOVEREIGN NODE SCAN ---
[2026-06-20T09:08:23.785Z] [INFO] [SWARM] [BTC/USDT] $63473 | RSI: 69.1 | CONF: 0.40
[2026-06-20T09:08:23.785Z] [INFO] [EXECUTION] [STASIS] BTC/USDT - Confidence too low (0.40). Holding.
[2026-06-20T09:08:26.206Z] [INFO] [SWARM] [ETH/USDT] $1724.63 | RSI: 100.0 | CONF: 0.00
[2026-06-20T09:08:26.206Z] [INFO] [EXECUTION] [STASIS] ETH/USDT - Confidence too low (0.00). Holding.
[2026-06-20T09:08:36.368Z] [INFO] [SYSTEM] --- INITIATING SOVEREIGN NODE SCAN ---
[2026-06-20T09:08:38.704Z] [INFO] [SWARM] [BTC/USDT] $63473 | RSI: 69.1 | CONF: 0.40
[2026-06-20T09:08:38.704Z] [INFO] [EXECUTION] [STASIS] BTC/USDT - Confidence too low (0.40). Holding.
[2026-06-20T09:08:41.038Z] [INFO] [SWARM] [ETH/USDT] $1724.63 | RSI: 100.0 | CONF: 0.00
[2026-06-20T09:08:41.039Z] [INFO] [EXECUTION] [STASIS] ETH/USDT - Confidence too low (0.00). Holding.
[2026-06-20T09:08:51.370Z] [INFO] [SYSTEM] --- INITIATING SOVEREIGN NODE SCAN ---
[2026-06-20T09:08:53.711Z] [INFO] [SWARM] [BTC/USDT] $63473 | RSI: 69.1 | CONF: 0.40
[2026-06-20T09:08:53.711Z] [INFO] [EXECUTION] [STASIS] BTC/USDT - Confidence too low (0.40). Holding.
[2026-06-20T09:08:56.058Z] [INFO] [SWARM] [ETH/USDT] $1724.63 | RSI: 100.0 | CONF: 0.00
[2026-06-20T09:08:56.059Z] [INFO] [EXECUTION] [STASIS] ETH/USDT - Confidence too low (0.00). Holding.
[2026-06-20T09:09:06.371Z] [INFO] [SYSTEM] --- INITIATING SOVEREIGN NODE SCAN ---
[2026-06-20T09:09:08.714Z] [INFO] [SWARM] [BTC/USDT] $63471.1 | RSI: 68.2 | CONF: 0.40
[2026-06-20T09:09:08.715Z] [INFO] [EXECUTION] [STASIS] BTC/USDT - Confidence too low (0.40). Holding.
[2026-06-20T09:09:11.050Z] [INFO] [SWARM] [ETH/USDT] $1724.63 | RSI: 100.0 | CONF: 0.00
[2026-06-20T09:09:11.050Z] [INFO] [EXECUTION] [STASIS] ETH/USDT - Confidence too low (0.00). Holding.
[2026-06-20T09:09:21.371Z] [INFO] [SYSTEM] --- INITIATING SOVEREIGN NODE SCAN ---
[2026-06-20T09:09:23.710Z] [INFO] [SWARM] [BTC/USDT] $63478.3 | RSI: 69.6 | CONF: 0.70
[2026-06-20T09:09:23.710Z] [TRADE] [EXECUTION] [LIVE TRADE] Executing BUY 0.003938 BTC/USDT @ MARKET
[2026-06-20T09:09:25.015Z] [ERROR] [EXECUTION] Order failed for BTC/USDT: kraken {"error":["EAPI:Invalid key"]}
[2026-06-20T09:09:26.150Z] [INFO] [SWARM] [ETH/USDT] $1724.63 | RSI: 100.0 | CONF: 0.00
[2026-06-20T09:09:26.150Z] [INFO] [EXECUTION] [STASIS] ETH/USDT - Confidence too low (0.00). Holding.
[2026-06-20T09:09:36.371Z] [INFO] [SYSTEM] --- INITIATING SOVEREIGN NODE SCAN ---
[2026-06-20T09:09:38.629Z] [INFO] [SWARM] [BTC/USDT] $63480 | RSI: 69.9 | CONF: 0.70
[2026-06-20T09:09:38.629Z] [TRADE] [EXECUTION] [LIVE TRADE] Executing BUY 0.003938 BTC/USDT @ MARKET
[2026-06-20T09:09:39.943Z] [ERROR] [EXECUTION] Order failed for BTC/USDT: kraken {"error":["EAPI:Invalid key"]}
[2026-06-20T09:09:41.003Z] [INFO] [SWARM] [ETH/USDT] $1724.63 | RSI: 100.0 | CONF: 0.00
[2026-06-20T09:09:41.003Z] [INFO] [EXECUTION] [STASIS] ETH/USDT - Confidence too low (0.00). Holding.
[2026-06-20T09:09:51.373Z] [INFO] [SYSTEM] --- INITIATING SOVEREIGN NODE SCAN ---
[2026-06-20T09:09:53.711Z] [INFO] [SWARM] [BTC/USDT] $63480 | RSI: 65.7 | CONF: 0.70
[2026-06-20T09:09:53.711Z] [TRADE] [EXECUTION] [LIVE TRADE] Executing BUY 0.003938 BTC/USDT @ MARKET
[2026-06-20T09:09:55.013Z] [ERROR] [EXECUTION] Order failed for BTC/USDT: kraken {"error":["EAPI:Invalid key"]}
[2026-06-20T09:09:56.229Z] [INFO] [SWARM] [ETH/USDT] $1724.63 | RSI: 100.0 | CONF: 0.00
[2026-06-20T09:09:56.229Z] [INFO] [EXECUTION] [STASIS] ETH/USDT - Confidence too low (0.00). Holding.
[2026-06-20T09:10:06.374Z] [INFO] [SYSTEM] --- INITIATING SOVEREIGN NODE SCAN ---
[2026-06-20T09:10:08.714Z] [INFO] [SWARM] [BTC/USDT] $63465 | RSI: 65.7 | CONF: 0.40
[2026-06-20T09:10:08.715Z] [INFO] [EXECUTION] [STASIS] BTC/USDT - Confidence too low (0.40). Holding.
[2026-06-20T09:10:11.049Z] [INFO] [SWARM] [ETH/USDT] $1724.63 | RSI: 100.0 | CONF: 0.00
[2026-06-20T09:10:11.050Z] [INFO] [EXECUTION] [STASIS] ETH/USDT - Confidence too low (0.00). Holding.
[2026-06-20T09:10:21.376Z] [INFO] [SYSTEM] --- INITIATING SOVEREIGN NODE SCAN ---
[2026-06-20T09:10:23.709Z] [INFO] [SWARM] [BTC/USDT] $63460.3 | RSI: 63.9 | CONF: 0.40
[2026-06-20T09:10:23.709Z] [INFO] [EXECUTION] [STASIS] BTC/USDT - Confidence too low (0.40). Holding.
[2026-06-20T09:10:26.011Z] [INFO] [SWARM] [ETH/USDT] $1724.63 | RSI: 100.0 | CONF: 0.00
[2026-06-20T09:10:26.012Z] [INFO] [EXECUTION] [STASIS] ETH/USDT - Confidence too low (0.00). Holding.
[2026-06-20T09:10:36.376Z] [INFO] [SYSTEM] --- INITIATING SOVEREIGN NODE SCAN ---
[2026-06-20T09:10:38.631Z] [INFO] [SWARM] [BTC/USDT] $63471.2 | RSI: 67.0 | CONF: 0.40
[2026-06-20T09:10:38.631Z] [INFO] [EXECUTION] [STASIS] BTC/USDT - Confidence too low (0.40). Holding.
[2026-06-20T09:10:40.971Z] [INFO] [SWARM] [ETH/USDT] $1724.63 | RSI: 100.0 | CONF: 0.00
[2026-06-20T09:10:40.971Z] [INFO] [EXECUTION] [STASIS] ETH/USDT - Confidence too low (0.00). Holding.
[2026-06-20T09:10:51.377Z] [INFO] [SYSTEM] --- INITIATING SOVEREIGN NODE SCAN ---
[2026-06-20T09:10:53.710Z] [INFO] [SWARM] [BTC/USDT] $63479.8 | RSI: 69.3 | CONF: 0.40
[2026-06-20T09:10:53.710Z] [INFO] [EXECUTION] [STASIS] BTC/USDT - Confidence too low (0.40). Holding.
[2026-06-20T09:10:56.053Z] [INFO] [SWARM] [ETH/USDT] $1724.63 | RSI: 100.0 | CONF: 0.00
[2026-06-20T09:10:56.053Z] [INFO] [EXECUTION] [STASIS] ETH/USDT - Confidence too low (0.00). Holding.
[2026-06-20T09:11:06.379Z] [INFO] [SYSTEM] --- INITIATING SOVEREIGN NODE SCAN ---
[2026-06-20T09:11:08.763Z] [INFO] [SWARM] [BTC/USDT] $63487.1 | RSI: 64.1 | CONF: 0.40
[2026-06-20T09:11:08.763Z] [INFO] [EXECUTION] [STASIS] BTC/USDT - Confidence too low (0.40). Holding.
[2026-06-20T09:11:11.099Z] [INFO] [SWARM] [ETH/USDT] $1724.63 | RSI: 100.0 | CONF: 0.00
[2026-06-20T09:11:11.099Z] [INFO] [EXECUTION] [STASIS] ETH/USDT - Confidence too low (0.00). Holding.
[2026-06-20T09:11:21.379Z] [INFO] [SYSTEM] --- INITIATING SOVEREIGN NODE SCAN ---
[2026-06-20T09:11:23.716Z] [INFO] [SWARM] [BTC/USDT] $63487 | RSI: 64.1 | CONF: 0.40
[2026-06-20T09:11:23.716Z] [INFO] [EXECUTION] [STASIS] BTC/USDT - Confidence too low (0.40). Holding.
[2026-06-20T09:11:26.061Z] [INFO] [SWARM] [ETH/USDT] $1724.63 | RSI: 100.0 | CONF: 0.00
[2026-06-20T09:11:26.061Z] [INFO] [EXECUTION] [STASIS] ETH/USDT - Confidence too low (0.00). Holding.
[2026-06-20T09:11:36.380Z] [INFO] [SYSTEM] --- INITIATING SOVEREIGN NODE SCAN ---
[2026-06-20T09:11:38.631Z] [INFO] [SWARM] [BTC/USDT] $63487 | RSI: 64.1 | CONF: 0.40
[2026-06-20T09:11:38.631Z] [INFO] [EXECUTION] [STASIS] BTC/USDT - Confidence too low (0.40). Holding.
[2026-06-20T09:11:40.968Z] [INFO] [SWARM] [ETH/USDT] $1724.63 | RSI: 100.0 | CONF: 0.00
[2026-06-20T09:11:40.968Z] [INFO] [EXECUTION] [STASIS] ETH/USDT - Confidence too low (0.00). Holding.
[2026-06-20T09:11:51.380Z] [INFO] [SYSTEM] --- INITIATING SOVEREIGN NODE SCAN ---
[2026-06-20T09:11:53.715Z] [INFO] [SWARM] [BTC/USDT] $63502.5 | RSI: 67.3 | CONF: 0.40
[2026-06-20T09:11:53.715Z] [INFO] [EXECUTION] [STASIS] BTC/USDT - Confidence too low (0.40). Holding.
[2026-06-20T09:11:56.047Z] [INFO] [SWARM] [ETH/USDT] $1724.63 | RSI: 100.0 | CONF: 0.00
[2026-06-20T09:11:56.048Z] [INFO] [EXECUTION] [STASIS] ETH/USDT - Confidence too low (0.00). Holding.
[2026-06-20T09:12:06.382Z] [INFO] [SYSTEM] --- INITIATING SOVEREIGN NODE SCAN ---
[2026-06-20T09:12:08.636Z] [INFO] [SWARM] [BTC/USDT] $63496.2 | RSI: 76.5 | CONF: 0.00
[2026-06-20T09:12:08.636Z] [INFO] [EXECUTION] [STASIS] BTC/USDT - Confidence too low (0.00). Holding.
[2026-06-20T09:12:10.894Z] [INFO] [SWARM] [ETH/USDT] $1726.77 | RSI: 100.0 | CONF: 0.00
[2026-06-20T09:12:10.894Z] [INFO] [EXECUTION] [STASIS] ETH/USDT - Confidence too low (0.00). Holding.
[2026-06-20T09:12:21.383Z] [INFO] [SYSTEM] --- INITIATING SOVEREIGN NODE SCAN ---
[2026-06-20T09:12:23.719Z] [INFO] [SWARM] [BTC/USDT] $63496.2 | RSI: 76.5 | CONF: 0.00
[2026-06-20T09:12:23.719Z] [INFO] [EXECUTION] [STASIS] BTC/USDT - Confidence too low (0.00). Holding.
[2026-06-20T09:12:26.053Z] [INFO] [SWARM] [ETH/USDT] $1726.77 | RSI: 100.0 | CONF: 0.00
[2026-06-20T09:12:26.053Z] [INFO] [EXECUTION] [STASIS] ETH/USDT - Confidence too low (0.00). Holding.
[2026-06-20T09:12:36.383Z] [INFO] [SYSTEM] --- INITIATING SOVEREIGN NODE SCAN ---
[2026-06-20T09:12:38.720Z] [INFO] [SWARM] [BTC/USDT] $63496.2 | RSI: 76.5 | CONF: 0.00
[2026-06-20T09:12:38.720Z] [INFO] [EXECUTION] [STASIS] BTC/USDT - Confidence too low (0.00). Holding.
[2026-06-20T09:12:40.976Z] [INFO] [SWARM] [ETH/USDT] $1726.77 | RSI: 100.0 | CONF: 0.00
[2026-06-20T09:12:40.977Z] [INFO] [EXECUTION] [STASIS] ETH/USDT - Confidence too low (0.00). Holding.
[2026-06-20T09:12:51.384Z] [INFO] [SYSTEM] --- INITIATING SOVEREIGN NODE SCAN ---
[2026-06-20T09:12:53.719Z] [INFO] [SWARM] [BTC/USDT] $63496.2 | RSI: 76.5 | CONF: 0.00
[2026-06-20T09:12:53.719Z] [INFO] [EXECUTION] [STASIS] BTC/USDT - Confidence too low (0.00). Holding.
[2026-06-20T09:12:55.974Z] [INFO] [SWARM] [ETH/USDT] $1726.77 | RSI: 100.0 | CONF: 0.00
[2026-06-20T09:12:55.974Z] [INFO] [EXECUTION] [STASIS] ETH/USDT - Confidence too low (0.00). Holding.
[2026-06-20T09:13:06.385Z] [INFO] [SYSTEM] --- INITIATING SOVEREIGN NODE SCAN ---
[2026-06-20T09:13:08.717Z] [INFO] [SWARM] [BTC/USDT] $63496.2 | RSI: 76.5 | CONF: 0.00
[2026-06-20T09:13:08.717Z] [INFO] [EXECUTION] [STASIS] BTC/USDT - Confidence too low (0.00). Holding.
[2026-06-20T09:13:11.052Z] [INFO] [SWARM] [ETH/USDT] $1726.77 | RSI: 100.0 | CONF: 0.00
[2026-06-20T09:13:11.053Z] [INFO] [EXECUTION] [STASIS] ETH/USDT - Confidence too low (0.00). Holding.
[2026-06-20T09:13:21.386Z] [INFO] [SYSTEM] --- INITIATING SOVEREIGN NODE SCAN ---
[2026-06-20T09:13:23.722Z] [INFO] [SWARM] [BTC/USDT] $63496.2 | RSI: 76.5 | CONF: 0.00
[2026-06-20T09:13:23.722Z] [INFO] [EXECUTION] [STASIS] BTC/USDT - Confidence too low (0.00). Holding.
[2026-06-20T09:13:26.071Z] [INFO] [SWARM] [ETH/USDT] $1726.77 | RSI: 100.0 | CONF: 0.00
[2026-06-20T09:13:26.072Z] [INFO] [EXECUTION] [STASIS] ETH/USDT - Confidence too low (0.00). Holding.
[2026-06-20T09:13:36.386Z] [INFO] [SYSTEM] --- INITIATING SOVEREIGN NODE SCAN ---
[2026-06-20T09:13:38.722Z] [INFO] [SWARM] [BTC/USDT] $63514.3 | RSI: 79.0 | CONF: 0.30
[2026-06-20T09:13:38.722Z] [INFO] [EXECUTION] [STASIS] BTC/USDT - Confidence too low (0.30). Holding.
[2026-06-20T09:13:41.061Z] [INFO] [SWARM] [ETH/USDT] $1726.04 | RSI: 83.1 | CONF: 0.30
[2026-06-20T09:13:41.061Z] [INFO] [EXECUTION] [STASIS] ETH/USDT - Confidence too low (0.30). Holding.
[2026-06-20T09:13:51.388Z] [INFO] [SYSTEM] --- INITIATING SOVEREIGN NODE SCAN ---
[2026-06-20T09:13:53.741Z] [INFO] [SWARM] [BTC/USDT] $63514.4 | RSI: 79.0 | CONF: 0.30
[2026-06-20T09:13:53.742Z] [INFO] [EXECUTION] [STASIS] BTC/USDT - Confidence too low (0.30). Holding.
[2026-06-20T09:13:56.079Z] [INFO] [SWARM] [ETH/USDT] $1726.04 | RSI: 83.1 | CONF: 0.30
[2026-06-20T09:13:56.079Z] [INFO] [EXECUTION] [STASIS] ETH/USDT - Confidence too low (0.30). Holding.
[2026-06-20T09:14:06.388Z] [INFO] [SYSTEM] --- INITIATING SOVEREIGN NODE SCAN ---
[2026-06-20T09:14:08.722Z] [INFO] [SWARM] [BTC/USDT] $63514.4 | RSI: 79.0 | CONF: 0.00
[2026-06-20T09:14:08.723Z] [INFO] [EXECUTION] [STASIS] BTC/USDT - Confidence too low (0.00). Holding.
[2026-06-20T09:14:11.058Z] [INFO] [SWARM] [ETH/USDT] $1726.04 | RSI: 83.1 | CONF: 0.00
[2026-06-20T09:14:11.058Z] [INFO] [EXECUTION] [STASIS] ETH/USDT - Confidence too low (0.00). Holding.
[2026-06-20T09:14:21.388Z] [INFO] [SYSTEM] --- INITIATING SOVEREIGN NODE SCAN ---
[2026-06-20T09:14:23.724Z] [INFO] [SWARM] [BTC/USDT] $63523.8 | RSI: 80.1 | CONF: 0.00
[2026-06-20T09:14:23.724Z] [INFO] [EXECUTION] [STASIS] BTC/USDT - Confidence too low (0.00). Holding.
[2026-06-20T09:14:26.058Z] [INFO] [SWARM] [ETH/USDT] $1726.04 | RSI: 83.1 | CONF: 0.00
[2026-06-20T09:14:26.058Z] [INFO] [EXECUTION] [STASIS] ETH/USDT - Confidence too low (0.00). Holding.
[2026-06-20T09:14:36.389Z] [INFO] [SYSTEM] --- INITIATING SOVEREIGN NODE SCAN ---
[2026-06-20T09:14:38.746Z] [INFO] [SWARM] [BTC/USDT] $63523.8 | RSI: 80.1 | CONF: 0.00
[2026-06-20T09:14:38.746Z] [INFO] [EXECUTION] [STASIS] BTC/USDT - Confidence too low (0.00). Holding.
[2026-06-20T09:14:41.086Z] [INFO] [SWARM] [ETH/USDT] $1726.04 | RSI: 83.1 | CONF: 0.00
[2026-06-20T09:14:41.087Z] [INFO] [EXECUTION] [STASIS] ETH/USDT - Confidence too low (0.00). Holding.
[2026-06-20T09:14:51.389Z] [INFO] [SYSTEM] --- INITIATING SOVEREIGN NODE SCAN ---
[2026-06-20T09:14:53.726Z] [INFO] [SWARM] [BTC/USDT] $63523.8 | RSI: 80.1 | CONF: 0.00
[2026-06-20T09:14:53.727Z] [INFO] [EXECUTION] [STASIS] BTC/USDT - Confidence too low (0.00). Holding.
[2026-06-20T09:14:56.062Z] [INFO] [SWARM] [ETH/USDT] $1726.04 | RSI: 83.1 | CONF: 0.00
[2026-06-20T09:14:56.062Z] [INFO] [EXECUTION] [STASIS] ETH/USDT - Confidence too low (0.00). Holding.
[2026-06-20T09:15:06.390Z] [INFO] [SYSTEM] --- INITIATING SOVEREIGN NODE SCAN ---
[2026-06-20T09:15:08.722Z] [INFO] [SWARM] [BTC/USDT] $63523.8 | RSI: 80.1 | CONF: 0.00
[2026-06-20T09:15:08.723Z] [INFO] [EXECUTION] [STASIS] BTC/USDT - Confidence too low (0.00). Holding.
[2026-06-20T09:15:11.057Z] [INFO] [SWARM] [ETH/USDT] $1726.04 | RSI: 83.1 | CONF: 0.00
[2026-06-20T09:15:11.057Z] [INFO] [EXECUTION] [STASIS] ETH/USDT - Confidence too low (0.00). Holding.
[2026-06-20T09:15:21.390Z] [INFO] [SYSTEM] --- INITIATING SOVEREIGN NODE SCAN ---
[2026-06-20T09:15:23.645Z] [INFO] [SWARM] [BTC/USDT] $63515.5 | RSI: 76.6 | CONF: 0.00
[2026-06-20T09:15:23.645Z] [INFO] [EXECUTION] [STASIS] BTC/USDT - Confidence too low (0.00). Holding.
[2026-06-20T09:15:25.988Z] [INFO] [SWARM] [ETH/USDT] $1726.04 | RSI: 83.1 | CONF: 0.00
[2026-06-20T09:15:25.988Z] [INFO] [EXECUTION] [STASIS] ETH/USDT - Confidence too low (0.00). Holding.
[2026-06-20T09:15:36.391Z] [INFO] [SYSTEM] --- INITIATING SOVEREIGN NODE SCAN ---
[2026-06-20T09:15:38.736Z] [INFO] [SWARM] [BTC/USDT] $63515.5 | RSI: 76.6 | CONF: 0.00
[2026-06-20T09:15:38.736Z] [INFO] [EXECUTION] [STASIS] BTC/USDT - Confidence too low (0.00). Holding.
[2026-06-20T09:15:41.072Z] [INFO] [SWARM] [ETH/USDT] $1726.04 | RSI: 83.1 | CONF: 0.00
[2026-06-20T09:15:41.073Z] [INFO] [EXECUTION] [STASIS] ETH/USDT - Confidence too low (0.00). Holding.
[2026-06-20T09:15:51.392Z] [INFO] [SYSTEM] --- INITIATING SOVEREIGN NODE SCAN ---
[2026-06-20T09:15:53.725Z] [INFO] [SWARM] [BTC/USDT] $63515.5 | RSI: 76.6 | CONF: 0.00
[2026-06-20T09:15:53.726Z] [INFO] [EXECUTION] [STASIS] BTC/USDT - Confidence too low (0.00). Holding.
[2026-06-20T09:15:56.063Z] [INFO] [SWARM] [ETH/USDT] $1726.04 | RSI: 83.1 | CONF: 0.00
[2026-06-20T09:15:56.063Z] [INFO] [EXECUTION] [STASIS] ETH/USDT - Confidence too low (0.00). Holding.
[2026-06-20T09:16:06.393Z] [INFO] [SYSTEM] --- INITIATING SOVEREIGN NODE SCAN ---
[2026-06-20T09:16:08.735Z] [INFO] [SWARM] [BTC/USDT] $63515.5 | RSI: 68.6 | CONF: 0.40
[2026-06-20T09:16:08.735Z] [INFO] [EXECUTION] [STASIS] BTC/USDT - Confidence too low (0.40). Holding.
[2026-06-20T09:16:10.989Z] [INFO] [SWARM] [ETH/USDT] $1726.04 | RSI: 75.3 | CONF: 0.00
[2026-06-20T09:16:10.989Z] [INFO] [EXECUTION] [STASIS] ETH/USDT - Confidence too low (0.00). Holding.
[2026-06-20T09:16:21.395Z] [INFO] [SYSTEM] --- INITIATING SOVEREIGN NODE SCAN ---
[2026-06-20T09:16:23.732Z] [INFO] [SWARM] [BTC/USDT] $63523.9 | RSI: 70.4 | CONF: 0.30
[2026-06-20T09:16:23.732Z] [INFO] [EXECUTION] [STASIS] BTC/USDT - Confidence too low (0.30). Holding.
[2026-06-20T09:16:26.067Z] [INFO] [SWARM] [ETH/USDT] $1726.04 | RSI: 75.3 | CONF: 0.00
[2026-06-20T09:16:26.067Z] [INFO] [EXECUTION] [STASIS] ETH/USDT - Confidence too low (0.00). Holding.
[2026-06-20T09:16:36.395Z] [INFO] [SYSTEM] --- INITIATING SOVEREIGN NODE SCAN ---
[2026-06-20T09:16:38.730Z] [INFO] [SWARM] [BTC/USDT] $63523.9 | RSI: 73.2 | CONF: 0.30
[2026-06-20T09:16:38.730Z] [INFO] [EXECUTION] [STASIS] BTC/USDT - Confidence too low (0.30). Holding.
[2026-06-20T09:16:41.063Z] [INFO] [SWARM] [ETH/USDT] $1726.04 | RSI: 75.3 | CONF: 0.00
[2026-06-20T09:16:41.063Z] [INFO] [EXECUTION] [STASIS] ETH/USDT - Confidence too low (0.00). Holding.
[2026-06-20T09:16:51.396Z] [INFO] [SYSTEM] --- INITIATING SOVEREIGN NODE SCAN ---
[2026-06-20T09:16:53.652Z] [INFO] [SWARM] [BTC/USDT] $63539.7 | RSI: 73.2 | CONF: 0.30
[2026-06-20T09:16:53.653Z] [INFO] [EXECUTION] [STASIS] BTC/USDT - Confidence too low (0.30). Holding.
[2026-06-20T09:16:56.042Z] [INFO] [SWARM] [ETH/USDT] $1726.04 | RSI: 75.3 | CONF: 0.00
[2026-06-20T09:16:56.042Z] [INFO] [EXECUTION] [STASIS] ETH/USDT - Confidence too low (0.00). Holding.
[2026-06-20T09:17:06.397Z] [INFO] [SYSTEM] --- INITIATING SOVEREIGN NODE SCAN ---
[2026-06-20T09:17:08.732Z] [INFO] [SWARM] [BTC/USDT] $63539.7 | RSI: 71.5 | CONF: 0.00
[2026-06-20T09:17:08.732Z] [INFO] [EXECUTION] [STASIS] BTC/USDT - Confidence too low (0.00). Holding.
[2026-06-20T09:17:11.073Z] [INFO] [SWARM] [ETH/USDT] $1724.87 | RSI: 53.0 | CONF: 0.70
[2026-06-20T09:17:11.073Z] [TRADE] [EXECUTION] [LIVE TRADE] Executing BUY 0.144938 ETH/USDT @ MARKET
[2026-06-20T09:17:12.398Z] [ERROR] [EXECUTION] Order failed for ETH/USDT: kraken {"error":["EAPI:Invalid key"]}
[2026-06-20T09:17:21.397Z] [INFO] [SYSTEM] --- INITIATING SOVEREIGN NODE SCAN ---
[2026-06-20T09:17:22.537Z] [INFO] [SWARM] [BTC/USDT] $63539.7 | RSI: 71.5 | CONF: 0.00
[2026-06-20T09:17:22.537Z] [INFO] [EXECUTION] [STASIS] BTC/USDT - Confidence too low (0.00). Holding.
[2026-06-20T09:17:24.955Z] [INFO] [SWARM] [ETH/USDT] $1724.87 | RSI: 53.0 | CONF: 0.70
[2026-06-20T09:17:24.955Z] [TRADE] [EXECUTION] [LIVE TRADE] Executing BUY 0.144938 ETH/USDT @ MARKET
[2026-06-20T09:17:26.256Z] [ERROR] [EXECUTION] Order failed for ETH/USDT: kraken {"error":["EAPI:Invalid key"]}
[2026-06-20T09:17:36.398Z] [INFO] [SYSTEM] --- INITIATING SOVEREIGN NODE SCAN ---
[2026-06-20T09:17:37.457Z] [INFO] [SWARM] [BTC/USDT] $63539.7 | RSI: 71.5 | CONF: 0.00
[2026-06-20T09:17:37.457Z] [INFO] [EXECUTION] [STASIS] BTC/USDT - Confidence too low (0.00). Holding.
[2026-06-20T09:17:39.878Z] [INFO] [SWARM] [ETH/USDT] $1724.87 | RSI: 53.0 | CONF: 0.70
[2026-06-20T09:17:39.879Z] [TRADE] [EXECUTION] [LIVE TRADE] Executing BUY 0.144938 ETH/USDT @ MARKET
[2026-06-20T09:17:41.183Z] [ERROR] [EXECUTION] Order failed for ETH/USDT: kraken {"error":["EAPI:Invalid key"]}
[2026-06-20T09:17:51.399Z] [INFO] [SYSTEM] --- INITIATING SOVEREIGN NODE SCAN ---
[2026-06-20T09:17:52.450Z] [INFO] [SWARM] [BTC/USDT] $63539.7 | RSI: 71.5 | CONF: 0.00
[2026-06-20T09:17:52.451Z] [INFO] [EXECUTION] [STASIS] BTC/USDT - Confidence too low (0.00). Holding.
[2026-06-20T09:17:54.711Z] [INFO] [SWARM] [ETH/USDT] $1724.87 | RSI: 53.0 | CONF: 0.70
[2026-06-20T09:17:54.711Z] [TRADE] [EXECUTION] [LIVE TRADE] Executing BUY 0.144938 ETH/USDT @ MARKET
[2026-06-20T09:17:56.013Z] [ERROR] [EXECUTION] Order failed for ETH/USDT: kraken {"error":["EAPI:Invalid key"]}
[2026-06-20T09:18:06.399Z] [INFO] [SYSTEM] --- INITIATING SOVEREIGN NODE SCAN ---
[2026-06-20T09:18:07.539Z] [INFO] [SWARM] [BTC/USDT] $63539.7 | RSI: 71.9 | CONF: 0.00
[2026-06-20T09:18:07.540Z] [INFO] [EXECUTION] [STASIS] BTC/USDT - Confidence too low (0.00). Holding.
[2026-06-20T09:18:09.885Z] [INFO] [SWARM] [ETH/USDT] $1724.87 | RSI: 53.0 | CONF: 0.00
[2026-06-20T09:18:09.885Z] [INFO] [EXECUTION] [STASIS] ETH/USDT - Confidence too low (0.00). Holding.
[2026-06-20T09:18:21.401Z] [INFO] [SYSTEM] --- INITIATING SOVEREIGN NODE SCAN ---
[2026-06-20T09:18:23.729Z] [INFO] [SWARM] [BTC/USDT] $63539.7 | RSI: 71.9 | CONF: 0.00
[2026-06-20T09:18:23.729Z] [INFO] [EXECUTION] [STASIS] BTC/USDT - Confidence too low (0.00). Holding.
[2026-06-20T09:18:26.148Z] [INFO] [SWARM] [ETH/USDT] $1724.87 | RSI: 53.0 | CONF: 0.00
[2026-06-20T09:18:26.148Z] [INFO] [EXECUTION] [STASIS] ETH/USDT - Confidence too low (0.00). Holding.
[2026-06-20T09:18:36.401Z] [INFO] [SYSTEM] --- INITIATING SOVEREIGN NODE SCAN ---
[2026-06-20T09:18:38.739Z] [INFO] [SWARM] [BTC/USDT] $63539.7 | RSI: 71.9 | CONF: 0.00
[2026-06-20T09:18:38.739Z] [INFO] [EXECUTION] [STASIS] BTC/USDT - Confidence too low (0.00). Holding.
[2026-06-20T09:18:40.996Z] [INFO] [SWARM] [ETH/USDT] $1724.87 | RSI: 53.0 | CONF: 0.00
[2026-06-20T09:18:40.996Z] [INFO] [EXECUTION] [STASIS] ETH/USDT - Confidence too low (0.00). Holding.
[2026-06-20T09:18:51.401Z] [INFO] [SYSTEM] --- INITIATING SOVEREIGN NODE SCAN ---
[2026-06-20T09:18:53.745Z] [INFO] [SWARM] [BTC/USDT] $63539.7 | RSI: 71.9 | CONF: 0.00
[2026-06-20T09:18:53.745Z] [INFO] [EXECUTION] [STASIS] BTC/USDT - Confidence too low (0.00). Holding.
[2026-06-20T09:18:56.082Z] [INFO] [SWARM] [ETH/USDT] $1724.87 | RSI: 53.0 | CONF: 0.00
[2026-06-20T09:18:56.082Z] [INFO] [EXECUTION] [STASIS] ETH/USDT - Confidence too low (0.00). Holding.
[2026-06-20T09:19:06.402Z] [INFO] [SYSTEM] --- INITIATING SOVEREIGN NODE SCAN ---
[2026-06-20T09:19:08.743Z] [INFO] [SWARM] [BTC/USDT] $63539.7 | RSI: 83.1 | CONF: 0.00
[2026-06-20T09:19:08.743Z] [INFO] [EXECUTION] [STASIS] BTC/USDT - Confidence too low (0.00). Holding.
[2026-06-20T09:19:11.076Z] [INFO] [SWARM] [ETH/USDT] $1724.87 | RSI: 53.0 | CONF: 0.00
[2026-06-20T09:19:11.077Z] [INFO] [EXECUTION] [STASIS] ETH/USDT - Confidence too low (0.00). Holding.
[2026-06-20T09:19:21.402Z] [INFO] [SYSTEM] --- INITIATING SOVEREIGN NODE SCAN ---
[2026-06-20T09:19:23.734Z] [INFO] [SWARM] [BTC/USDT] $63539.7 | RSI: 83.1 | CONF: 0.00
[2026-06-20T09:19:23.734Z] [INFO] [EXECUTION] [STASIS] BTC/USDT - Confidence too low (0.00). Holding.
[2026-06-20T09:19:26.070Z] [INFO] [SWARM] [ETH/USDT] $1724.87 | RSI: 53.0 | CONF: 0.00
[2026-06-20T09:19:26.070Z] [INFO] [EXECUTION] [STASIS] ETH/USDT - Confidence too low (0.00). Holding.
[2026-06-20T09:19:36.404Z] [INFO] [SYSTEM] --- INITIATING SOVEREIGN NODE SCAN ---
[2026-06-20T09:19:38.745Z] [INFO] [SWARM] [BTC/USDT] $63539.7 | RSI: 83.1 | CONF: 0.00
[2026-06-20T09:19:38.745Z] [INFO] [EXECUTION] [STASIS] BTC/USDT - Confidence too low (0.00). Holding.
[2026-06-20T09:19:41.079Z] [INFO] [SWARM] [ETH/USDT] $1724.87 | RSI: 53.0 | CONF: 0.00
[2026-06-20T09:19:41.079Z] [INFO] [EXECUTION] [STASIS] ETH/USDT - Confidence too low (0.00). Holding.
[2026-06-20T09:19:51.405Z] [INFO] [SYSTEM] --- INITIATING SOVEREIGN NODE SCAN ---
[2026-06-20T09:19:53.738Z] [INFO] [SWARM] [BTC/USDT] $63514.9 | RSI: 68.0 | CONF: 0.70
[2026-06-20T09:19:53.738Z] [TRADE] [EXECUTION] [LIVE TRADE] Executing BUY 0.003936 BTC/USDT @ MARKET
[2026-06-20T09:19:55.039Z] [ERROR] [EXECUTION] Order failed for BTC/USDT: kraken {"error":["EAPI:Invalid key"]}
[2026-06-20T09:19:56.185Z] [INFO] [SWARM] [ETH/USDT] $1724.87 | RSI: 53.0 | CONF: 0.00
[2026-06-20T09:19:56.185Z] [INFO] [EXECUTION] [STASIS] ETH/USDT - Confidence too low (0.00). Holding.
[2026-06-20T09:20:06.406Z] [INFO] [SYSTEM] --- INITIATING SOVEREIGN NODE SCAN ---
[2026-06-20T09:20:08.738Z] [INFO] [SWARM] [BTC/USDT] $63510.2 | RSI: 63.2 | CONF: 0.40
[2026-06-20T09:20:08.738Z] [INFO] [EXECUTION] [STASIS] BTC/USDT - Confidence too low (0.40). Holding.
[2026-06-20T09:20:11.072Z] [INFO] [SWARM] [ETH/USDT] $1724.87 | RSI: 53.0 | CONF: 0.00
[2026-06-20T09:20:11.072Z] [INFO] [EXECUTION] [STASIS] ETH/USDT - Confidence too low (0.00). Holding.
[2026-06-20T09:20:21.405Z] [INFO] [SYSTEM] --- INITIATING SOVEREIGN NODE SCAN ---
[2026-06-20T09:20:23.660Z] [INFO] [SWARM] [BTC/USDT] $63510.2 | RSI: 63.2 | CONF: 0.40
[2026-06-20T09:20:23.660Z] [INFO] [EXECUTION] [STASIS] BTC/USDT - Confidence too low (0.40). Holding.
[2026-06-20T09:20:25.996Z] [INFO] [SWARM] [ETH/USDT] $1724.87 | RSI: 53.0 | CONF: 0.00
[2026-06-20T09:20:25.996Z] [INFO] [EXECUTION] [STASIS] ETH/USDT - Confidence too low (0.00). Holding.
[2026-06-20T09:20:36.406Z] [INFO] [SYSTEM] --- INITIATING SOVEREIGN NODE SCAN ---
[2026-06-20T09:20:38.741Z] [INFO] [SWARM] [BTC/USDT] $63510.2 | RSI: 63.2 | CONF: 0.40
[2026-06-20T09:20:38.741Z] [INFO] [EXECUTION] [STASIS] BTC/USDT - Confidence too low (0.40). Holding.
[2026-06-20T09:20:41.074Z] [INFO] [SWARM] [ETH/USDT] $1724.87 | RSI: 53.0 | CONF: 0.00
[2026-06-20T09:20:41.075Z] [INFO] [EXECUTION] [STASIS] ETH/USDT - Confidence too low (0.00). Holding.
[2026-06-20T09:20:51.406Z] [INFO] [SYSTEM] --- INITIATING SOVEREIGN NODE SCAN ---
[2026-06-20T09:20:53.743Z] [INFO] [SWARM] [BTC/USDT] $63510.2 | RSI: 63.2 | CONF: 0.40
[2026-06-20T09:20:53.744Z] [INFO] [EXECUTION] [STASIS] BTC/USDT - Confidence too low (0.40). Holding.
[2026-06-20T09:20:56.079Z] [INFO] [SWARM] [ETH/USDT] $1724.87 | RSI: 53.0 | CONF: 0.00
[2026-06-20T09:20:56.079Z] [INFO] [EXECUTION] [STASIS] ETH/USDT - Confidence too low (0.00). Holding.
[2026-06-20T09:21:06.407Z] [INFO] [SYSTEM] --- INITIATING SOVEREIGN NODE SCAN ---
[2026-06-20T09:21:08.738Z] [INFO] [SWARM] [BTC/USDT] $63510.2 | RSI: 63.2 | CONF: 0.40
[2026-06-20T09:21:08.738Z] [INFO] [EXECUTION] [STASIS] BTC/USDT - Confidence too low (0.40). Holding.
[2026-06-20T09:21:11.087Z] [INFO] [SWARM] [ETH/USDT] $1724.87 | RSI: 53.0 | CONF: 0.00
[2026-06-20T09:21:11.088Z] [INFO] [EXECUTION] [STASIS] ETH/USDT - Confidence too low (0.00). Holding.
[2026-06-20T09:21:21.407Z] [INFO] [SYSTEM] --- INITIATING SOVEREIGN NODE SCAN ---
[2026-06-20T09:21:23.817Z] [INFO] [SWARM] [BTC/USDT] $63510.2 | RSI: 63.2 | CONF: 0.40
[2026-06-20T09:21:23.817Z] [INFO] [EXECUTION] [STASIS] BTC/USDT - Confidence too low (0.40). Holding.
[2026-06-20T09:21:26.152Z] [INFO] [SWARM] [ETH/USDT] $1724.87 | RSI: 53.0 | CONF: 0.00
[2026-06-20T09:21:26.152Z] [INFO] [EXECUTION] [STASIS] ETH/USDT - Confidence too low (0.00). Holding.
[2026-06-20T09:21:36.408Z] [INFO] [SYSTEM] --- INITIATING SOVEREIGN NODE SCAN ---
[2026-06-20T09:21:38.744Z] [INFO] [SWARM] [BTC/USDT] $63510.2 | RSI: 63.2 | CONF: 0.40
[2026-06-20T09:21:38.745Z] [INFO] [EXECUTION] [STASIS] BTC/USDT - Confidence too low (0.40). Holding.
[2026-06-20T09:21:41.079Z] [INFO] [SWARM] [ETH/USDT] $1724.87 | RSI: 53.0 | CONF: 0.00
[2026-06-20T09:21:41.080Z] [INFO] [EXECUTION] [STASIS] ETH/USDT - Confidence too low (0.00). Holding.
[2026-06-20T09:21:51.409Z] [INFO] [SYSTEM] --- INITIATING SOVEREIGN NODE SCAN ---
[2026-06-20T09:21:53.665Z] [INFO] [SWARM] [BTC/USDT] $63510.2 | RSI: 63.2 | CONF: 0.40
[2026-06-20T09:21:53.665Z] [INFO] [EXECUTION] [STASIS] BTC/USDT - Confidence too low (0.40). Holding.
[2026-06-20T09:21:56.003Z] [INFO] [SWARM] [ETH/USDT] $1724.87 | RSI: 53.0 | CONF: 0.00
[2026-06-20T09:21:56.004Z] [INFO] [EXECUTION] [STASIS] ETH/USDT - Confidence too low (0.00). Holding.
[2026-06-20T09:22:06.410Z] [INFO] [SYSTEM] --- INITIATING SOVEREIGN NODE SCAN ---
[2026-06-20T09:22:08.743Z] [INFO] [SWARM] [BTC/USDT] $63510.2 | RSI: 64.0 | CONF: 0.40
[2026-06-20T09:22:08.743Z] [INFO] [EXECUTION] [STASIS] BTC/USDT - Confidence too low (0.40). Holding.
[2026-06-20T09:22:11.076Z] [INFO] [SWARM] [ETH/USDT] $1724.87 | RSI: 53.0 | CONF: 0.00
[2026-06-20T09:22:11.077Z] [INFO] [EXECUTION] [STASIS] ETH/USDT - Confidence too low (0.00). Holding.
[2026-06-20T09:22:21.409Z] [INFO] [SYSTEM] --- INITIATING SOVEREIGN NODE SCAN ---
[2026-06-20T09:22:23.747Z] [INFO] [SWARM] [BTC/USDT] $63510.2 | RSI: 64.0 | CONF: 0.40
[2026-06-20T09:22:23.747Z] [INFO] [EXECUTION] [STASIS] BTC/USDT - Confidence too low (0.40). Holding.
[2026-06-20T09:22:26.084Z] [INFO] [SWARM] [ETH/USDT] $1725.08 | RSI: 55.3 | CONF: 0.00
[2026-06-20T09:22:26.084Z] [INFO] [EXECUTION] [STASIS] ETH/USDT - Confidence too low (0.00). Holding.
[2026-06-20T09:22:36.411Z] [INFO] [SYSTEM] --- INITIATING SOVEREIGN NODE SCAN ---
[2026-06-20T09:22:38.743Z] [INFO] [SWARM] [BTC/USDT] $63510.2 | RSI: 64.0 | CONF: 0.40
[2026-06-20T09:22:38.743Z] [INFO] [EXECUTION] [STASIS] BTC/USDT - Confidence too low (0.40). Holding.
[2026-06-20T09:22:41.080Z] [INFO] [SWARM] [ETH/USDT] $1725.08 | RSI: 55.3 | CONF: 0.00
[2026-06-20T09:22:41.081Z] [INFO] [EXECUTION] [STASIS] ETH/USDT - Confidence too low (0.00). Holding.
[2026-06-20T09:22:51.412Z] [INFO] [SYSTEM] --- INITIATING SOVEREIGN NODE SCAN ---
[2026-06-20T09:22:53.829Z] [INFO] [SWARM] [BTC/USDT] $63555.1 | RSI: 72.8 | CONF: 0.30
[2026-06-20T09:22:53.829Z] [INFO] [EXECUTION] [STASIS] BTC/USDT - Confidence too low (0.30). Holding.
[2026-06-20T09:22:56.085Z] [INFO] [SWARM] [ETH/USDT] $1725.08 | RSI: 55.3 | CONF: 0.00
[2026-06-20T09:22:56.085Z] [INFO] [EXECUTION] [STASIS] ETH/USDT - Confidence too low (0.00). Holding.
[2026-06-20T09:23:06.412Z] [INFO] [SYSTEM] --- INITIATING SOVEREIGN NODE SCAN ---
[2026-06-20T09:23:08.744Z] [INFO] [SWARM] [BTC/USDT] $63555.1 | RSI: 75.3 | CONF: 0.00
[2026-06-20T09:23:08.744Z] [INFO] [EXECUTION] [STASIS] BTC/USDT - Confidence too low (0.00). Holding.
[2026-06-20T09:23:11.103Z] [INFO] [SWARM] [ETH/USDT] $1725.08 | RSI: 55.3 | CONF: 0.00
[2026-06-20T09:23:11.103Z] [INFO] [EXECUTION] [STASIS] ETH/USDT - Confidence too low (0.00). Holding.
[2026-06-20T09:23:21.412Z] [INFO] [SYSTEM] --- INITIATING SOVEREIGN NODE SCAN ---
[2026-06-20T09:23:23.743Z] [INFO] [SWARM] [BTC/USDT] $63555.1 | RSI: 75.3 | CONF: 0.00
[2026-06-20T09:23:23.743Z] [INFO] [EXECUTION] [STASIS] BTC/USDT - Confidence too low (0.00). Holding.
[2026-06-20T09:23:26.097Z] [INFO] [SWARM] [ETH/USDT] $1725.08 | RSI: 55.3 | CONF: 0.00
[2026-06-20T09:23:26.098Z] [INFO] [EXECUTION] [STASIS] ETH/USDT - Confidence too low (0.00). Holding.
[2026-06-20T09:23:36.412Z] [INFO] [SYSTEM] --- INITIATING SOVEREIGN NODE SCAN ---
[2026-06-20T09:23:38.828Z] [INFO] [SWARM] [BTC/USDT] $63555.1 | RSI: 75.3 | CONF: 0.00
[2026-06-20T09:23:38.828Z] [INFO] [EXECUTION] [STASIS] BTC/USDT - Confidence too low (0.00). Holding.
[2026-06-20T09:23:41.174Z] [INFO] [SWARM] [ETH/USDT] $1725.08 | RSI: 55.3 | CONF: 0.00
[2026-06-20T09:23:41.174Z] [INFO] [EXECUTION] [STASIS] ETH/USDT - Confidence too low (0.00). Holding.
[2026-06-20T09:23:51.414Z] [INFO] [SYSTEM] --- INITIATING SOVEREIGN NODE SCAN ---
[2026-06-20T09:23:53.744Z] [INFO] [SWARM] [BTC/USDT] $63555.1 | RSI: 75.3 | CONF: 0.00
[2026-06-20T09:23:53.744Z] [INFO] [EXECUTION] [STASIS] BTC/USDT - Confidence too low (0.00). Holding.
[2026-06-20T09:23:55.998Z] [INFO] [SWARM] [ETH/USDT] $1725.08 | RSI: 55.3 | CONF: 0.00
[2026-06-20T09:23:55.998Z] [INFO] [EXECUTION] [STASIS] ETH/USDT - Confidence too low (0.00). Holding.
[2026-06-20T09:24:06.415Z] [INFO] [SYSTEM] --- INITIATING SOVEREIGN NODE SCAN ---
[2026-06-20T09:24:08.746Z] [INFO] [SWARM] [BTC/USDT] $63555.1 | RSI: 71.8 | CONF: 0.00
[2026-06-20T09:24:08.746Z] [INFO] [EXECUTION] [STASIS] BTC/USDT - Confidence too low (0.00). Holding.
[2026-06-20T09:24:11.087Z] [INFO] [SWARM] [ETH/USDT] $1725.08 | RSI: 55.3 | CONF: 0.00
[2026-06-20T09:24:11.087Z] [INFO] [EXECUTION] [STASIS] ETH/USDT - Confidence too low (0.00). Holding.
[2026-06-20T09:24:21.416Z] [INFO] [SYSTEM] --- INITIATING SOVEREIGN NODE SCAN ---
[2026-06-20T09:24:23.788Z] [INFO] [SWARM] [BTC/USDT] $63555.1 | RSI: 71.8 | CONF: 0.00
[2026-06-20T09:24:23.788Z] [INFO] [EXECUTION] [STASIS] BTC/USDT - Confidence too low (0.00). Holding.
[2026-06-20T09:24:26.126Z] [INFO] [SWARM] [ETH/USDT] $1725.08 | RSI: 55.3 | CONF: 0.00
[2026-06-20T09:24:26.126Z] [INFO] [EXECUTION] [STASIS] ETH/USDT - Confidence too low (0.00). Holding.
[2026-06-20T09:24:36.418Z] [INFO] [SYSTEM] --- INITIATING SOVEREIGN NODE SCAN ---
[2026-06-20T09:24:38.757Z] [INFO] [SWARM] [BTC/USDT] $63555.1 | RSI: 71.8 | CONF: 0.00
[2026-06-20T09:24:38.757Z] [INFO] [EXECUTION] [STASIS] BTC/USDT - Confidence too low (0.00). Holding.
[2026-06-20T09:24:41.098Z] [INFO] [SWARM] [ETH/USDT] $1725.08 | RSI: 55.3 | CONF: 0.00
[2026-06-20T09:24:41.098Z] [INFO] [EXECUTION] [STASIS] ETH/USDT - Confidence too low (0.00). Holding.
[2026-06-20T09:24:51.418Z] [INFO] [SYSTEM] --- INITIATING SOVEREIGN NODE SCAN ---
[2026-06-20T09:24:53.752Z] [INFO] [SWARM] [BTC/USDT] $63555.1 | RSI: 71.8 | CONF: 0.00
[2026-06-20T09:24:53.752Z] [INFO] [EXECUTION] [STASIS] BTC/USDT - Confidence too low (0.00). Holding.
[2026-06-20T09:24:56.087Z] [INFO] [SWARM] [ETH/USDT] $1725.08 | RSI: 55.3 | CONF: 0.00
[2026-06-20T09:24:56.087Z] [INFO] [EXECUTION] [STASIS] ETH/USDT - Confidence too low (0.00). Holding.
[2026-06-20T09:25:06.420Z] [INFO] [SYSTEM] --- INITIATING SOVEREIGN NODE SCAN ---
[2026-06-20T09:25:08.762Z] [INFO] [SWARM] [BTC/USDT] $63564.2 | RSI: 70.6 | CONF: 0.30
[2026-06-20T09:25:08.763Z] [INFO] [EXECUTION] [STASIS] BTC/USDT - Confidence too low (0.30). Holding.
[2026-06-20T09:25:11.182Z] [INFO] [SWARM] [ETH/USDT] $1725.08 | RSI: 10.0 | CONF: 0.30
[2026-06-20T09:25:11.183Z] [INFO] [EXECUTION] [STASIS] ETH/USDT - Confidence too low (0.30). Holding.
[2026-06-20T09:25:21.421Z] [INFO] [SYSTEM] --- INITIATING SOVEREIGN NODE SCAN ---
[2026-06-20T09:25:23.759Z] [INFO] [SWARM] [BTC/USDT] $63564.2 | RSI: 70.6 | CONF: 0.30
[2026-06-20T09:25:23.759Z] [INFO] [EXECUTION] [STASIS] BTC/USDT - Confidence too low (0.30). Holding.
[2026-06-20T09:25:26.099Z] [INFO] [SWARM] [ETH/USDT] $1725.08 | RSI: 10.0 | CONF: 0.30
[2026-06-20T09:25:26.099Z] [INFO] [EXECUTION] [STASIS] ETH/USDT - Confidence too low (0.30). Holding.
[2026-06-20T09:25:36.422Z] [INFO] [SYSTEM] --- INITIATING SOVEREIGN NODE SCAN ---
[2026-06-20T09:25:38.757Z] [INFO] [SWARM] [BTC/USDT] $63564.2 | RSI: 70.6 | CONF: 0.30
[2026-06-20T09:25:38.757Z] [INFO] [EXECUTION] [STASIS] BTC/USDT - Confidence too low (0.30). Holding.
[2026-06-20T09:25:41.092Z] [INFO] [SWARM] [ETH/USDT] $1725.08 | RSI: 10.0 | CONF: 0.30
[2026-06-20T09:25:41.092Z] [INFO] [EXECUTION] [STASIS] ETH/USDT - Confidence too low (0.30). Holding.
[2026-06-20T09:25:51.424Z] [INFO] [SYSTEM] --- INITIATING SOVEREIGN NODE SCAN ---
[2026-06-20T09:25:53.764Z] [INFO] [SWARM] [BTC/USDT] $63549.7 | RSI: 66.1 | CONF: 0.70
[2026-06-20T09:25:53.764Z] [TRADE] [EXECUTION] [LIVE TRADE] Executing BUY 0.003934 BTC/USDT @ MARKET
[2026-06-20T09:25:55.067Z] [ERROR] [EXECUTION] Order failed for BTC/USDT: kraken {"error":["EAPI:Invalid key"]}
[2026-06-20T09:25:56.303Z] [INFO] [SWARM] [ETH/USDT] $1725.08 | RSI: 10.0 | CONF: 0.30
[2026-06-20T09:25:56.303Z] [INFO] [EXECUTION] [STASIS] ETH/USDT - Confidence too low (0.30). Holding.
[2026-06-20T09:26:06.425Z] [INFO] [SYSTEM] --- INITIATING SOVEREIGN NODE SCAN ---
[2026-06-20T09:26:08.682Z] [INFO] [SWARM] [BTC/USDT] $63549.7 | RSI: 69.1 | CONF: 0.40
[2026-06-20T09:26:08.682Z] [INFO] [EXECUTION] [STASIS] BTC/USDT - Confidence too low (0.40). Holding.
[2026-06-20T09:26:11.095Z] [INFO] [SWARM] [ETH/USDT] $1725.08 | RSI: 10.0 | CONF: 0.30
[2026-06-20T09:26:11.095Z] [INFO] [EXECUTION] [STASIS] ETH/USDT - Confidence too low (0.30). Holding.
[2026-06-20T09:26:21.426Z] [INFO] [SYSTEM] --- INITIATING SOVEREIGN NODE SCAN ---
[2026-06-20T09:26:23.762Z] [INFO] [SWARM] [BTC/USDT] $63549.7 | RSI: 69.1 | CONF: 0.40
[2026-06-20T09:26:23.762Z] [INFO] [EXECUTION] [STASIS] BTC/USDT - Confidence too low (0.40). Holding.
[2026-06-20T09:26:26.094Z] [INFO] [SWARM] [ETH/USDT] $1725.08 | RSI: 10.0 | CONF: 0.30
[2026-06-20T09:26:26.094Z] [INFO] [EXECUTION] [STASIS] ETH/USDT - Confidence too low (0.30). Holding.
[2026-06-20T09:26:36.427Z] [INFO] [SYSTEM] --- INITIATING SOVEREIGN NODE SCAN ---
[2026-06-20T09:26:38.761Z] [INFO] [SWARM] [BTC/USDT] $63549.7 | RSI: 69.1 | CONF: 0.40
[2026-06-20T09:26:38.762Z] [INFO] [EXECUTION] [STASIS] BTC/USDT - Confidence too low (0.40). Holding.
[2026-06-20T09:26:41.098Z] [INFO] [SWARM] [ETH/USDT] $1725.08 | RSI: 10.0 | CONF: 0.30
[2026-06-20T09:26:41.098Z] [INFO] [EXECUTION] [STASIS] ETH/USDT - Confidence too low (0.30). Holding.
[2026-06-20T09:26:51.427Z] [INFO] [SYSTEM] --- INITIATING SOVEREIGN NODE SCAN ---
[2026-06-20T09:26:53.761Z] [INFO] [SWARM] [BTC/USDT] $63549.7 | RSI: 69.1 | CONF: 0.40
[2026-06-20T09:26:53.761Z] [INFO] [EXECUTION] [STASIS] BTC/USDT - Confidence too low (0.40). Holding.
[2026-06-20T09:26:56.111Z] [INFO] [SWARM] [ETH/USDT] $1725.08 | RSI: 10.0 | CONF: 0.30
[2026-06-20T09:26:56.111Z] [INFO] [EXECUTION] [STASIS] ETH/USDT - Confidence too low (0.30). Holding.
[2026-06-20T09:27:06.428Z] [INFO] [SYSTEM] --- INITIATING SOVEREIGN NODE SCAN ---
[2026-06-20T09:27:08.764Z] [INFO] [SWARM] [BTC/USDT] $63549.7 | RSI: 64.5 | CONF: 0.40
[2026-06-20T09:27:08.764Z] [INFO] [EXECUTION] [STASIS] BTC/USDT - Confidence too low (0.40). Holding.
[2026-06-20T09:27:11.097Z] [INFO] [SWARM] [ETH/USDT] $1725.08 | RSI: 15.2 | CONF: 0.30
[2026-06-20T09:27:11.097Z] [INFO] [EXECUTION] [STASIS] ETH/USDT - Confidence too low (0.30). Holding.
[2026-06-20T09:27:21.428Z] [INFO] [SYSTEM] --- INITIATING SOVEREIGN NODE SCAN ---
[2026-06-20T09:27:23.770Z] [INFO] [SWARM] [BTC/USDT] $63542.2 | RSI: 60.8 | CONF: 0.70
[2026-06-20T09:27:23.770Z] [TRADE] [EXECUTION] [LIVE TRADE] Executing BUY 0.003934 BTC/USDT @ MARKET
[2026-06-20T09:27:25.072Z] [ERROR] [EXECUTION] Order failed for BTC/USDT: kraken {"error":["EAPI:Invalid key"]}
[2026-06-20T09:27:26.209Z] [INFO] [SWARM] [ETH/USDT] $1725.08 | RSI: 15.2 | CONF: 0.30
[2026-06-20T09:27:26.209Z] [INFO] [EXECUTION] [STASIS] ETH/USDT - Confidence too low (0.30). Holding.
[2026-06-20T09:27:36.428Z] [INFO] [SYSTEM] --- INITIATING SOVEREIGN NODE SCAN ---
[2026-06-20T09:27:38.768Z] [INFO] [SWARM] [BTC/USDT] $63542.2 | RSI: 60.8 | CONF: 0.70
[2026-06-20T09:27:38.768Z] [TRADE] [EXECUTION] [LIVE TRADE] Executing BUY 0.003934 BTC/USDT @ MARKET
[2026-06-20T09:27:40.069Z] [ERROR] [EXECUTION] Order failed for BTC/USDT: kraken {"error":["EAPI:Invalid key"]}
[2026-06-20T09:27:41.208Z] [INFO] [SWARM] [ETH/USDT] $1725.08 | RSI: 15.2 | CONF: 0.30
[2026-06-20T09:27:41.208Z] [INFO] [EXECUTION] [STASIS] ETH/USDT - Confidence too low (0.30). Holding.
[2026-06-20T09:27:51.430Z] [INFO] [SYSTEM] --- INITIATING SOVEREIGN NODE SCAN ---
[2026-06-20T09:27:53.761Z] [INFO] [SWARM] [BTC/USDT] $63542.2 | RSI: 60.8 | CONF: 0.70
[2026-06-20T09:27:53.761Z] [TRADE] [EXECUTION] [LIVE TRADE] Executing BUY 0.003934 BTC/USDT @ MARKET
[2026-06-20T09:27:55.062Z] [ERROR] [EXECUTION] Order failed for BTC/USDT: kraken {"error":["EAPI:Invalid key"]}
[2026-06-20T09:27:56.195Z] [INFO] [SWARM] [ETH/USDT] $1725.08 | RSI: 15.2 | CONF: 0.30
[2026-06-20T09:27:56.195Z] [INFO] [EXECUTION] [STASIS] ETH/USDT - Confidence too low (0.30). Holding.
[2026-06-20T09:28:06.430Z] [INFO] [SYSTEM] --- INITIATING SOVEREIGN NODE SCAN ---
[2026-06-20T09:28:08.768Z] [INFO] [SWARM] [BTC/USDT] $63544.7 | RSI: 58.5 | CONF: 0.70
[2026-06-20T09:28:08.768Z] [TRADE] [EXECUTION] [LIVE TRADE] Executing BUY 0.003934 BTC/USDT @ MARKET
[2026-06-20T09:28:10.067Z] [ERROR] [EXECUTION] Order failed for BTC/USDT: kraken {"error":["EAPI:Invalid key"]}
[2026-06-20T09:28:11.206Z] [INFO] [SWARM] [ETH/USDT] $1725.08 | RSI: 15.2 | CONF: 0.30
[2026-06-20T09:28:11.206Z] [INFO] [EXECUTION] [STASIS] ETH/USDT - Confidence too low (0.30). Holding.
[2026-06-20T09:28:21.431Z] [INFO] [SYSTEM] --- INITIATING SOVEREIGN NODE SCAN ---
[2026-06-20T09:28:23.766Z] [INFO] [SWARM] [BTC/USDT] $63546.3 | RSI: 59.1 | CONF: 0.70
[2026-06-20T09:28:23.766Z] [TRADE] [EXECUTION] [LIVE TRADE] Executing BUY 0.003934 BTC/USDT @ MARKET
[2026-06-20T09:28:25.076Z] [ERROR] [EXECUTION] Order failed for BTC/USDT: kraken {"error":["EAPI:Invalid key"]}
[2026-06-20T09:28:26.214Z] [INFO] [SWARM] [ETH/USDT] $1725.08 | RSI: 15.2 | CONF: 0.30
[2026-06-20T09:28:26.214Z] [INFO] [EXECUTION] [STASIS] ETH/USDT - Confidence too low (0.30). Holding.
[2026-06-20T09:28:36.432Z] [INFO] [SYSTEM] --- INITIATING SOVEREIGN NODE SCAN ---
[2026-06-20T09:28:38.773Z] [INFO] [SWARM] [BTC/USDT] $63546.3 | RSI: 59.1 | CONF: 0.70
[2026-06-20T09:28:38.773Z] [TRADE] [EXECUTION] [LIVE TRADE] Executing BUY 0.003934 BTC/USDT @ MARKET
[2026-06-20T09:28:40.075Z] [ERROR] [EXECUTION] Order failed for BTC/USDT: kraken {"error":["EAPI:Invalid key"]}
[2026-06-20T09:28:41.209Z] [INFO] [SWARM] [ETH/USDT] $1725.08 | RSI: 15.2 | CONF: 0.30
[2026-06-20T09:28:41.209Z] [INFO] [EXECUTION] [STASIS] ETH/USDT - Confidence too low (0.30). Holding.
[2026-06-20T09:28:51.434Z] [INFO] [SYSTEM] --- INITIATING SOVEREIGN NODE SCAN ---
[2026-06-20T09:28:53.771Z] [INFO] [SWARM] [BTC/USDT] $63546.3 | RSI: 59.1 | CONF: 0.70
[2026-06-20T09:28:53.772Z] [TRADE] [EXECUTION] [LIVE TRADE] Executing BUY 0.003934 BTC/USDT @ MARKET
[2026-06-20T09:28:55.073Z] [ERROR] [EXECUTION] Order failed for BTC/USDT: kraken {"error":["EAPI:Invalid key"]}
[2026-06-20T09:28:56.223Z] [INFO] [SWARM] [ETH/USDT] $1725.08 | RSI: 15.2 | CONF: 0.30
[2026-06-20T09:28:56.223Z] [INFO] [EXECUTION] [STASIS] ETH/USDT - Confidence too low (0.30). Holding.
[2026-06-20T09:29:06.435Z] [INFO] [SYSTEM] --- INITIATING SOVEREIGN NODE SCAN ---
[2026-06-20T09:29:08.777Z] [INFO] [SWARM] [BTC/USDT] $63546.3 | RSI: 63.3 | CONF: 0.40
[2026-06-20T09:29:08.778Z] [INFO] [EXECUTION] [STASIS] BTC/USDT - Confidence too low (0.40). Holding.
[2026-06-20T09:29:11.118Z] [INFO] [SWARM] [ETH/USDT] $1725.08 | RSI: 15.2 | CONF: 0.30
[2026-06-20T09:29:11.118Z] [INFO] [EXECUTION] [STASIS] ETH/USDT - Confidence too low (0.30). Holding.
[2026-06-20T09:29:21.436Z] [INFO] [SYSTEM] --- INITIATING SOVEREIGN NODE SCAN ---
[2026-06-20T09:29:23.689Z] [INFO] [SWARM] [BTC/USDT] $63546.3 | RSI: 63.3 | CONF: 0.40
[2026-06-20T09:29:23.689Z] [INFO] [EXECUTION] [STASIS] BTC/USDT - Confidence too low (0.40). Holding.
[2026-06-20T09:29:26.037Z] [INFO] [SWARM] [ETH/USDT] $1725.08 | RSI: 15.2 | CONF: 0.30
[2026-06-20T09:29:26.037Z] [INFO] [EXECUTION] [STASIS] ETH/USDT - Confidence too low (0.30). Holding.
[2026-06-20T09:29:36.436Z] [INFO] [SYSTEM] --- INITIATING SOVEREIGN NODE SCAN ---
[2026-06-20T09:29:38.693Z] [INFO] [SWARM] [BTC/USDT] $63546.3 | RSI: 63.3 | CONF: 0.40
[2026-06-20T09:29:38.693Z] [INFO] [EXECUTION] [STASIS] BTC/USDT - Confidence too low (0.40). Holding.
[2026-06-20T09:29:41.032Z] [INFO] [SWARM] [ETH/USDT] $1725.08 | RSI: 15.2 | CONF: 0.30
[2026-06-20T09:29:41.032Z] [INFO] [EXECUTION] [STASIS] ETH/USDT - Confidence too low (0.30). Holding.
[2026-06-20T09:29:51.437Z] [INFO] [SYSTEM] --- INITIATING SOVEREIGN NODE SCAN ---
[2026-06-20T09:29:53.770Z] [INFO] [SWARM] [BTC/USDT] $63546.3 | RSI: 63.3 | CONF: 0.40
[2026-06-20T09:29:53.770Z] [INFO] [EXECUTION] [STASIS] BTC/USDT - Confidence too low (0.40). Holding.
[2026-06-20T09:29:56.109Z] [INFO] [SWARM] [ETH/USDT] $1725.08 | RSI: 15.2 | CONF: 0.30
[2026-06-20T09:29:56.110Z] [INFO] [EXECUTION] [STASIS] ETH/USDT - Confidence too low (0.30). Holding.
[2026-06-20T09:30:06.437Z] [INFO] [SYSTEM] --- INITIATING SOVEREIGN NODE SCAN ---
[2026-06-20T09:30:08.790Z] [INFO] [SWARM] [BTC/USDT] $63578.3 | RSI: 65.6 | CONF: 0.70
[2026-06-20T09:30:08.791Z] [TRADE] [EXECUTION] [LIVE TRADE] Executing BUY 0.003932 BTC/USDT @ MARKET
[2026-06-20T09:30:10.091Z] [ERROR] [EXECUTION] Order failed for BTC/USDT: kraken {"error":["EAPI:Invalid key"]}
[2026-06-20T09:30:11.228Z] [INFO] [SWARM] [ETH/USDT] $1725.08 | RSI: 15.2 | CONF: 0.30
[2026-06-20T09:30:11.228Z] [INFO] [EXECUTION] [STASIS] ETH/USDT - Confidence too low (0.30). Holding.
[2026-06-20T09:30:21.438Z] [INFO] [SYSTEM] --- INITIATING SOVEREIGN NODE SCAN ---
[2026-06-20T09:30:23.776Z] [INFO] [SWARM] [BTC/USDT] $63578.3 | RSI: 65.6 | CONF: 0.70
[2026-06-20T09:30:23.776Z] [TRADE] [EXECUTION] [LIVE TRADE] Executing BUY 0.003932 BTC/USDT @ MARKET
[2026-06-20T09:30:25.077Z] [ERROR] [EXECUTION] Order failed for BTC/USDT: kraken {"error":["EAPI:Invalid key"]}
[2026-06-20T09:30:26.220Z] [INFO] [SWARM] [ETH/USDT] $1725.08 | RSI: 15.2 | CONF: 0.30
[2026-06-20T09:30:26.221Z] [INFO] [EXECUTION] [STASIS] ETH/USDT - Confidence too low (0.30). Holding.
[2026-06-20T09:30:36.440Z] [INFO] [SYSTEM] --- INITIATING SOVEREIGN NODE SCAN ---
[2026-06-20T09:30:38.774Z] [INFO] [SWARM] [BTC/USDT] $63557 | RSI: 58.5 | CONF: 0.70
[2026-06-20T09:30:38.774Z] [TRADE] [EXECUTION] [LIVE TRADE] Executing BUY 0.003933 BTC/USDT @ MARKET
[2026-06-20T09:30:40.076Z] [ERROR] [EXECUTION] Order failed for BTC/USDT: kraken {"error":["EAPI:Invalid key"]}
[2026-06-20T09:30:41.220Z] [INFO] [SWARM] [ETH/USDT] $1725.08 | RSI: 15.2 | CONF: 0.30
[2026-06-20T09:30:41.220Z] [INFO] [EXECUTION] [STASIS] ETH/USDT - Confidence too low (0.30). Holding.
[2026-06-20T09:30:51.441Z] [INFO] [SYSTEM] --- INITIATING SOVEREIGN NODE SCAN ---
[2026-06-20T09:30:53.775Z] [INFO] [SWARM] [BTC/USDT] $63558.3 | RSI: 59.0 | CONF: 0.70
[2026-06-20T09:30:53.775Z] [TRADE] [EXECUTION] [LIVE TRADE] Executing BUY 0.003933 BTC/USDT @ MARKET
[2026-06-20T09:30:55.079Z] [ERROR] [EXECUTION] Order failed for BTC/USDT: kraken {"error":["EAPI:Invalid key"]}
[2026-06-20T09:30:56.220Z] [INFO] [SWARM] [ETH/USDT] $1725.08 | RSI: 15.2 | CONF: 0.30
[2026-06-20T09:30:56.220Z] [INFO] [EXECUTION] [STASIS] ETH/USDT - Confidence too low (0.30). Holding.
[2026-06-20T09:31:06.441Z] [INFO] [SYSTEM] --- INITIATING SOVEREIGN NODE SCAN ---
[2026-06-20T09:31:08.783Z] [INFO] [SWARM] [BTC/USDT] $63558.2 | RSI: 58.9 | CONF: 0.40
[2026-06-20T09:31:08.783Z] [INFO] [EXECUTION] [STASIS] BTC/USDT - Confidence too low (0.40). Holding.
[2026-06-20T09:31:11.126Z] [INFO] [SWARM] [ETH/USDT] $1725.08 | RSI: 100.0 | CONF: 0.00
[2026-06-20T09:31:11.126Z] [INFO] [EXECUTION] [STASIS] ETH/USDT - Confidence too low (0.00). Holding.
[2026-06-20T09:31:21.442Z] [INFO] [SYSTEM] --- INITIATING SOVEREIGN NODE SCAN ---
[2026-06-20T09:31:23.774Z] [INFO] [SWARM] [BTC/USDT] $63558.2 | RSI: 58.9 | CONF: 0.40
[2026-06-20T09:31:23.774Z] [INFO] [EXECUTION] [STASIS] BTC/USDT - Confidence too low (0.40). Holding.
[2026-06-20T09:31:26.108Z] [INFO] [SWARM] [ETH/USDT] $1725.08 | RSI: 100.0 | CONF: 0.00
[2026-06-20T09:31:26.108Z] [INFO] [EXECUTION] [STASIS] ETH/USDT - Confidence too low (0.00). Holding.
[2026-06-20T09:31:36.443Z] [INFO] [SYSTEM] --- INITIATING SOVEREIGN NODE SCAN ---
[2026-06-20T09:31:38.777Z] [INFO] [SWARM] [BTC/USDT] $63558.2 | RSI: 58.9 | CONF: 0.40
[2026-06-20T09:31:38.777Z] [INFO] [EXECUTION] [STASIS] BTC/USDT - Confidence too low (0.40). Holding.
[2026-06-20T09:31:41.116Z] [INFO] [SWARM] [ETH/USDT] $1725.08 | RSI: 100.0 | CONF: 0.00
[2026-06-20T09:31:41.117Z] [INFO] [EXECUTION] [STASIS] ETH/USDT - Confidence too low (0.00). Holding.
[2026-06-20T09:31:51.444Z] [INFO] [SYSTEM] --- INITIATING SOVEREIGN NODE SCAN ---
[2026-06-20T09:31:53.778Z] [INFO] [SWARM] [BTC/USDT] $63558.2 | RSI: 58.9 | CONF: 0.40
[2026-06-20T09:31:53.778Z] [INFO] [EXECUTION] [STASIS] BTC/USDT - Confidence too low (0.40). Holding.
[2026-06-20T09:31:56.120Z] [INFO] [SWARM] [ETH/USDT] $1725.08 | RSI: 100.0 | CONF: 0.00
[2026-06-20T09:31:56.120Z] [INFO] [EXECUTION] [STASIS] ETH/USDT - Confidence too low (0.00). Holding.
[2026-06-20T09:32:06.444Z] [INFO] [SYSTEM] --- INITIATING SOVEREIGN NODE SCAN ---
[2026-06-20T09:32:08.700Z] [INFO] [SWARM] [BTC/USDT] $63558.2 | RSI: 58.9 | CONF: 0.40
[2026-06-20T09:32:08.700Z] [INFO] [EXECUTION] [STASIS] BTC/USDT - Confidence too low (0.40). Holding.
[2026-06-20T09:32:11.033Z] [INFO] [SWARM] [ETH/USDT] $1725.08 | RSI: 100.0 | CONF: 0.00
[2026-06-20T09:32:11.033Z] [INFO] [EXECUTION] [STASIS] ETH/USDT - Confidence too low (0.00). Holding.
[2026-06-20T09:32:21.445Z] [INFO] [SYSTEM] --- INITIATING SOVEREIGN NODE SCAN ---
[2026-06-20T09:32:23.779Z] [INFO] [SWARM] [BTC/USDT] $63558.2 | RSI: 58.9 | CONF: 0.40
[2026-06-20T09:32:23.779Z] [INFO] [EXECUTION] [STASIS] BTC/USDT - Confidence too low (0.40). Holding.
[2026-06-20T09:32:26.112Z] [INFO] [SWARM] [ETH/USDT] $1725.08 | RSI: 100.0 | CONF: 0.00
[2026-06-20T09:32:26.113Z] [INFO] [EXECUTION] [STASIS] ETH/USDT - Confidence too low (0.00). Holding.
[2026-06-20T09:32:36.445Z] [INFO] [SYSTEM] --- INITIATING SOVEREIGN NODE SCAN ---
[2026-06-20T09:32:38.782Z] [INFO] [SWARM] [BTC/USDT] $63558.2 | RSI: 58.9 | CONF: 0.40
[2026-06-20T09:32:38.782Z] [INFO] [EXECUTION] [STASIS] BTC/USDT - Confidence too low (0.40). Holding.
[2026-06-20T09:32:41.121Z] [INFO] [SWARM] [ETH/USDT] $1725.08 | RSI: 100.0 | CONF: 0.00
[2026-06-20T09:32:41.121Z] [INFO] [EXECUTION] [STASIS] ETH/USDT - Confidence too low (0.00). Holding.
[2026-06-20T09:32:51.446Z] [INFO] [SYSTEM] --- INITIATING SOVEREIGN NODE SCAN ---
[2026-06-20T09:32:53.779Z] [INFO] [SWARM] [BTC/USDT] $63558.2 | RSI: 58.9 | CONF: 0.40
[2026-06-20T09:32:53.779Z] [INFO] [EXECUTION] [STASIS] BTC/USDT - Confidence too low (0.40). Holding.
[2026-06-20T09:32:56.121Z] [INFO] [SWARM] [ETH/USDT] $1725.08 | RSI: 100.0 | CONF: 0.00
[2026-06-20T09:32:56.121Z] [INFO] [EXECUTION] [STASIS] ETH/USDT - Confidence too low (0.00). Holding.
[2026-06-20T09:33:06.447Z] [INFO] [SYSTEM] --- INITIATING SOVEREIGN NODE SCAN ---
[2026-06-20T09:33:08.782Z] [INFO] [SWARM] [BTC/USDT] $63558.2 | RSI: 82.4 | CONF: 0.00
[2026-06-20T09:33:08.782Z] [INFO] [EXECUTION] [STASIS] BTC/USDT - Confidence too low (0.00). Holding.
[2026-06-20T09:33:11.037Z] [INFO] [SWARM] [ETH/USDT] $1725.08 | RSI: 100.0 | CONF: 0.00
[2026-06-20T09:33:11.037Z] [INFO] [EXECUTION] [STASIS] ETH/USDT - Confidence too low (0.00). Holding.
[2026-06-20T09:33:21.448Z] [INFO] [SYSTEM] --- INITIATING SOVEREIGN NODE SCAN ---
[2026-06-20T09:33:23.795Z] [INFO] [SWARM] [BTC/USDT] $63578 | RSI: 86.1 | CONF: 0.30
[2026-06-20T09:33:23.795Z] [INFO] [EXECUTION] [STASIS] BTC/USDT - Confidence too low (0.30). Holding.
[2026-06-20T09:33:26.048Z] [INFO] [SWARM] [ETH/USDT] $1725.08 | RSI: 100.0 | CONF: 0.00
[2026-06-20T09:33:26.048Z] [INFO] [EXECUTION] [STASIS] ETH/USDT - Confidence too low (0.00). Holding.
[2026-06-20T09:33:36.448Z] [INFO] [SYSTEM] --- INITIATING SOVEREIGN NODE SCAN ---
[2026-06-20T09:33:38.786Z] [INFO] [SWARM] [BTC/USDT] $63578 | RSI: 86.1 | CONF: 0.30
[2026-06-20T09:33:38.787Z] [INFO] [EXECUTION] [STASIS] BTC/USDT - Confidence too low (0.30). Holding.
[2026-06-20T09:33:41.129Z] [INFO] [SWARM] [ETH/USDT] $1725.08 | RSI: 100.0 | CONF: 0.00
[2026-06-20T09:33:41.129Z] [INFO] [EXECUTION] [STASIS] ETH/USDT - Confidence too low (0.00). Holding.
[2026-06-20T09:33:51.448Z] [INFO] [SYSTEM] --- INITIATING SOVEREIGN NODE SCAN ---
[2026-06-20T09:33:53.805Z] [INFO] [SWARM] [BTC/USDT] $63578 | RSI: 86.1 | CONF: 0.30
[2026-06-20T09:33:53.805Z] [INFO] [EXECUTION] [STASIS] BTC/USDT - Confidence too low (0.30). Holding.
[2026-06-20T09:33:56.137Z] [INFO] [SWARM] [ETH/USDT] $1725.08 | RSI: 100.0 | CONF: 0.00
[2026-06-20T09:33:56.137Z] [INFO] [EXECUTION] [STASIS] ETH/USDT - Confidence too low (0.00). Holding.
[2026-06-20T09:34:06.450Z] [INFO] [SYSTEM] --- INITIATING SOVEREIGN NODE SCAN ---
[2026-06-20T09:34:08.784Z] [INFO] [SWARM] [BTC/USDT] $63595.9 | RSI: 88.4 | CONF: 0.30
[2026-06-20T09:34:08.784Z] [INFO] [EXECUTION] [STASIS] BTC/USDT - Confidence too low (0.30). Holding.
[2026-06-20T09:34:11.041Z] [INFO] [SWARM] [ETH/USDT] $1725.08 | RSI: 100.0 | CONF: 0.00
[2026-06-20T09:34:11.041Z] [INFO] [EXECUTION] [STASIS] ETH/USDT - Confidence too low (0.00). Holding.
[2026-06-20T09:34:21.450Z] [INFO] [SYSTEM] --- INITIATING SOVEREIGN NODE SCAN ---
[2026-06-20T09:34:23.787Z] [INFO] [SWARM] [BTC/USDT] $63595.9 | RSI: 88.4 | CONF: 0.30
[2026-06-20T09:34:23.787Z] [INFO] [EXECUTION] [STASIS] BTC/USDT - Confidence too low (0.30). Holding.
[2026-06-20T09:34:26.131Z] [INFO] [SWARM] [ETH/USDT] $1725.08 | RSI: 100.0 | CONF: 0.00
[2026-06-20T09:34:26.131Z] [INFO] [EXECUTION] [STASIS] ETH/USDT - Confidence too low (0.00). Holding.
[2026-06-20T09:34:36.450Z] [INFO] [SYSTEM] --- INITIATING SOVEREIGN NODE SCAN ---
[2026-06-20T09:34:38.782Z] [INFO] [SWARM] [BTC/USDT] $63595.9 | RSI: 88.4 | CONF: 0.30
[2026-06-20T09:34:38.783Z] [INFO] [EXECUTION] [STASIS] BTC/USDT - Confidence too low (0.30). Holding.
[2026-06-20T09:34:41.120Z] [INFO] [SWARM] [ETH/USDT] $1725.08 | RSI: 100.0 | CONF: 0.00
[2026-06-20T09:34:41.121Z] [INFO] [EXECUTION] [STASIS] ETH/USDT - Confidence too low (0.00). Holding.
[2026-06-20T09:34:51.452Z] [INFO] [SYSTEM] --- INITIATING SOVEREIGN NODE SCAN ---
[2026-06-20T09:34:53.786Z] [INFO] [SWARM] [BTC/USDT] $63595.9 | RSI: 88.4 | CONF: 0.30
[2026-06-20T09:34:53.786Z] [INFO] [EXECUTION] [STASIS] BTC/USDT - Confidence too low (0.30). Holding.
[2026-06-20T09:34:56.123Z] [INFO] [SWARM] [ETH/USDT] $1725.08 | RSI: 100.0 | CONF: 0.00
[2026-06-20T09:34:56.123Z] [INFO] [EXECUTION] [STASIS] ETH/USDT - Confidence too low (0.00). Holding.
[2026-06-20T09:35:06.452Z] [INFO] [SYSTEM] --- INITIATING SOVEREIGN NODE SCAN ---
[2026-06-20T09:35:08.787Z] [INFO] [SWARM] [BTC/USDT] $63595.9 | RSI: 88.4 | CONF: 0.00
[2026-06-20T09:35:08.788Z] [INFO] [EXECUTION] [STASIS] BTC/USDT - Confidence too low (0.00). Holding.
[2026-06-20T09:35:11.126Z] [INFO] [SWARM] [ETH/USDT] $1725.08 | RSI: 100.0 | CONF: 0.00
[2026-06-20T09:35:11.126Z] [INFO] [EXECUTION] [STASIS] ETH/USDT - Confidence too low (0.00). Holding.
[2026-06-20T09:35:21.454Z] [INFO] [SYSTEM] --- INITIATING SOVEREIGN NODE SCAN ---
[2026-06-20T09:35:23.793Z] [INFO] [SWARM] [BTC/USDT] $63595.9 | RSI: 88.4 | CONF: 0.00
[2026-06-20T09:35:23.793Z] [INFO] [EXECUTION] [STASIS] BTC/USDT - Confidence too low (0.00). Holding.
[2026-06-20T09:35:26.139Z] [INFO] [SWARM] [ETH/USDT] $1725.08 | RSI: 100.0 | CONF: 0.00
[2026-06-20T09:35:26.139Z] [INFO] [EXECUTION] [STASIS] ETH/USDT - Confidence too low (0.00). Holding.
[2026-06-20T09:35:36.455Z] [INFO] [SYSTEM] --- INITIATING SOVEREIGN NODE SCAN ---
[2026-06-20T09:35:38.711Z] [INFO] [SWARM] [BTC/USDT] $63595.9 | RSI: 88.4 | CONF: 0.00
[2026-06-20T09:35:38.711Z] [INFO] [EXECUTION] [STASIS] BTC/USDT - Confidence too low (0.00). Holding.
[2026-06-20T09:35:41.050Z] [INFO] [SWARM] [ETH/USDT] $1725.08 | RSI: 100.0 | CONF: 0.00
[2026-06-20T09:35:41.050Z] [INFO] [EXECUTION] [STASIS] ETH/USDT - Confidence too low (0.00). Holding.
[2026-06-20T09:35:51.455Z] [INFO] [SYSTEM] --- INITIATING SOVEREIGN NODE SCAN ---
[2026-06-20T09:35:53.789Z] [INFO] [SWARM] [BTC/USDT] $63595.9 | RSI: 88.4 | CONF: 0.00
[2026-06-20T09:35:53.789Z] [INFO] [EXECUTION] [STASIS] BTC/USDT - Confidence too low (0.00). Holding.
[2026-06-20T09:35:56.133Z] [INFO] [SWARM] [ETH/USDT] $1725.08 | RSI: 100.0 | CONF: 0.00
[2026-06-20T09:35:56.133Z] [INFO] [EXECUTION] [STASIS] ETH/USDT - Confidence too low (0.00). Holding.
[2026-06-20T09:36:06.455Z] [INFO] [SYSTEM] --- INITIATING SOVEREIGN NODE SCAN ---
[2026-06-20T09:36:08.871Z] [INFO] [SWARM] [BTC/USDT] $63618.6 | RSI: 85.5 | CONF: 0.30
[2026-06-20T09:36:08.871Z] [INFO] [EXECUTION] [STASIS] BTC/USDT - Confidence too low (0.30). Holding.
[2026-06-20T09:36:11.203Z] [INFO] [SWARM] [ETH/USDT] $1725.08 | RSI: 100.0 | CONF: 0.00
[2026-06-20T09:36:11.203Z] [INFO] [EXECUTION] [STASIS] ETH/USDT - Confidence too low (0.00). Holding.
[2026-06-20T09:36:21.456Z] [INFO] [SYSTEM] --- INITIATING SOVEREIGN NODE SCAN ---
[2026-06-20T09:36:23.801Z] [INFO] [SWARM] [BTC/USDT] $63618.6 | RSI: 85.5 | CONF: 0.30
[2026-06-20T09:36:23.802Z] [INFO] [EXECUTION] [STASIS] BTC/USDT - Confidence too low (0.30). Holding.
[2026-06-20T09:36:26.220Z] [INFO] [SWARM] [ETH/USDT] $1725.08 | RSI: 100.0 | CONF: 0.00
[2026-06-20T09:36:26.220Z] [INFO] [EXECUTION] [STASIS] ETH/USDT - Confidence too low (0.00). Holding.
[2026-06-20T09:36:36.457Z] [INFO] [SYSTEM] --- INITIATING SOVEREIGN NODE SCAN ---
[2026-06-20T09:36:38.792Z] [INFO] [SWARM] [BTC/USDT] $63618.6 | RSI: 85.5 | CONF: 0.30
[2026-06-20T09:36:38.792Z] [INFO] [EXECUTION] [STASIS] BTC/USDT - Confidence too low (0.30). Holding.
[2026-06-20T09:36:41.128Z] [INFO] [SWARM] [ETH/USDT] $1725.08 | RSI: 100.0 | CONF: 0.00
[2026-06-20T09:36:41.128Z] [INFO] [EXECUTION] [STASIS] ETH/USDT - Confidence too low (0.00). Holding.
[2026-06-20T09:36:51.457Z] [INFO] [SYSTEM] --- INITIATING SOVEREIGN NODE SCAN ---
[2026-06-20T09:36:53.791Z] [INFO] [SWARM] [BTC/USDT] $63618.6 | RSI: 85.5 | CONF: 0.30
[2026-06-20T09:36:53.791Z] [INFO] [EXECUTION] [STASIS] BTC/USDT - Confidence too low (0.30). Holding.
[2026-06-20T09:36:56.129Z] [INFO] [SWARM] [ETH/USDT] $1725.08 | RSI: 100.0 | CONF: 0.00
[2026-06-20T09:36:56.129Z] [INFO] [EXECUTION] [STASIS] ETH/USDT - Confidence too low (0.00). Holding.
[2026-06-20T09:37:06.458Z] [INFO] [SYSTEM] --- INITIATING SOVEREIGN NODE SCAN ---
[2026-06-20T09:37:08.795Z] [INFO] [SWARM] [BTC/USDT] $63623.3 | RSI: 86.2 | CONF: 0.30
[2026-06-20T09:37:08.795Z] [INFO] [EXECUTION] [STASIS] BTC/USDT - Confidence too low (0.30). Holding.
[2026-06-20T09:37:11.135Z] [INFO] [SWARM] [ETH/USDT] $1725.08 | RSI: 100.0 | CONF: 0.00
[2026-06-20T09:37:11.136Z] [INFO] [EXECUTION] [STASIS] ETH/USDT - Confidence too low (0.00). Holding.
[2026-06-20T09:37:21.459Z] [INFO] [SYSTEM] --- INITIATING SOVEREIGN NODE SCAN ---
[2026-06-20T09:37:23.793Z] [INFO] [SWARM] [BTC/USDT] $63645.7 | RSI: 88.9 | CONF: 0.30
[2026-06-20T09:37:23.793Z] [INFO] [EXECUTION] [STASIS] BTC/USDT - Confidence too low (0.30). Holding.
[2026-06-20T09:37:26.132Z] [INFO] [SWARM] [ETH/USDT] $1725.08 | RSI: 100.0 | CONF: 0.00
[2026-06-20T09:37:26.132Z] [INFO] [EXECUTION] [STASIS] ETH/USDT - Confidence too low (0.00). Holding.
[2026-06-20T09:37:36.460Z] [INFO] [SYSTEM] --- INITIATING SOVEREIGN NODE SCAN ---
[2026-06-20T09:37:38.795Z] [INFO] [SWARM] [BTC/USDT] $63660.9 | RSI: 90.1 | CONF: 0.30
[2026-06-20T09:37:38.795Z] [INFO] [EXECUTION] [STASIS] BTC/USDT - Confidence too low (0.30). Holding.
[2026-06-20T09:37:41.137Z] [INFO] [SWARM] [ETH/USDT] $1728.83 | RSI: 100.0 | CONF: 0.30
[2026-06-20T09:37:41.138Z] [INFO] [EXECUTION] [STASIS] ETH/USDT - Confidence too low (0.30). Holding.
[2026-06-20T09:37:51.459Z] [INFO] [SYSTEM] --- INITIATING SOVEREIGN NODE SCAN ---
[2026-06-20T09:37:53.792Z] [INFO] [SWARM] [BTC/USDT] $63660.9 | RSI: 90.1 | CONF: 0.30
[2026-06-20T09:37:53.792Z] [INFO] [EXECUTION] [STASIS] BTC/USDT - Confidence too low (0.30). Holding.
[2026-06-20T09:37:56.129Z] [INFO] [SWARM] [ETH/USDT] $1728.83 | RSI: 100.0 | CONF: 0.30
[2026-06-20T09:37:56.129Z] [INFO] [EXECUTION] [STASIS] ETH/USDT - Confidence too low (0.30). Holding.
[2026-06-20T09:38:06.460Z] [INFO] [SYSTEM] --- INITIATING SOVEREIGN NODE SCAN ---
[2026-06-20T09:38:08.793Z] [INFO] [SWARM] [BTC/USDT] $63671.3 | RSI: 90.9 | CONF: 0.00
[2026-06-20T09:38:08.793Z] [INFO] [EXECUTION] [STASIS] BTC/USDT - Confidence too low (0.00). Holding.
[2026-06-20T09:38:11.130Z] [INFO] [SWARM] [ETH/USDT] $1728.83 | RSI: 100.0 | CONF: 0.00
[2026-06-20T09:38:11.131Z] [INFO] [EXECUTION] [STASIS] ETH/USDT - Confidence too low (0.00). Holding.
[2026-06-20T09:38:21.461Z] [INFO] [SYSTEM] --- INITIATING SOVEREIGN NODE SCAN ---
[2026-06-20T09:38:24.037Z] [INFO] [SWARM] [BTC/USDT] $63643 | RSI: 75.8 | CONF: 0.00
[2026-06-20T09:38:24.037Z] [INFO] [EXECUTION] [STASIS] BTC/USDT - Confidence too low (0.00). Holding.
[2026-06-20T09:38:26.381Z] [INFO] [SWARM] [ETH/USDT] $1728.83 | RSI: 100.0 | CONF: 0.00
[2026-06-20T09:38:26.381Z] [INFO] [EXECUTION] [STASIS] ETH/USDT - Confidence too low (0.00). Holding.
[2026-06-20T09:38:39.217Z] [INFO] [SYSTEM] Autonomous Trading Engine initialized.
[2026-06-20T09:38:39.220Z] [INFO] [SYSTEM] Paper Trading mode: DISABLED
[2026-06-20T09:38:39.220Z] [INFO] [SYSTEM] Engine loop started.
[2026-06-20T09:38:39.221Z] [INFO] [SYSTEM] --- INITIATING SOVEREIGN NODE SCAN ---
[2026-06-20T09:38:46.924Z] [INFO] [SYSTEM] Autonomous Trading Engine initialized.
[2026-06-20T09:38:46.963Z] [INFO] [SYSTEM] Paper Trading mode: DISABLED
[2026-06-20T09:38:46.963Z] [INFO] [SYSTEM] Engine loop started.
[2026-06-20T09:38:46.985Z] [INFO] [SYSTEM] --- INITIATING SOVEREIGN NODE SCAN ---
[2026-06-20T09:38:50.667Z] [INFO] [SWARM] [BTC/USDT] $63643 | RSI: 75.8 | CONF: 0.00
[2026-06-20T09:38:50.667Z] [INFO] [EXECUTION] [STASIS] BTC/USDT - Confidence too low (0.00). Holding.
[2026-06-20T09:38:53.021Z] [INFO] [SWARM] [ETH/USDT] $1728.83 | RSI: 100.0 | CONF: 0.00
[2026-06-20T09:38:53.022Z] [INFO] [EXECUTION] [STASIS] ETH/USDT - Confidence too low (0.00). Holding.
[2026-06-20T09:39:01.992Z] [INFO] [SYSTEM] --- INITIATING SOVEREIGN NODE SCAN ---
[2026-06-20T09:39:04.348Z] [INFO] [SWARM] [BTC/USDT] $63643 | RSI: 78.3 | CONF: 0.00
[2026-06-20T09:39:04.348Z] [INFO] [EXECUTION] [STASIS] BTC/USDT - Confidence too low (0.00). Holding.
[2026-06-20T09:39:06.695Z] [INFO] [SWARM] [ETH/USDT] $1728.83 | RSI: 100.0 | CONF: 0.00
[2026-06-20T09:39:06.695Z] [INFO] [EXECUTION] [STASIS] ETH/USDT - Confidence too low (0.00). Holding.
[2026-06-20T09:39:16.993Z] [INFO] [SYSTEM] --- INITIATING SOVEREIGN NODE SCAN ---
[2026-06-20T09:39:19.254Z] [INFO] [SWARM] [BTC/USDT] $63643 | RSI: 78.3 | CONF: 0.00
[2026-06-20T09:39:19.255Z] [INFO] [EXECUTION] [STASIS] BTC/USDT - Confidence too low (0.00). Holding.
[2026-06-20T09:39:21.602Z] [INFO] [SWARM] [ETH/USDT] $1728.83 | RSI: 100.0 | CONF: 0.00
[2026-06-20T09:39:21.603Z] [INFO] [EXECUTION] [STASIS] ETH/USDT - Confidence too low (0.00). Holding.
[2026-06-20T09:39:31.993Z] [INFO] [SYSTEM] --- INITIATING SOVEREIGN NODE SCAN ---
[2026-06-20T09:39:34.355Z] [INFO] [SWARM] [BTC/USDT] $63643 | RSI: 78.3 | CONF: 0.00
[2026-06-20T09:39:34.355Z] [INFO] [EXECUTION] [STASIS] BTC/USDT - Confidence too low (0.00). Holding.
[2026-06-20T09:39:36.800Z] [INFO] [SWARM] [ETH/USDT] $1728.83 | RSI: 100.0 | CONF: 0.00
[2026-06-20T09:39:36.800Z] [INFO] [EXECUTION] [STASIS] ETH/USDT - Confidence too low (0.00). Holding.
[2026-06-20T09:39:46.994Z] [INFO] [SYSTEM] --- INITIATING SOVEREIGN NODE SCAN ---
[2026-06-20T09:39:49.259Z] [INFO] [SWARM] [BTC/USDT] $63643 | RSI: 78.3 | CONF: 0.00
[2026-06-20T09:39:49.259Z] [INFO] [EXECUTION] [STASIS] BTC/USDT - Confidence too low (0.00). Holding.
[2026-06-20T09:39:51.598Z] [INFO] [SWARM] [ETH/USDT] $1728.83 | RSI: 100.0 | CONF: 0.00
[2026-06-20T09:39:51.599Z] [INFO] [EXECUTION] [STASIS] ETH/USDT - Confidence too low (0.00). Holding.
[2026-06-20T09:40:01.994Z] [INFO] [SYSTEM] --- INITIATING SOVEREIGN NODE SCAN ---
[2026-06-20T09:40:04.332Z] [INFO] [SWARM] [BTC/USDT] $63643 | RSI: 78.3 | CONF: 0.00
[2026-06-20T09:40:04.332Z] [INFO] [EXECUTION] [STASIS] BTC/USDT - Confidence too low (0.00). Holding.
[2026-06-20T09:40:06.673Z] [INFO] [SWARM] [ETH/USDT] $1727.6 | RSI: 77.7 | CONF: 0.00
[2026-06-20T09:40:06.673Z] [INFO] [EXECUTION] [STASIS] ETH/USDT - Confidence too low (0.00). Holding.
[2026-06-20T09:40:16.995Z] [INFO] [SYSTEM] --- INITIATING SOVEREIGN NODE SCAN ---
[2026-06-20T09:40:19.334Z] [INFO] [SWARM] [BTC/USDT] $63638 | RSI: 76.0 | CONF: 0.30
[2026-06-20T09:40:19.334Z] [INFO] [EXECUTION] [STASIS] BTC/USDT - Confidence too low (0.30). Holding.
[2026-06-20T09:40:21.591Z] [INFO] [SWARM] [ETH/USDT] $1728.13 | RSI: 77.7 | CONF: 0.00
[2026-06-20T09:40:21.591Z] [INFO] [EXECUTION] [STASIS] ETH/USDT - Confidence too low (0.00). Holding.
[2026-06-20T09:40:31.997Z] [INFO] [SYSTEM] --- INITIATING SOVEREIGN NODE SCAN ---
[2026-06-20T09:40:34.336Z] [INFO] [SWARM] [BTC/USDT] $63640.7 | RSI: 77.2 | CONF: 0.30
[2026-06-20T09:40:34.336Z] [INFO] [EXECUTION] [STASIS] BTC/USDT - Confidence too low (0.30). Holding.
[2026-06-20T09:40:36.670Z] [INFO] [SWARM] [ETH/USDT] $1728.13 | RSI: 77.7 | CONF: 0.00
[2026-06-20T09:40:36.671Z] [INFO] [EXECUTION] [STASIS] ETH/USDT - Confidence too low (0.00). Holding.
[2026-06-20T09:40:46.997Z] [INFO] [SYSTEM] --- INITIATING SOVEREIGN NODE SCAN ---
[2026-06-20T09:40:49.338Z] [INFO] [SWARM] [BTC/USDT] $63640.7 | RSI: 77.2 | CONF: 0.30
[2026-06-20T09:40:49.339Z] [INFO] [EXECUTION] [STASIS] BTC/USDT - Confidence too low (0.30). Holding.
[2026-06-20T09:40:51.682Z] [INFO] [SWARM] [ETH/USDT] $1728.13 | RSI: 77.7 | CONF: 0.00
[2026-06-20T09:40:51.682Z] [INFO] [EXECUTION] [STASIS] ETH/USDT - Confidence too low (0.00). Holding.
[2026-06-20T09:41:01.999Z] [INFO] [SYSTEM] --- INITIATING SOVEREIGN NODE SCAN ---
[2026-06-20T09:41:04.423Z] [INFO] [SWARM] [BTC/USDT] $63662.4 | RSI: 84.0 | CONF: 0.00
[2026-06-20T09:41:04.423Z] [INFO] [EXECUTION] [STASIS] BTC/USDT - Confidence too low (0.00). Holding.
[2026-06-20T09:41:06.847Z] [INFO] [SWARM] [ETH/USDT] $1728.13 | RSI: 77.7 | CONF: 0.00
[2026-06-20T09:41:06.848Z] [INFO] [EXECUTION] [STASIS] ETH/USDT - Confidence too low (0.00). Holding.
[2026-06-20T09:41:17.000Z] [INFO] [SYSTEM] --- INITIATING SOVEREIGN NODE SCAN ---
[2026-06-20T09:41:19.337Z] [INFO] [SWARM] [BTC/USDT] $63662.4 | RSI: 84.0 | CONF: 0.00
[2026-06-20T09:41:19.337Z] [INFO] [EXECUTION] [STASIS] BTC/USDT - Confidence too low (0.00). Holding.
[2026-06-20T09:41:21.597Z] [INFO] [SWARM] [ETH/USDT] $1728.13 | RSI: 77.7 | CONF: 0.00
[2026-06-20T09:41:21.598Z] [INFO] [EXECUTION] [STASIS] ETH/USDT - Confidence too low (0.00). Holding.
[2026-06-20T09:41:32.000Z] [INFO] [SYSTEM] --- INITIATING SOVEREIGN NODE SCAN ---
[2026-06-20T09:41:34.344Z] [INFO] [SWARM] [BTC/USDT] $63662.4 | RSI: 84.0 | CONF: 0.00
[2026-06-20T09:41:34.344Z] [INFO] [EXECUTION] [STASIS] BTC/USDT - Confidence too low (0.00). Holding.
[2026-06-20T09:41:36.684Z] [INFO] [SWARM] [ETH/USDT] $1728.13 | RSI: 77.7 | CONF: 0.00
[2026-06-20T09:41:36.684Z] [INFO] [EXECUTION] [STASIS] ETH/USDT - Confidence too low (0.00). Holding.
[2026-06-20T09:41:47.001Z] [INFO] [SYSTEM] --- INITIATING SOVEREIGN NODE SCAN ---
[2026-06-20T09:41:49.347Z] [INFO] [SWARM] [BTC/USDT] $63662.4 | RSI: 84.0 | CONF: 0.00
[2026-06-20T09:41:49.348Z] [INFO] [EXECUTION] [STASIS] BTC/USDT - Confidence too low (0.00). Holding.
[2026-06-20T09:41:51.813Z] [INFO] [SWARM] [ETH/USDT] $1728.13 | RSI: 77.7 | CONF: 0.00
[2026-06-20T09:41:51.813Z] [INFO] [EXECUTION] [STASIS] ETH/USDT - Confidence too low (0.00). Holding.
[2026-06-20T09:42:02.001Z] [INFO] [SYSTEM] --- INITIATING SOVEREIGN NODE SCAN ---
[2026-06-20T09:42:04.329Z] [INFO] [SWARM] [BTC/USDT] $63662.4 | RSI: 83.6 | CONF: 0.00
[2026-06-20T09:42:04.330Z] [INFO] [EXECUTION] [STASIS] BTC/USDT - Confidence too low (0.00). Holding.
[2026-06-20T09:42:06.665Z] [INFO] [SWARM] [ETH/USDT] $1728.13 | RSI: 77.7 | CONF: 0.00
[2026-06-20T09:42:06.666Z] [INFO] [EXECUTION] [STASIS] ETH/USDT - Confidence too low (0.00). Holding.
[2026-06-20T09:42:17.001Z] [INFO] [SYSTEM] --- INITIATING SOVEREIGN NODE SCAN ---
[2026-06-20T09:42:19.350Z] [INFO] [SWARM] [BTC/USDT] $63662.4 | RSI: 83.6 | CONF: 0.00
[2026-06-20T09:42:19.350Z] [INFO] [EXECUTION] [STASIS] BTC/USDT - Confidence too low (0.00). Holding.
[2026-06-20T09:42:21.711Z] [INFO] [SWARM] [ETH/USDT] $1728.13 | RSI: 77.7 | CONF: 0.00
[2026-06-20T09:42:21.711Z] [INFO] [EXECUTION] [STASIS] ETH/USDT - Confidence too low (0.00). Holding.
[2026-06-21T12:40:17.702Z] [INFO] [SYSTEM] Autonomous Trading Engine initialized.
[2026-06-21T12:40:17.704Z] [INFO] [SYSTEM] Paper Trading mode: ENABLED
[2026-06-21T12:40:17.704Z] [INFO] [SYSTEM] Engine loop started.
[2026-06-21T12:40:17.706Z] [INFO] [SYSTEM] --- INITIATING SOVEREIGN NODE SCAN ---
[2026-06-21T12:40:21.222Z] [INFO] [SWARM] [BTC/USDT] $63997 | RSI: 36.0 | CONF: 0.00
[2026-06-21T12:40:21.222Z] [INFO] [EXECUTION] [STASIS] BTC/USDT - Confidence too low (0.00). Holding.
[2026-06-21T12:40:23.559Z] [INFO] [SWARM] [ETH/USDT] $1720.03 | RSI: 46.8 | CONF: 0.00
[2026-06-21T12:40:23.559Z] [INFO] [EXECUTION] [STASIS] ETH/USDT - Confidence too low (0.00). Holding.
[2026-06-21T12:40:32.708Z] [INFO] [SYSTEM] --- INITIATING SOVEREIGN NODE SCAN ---
[2026-06-21T12:40:35.046Z] [INFO] [SWARM] [BTC/USDT] $63997 | RSI: 36.0 | CONF: 0.00
[2026-06-21T12:40:35.046Z] [INFO] [EXECUTION] [STASIS] BTC/USDT - Confidence too low (0.00). Holding.
[2026-06-21T12:40:37.384Z] [INFO] [SWARM] [ETH/USDT] $1720.03 | RSI: 46.8 | CONF: 0.00
[2026-06-21T12:40:37.384Z] [INFO] [EXECUTION] [STASIS] ETH/USDT - Confidence too low (0.00). Holding.
[2026-06-21T12:40:47.708Z] [INFO] [SYSTEM] --- INITIATING SOVEREIGN NODE SCAN ---
[2026-06-21T12:40:50.049Z] [INFO] [SWARM] [BTC/USDT] $63997 | RSI: 36.0 | CONF: 0.00
[2026-06-21T12:40:50.049Z] [INFO] [EXECUTION] [STASIS] BTC/USDT - Confidence too low (0.00). Holding.
[2026-06-21T12:40:52.388Z] [INFO] [SWARM] [ETH/USDT] $1720.03 | RSI: 46.8 | CONF: 0.00
[2026-06-21T12:40:52.388Z] [INFO] [EXECUTION] [STASIS] ETH/USDT - Confidence too low (0.00). Holding.
[2026-06-21T12:41:02.708Z] [INFO] [SYSTEM] --- INITIATING SOVEREIGN NODE SCAN ---
[2026-06-21T12:41:05.044Z] [INFO] [SWARM] [BTC/USDT] $64006.3 | RSI: 30.5 | CONF: 0.00
[2026-06-21T12:41:05.044Z] [INFO] [EXECUTION] [STASIS] BTC/USDT - Confidence too low (0.00). Holding.
[2026-06-21T12:41:07.377Z] [INFO] [SWARM] [ETH/USDT] $1720.03 | RSI: 50.6 | CONF: 0.40
[2026-06-21T12:41:07.378Z] [INFO] [EXECUTION] [STASIS] ETH/USDT - Confidence too low (0.40). Holding.
[2026-06-21T12:41:17.709Z] [INFO] [SYSTEM] --- INITIATING SOVEREIGN NODE SCAN ---
[2026-06-21T12:41:20.044Z] [INFO] [SWARM] [BTC/USDT] $64020.6 | RSI: 41.6 | CONF: 0.30
[2026-06-21T12:41:20.044Z] [INFO] [EXECUTION] [STASIS] BTC/USDT - Confidence too low (0.30). Holding.
[2026-06-21T12:41:22.379Z] [INFO] [SWARM] [ETH/USDT] $1720.03 | RSI: 50.6 | CONF: 0.40
[2026-06-21T12:41:22.379Z] [INFO] [EXECUTION] [STASIS] ETH/USDT - Confidence too low (0.40). Holding.
[2026-06-21T12:41:32.709Z] [INFO] [SYSTEM] --- INITIATING SOVEREIGN NODE SCAN ---
[2026-06-21T12:41:35.045Z] [INFO] [SWARM] [BTC/USDT] $64020.6 | RSI: 41.6 | CONF: 0.30
[2026-06-21T12:41:35.045Z] [INFO] [EXECUTION] [STASIS] BTC/USDT - Confidence too low (0.30). Holding.
[2026-06-21T12:41:41.997Z] [INFO] [SYSTEM] Autonomous Trading Engine initialized.
[2026-06-21T12:41:41.999Z] [INFO] [SYSTEM] Paper Trading mode: ENABLED
[2026-06-21T12:41:41.999Z] [INFO] [SYSTEM] Engine loop started.
[2026-06-21T12:41:41.999Z] [INFO] [SYSTEM] --- INITIATING SOVEREIGN NODE SCAN ---
[2026-06-21T12:41:45.774Z] [INFO] [SWARM] [BTC/USDT] $64020.6 | RSI: 41.6 | CONF: 0.30
[2026-06-21T12:41:45.774Z] [INFO] [EXECUTION] [STASIS] BTC/USDT - Confidence too low (0.30). Holding.
[2026-06-21T12:41:48.146Z] [INFO] [SWARM] [ETH/USDT] $1720.03 | RSI: 50.6 | CONF: 0.40
[2026-06-21T12:41:48.146Z] [INFO] [EXECUTION] [STASIS] ETH/USDT - Confidence too low (0.40). Holding.
[2026-06-21T12:41:57.002Z] [INFO] [SYSTEM] --- INITIATING SOVEREIGN NODE SCAN ---
[2026-06-21T12:41:59.320Z] [INFO] [SWARM] [BTC/USDT] $64020.6 | RSI: 41.6 | CONF: 0.30
[2026-06-21T12:41:59.320Z] [INFO] [EXECUTION] [STASIS] BTC/USDT - Confidence too low (0.30). Holding.
[2026-06-21T12:42:01.577Z] [INFO] [SWARM] [ETH/USDT] $1720.03 | RSI: 50.6 | CONF: 0.40
[2026-06-21T12:42:01.577Z] [INFO] [EXECUTION] [STASIS] ETH/USDT - Confidence too low (0.40). Holding.
[2026-06-21T12:42:12.003Z] [INFO] [SYSTEM] --- INITIATING SOVEREIGN NODE SCAN ---
[2026-06-21T12:42:14.345Z] [INFO] [SWARM] [BTC/USDT] $64020.6 | RSI: 50.4 | CONF: 0.40
[2026-06-21T12:42:14.345Z] [INFO] [EXECUTION] [STASIS] BTC/USDT - Confidence too low (0.40). Holding.
[2026-06-21T12:42:16.689Z] [INFO] [SWARM] [ETH/USDT] $1720.03 | RSI: 50.6 | CONF: 0.40
[2026-06-21T12:42:16.689Z] [INFO] [EXECUTION] [STASIS] ETH/USDT - Confidence too low (0.40). Holding.
[2026-06-21T12:42:27.003Z] [INFO] [SYSTEM] --- INITIATING SOVEREIGN NODE SCAN ---
[2026-06-21T12:42:29.342Z] [INFO] [SWARM] [BTC/USDT] $64020.6 | RSI: 50.4 | CONF: 0.40
[2026-06-21T12:42:29.342Z] [INFO] [EXECUTION] [STASIS] BTC/USDT - Confidence too low (0.40). Holding.
[2026-06-21T12:42:31.702Z] [INFO] [SWARM] [ETH/USDT] $1720.88 | RSI: 54.7 | CONF: 0.70
[2026-06-21T12:42:31.702Z] [TRADE] [EXECUTION] [PAPER TRADE] BUY 0.145275 ETH/USDT @ $1720.88
[2026-06-21T12:42:42.004Z] [INFO] [SYSTEM] --- INITIATING SOVEREIGN NODE SCAN ---
[2026-06-21T12:42:44.342Z] [INFO] [SWARM] [BTC/USDT] $64020.6 | RSI: 50.4 | CONF: 0.40
[2026-06-21T12:42:44.342Z] [INFO] [EXECUTION] [STASIS] BTC/USDT - Confidence too low (0.40). Holding.
[2026-06-21T12:42:46.779Z] [INFO] [SWARM] [ETH/USDT] $1720.88 | RSI: 54.7 | CONF: 0.70
[2026-06-21T12:42:46.779Z] [TRADE] [EXECUTION] [PAPER TRADE] BUY 0.145275 ETH/USDT @ $1720.88
[2026-06-22T07:35:31.579Z] [INFO] [SYSTEM] Autonomous Trading Engine initialized.
[2026-06-22T07:35:31.581Z] [INFO] [SYSTEM] Paper Trading mode: ENABLED
[2026-06-22T07:35:31.581Z] [INFO] [SYSTEM] Engine loop started.
[2026-06-22T07:35:31.582Z] [INFO] [SYSTEM] --- INITIATING SOVEREIGN NODE SCAN ---
[2026-06-22T07:35:35.218Z] [INFO] [SWARM] [BTC/USDT] $64290.3 | RSI: 54.7 | CONF: 0.40
[2026-06-22T07:35:35.218Z] [INFO] [EXECUTION] [STASIS] BTC/USDT - Confidence too low (0.40). Holding.
[2026-06-22T07:35:37.579Z] [INFO] [SWARM] [ETH/USDT] $1748.58 | RSI: 85.6 | CONF: 0.00
[2026-06-22T07:35:37.579Z] [INFO] [EXECUTION] [STASIS] ETH/USDT - Confidence too low (0.00). Holding.
[2026-06-22T07:35:46.584Z] [INFO] [SYSTEM] --- INITIATING SOVEREIGN NODE SCAN ---
[2026-06-22T07:35:48.858Z] [INFO] [SWARM] [BTC/USDT] $64290.3 | RSI: 54.7 | CONF: 0.40
[2026-06-22T07:35:48.858Z] [INFO] [EXECUTION] [STASIS] BTC/USDT - Confidence too low (0.40). Holding.
[2026-06-22T07:35:51.214Z] [INFO] [SWARM] [ETH/USDT] $1748.58 | RSI: 85.6 | CONF: 0.00
[2026-06-22T07:35:51.215Z] [INFO] [EXECUTION] [STASIS] ETH/USDT - Confidence too low (0.00). Holding.
[2026-06-22T07:36:01.583Z] [INFO] [SYSTEM] --- INITIATING SOVEREIGN NODE SCAN ---
[2026-06-22T07:36:03.943Z] [INFO] [SWARM] [BTC/USDT] $64290.3 | RSI: 46.7 | CONF: 0.00
[2026-06-22T07:36:03.943Z] [INFO] [EXECUTION] [STASIS] BTC/USDT - Confidence too low (0.00). Holding.
[2026-06-22T07:36:06.293Z] [INFO] [SWARM] [ETH/USDT] $1748.58 | RSI: 85.6 | CONF: 0.00
[2026-06-22T07:36:06.293Z] [INFO] [EXECUTION] [STASIS] ETH/USDT - Confidence too low (0.00). Holding.
[2026-06-22T07:36:16.584Z] [INFO] [SYSTEM] --- INITIATING SOVEREIGN NODE SCAN ---
[2026-06-22T07:36:18.936Z] [INFO] [SWARM] [BTC/USDT] $64290.3 | RSI: 46.7 | CONF: 0.00
[2026-06-22T07:36:18.936Z] [INFO] [EXECUTION] [STASIS] BTC/USDT - Confidence too low (0.00). Holding.
[2026-06-22T07:36:21.290Z] [INFO] [SWARM] [ETH/USDT] $1748.58 | RSI: 85.6 | CONF: 0.00
[2026-06-22T07:36:21.290Z] [INFO] [EXECUTION] [STASIS] ETH/USDT - Confidence too low (0.00). Holding.
[2026-06-22T07:36:31.584Z] [INFO] [SYSTEM] --- INITIATING SOVEREIGN NODE SCAN ---
[2026-06-22T07:36:34.021Z] [INFO] [SWARM] [BTC/USDT] $64290.3 | RSI: 46.7 | CONF: 0.00
[2026-06-22T07:36:34.021Z] [INFO] [EXECUTION] [STASIS] BTC/USDT - Confidence too low (0.00). Holding.
[2026-06-22T07:36:36.384Z] [INFO] [SWARM] [ETH/USDT] $1748.58 | RSI: 85.6 | CONF: 0.00
[2026-06-22T07:36:36.384Z] [INFO] [EXECUTION] [STASIS] ETH/USDT - Confidence too low (0.00). Holding.
[2026-06-25T08:49:00.471Z] [INFO] [SYSTEM] Autonomous Trading Engine initialized.
[2026-06-25T08:49:00.475Z] [INFO] [SYSTEM] Paper Trading mode: ENABLED
[2026-06-25T08:49:00.475Z] [INFO] [SYSTEM] Engine loop started.
[2026-06-25T08:49:00.475Z] [INFO] [SYSTEM] --- INITIATING SOVEREIGN NODE SCAN ---
[2026-06-25T08:49:03.956Z] [INFO] [SWARM] [BTC/USDT] $61753.8 | RSI: 69.2 | CONF: 0.40
[2026-06-25T08:49:03.957Z] [INFO] [EXECUTION] [STASIS] BTC/USDT - Confidence too low (0.40). Holding.
[2026-06-25T08:49:06.311Z] [INFO] [SWARM] [ETH/USDT] $1653.35 | RSI: 62.1 | CONF: 0.70
[2026-06-25T08:49:06.312Z] [TRADE] [EXECUTION] [PAPER TRADE] BUY 0.151208 ETH/USDT @ $1653.35
[2026-06-25T08:49:15.477Z] [INFO] [SYSTEM] --- INITIATING SOVEREIGN NODE SCAN ---
[2026-06-25T08:49:17.822Z] [INFO] [SWARM] [BTC/USDT] $61753.8 | RSI: 69.2 | CONF: 0.40
[2026-06-25T08:49:17.822Z] [INFO] [EXECUTION] [STASIS] BTC/USDT - Confidence too low (0.40). Holding.
[2026-06-25T08:49:20.172Z] [INFO] [SWARM] [ETH/USDT] $1653.51 | RSI: 62.1 | CONF: 0.70
[2026-06-25T08:49:20.172Z] [TRADE] [EXECUTION] [PAPER TRADE] BUY 0.151194 ETH/USDT @ $1653.51
[2026-06-25T08:49:30.478Z] [INFO] [SYSTEM] --- INITIATING SOVEREIGN NODE SCAN ---
[2026-06-25T08:49:32.744Z] [INFO] [SWARM] [BTC/USDT] $61753.8 | RSI: 69.2 | CONF: 0.40
[2026-06-25T08:49:32.744Z] [INFO] [EXECUTION] [STASIS] BTC/USDT - Confidence too low (0.40). Holding.
[2026-06-25T08:49:35.084Z] [INFO] [SWARM] [ETH/USDT] $1653.51 | RSI: 62.1 | CONF: 0.70
[2026-06-25T08:49:35.084Z] [TRADE] [EXECUTION] [PAPER TRADE] BUY 0.151194 ETH/USDT @ $1653.51
[2026-06-25T08:49:45.478Z] [INFO] [SYSTEM] --- INITIATING SOVEREIGN NODE SCAN ---
[2026-06-25T08:49:47.829Z] [INFO] [SWARM] [BTC/USDT] $61753.8 | RSI: 69.2 | CONF: 0.40
[2026-06-25T08:49:47.830Z] [INFO] [EXECUTION] [STASIS] BTC/USDT - Confidence too low (0.40). Holding.
[2026-06-25T08:49:50.170Z] [INFO] [SWARM] [ETH/USDT] $1653.51 | RSI: 62.1 | CONF: 0.70
[2026-06-25T08:49:50.170Z] [TRADE] [EXECUTION] [PAPER TRADE] BUY 0.151194 ETH/USDT @ $1653.51
[2026-06-25T08:50:00.479Z] [INFO] [SYSTEM] --- INITIATING SOVEREIGN NODE SCAN ---
[2026-06-25T08:50:02.819Z] [INFO] [SWARM] [BTC/USDT] $61753.8 | RSI: 94.3 | CONF: 0.00
[2026-06-25T08:50:02.820Z] [INFO] [EXECUTION] [STASIS] BTC/USDT - Confidence too low (0.00). Holding.
[2026-06-25T08:50:05.159Z] [INFO] [SWARM] [ETH/USDT] $1653.51 | RSI: 59.8 | CONF: 0.40
[2026-06-25T08:50:05.159Z] [INFO] [EXECUTION] [STASIS] ETH/USDT - Confidence too low (0.40). Holding.
[2026-06-25T08:50:15.480Z] [INFO] [SYSTEM] --- INITIATING SOVEREIGN NODE SCAN ---
[2026-06-25T08:50:17.824Z] [INFO] [SWARM] [BTC/USDT] $61753.8 | RSI: 94.3 | CONF: 0.00
[2026-06-25T08:50:17.825Z] [INFO] [EXECUTION] [STASIS] BTC/USDT - Confidence too low (0.00). Holding.
[2026-06-25T08:50:20.164Z] [INFO] [SWARM] [ETH/USDT] $1653.51 | RSI: 59.8 | CONF: 0.40
[2026-06-25T08:50:20.165Z] [INFO] [EXECUTION] [STASIS] ETH/USDT - Confidence too low (0.40). Holding.
[2026-06-25T08:50:30.481Z] [INFO] [SYSTEM] --- INITIATING SOVEREIGN NODE SCAN ---
[2026-06-25T08:50:32.754Z] [INFO] [SWARM] [BTC/USDT] $61753.8 | RSI: 94.3 | CONF: 0.00
[2026-06-25T08:50:32.754Z] [INFO] [EXECUTION] [STASIS] BTC/USDT - Confidence too low (0.00). Holding.
[2026-06-25T08:50:35.178Z] [INFO] [SWARM] [ETH/USDT] $1653.51 | RSI: 59.8 | CONF: 0.40
[2026-06-25T08:50:35.178Z] [INFO] [EXECUTION] [STASIS] ETH/USDT - Confidence too low (0.40). Holding.
[2026-06-25T08:50:45.481Z] [INFO] [SYSTEM] --- INITIATING SOVEREIGN NODE SCAN ---
[2026-06-25T08:50:47.820Z] [INFO] [SWARM] [BTC/USDT] $61753.8 | RSI: 94.3 | CONF: 0.00
[2026-06-25T08:50:47.820Z] [INFO] [EXECUTION] [STASIS] BTC/USDT - Confidence too low (0.00). Holding.
[2026-06-25T08:50:50.160Z] [INFO] [SWARM] [ETH/USDT] $1653.51 | RSI: 59.8 | CONF: 0.40
[2026-06-25T08:50:50.160Z] [INFO] [EXECUTION] [STASIS] ETH/USDT - Confidence too low (0.40). Holding.
[2026-06-25T08:51:00.482Z] [INFO] [SYSTEM] --- INITIATING SOVEREIGN NODE SCAN ---
[2026-06-25T08:51:02.829Z] [INFO] [SWARM] [BTC/USDT] $61753.8 | RSI: 100.0 | CONF: 0.00
[2026-06-25T08:51:02.829Z] [INFO] [EXECUTION] [STASIS] BTC/USDT - Confidence too low (0.00). Holding.
[2026-06-25T08:51:05.180Z] [INFO] [SWARM] [ETH/USDT] $1653.51 | RSI: 53.6 | CONF: 0.40
[2026-06-25T08:51:05.180Z] [INFO] [EXECUTION] [STASIS] ETH/USDT - Confidence too low (0.40). Holding.
[2026-06-25T08:51:15.483Z] [INFO] [SYSTEM] --- INITIATING SOVEREIGN NODE SCAN ---
[2026-06-25T08:51:17.820Z] [INFO] [SWARM] [BTC/USDT] $61753.8 | RSI: 100.0 | CONF: 0.00
[2026-06-25T08:51:17.820Z] [INFO] [EXECUTION] [STASIS] BTC/USDT - Confidence too low (0.00). Holding.
[2026-06-25T08:51:20.252Z] [INFO] [SWARM] [ETH/USDT] $1653.51 | RSI: 53.6 | CONF: 0.40
[2026-06-25T08:51:20.253Z] [INFO] [EXECUTION] [STASIS] ETH/USDT - Confidence too low (0.40). Holding.
[2026-06-25T08:51:30.484Z] [INFO] [SYSTEM] --- INITIATING SOVEREIGN NODE SCAN ---
[2026-06-25T08:51:32.775Z] [INFO] [SWARM] [BTC/USDT] $61753.8 | RSI: 100.0 | CONF: 0.00
[2026-06-25T08:51:32.775Z] [INFO] [EXECUTION] [STASIS] BTC/USDT - Confidence too low (0.00). Holding.
[2026-06-25T08:51:35.115Z] [INFO] [SWARM] [ETH/USDT] $1653.51 | RSI: 53.6 | CONF: 0.40
[2026-06-25T08:51:35.116Z] [INFO] [EXECUTION] [STASIS] ETH/USDT - Confidence too low (0.40). Holding.
[2026-06-25T08:51:45.485Z] [INFO] [SYSTEM] --- INITIATING SOVEREIGN NODE SCAN ---
[2026-06-25T08:51:47.824Z] [INFO] [SWARM] [BTC/USDT] $61753.8 | RSI: 100.0 | CONF: 0.00
[2026-06-25T08:51:47.824Z] [INFO] [EXECUTION] [STASIS] BTC/USDT - Confidence too low (0.00). Holding.
[2026-06-25T08:51:50.172Z] [INFO] [SWARM] [ETH/USDT] $1653.51 | RSI: 53.6 | CONF: 0.40
[2026-06-25T08:51:50.172Z] [INFO] [EXECUTION] [STASIS] ETH/USDT - Confidence too low (0.40). Holding.
[2026-06-25T08:52:00.485Z] [INFO] [SYSTEM] --- INITIATING SOVEREIGN NODE SCAN ---
[2026-06-25T08:52:02.789Z] [INFO] [SWARM] [BTC/USDT] $61753.8 | RSI: 100.0 | CONF: 0.00
[2026-06-25T08:52:02.789Z] [INFO] [EXECUTION] [STASIS] BTC/USDT - Confidence too low (0.00). Holding.
[2026-06-25T08:52:05.277Z] [INFO] [SWARM] [ETH/USDT] $1653.51 | RSI: 53.6 | CONF: 0.40
[2026-06-25T08:52:05.277Z] [INFO] [EXECUTION] [STASIS] ETH/USDT - Confidence too low (0.40). Holding.
[2026-06-25T08:52:15.486Z] [INFO] [SYSTEM] --- INITIATING SOVEREIGN NODE SCAN ---
[2026-06-25T08:52:17.829Z] [INFO] [SWARM] [BTC/USDT] $61753.8 | RSI: 100.0 | CONF: 0.00
[2026-06-25T08:52:17.829Z] [INFO] [EXECUTION] [STASIS] BTC/USDT - Confidence too low (0.00). Holding.
[2026-06-25T08:52:20.379Z] [INFO] [SWARM] [ETH/USDT] $1653.51 | RSI: 53.6 | CONF: 0.40
[2026-06-25T08:52:20.379Z] [INFO] [EXECUTION] [STASIS] ETH/USDT - Confidence too low (0.40). Holding.
[2026-06-25T08:52:30.487Z] [INFO] [SYSTEM] --- INITIATING SOVEREIGN NODE SCAN ---
[2026-06-25T08:52:32.824Z] [INFO] [SWARM] [BTC/USDT] $61753.8 | RSI: 100.0 | CONF: 0.00
[2026-06-25T08:52:32.825Z] [INFO] [EXECUTION] [STASIS] BTC/USDT - Confidence too low (0.00). Holding.
[2026-06-25T08:52:35.161Z] [INFO] [SWARM] [ETH/USDT] $1653.51 | RSI: 53.6 | CONF: 0.40
[2026-06-25T08:52:35.161Z] [INFO] [EXECUTION] [STASIS] ETH/USDT - Confidence too low (0.40). Holding.
[2026-06-25T08:52:45.487Z] [INFO] [SYSTEM] --- INITIATING SOVEREIGN NODE SCAN ---
[2026-06-25T08:52:47.830Z] [INFO] [SWARM] [BTC/USDT] $61753.8 | RSI: 100.0 | CONF: 0.00
[2026-06-25T08:52:47.830Z] [INFO] [EXECUTION] [STASIS] BTC/USDT - Confidence too low (0.00). Holding.
[2026-06-25T08:52:50.245Z] [INFO] [SWARM] [ETH/USDT] $1653.51 | RSI: 53.6 | CONF: 0.40
[2026-06-25T08:52:50.246Z] [INFO] [EXECUTION] [STASIS] ETH/USDT - Confidence too low (0.40). Holding.
[2026-06-25T08:53:00.488Z] [INFO] [SYSTEM] --- INITIATING SOVEREIGN NODE SCAN ---
[2026-06-25T08:53:02.826Z] [INFO] [SWARM] [BTC/USDT] $61753.8 | RSI: 100.0 | CONF: 0.00
[2026-06-25T08:53:02.826Z] [INFO] [EXECUTION] [STASIS] BTC/USDT - Confidence too low (0.00). Holding.
[2026-06-25T08:53:05.167Z] [INFO] [SWARM] [ETH/USDT] $1653.51 | RSI: 64.9 | CONF: 0.40
[2026-06-25T08:53:05.168Z] [INFO] [EXECUTION] [STASIS] ETH/USDT - Confidence too low (0.40). Holding.
[2026-06-25T08:53:15.488Z] [INFO] [SYSTEM] --- INITIATING SOVEREIGN NODE SCAN ---
[2026-06-25T08:53:17.821Z] [INFO] [SWARM] [BTC/USDT] $61753.8 | RSI: 100.0 | CONF: 0.00
[2026-06-25T08:53:17.821Z] [INFO] [EXECUTION] [STASIS] BTC/USDT - Confidence too low (0.00). Holding.
[2026-06-25T08:53:20.165Z] [INFO] [SWARM] [ETH/USDT] $1653.51 | RSI: 64.9 | CONF: 0.40
[2026-06-25T08:53:20.165Z] [INFO] [EXECUTION] [STASIS] ETH/USDT - Confidence too low (0.40). Holding.
[2026-06-25T08:53:30.488Z] [INFO] [SYSTEM] --- INITIATING SOVEREIGN NODE SCAN ---
[2026-06-25T08:53:32.837Z] [INFO] [SWARM] [BTC/USDT] $61753.8 | RSI: 100.0 | CONF: 0.00
[2026-06-25T08:53:32.837Z] [INFO] [EXECUTION] [STASIS] BTC/USDT - Confidence too low (0.00). Holding.
[2026-06-25T08:53:35.176Z] [INFO] [SWARM] [ETH/USDT] $1653.51 | RSI: 64.9 | CONF: 0.40
[2026-06-25T08:53:35.177Z] [INFO] [EXECUTION] [STASIS] ETH/USDT - Confidence too low (0.40). Holding.
[2026-06-25T08:53:45.488Z] [INFO] [SYSTEM] --- INITIATING SOVEREIGN NODE SCAN ---
[2026-06-25T08:53:47.827Z] [INFO] [SWARM] [BTC/USDT] $61753.8 | RSI: 100.0 | CONF: 0.00
[2026-06-25T08:53:47.828Z] [INFO] [EXECUTION] [STASIS] BTC/USDT - Confidence too low (0.00). Holding.
[2026-06-25T08:53:50.246Z] [INFO] [SWARM] [ETH/USDT] $1653.51 | RSI: 64.9 | CONF: 0.40
[2026-06-25T08:53:50.246Z] [INFO] [EXECUTION] [STASIS] ETH/USDT - Confidence too low (0.40). Holding.
[2026-06-25T08:54:00.489Z] [INFO] [SYSTEM] --- INITIATING SOVEREIGN NODE SCAN ---
[2026-06-25T08:54:02.826Z] [INFO] [SWARM] [BTC/USDT] $61753.8 | RSI: 100.0 | CONF: 0.00
[2026-06-25T08:54:02.826Z] [INFO] [EXECUTION] [STASIS] BTC/USDT - Confidence too low (0.00). Holding.
[2026-06-25T08:54:05.164Z] [INFO] [SWARM] [ETH/USDT] $1653.51 | RSI: 64.9 | CONF: 0.40
[2026-06-25T08:54:05.164Z] [INFO] [EXECUTION] [STASIS] ETH/USDT - Confidence too low (0.40). Holding.
[2026-06-25T08:54:15.489Z] [INFO] [SYSTEM] --- INITIATING SOVEREIGN NODE SCAN ---
[2026-06-25T08:54:17.827Z] [INFO] [SWARM] [BTC/USDT] $61753.8 | RSI: 100.0 | CONF: 0.00
[2026-06-25T08:54:17.827Z] [INFO] [EXECUTION] [STASIS] BTC/USDT - Confidence too low (0.00). Holding.
[2026-06-25T08:54:20.163Z] [INFO] [SWARM] [ETH/USDT] $1653.51 | RSI: 64.9 | CONF: 0.40
[2026-06-25T08:54:20.163Z] [INFO] [EXECUTION] [STASIS] ETH/USDT - Confidence too low (0.40). Holding.
[2026-06-25T08:54:30.490Z] [INFO] [SYSTEM] --- INITIATING SOVEREIGN NODE SCAN ---
[2026-06-25T08:54:32.840Z] [INFO] [SWARM] [BTC/USDT] $61753.8 | RSI: 100.0 | CONF: 0.00
[2026-06-25T08:54:32.841Z] [INFO] [EXECUTION] [STASIS] BTC/USDT - Confidence too low (0.00). Holding.
[2026-06-25T08:54:35.193Z] [INFO] [SWARM] [ETH/USDT] $1653.51 | RSI: 64.9 | CONF: 0.40
[2026-06-25T08:54:35.193Z] [INFO] [EXECUTION] [STASIS] ETH/USDT - Confidence too low (0.40). Holding.
[2026-06-25T08:54:45.490Z] [INFO] [SYSTEM] --- INITIATING SOVEREIGN NODE SCAN ---
[2026-06-25T08:54:47.836Z] [INFO] [SWARM] [BTC/USDT] $61766.3 | RSI: 100.0 | CONF: 0.30
[2026-06-25T08:54:47.836Z] [INFO] [EXECUTION] [STASIS] BTC/USDT - Confidence too low (0.30). Holding.
[2026-06-25T08:54:50.189Z] [INFO] [SWARM] [ETH/USDT] $1653.51 | RSI: 64.9 | CONF: 0.40
[2026-06-25T08:54:50.190Z] [INFO] [EXECUTION] [STASIS] ETH/USDT - Confidence too low (0.40). Holding.
[2026-06-25T08:55:00.490Z] [INFO] [SYSTEM] --- INITIATING SOVEREIGN NODE SCAN ---
[2026-06-25T08:55:02.907Z] [INFO] [SWARM] [BTC/USDT] $61766.3 | RSI: 100.0 | CONF: 0.00
[2026-06-25T08:55:02.907Z] [INFO] [EXECUTION] [STASIS] BTC/USDT - Confidence too low (0.00). Holding.
[2026-06-25T08:55:05.251Z] [INFO] [SWARM] [ETH/USDT] $1653.51 | RSI: 82.9 | CONF: 0.00
[2026-06-25T08:55:05.251Z] [INFO] [EXECUTION] [STASIS] ETH/USDT - Confidence too low (0.00). Holding.
[2026-06-25T08:55:15.491Z] [INFO] [SYSTEM] --- INITIATING SOVEREIGN NODE SCAN ---
[2026-06-25T08:55:17.829Z] [INFO] [SWARM] [BTC/USDT] $61766.3 | RSI: 100.0 | CONF: 0.00
[2026-06-25T08:55:17.829Z] [INFO] [EXECUTION] [STASIS] BTC/USDT - Confidence too low (0.00). Holding.
[2026-06-25T08:55:20.250Z] [INFO] [SWARM] [ETH/USDT] $1653.51 | RSI: 82.9 | CONF: 0.00
[2026-06-25T08:55:20.251Z] [INFO] [EXECUTION] [STASIS] ETH/USDT - Confidence too low (0.00). Holding.
[2026-06-25T08:55:30.492Z] [INFO] [SYSTEM] --- INITIATING SOVEREIGN NODE SCAN ---
[2026-06-25T08:55:32.833Z] [INFO] [SWARM] [BTC/USDT] $61766.3 | RSI: 100.0 | CONF: 0.00
[2026-06-25T08:55:32.833Z] [INFO] [EXECUTION] [STASIS] BTC/USDT - Confidence too low (0.00). Holding.
[2026-06-25T08:55:35.175Z] [INFO] [SWARM] [ETH/USDT] $1653.51 | RSI: 82.9 | CONF: 0.00
[2026-06-25T08:55:35.175Z] [INFO] [EXECUTION] [STASIS] ETH/USDT - Confidence too low (0.00). Holding.
[2026-06-25T08:55:45.493Z] [INFO] [SYSTEM] --- INITIATING SOVEREIGN NODE SCAN ---
[2026-06-25T08:55:47.750Z] [INFO] [SWARM] [BTC/USDT] $61766.3 | RSI: 100.0 | CONF: 0.00
[2026-06-25T08:55:47.750Z] [INFO] [EXECUTION] [STASIS] BTC/USDT - Confidence too low (0.00). Holding.
[2026-06-25T08:55:50.095Z] [INFO] [SWARM] [ETH/USDT] $1653.51 | RSI: 82.9 | CONF: 0.00
[2026-06-25T08:55:50.095Z] [INFO] [EXECUTION] [STASIS] ETH/USDT - Confidence too low (0.00). Holding.
[2026-06-25T08:56:00.494Z] [INFO] [SYSTEM] --- INITIATING SOVEREIGN NODE SCAN ---
[2026-06-25T08:56:02.830Z] [INFO] [SWARM] [BTC/USDT] $61766.3 | RSI: 100.0 | CONF: 0.00
[2026-06-25T08:56:02.831Z] [INFO] [EXECUTION] [STASIS] BTC/USDT - Confidence too low (0.00). Holding.
[2026-06-25T08:56:05.165Z] [INFO] [SWARM] [ETH/USDT] $1653.51 | RSI: 82.9 | CONF: 0.00
[2026-06-25T08:56:05.165Z] [INFO] [EXECUTION] [STASIS] ETH/USDT - Confidence too low (0.00). Holding.
[2026-06-25T08:56:15.495Z] [INFO] [SYSTEM] --- INITIATING SOVEREIGN NODE SCAN ---
[2026-06-25T08:56:17.838Z] [INFO] [SWARM] [BTC/USDT] $61766.3 | RSI: 100.0 | CONF: 0.00
[2026-06-25T08:56:17.839Z] [INFO] [EXECUTION] [STASIS] BTC/USDT - Confidence too low (0.00). Holding.
[2026-06-25T08:56:20.183Z] [INFO] [SWARM] [ETH/USDT] $1653.51 | RSI: 82.9 | CONF: 0.00
[2026-06-25T08:56:20.183Z] [INFO] [EXECUTION] [STASIS] ETH/USDT - Confidence too low (0.00). Holding.
[2026-06-25T08:56:30.495Z] [INFO] [SYSTEM] --- INITIATING SOVEREIGN NODE SCAN ---
[2026-06-25T08:56:32.836Z] [INFO] [SWARM] [BTC/USDT] $61766.3 | RSI: 100.0 | CONF: 0.00
[2026-06-25T08:56:32.836Z] [INFO] [EXECUTION] [STASIS] BTC/USDT - Confidence too low (0.00). Holding.
[2026-06-25T08:56:35.176Z] [INFO] [SWARM] [ETH/USDT] $1653.51 | RSI: 82.9 | CONF: 0.00
[2026-06-25T08:56:35.176Z] [INFO] [EXECUTION] [STASIS] ETH/USDT - Confidence too low (0.00). Holding.
[2026-06-25T08:56:45.497Z] [INFO] [SYSTEM] --- INITIATING SOVEREIGN NODE SCAN ---
[2026-06-25T08:56:47.833Z] [INFO] [SWARM] [BTC/USDT] $61749.1 | RSI: 65.9 | CONF: 0.70
[2026-06-25T08:56:47.833Z] [TRADE] [EXECUTION] [PAPER TRADE] BUY 0.004049 BTC/USDT @ $61749.1
[2026-06-25T08:56:50.248Z] [INFO] [SWARM] [ETH/USDT] $1653.51 | RSI: 82.9 | CONF: 0.00
[2026-06-25T08:56:50.248Z] [INFO] [EXECUTION] [STASIS] ETH/USDT - Confidence too low (0.00). Holding.
[2026-06-25T08:57:00.498Z] [INFO] [SYSTEM] --- INITIATING SOVEREIGN NODE SCAN ---
[2026-06-25T08:57:02.758Z] [INFO] [SWARM] [BTC/USDT] $61749.1 | RSI: 65.9 | CONF: 0.40
[2026-06-25T08:57:02.758Z] [INFO] [EXECUTION] [STASIS] BTC/USDT - Confidence too low (0.40). Holding.
[2026-06-25T08:57:05.108Z] [INFO] [SWARM] [ETH/USDT] $1653.51 | RSI: 82.9 | CONF: 0.00
[2026-06-25T08:57:05.108Z] [INFO] [EXECUTION] [STASIS] ETH/USDT - Confidence too low (0.00). Holding.
[2026-06-25T08:57:15.498Z] [INFO] [SYSTEM] --- INITIATING SOVEREIGN NODE SCAN ---
[2026-06-25T08:57:17.834Z] [INFO] [SWARM] [BTC/USDT] $61749.1 | RSI: 65.9 | CONF: 0.40
[2026-06-25T08:57:17.834Z] [INFO] [EXECUTION] [STASIS] BTC/USDT - Confidence too low (0.40). Holding.
[2026-06-25T08:57:20.175Z] [INFO] [SWARM] [ETH/USDT] $1653.51 | RSI: 82.9 | CONF: 0.00
[2026-06-25T08:57:20.175Z] [INFO] [EXECUTION] [STASIS] ETH/USDT - Confidence too low (0.00). Holding.
[2026-06-25T08:57:30.499Z] [INFO] [SYSTEM] --- INITIATING SOVEREIGN NODE SCAN ---
[2026-06-25T08:57:32.839Z] [INFO] [SWARM] [BTC/USDT] $61749.1 | RSI: 65.9 | CONF: 0.40
[2026-06-25T08:57:32.839Z] [INFO] [EXECUTION] [STASIS] BTC/USDT - Confidence too low (0.40). Holding.
[2026-06-25T08:57:35.202Z] [INFO] [SWARM] [ETH/USDT] $1653.51 | RSI: 82.9 | CONF: 0.00
[2026-06-25T08:57:35.202Z] [INFO] [EXECUTION] [STASIS] ETH/USDT - Confidence too low (0.00). Holding.
[2026-06-25T08:57:45.499Z] [INFO] [SYSTEM] --- INITIATING SOVEREIGN NODE SCAN ---
[2026-06-25T08:57:47.835Z] [INFO] [SWARM] [BTC/USDT] $61738.8 | RSI: 54.8 | CONF: 0.00
[2026-06-25T08:57:47.835Z] [INFO] [EXECUTION] [STASIS] BTC/USDT - Confidence too low (0.00). Holding.
[2026-06-25T08:57:50.171Z] [INFO] [SWARM] [ETH/USDT] $1653.51 | RSI: 82.9 | CONF: 0.00
[2026-06-25T08:57:50.171Z] [INFO] [EXECUTION] [STASIS] ETH/USDT - Confidence too low (0.00). Holding.
[2026-06-25T08:58:00.500Z] [INFO] [SYSTEM] --- INITIATING SOVEREIGN NODE SCAN ---
[2026-06-25T08:58:02.845Z] [INFO] [SWARM] [BTC/USDT] $61738.8 | RSI: 54.8 | CONF: 0.00
[2026-06-25T08:58:02.846Z] [INFO] [EXECUTION] [STASIS] BTC/USDT - Confidence too low (0.00). Holding.
[2026-06-25T08:58:05.189Z] [INFO] [SWARM] [ETH/USDT] $1651.48 | RSI: 48.1 | CONF: 0.00
[2026-06-25T08:58:05.189Z] [INFO] [EXECUTION] [STASIS] ETH/USDT - Confidence too low (0.00). Holding.
[2026-06-25T08:58:15.501Z] [INFO] [SYSTEM] --- INITIATING SOVEREIGN NODE SCAN ---
[2026-06-25T08:58:17.840Z] [INFO] [SWARM] [BTC/USDT] $61738.8 | RSI: 54.8 | CONF: 0.00
[2026-06-25T08:58:17.841Z] [INFO] [EXECUTION] [STASIS] BTC/USDT - Confidence too low (0.00). Holding.
[2026-06-25T08:58:20.266Z] [INFO] [SWARM] [ETH/USDT] $1651.48 | RSI: 48.1 | CONF: 0.00
[2026-06-25T08:58:20.266Z] [INFO] [EXECUTION] [STASIS] ETH/USDT - Confidence too low (0.00). Holding.
[2026-06-25T08:58:30.501Z] [INFO] [SYSTEM] --- INITIATING SOVEREIGN NODE SCAN ---
[2026-06-25T08:58:32.839Z] [INFO] [SWARM] [BTC/USDT] $61738.8 | RSI: 54.8 | CONF: 0.00
[2026-06-25T08:58:32.839Z] [INFO] [EXECUTION] [STASIS] BTC/USDT - Confidence too low (0.00). Holding.
[2026-06-25T08:58:35.180Z] [INFO] [SWARM] [ETH/USDT] $1651.48 | RSI: 48.1 | CONF: 0.00
[2026-06-25T08:58:35.180Z] [INFO] [EXECUTION] [STASIS] ETH/USDT - Confidence too low (0.00). Holding.
[2026-06-25T08:58:45.503Z] [INFO] [SYSTEM] --- INITIATING SOVEREIGN NODE SCAN ---
[2026-06-25T08:58:47.760Z] [INFO] [SWARM] [BTC/USDT] $61738.8 | RSI: 54.8 | CONF: 0.00
[2026-06-25T08:58:47.760Z] [INFO] [EXECUTION] [STASIS] BTC/USDT - Confidence too low (0.00). Holding.
[2026-06-25T08:58:50.101Z] [INFO] [SWARM] [ETH/USDT] $1651.48 | RSI: 48.1 | CONF: 0.00
[2026-06-25T08:58:50.101Z] [INFO] [EXECUTION] [STASIS] ETH/USDT - Confidence too low (0.00). Holding.
[2026-06-25T08:59:00.504Z] [INFO] [SYSTEM] --- INITIATING SOVEREIGN NODE SCAN ---
[2026-06-25T08:59:02.844Z] [INFO] [SWARM] [BTC/USDT] $61738.8 | RSI: 31.3 | CONF: 0.00
[2026-06-25T08:59:02.844Z] [INFO] [EXECUTION] [STASIS] BTC/USDT - Confidence too low (0.00). Holding.
[2026-06-25T08:59:05.178Z] [INFO] [SWARM] [ETH/USDT] $1651.48 | RSI: 6.0 | CONF: 0.30
[2026-06-25T08:59:05.178Z] [INFO] [EXECUTION] [STASIS] ETH/USDT - Confidence too low (0.30). Holding.
[2026-06-25T08:59:15.505Z] [INFO] [SYSTEM] --- INITIATING SOVEREIGN NODE SCAN ---
[2026-06-25T08:59:17.841Z] [INFO] [SWARM] [BTC/USDT] $61738.8 | RSI: 31.3 | CONF: 0.00
[2026-06-25T08:59:17.841Z] [INFO] [EXECUTION] [STASIS] BTC/USDT - Confidence too low (0.00). Holding.
[2026-06-25T08:59:20.185Z] [INFO] [SWARM] [ETH/USDT] $1651.48 | RSI: 6.0 | CONF: 0.30
[2026-06-25T08:59:20.185Z] [INFO] [EXECUTION] [STASIS] ETH/USDT - Confidence too low (0.30). Holding.
[2026-06-25T08:59:30.505Z] [INFO] [SYSTEM] --- INITIATING SOVEREIGN NODE SCAN ---
[2026-06-25T08:59:32.845Z] [INFO] [SWARM] [BTC/USDT] $61738.8 | RSI: 31.3 | CONF: 0.00
[2026-06-25T08:59:32.845Z] [INFO] [EXECUTION] [STASIS] BTC/USDT - Confidence too low (0.00). Holding.
[2026-06-25T08:59:35.187Z] [INFO] [SWARM] [ETH/USDT] $1651.48 | RSI: 6.0 | CONF: 0.30
[2026-06-25T08:59:35.187Z] [INFO] [EXECUTION] [STASIS] ETH/USDT - Confidence too low (0.30). Holding.
[2026-06-25T08:59:45.507Z] [INFO] [SYSTEM] --- INITIATING SOVEREIGN NODE SCAN ---
[2026-06-25T08:59:47.845Z] [INFO] [SWARM] [BTC/USDT] $61738.8 | RSI: 31.3 | CONF: 0.00
[2026-06-25T08:59:47.845Z] [INFO] [EXECUTION] [STASIS] BTC/USDT - Confidence too low (0.00). Holding.
[2026-06-25T08:59:50.282Z] [INFO] [SWARM] [ETH/USDT] $1651.48 | RSI: 6.0 | CONF: 0.30
[2026-06-25T08:59:50.282Z] [INFO] [EXECUTION] [STASIS] ETH/USDT - Confidence too low (0.30). Holding.
[2026-06-25T09:00:00.508Z] [INFO] [SYSTEM] --- INITIATING SOVEREIGN NODE SCAN ---
[2026-06-25T09:00:02.847Z] [INFO] [SWARM] [BTC/USDT] $61738.8 | RSI: 31.3 | CONF: 0.00
[2026-06-25T09:00:02.847Z] [INFO] [EXECUTION] [STASIS] BTC/USDT - Confidence too low (0.00). Holding.
[2026-06-25T09:00:05.195Z] [INFO] [SWARM] [ETH/USDT] $1651.48 | RSI: 6.0 | CONF: 0.30
[2026-06-25T09:00:05.195Z] [INFO] [EXECUTION] [STASIS] ETH/USDT - Confidence too low (0.30). Holding.
[2026-06-25T09:00:15.509Z] [INFO] [SYSTEM] --- INITIATING SOVEREIGN NODE SCAN ---
[2026-06-25T09:00:17.842Z] [INFO] [SWARM] [BTC/USDT] $61738.8 | RSI: 31.3 | CONF: 0.00
[2026-06-25T09:00:17.843Z] [INFO] [EXECUTION] [STASIS] BTC/USDT - Confidence too low (0.00). Holding.
[2026-06-25T09:00:20.191Z] [INFO] [SWARM] [ETH/USDT] $1651.48 | RSI: 6.0 | CONF: 0.30
[2026-06-25T09:00:20.191Z] [INFO] [EXECUTION] [STASIS] ETH/USDT - Confidence too low (0.30). Holding.
[2026-06-25T09:00:30.510Z] [INFO] [SYSTEM] --- INITIATING SOVEREIGN NODE SCAN ---
[2026-06-25T09:00:32.851Z] [INFO] [SWARM] [BTC/USDT] $61738.8 | RSI: 31.3 | CONF: 0.00
[2026-06-25T09:00:32.851Z] [INFO] [EXECUTION] [STASIS] BTC/USDT - Confidence too low (0.00). Holding.
[2026-06-25T09:00:35.276Z] [INFO] [SWARM] [ETH/USDT] $1651.48 | RSI: 6.0 | CONF: 0.30
[2026-06-25T09:00:35.276Z] [INFO] [EXECUTION] [STASIS] ETH/USDT - Confidence too low (0.30). Holding.
[2026-06-25T09:00:45.511Z] [INFO] [SYSTEM] --- INITIATING SOVEREIGN NODE SCAN ---
[2026-06-25T09:00:47.849Z] [INFO] [SWARM] [BTC/USDT] $61725 | RSI: 23.2 | CONF: 0.30
[2026-06-25T09:00:47.849Z] [INFO] [EXECUTION] [STASIS] BTC/USDT - Confidence too low (0.30). Holding.
[2026-06-25T09:00:50.195Z] [INFO] [SWARM] [ETH/USDT] $1651.48 | RSI: 6.0 | CONF: 0.30
[2026-06-25T09:00:50.195Z] [INFO] [EXECUTION] [STASIS] ETH/USDT - Confidence too low (0.30). Holding.
[2026-06-25T09:01:00.511Z] [INFO] [SYSTEM] --- INITIATING SOVEREIGN NODE SCAN ---
[2026-06-25T09:01:02.855Z] [INFO] [SWARM] [BTC/USDT] $61724.9 | RSI: 23.2 | CONF: 0.30
[2026-06-25T09:01:02.855Z] [INFO] [EXECUTION] [STASIS] BTC/USDT - Confidence too low (0.30). Holding.
[2026-06-25T09:01:05.196Z] [INFO] [SWARM] [ETH/USDT] $1651.48 | RSI: 6.0 | CONF: 0.30
[2026-06-25T09:01:05.197Z] [INFO] [EXECUTION] [STASIS] ETH/USDT - Confidence too low (0.30). Holding.
[2026-06-25T09:01:15.512Z] [INFO] [SYSTEM] --- INITIATING SOVEREIGN NODE SCAN ---
[2026-06-25T09:01:17.769Z] [INFO] [SWARM] [BTC/USDT] $61724.9 | RSI: 23.2 | CONF: 0.30
[2026-06-25T09:01:17.769Z] [INFO] [EXECUTION] [STASIS] BTC/USDT - Confidence too low (0.30). Holding.
[2026-06-25T09:01:20.186Z] [INFO] [SWARM] [ETH/USDT] $1651.48 | RSI: 6.0 | CONF: 0.30
[2026-06-25T09:01:20.186Z] [INFO] [EXECUTION] [STASIS] ETH/USDT - Confidence too low (0.30). Holding.
[2026-06-25T09:01:30.514Z] [INFO] [SYSTEM] --- INITIATING SOVEREIGN NODE SCAN ---
[2026-06-25T09:01:32.914Z] [INFO] [SWARM] [BTC/USDT] $61724.9 | RSI: 23.2 | CONF: 0.30
[2026-06-25T09:01:32.914Z] [INFO] [EXECUTION] [STASIS] BTC/USDT - Confidence too low (0.30). Holding.
[2026-06-25T09:01:35.257Z] [INFO] [SWARM] [ETH/USDT] $1651.48 | RSI: 6.0 | CONF: 0.30
[2026-06-25T09:01:35.257Z] [INFO] [EXECUTION] [STASIS] ETH/USDT - Confidence too low (0.30). Holding.
[2026-06-25T09:01:45.516Z] [INFO] [SYSTEM] --- INITIATING SOVEREIGN NODE SCAN ---
[2026-06-25T09:01:47.858Z] [INFO] [SWARM] [BTC/USDT] $61724.9 | RSI: 23.2 | CONF: 0.30
[2026-06-25T09:01:47.858Z] [INFO] [EXECUTION] [STASIS] BTC/USDT - Confidence too low (0.30). Holding.
[2026-06-25T09:01:50.196Z] [INFO] [SWARM] [ETH/USDT] $1651.48 | RSI: 6.0 | CONF: 0.30
[2026-06-25T09:01:50.196Z] [INFO] [EXECUTION] [STASIS] ETH/USDT - Confidence too low (0.30). Holding.
[2026-06-25T09:02:00.517Z] [INFO] [SYSTEM] --- INITIATING SOVEREIGN NODE SCAN ---
[2026-06-25T09:02:02.868Z] [INFO] [SWARM] [BTC/USDT] $61724.9 | RSI: 23.2 | CONF: 0.30
[2026-06-25T09:02:02.868Z] [INFO] [EXECUTION] [STASIS] BTC/USDT - Confidence too low (0.30). Holding.
[2026-06-25T09:02:05.209Z] [INFO] [SWARM] [ETH/USDT] $1651.48 | RSI: 7.3 | CONF: 0.30
[2026-06-25T09:02:05.209Z] [INFO] [EXECUTION] [STASIS] ETH/USDT - Confidence too low (0.30). Holding.
[2026-06-25T09:02:15.518Z] [INFO] [SYSTEM] --- INITIATING SOVEREIGN NODE SCAN ---
[2026-06-25T09:02:17.867Z] [INFO] [SWARM] [BTC/USDT] $61724.9 | RSI: 23.2 | CONF: 0.30
[2026-06-25T09:02:17.867Z] [INFO] [EXECUTION] [STASIS] BTC/USDT - Confidence too low (0.30). Holding.
[2026-06-25T09:02:20.206Z] [INFO] [SWARM] [ETH/USDT] $1651.48 | RSI: 7.3 | CONF: 0.30
[2026-06-25T09:02:20.207Z] [INFO] [EXECUTION] [STASIS] ETH/USDT - Confidence too low (0.30). Holding.
[2026-06-25T09:02:30.519Z] [INFO] [SYSTEM] --- INITIATING SOVEREIGN NODE SCAN ---
[2026-06-25T09:02:32.864Z] [INFO] [SWARM] [BTC/USDT] $61723.2 | RSI: 22.5 | CONF: 0.30
[2026-06-25T09:02:32.865Z] [INFO] [EXECUTION] [STASIS] BTC/USDT - Confidence too low (0.30). Holding.
[2026-06-25T09:02:35.207Z] [INFO] [SWARM] [ETH/USDT] $1651.48 | RSI: 7.3 | CONF: 0.30
[2026-06-25T09:02:35.207Z] [INFO] [EXECUTION] [STASIS] ETH/USDT - Confidence too low (0.30). Holding.
[2026-06-25T09:02:45.520Z] [INFO] [SYSTEM] --- INITIATING SOVEREIGN NODE SCAN ---
[2026-06-25T09:02:47.871Z] [INFO] [SWARM] [BTC/USDT] $61705.1 | RSI: 17.0 | CONF: 0.30
[2026-06-25T09:02:47.871Z] [INFO] [EXECUTION] [STASIS] BTC/USDT - Confidence too low (0.30). Holding.
[2026-06-25T09:02:50.294Z] [INFO] [SWARM] [ETH/USDT] $1651.48 | RSI: 7.3 | CONF: 0.30
[2026-06-25T09:02:50.294Z] [INFO] [EXECUTION] [STASIS] ETH/USDT - Confidence too low (0.30). Holding.
[2026-06-25T09:03:00.520Z] [INFO] [SYSTEM] --- INITIATING SOVEREIGN NODE SCAN ---
[2026-06-25T09:03:02.858Z] [INFO] [SWARM] [BTC/USDT] $61705.1 | RSI: 17.0 | CONF: 0.30
[2026-06-25T09:03:02.858Z] [INFO] [EXECUTION] [STASIS] BTC/USDT - Confidence too low (0.30). Holding.
[2026-06-25T09:03:05.204Z] [INFO] [SWARM] [ETH/USDT] $1651.48 | RSI: 0.0 | CONF: 0.30
[2026-06-25T09:03:05.204Z] [INFO] [EXECUTION] [STASIS] ETH/USDT - Confidence too low (0.30). Holding.
[2026-06-25T09:03:15.520Z] [INFO] [SYSTEM] --- INITIATING SOVEREIGN NODE SCAN ---
[2026-06-25T09:03:17.864Z] [INFO] [SWARM] [BTC/USDT] $61705.1 | RSI: 17.0 | CONF: 0.30
[2026-06-25T09:03:17.864Z] [INFO] [EXECUTION] [STASIS] BTC/USDT - Confidence too low (0.30). Holding.
[2026-06-25T09:03:20.200Z] [INFO] [SWARM] [ETH/USDT] $1651.48 | RSI: 0.0 | CONF: 0.30
[2026-06-25T09:03:20.201Z] [INFO] [EXECUTION] [STASIS] ETH/USDT - Confidence too low (0.30). Holding.
[2026-06-25T09:03:30.521Z] [INFO] [SYSTEM] --- INITIATING SOVEREIGN NODE SCAN ---
[2026-06-25T09:03:32.859Z] [INFO] [SWARM] [BTC/USDT] $61705.1 | RSI: 17.0 | CONF: 0.30
[2026-06-25T09:03:32.859Z] [INFO] [EXECUTION] [STASIS] BTC/USDT - Confidence too low (0.30). Holding.
[2026-06-25T09:03:35.281Z] [INFO] [SWARM] [ETH/USDT] $1651.48 | RSI: 0.0 | CONF: 0.30
[2026-06-25T09:03:35.282Z] [INFO] [EXECUTION] [STASIS] ETH/USDT - Confidence too low (0.30). Holding.
[2026-06-25T09:03:45.522Z] [INFO] [SYSTEM] --- INITIATING SOVEREIGN NODE SCAN ---
[2026-06-25T09:03:47.861Z] [INFO] [SWARM] [BTC/USDT] $61705.1 | RSI: 17.0 | CONF: 0.30
[2026-06-25T09:03:47.861Z] [INFO] [EXECUTION] [STASIS] BTC/USDT - Confidence too low (0.30). Holding.
[2026-06-25T09:03:50.209Z] [INFO] [SWARM] [ETH/USDT] $1651.48 | RSI: 0.0 | CONF: 0.30
[2026-06-25T09:03:50.209Z] [INFO] [EXECUTION] [STASIS] ETH/USDT - Confidence too low (0.30). Holding.
[2026-06-25T09:04:00.522Z] [INFO] [SYSTEM] --- INITIATING SOVEREIGN NODE SCAN ---
[2026-06-25T09:04:02.862Z] [INFO] [SWARM] [BTC/USDT] $61705.2 | RSI: 17.1 | CONF: 0.30
[2026-06-25T09:04:02.863Z] [INFO] [EXECUTION] [STASIS] BTC/USDT - Confidence too low (0.30). Holding.
[2026-06-25T09:04:05.204Z] [INFO] [SWARM] [ETH/USDT] $1651.48 | RSI: 0.0 | CONF: 0.30
[2026-06-25T09:04:05.204Z] [INFO] [EXECUTION] [STASIS] ETH/USDT - Confidence too low (0.30). Holding.
[2026-06-25T09:04:15.522Z] [INFO] [SYSTEM] --- INITIATING SOVEREIGN NODE SCAN ---
[2026-06-25T09:04:17.860Z] [INFO] [SWARM] [BTC/USDT] $61705.2 | RSI: 17.1 | CONF: 0.30
[2026-06-25T09:04:17.860Z] [INFO] [EXECUTION] [STASIS] BTC/USDT - Confidence too low (0.30). Holding.
[2026-06-25T09:04:20.286Z] [INFO] [SWARM] [ETH/USDT] $1651.48 | RSI: 0.0 | CONF: 0.30
[2026-06-25T09:04:20.286Z] [INFO] [EXECUTION] [STASIS] ETH/USDT - Confidence too low (0.30). Holding.
[2026-06-25T09:04:30.522Z] [INFO] [SYSTEM] --- INITIATING SOVEREIGN NODE SCAN ---
[2026-06-25T09:04:32.862Z] [INFO] [SWARM] [BTC/USDT] $61705.2 | RSI: 17.1 | CONF: 0.30
[2026-06-25T09:04:32.862Z] [INFO] [EXECUTION] [STASIS] BTC/USDT - Confidence too low (0.30). Holding.
[2026-06-25T09:04:35.201Z] [INFO] [SWARM] [ETH/USDT] $1651.48 | RSI: 0.0 | CONF: 0.30
[2026-06-25T09:04:35.201Z] [INFO] [EXECUTION] [STASIS] ETH/USDT - Confidence too low (0.30). Holding.
[2026-06-25T09:04:45.522Z] [INFO] [SYSTEM] --- INITIATING SOVEREIGN NODE SCAN ---
[2026-06-25T09:04:47.870Z] [INFO] [SWARM] [BTC/USDT] $61705 | RSI: 17.0 | CONF: 0.30
[2026-06-25T09:04:47.870Z] [INFO] [EXECUTION] [STASIS] BTC/USDT - Confidence too low (0.30). Holding.
[2026-06-25T09:04:50.213Z] [INFO] [SWARM] [ETH/USDT] $1651.48 | RSI: 0.0 | CONF: 0.30
[2026-06-25T09:04:50.213Z] [INFO] [EXECUTION] [STASIS] ETH/USDT - Confidence too low (0.30). Holding.
[2026-06-25T09:05:00.522Z] [INFO] [SYSTEM] --- INITIATING SOVEREIGN NODE SCAN ---
[2026-06-25T09:05:02.859Z] [INFO] [SWARM] [BTC/USDT] $61705 | RSI: 17.0 | CONF: 0.30
[2026-06-25T09:05:02.859Z] [INFO] [EXECUTION] [STASIS] BTC/USDT - Confidence too low (0.30). Holding.
[2026-06-25T09:05:05.276Z] [INFO] [SWARM] [ETH/USDT] $1651.48 | RSI: 0.0 | CONF: 0.30
[2026-06-25T09:05:05.276Z] [INFO] [EXECUTION] [STASIS] ETH/USDT - Confidence too low (0.30). Holding.
[2026-06-25T09:05:15.523Z] [INFO] [SYSTEM] --- INITIATING SOVEREIGN NODE SCAN ---
[2026-06-25T09:05:17.862Z] [INFO] [SWARM] [BTC/USDT] $61705 | RSI: 17.0 | CONF: 0.30
[2026-06-25T09:05:17.863Z] [INFO] [EXECUTION] [STASIS] BTC/USDT - Confidence too low (0.30). Holding.
[2026-06-25T09:05:20.203Z] [INFO] [SWARM] [ETH/USDT] $1651.48 | RSI: 0.0 | CONF: 0.30
[2026-06-25T09:05:20.204Z] [INFO] [EXECUTION] [STASIS] ETH/USDT - Confidence too low (0.30). Holding.
[2026-06-25T09:05:30.523Z] [INFO] [SYSTEM] --- INITIATING SOVEREIGN NODE SCAN ---
[2026-06-25T09:05:32.856Z] [INFO] [SWARM] [BTC/USDT] $61705 | RSI: 17.0 | CONF: 0.30
[2026-06-25T09:05:32.856Z] [INFO] [EXECUTION] [STASIS] BTC/USDT - Confidence too low (0.30). Holding.
[2026-06-25T09:05:35.195Z] [INFO] [SWARM] [ETH/USDT] $1651.48 | RSI: 0.0 | CONF: 0.30
[2026-06-25T09:05:35.195Z] [INFO] [EXECUTION] [STASIS] ETH/USDT - Confidence too low (0.30). Holding.
[2026-06-25T09:05:45.525Z] [INFO] [SYSTEM] --- INITIATING SOVEREIGN NODE SCAN ---
[2026-06-25T09:05:47.859Z] [INFO] [SWARM] [BTC/USDT] $61705 | RSI: 17.0 | CONF: 0.30
[2026-06-25T09:05:47.859Z] [INFO] [EXECUTION] [STASIS] BTC/USDT - Confidence too low (0.30). Holding.
[2026-06-25T09:05:50.287Z] [INFO] [SWARM] [ETH/USDT] $1651.48 | RSI: 0.0 | CONF: 0.30
[2026-06-25T09:05:50.287Z] [INFO] [EXECUTION] [STASIS] ETH/USDT - Confidence too low (0.30). Holding.
[2026-06-25T09:06:00.525Z] [INFO] [SYSTEM] --- INITIATING SOVEREIGN NODE SCAN ---
[2026-06-25T09:06:02.882Z] [INFO] [SWARM] [BTC/USDT] $61705 | RSI: 17.0 | CONF: 0.30
[2026-06-25T09:06:02.883Z] [INFO] [EXECUTION] [STASIS] BTC/USDT - Confidence too low (0.30). Holding.
[2026-06-25T09:06:05.218Z] [INFO] [SWARM] [ETH/USDT] $1651.48 | RSI: 0.0 | CONF: 0.30
[2026-06-25T09:06:05.218Z] [INFO] [EXECUTION] [STASIS] ETH/USDT - Confidence too low (0.30). Holding.
[2026-06-25T09:06:15.525Z] [INFO] [SYSTEM] --- INITIATING SOVEREIGN NODE SCAN ---
[2026-06-25T09:06:17.860Z] [INFO] [SWARM] [BTC/USDT] $61705 | RSI: 17.0 | CONF: 0.30
[2026-06-25T09:06:17.860Z] [INFO] [EXECUTION] [STASIS] BTC/USDT - Confidence too low (0.30). Holding.
[2026-06-25T09:06:20.200Z] [INFO] [SWARM] [ETH/USDT] $1651.48 | RSI: 0.0 | CONF: 0.30
[2026-06-25T09:06:20.200Z] [INFO] [EXECUTION] [STASIS] ETH/USDT - Confidence too low (0.30). Holding.
[2026-06-25T09:06:30.525Z] [INFO] [SYSTEM] --- INITIATING SOVEREIGN NODE SCAN ---
[2026-06-25T09:06:32.863Z] [INFO] [SWARM] [BTC/USDT] $61705 | RSI: 17.0 | CONF: 0.30
[2026-06-25T09:06:32.863Z] [INFO] [EXECUTION] [STASIS] BTC/USDT - Confidence too low (0.30). Holding.
[2026-06-25T09:06:35.279Z] [INFO] [SWARM] [ETH/USDT] $1651.48 | RSI: 0.0 | CONF: 0.30
[2026-06-25T09:06:35.279Z] [INFO] [EXECUTION] [STASIS] ETH/USDT - Confidence too low (0.30). Holding.
[2026-06-25T09:06:45.525Z] [INFO] [SYSTEM] --- INITIATING SOVEREIGN NODE SCAN ---
[2026-06-25T09:06:47.862Z] [INFO] [SWARM] [BTC/USDT] $61705 | RSI: 17.0 | CONF: 0.30
[2026-06-25T09:06:47.862Z] [INFO] [EXECUTION] [STASIS] BTC/USDT - Confidence too low (0.30). Holding.
[2026-06-25T09:06:50.211Z] [INFO] [SWARM] [ETH/USDT] $1651.48 | RSI: 0.0 | CONF: 0.30
[2026-06-25T09:06:50.211Z] [INFO] [EXECUTION] [STASIS] ETH/USDT - Confidence too low (0.30). Holding.
[2026-06-25T09:07:00.526Z] [INFO] [SYSTEM] --- INITIATING SOVEREIGN NODE SCAN ---
[2026-06-25T09:07:02.864Z] [INFO] [SWARM] [BTC/USDT] $61705 | RSI: 17.0 | CONF: 0.30
[2026-06-25T09:07:02.864Z] [INFO] [EXECUTION] [STASIS] BTC/USDT - Confidence too low (0.30). Holding.
[2026-06-25T09:07:05.202Z] [INFO] [SWARM] [ETH/USDT] $1651.48 | RSI: 0.0 | CONF: 0.30
[2026-06-25T09:07:05.203Z] [INFO] [EXECUTION] [STASIS] ETH/USDT - Confidence too low (0.30). Holding.
[2026-06-25T09:07:15.526Z] [INFO] [SYSTEM] --- INITIATING SOVEREIGN NODE SCAN ---
[2026-06-25T09:07:17.878Z] [INFO] [SWARM] [BTC/USDT] $61730.3 | RSI: 38.2 | CONF: 0.00
[2026-06-25T09:07:17.878Z] [INFO] [EXECUTION] [STASIS] BTC/USDT - Confidence too low (0.00). Holding.
[2026-06-25T09:07:20.297Z] [INFO] [SWARM] [ETH/USDT] $1651.48 | RSI: 0.0 | CONF: 0.30
[2026-06-25T09:07:20.297Z] [INFO] [EXECUTION] [STASIS] ETH/USDT - Confidence too low (0.30). Holding.
[2026-06-25T09:07:30.527Z] [INFO] [SYSTEM] --- INITIATING SOVEREIGN NODE SCAN ---
[2026-06-25T09:07:32.864Z] [INFO] [SWARM] [BTC/USDT] $61742.3 | RSI: 44.8 | CONF: 0.30
[2026-06-25T09:07:32.864Z] [INFO] [EXECUTION] [STASIS] BTC/USDT - Confidence too low (0.30). Holding.
[2026-06-25T09:07:35.204Z] [INFO] [SWARM] [ETH/USDT] $1651.48 | RSI: 0.0 | CONF: 0.30
[2026-06-25T09:07:35.204Z] [INFO] [EXECUTION] [STASIS] ETH/USDT - Confidence too low (0.30). Holding.
[2026-06-25T09:07:45.527Z] [INFO] [SYSTEM] --- INITIATING SOVEREIGN NODE SCAN ---
[2026-06-25T09:07:47.860Z] [INFO] [SWARM] [BTC/USDT] $61742.3 | RSI: 44.8 | CONF: 0.30
[2026-06-25T09:07:47.860Z] [INFO] [EXECUTION] [STASIS] BTC/USDT - Confidence too low (0.30). Holding.
[2026-06-25T09:07:50.199Z] [INFO] [SWARM] [ETH/USDT] $1651.48 | RSI: 0.0 | CONF: 0.30
[2026-06-25T09:07:50.199Z] [INFO] [EXECUTION] [STASIS] ETH/USDT - Confidence too low (0.30). Holding.
[2026-06-25T09:08:00.528Z] [INFO] [SYSTEM] --- INITIATING SOVEREIGN NODE SCAN ---
[2026-06-25T09:08:02.788Z] [INFO] [SWARM] [BTC/USDT] $61742.3 | RSI: 37.9 | CONF: 0.00
[2026-06-25T09:08:02.789Z] [INFO] [EXECUTION] [STASIS] BTC/USDT - Confidence too low (0.00). Holding.
[2026-06-25T09:08:05.216Z] [INFO] [SWARM] [ETH/USDT] $1651.48 | RSI: 0.0 | CONF: 0.30
[2026-06-25T09:08:05.216Z] [INFO] [EXECUTION] [STASIS] ETH/USDT - Confidence too low (0.30). Holding.
[2026-06-25T09:08:15.529Z] [INFO] [SYSTEM] --- INITIATING SOVEREIGN NODE SCAN ---
[2026-06-25T09:08:17.789Z] [INFO] [SWARM] [BTC/USDT] $61752.2 | RSI: 43.5 | CONF: 0.00
[2026-06-25T09:08:17.789Z] [INFO] [EXECUTION] [STASIS] BTC/USDT - Confidence too low (0.00). Holding.
[2026-06-25T09:08:20.047Z] [INFO] [SWARM] [ETH/USDT] $1651.48 | RSI: 0.0 | CONF: 0.30
[2026-06-25T09:08:20.051Z] [INFO] [EXECUTION] [STASIS] ETH/USDT - Confidence too low (0.30). Holding.
[2026-06-25T09:08:30.530Z] [INFO] [SYSTEM] --- INITIATING SOVEREIGN NODE SCAN ---
[2026-06-25T09:08:32.874Z] [INFO] [SWARM] [BTC/USDT] $61752.1 | RSI: 43.5 | CONF: 0.00
[2026-06-25T09:08:32.874Z] [INFO] [EXECUTION] [STASIS] BTC/USDT - Confidence too low (0.00). Holding.
[2026-06-25T09:08:35.218Z] [INFO] [SWARM] [ETH/USDT] $1651.48 | RSI: 0.0 | CONF: 0.30
[2026-06-25T09:08:35.219Z] [INFO] [EXECUTION] [STASIS] ETH/USDT - Confidence too low (0.30). Holding.
[2026-06-25T09:08:45.531Z] [INFO] [SYSTEM] --- INITIATING SOVEREIGN NODE SCAN ---
[2026-06-25T09:08:47.880Z] [INFO] [SWARM] [BTC/USDT] $61752.1 | RSI: 43.5 | CONF: 0.00
[2026-06-25T09:08:47.880Z] [INFO] [EXECUTION] [STASIS] BTC/USDT - Confidence too low (0.00). Holding.
[2026-06-25T09:08:50.224Z] [INFO] [SWARM] [ETH/USDT] $1651.48 | RSI: 0.0 | CONF: 0.30
[2026-06-25T09:08:50.224Z] [INFO] [EXECUTION] [STASIS] ETH/USDT - Confidence too low (0.30). Holding.
[2026-06-25T09:09:00.531Z] [INFO] [SYSTEM] --- INITIATING SOVEREIGN NODE SCAN ---
[2026-06-25T09:09:02.791Z] [INFO] [SWARM] [BTC/USDT] $61752.1 | RSI: 43.5 | CONF: 0.00
[2026-06-25T09:09:02.791Z] [INFO] [EXECUTION] [STASIS] BTC/USDT - Confidence too low (0.00). Holding.
[2026-06-25T09:09:05.140Z] [INFO] [SWARM] [ETH/USDT] $1651.48 | RSI: 0.0 | CONF: 0.30
[2026-06-25T09:09:05.140Z] [INFO] [EXECUTION] [STASIS] ETH/USDT - Confidence too low (0.30). Holding.
[2026-06-25T09:09:15.532Z] [INFO] [SYSTEM] --- INITIATING SOVEREIGN NODE SCAN ---
[2026-06-25T09:09:17.871Z] [INFO] [SWARM] [BTC/USDT] $61752.1 | RSI: 43.5 | CONF: 0.00
[2026-06-25T09:09:17.872Z] [INFO] [EXECUTION] [STASIS] BTC/USDT - Confidence too low (0.00). Holding.
[2026-06-25T09:09:20.143Z] [INFO] [SWARM] [ETH/USDT] $1651.48 | RSI: 0.0 | CONF: 0.30
[2026-06-25T09:09:20.143Z] [INFO] [EXECUTION] [STASIS] ETH/USDT - Confidence too low (0.30). Holding.
[2026-06-25T09:09:30.532Z] [INFO] [SYSTEM] --- INITIATING SOVEREIGN NODE SCAN ---
[2026-06-25T09:09:32.872Z] [INFO] [SWARM] [BTC/USDT] $61752.1 | RSI: 43.5 | CONF: 0.00
[2026-06-25T09:09:32.872Z] [INFO] [EXECUTION] [STASIS] BTC/USDT - Confidence too low (0.00). Holding.
[2026-06-25T09:09:35.212Z] [INFO] [SWARM] [ETH/USDT] $1651.48 | RSI: 0.0 | CONF: 0.30
[2026-06-25T09:09:35.213Z] [INFO] [EXECUTION] [STASIS] ETH/USDT - Confidence too low (0.30). Holding.
[2026-06-25T09:09:45.533Z] [INFO] [SYSTEM] --- INITIATING SOVEREIGN NODE SCAN ---
[2026-06-25T09:09:47.873Z] [INFO] [SWARM] [BTC/USDT] $61752.1 | RSI: 43.5 | CONF: 0.00
[2026-06-25T09:09:47.873Z] [INFO] [EXECUTION] [STASIS] BTC/USDT - Confidence too low (0.00). Holding.
[2026-06-25T09:09:50.223Z] [INFO] [SWARM] [ETH/USDT] $1651.48 | RSI: 0.0 | CONF: 0.30
[2026-06-25T09:09:50.223Z] [INFO] [EXECUTION] [STASIS] ETH/USDT - Confidence too low (0.30). Holding.
[2026-06-25T09:10:00.535Z] [INFO] [SYSTEM] --- INITIATING SOVEREIGN NODE SCAN ---
[2026-06-25T09:10:02.878Z] [INFO] [SWARM] [BTC/USDT] $61757 | RSI: 54.1 | CONF: 0.40
[2026-06-25T09:10:02.879Z] [INFO] [EXECUTION] [STASIS] BTC/USDT - Confidence too low (0.40). Holding.
[2026-06-25T09:10:05.218Z] [INFO] [SWARM] [ETH/USDT] $1651.48 | RSI: 0.0 | CONF: 0.30
[2026-06-25T09:10:05.218Z] [INFO] [EXECUTION] [STASIS] ETH/USDT - Confidence too low (0.30). Holding.
[2026-06-25T09:10:15.536Z] [INFO] [SYSTEM] --- INITIATING SOVEREIGN NODE SCAN ---
[2026-06-25T09:10:17.879Z] [INFO] [SWARM] [BTC/USDT] $61757 | RSI: 54.1 | CONF: 0.40
[2026-06-25T09:10:17.879Z] [INFO] [EXECUTION] [STASIS] BTC/USDT - Confidence too low (0.40). Holding.
[2026-06-25T09:10:20.231Z] [INFO] [SWARM] [ETH/USDT] $1651.48 | RSI: 0.0 | CONF: 0.30
[2026-06-25T09:10:20.231Z] [INFO] [EXECUTION] [STASIS] ETH/USDT - Confidence too low (0.30). Holding.
[2026-06-25T09:10:30.537Z] [INFO] [SYSTEM] --- INITIATING SOVEREIGN NODE SCAN ---
[2026-06-25T09:10:32.877Z] [INFO] [SWARM] [BTC/USDT] $61757 | RSI: 54.1 | CONF: 0.40
[2026-06-25T09:10:32.877Z] [INFO] [EXECUTION] [STASIS] BTC/USDT - Confidence too low (0.40). Holding.
[2026-06-25T09:10:35.267Z] [INFO] [SWARM] [ETH/USDT] $1651.48 | RSI: 0.0 | CONF: 0.30
[2026-06-25T09:10:35.267Z] [INFO] [EXECUTION] [STASIS] ETH/USDT - Confidence too low (0.30). Holding.
[2026-06-25T09:10:45.538Z] [INFO] [SYSTEM] --- INITIATING SOVEREIGN NODE SCAN ---
[2026-06-25T09:10:47.887Z] [INFO] [SWARM] [BTC/USDT] $61757 | RSI: 54.1 | CONF: 0.40
[2026-06-25T09:10:47.887Z] [INFO] [EXECUTION] [STASIS] BTC/USDT - Confidence too low (0.40). Holding.
[2026-06-25T09:10:50.310Z] [INFO] [SWARM] [ETH/USDT] $1651.48 | RSI: 0.0 | CONF: 0.30
[2026-06-25T09:10:50.311Z] [INFO] [EXECUTION] [STASIS] ETH/USDT - Confidence too low (0.30). Holding.
[2026-06-25T09:11:00.540Z] [INFO] [SYSTEM] --- INITIATING SOVEREIGN NODE SCAN ---
[2026-06-25T09:11:02.882Z] [INFO] [SWARM] [BTC/USDT] $61757 | RSI: 60.6 | CONF: 0.40
[2026-06-25T09:11:02.882Z] [INFO] [EXECUTION] [STASIS] BTC/USDT - Confidence too low (0.40). Holding.
[2026-06-25T09:11:05.222Z] [INFO] [SWARM] [ETH/USDT] $1651.48 | RSI: 0.0 | CONF: 0.30
[2026-06-25T09:11:05.222Z] [INFO] [EXECUTION] [STASIS] ETH/USDT - Confidence too low (0.30). Holding.
[2026-06-25T09:11:15.540Z] [INFO] [SYSTEM] --- INITIATING SOVEREIGN NODE SCAN ---
[2026-06-25T09:11:17.886Z] [INFO] [SWARM] [BTC/USDT] $61757 | RSI: 60.6 | CONF: 0.40
[2026-06-25T09:11:17.886Z] [INFO] [EXECUTION] [STASIS] BTC/USDT - Confidence too low (0.40). Holding.
[2026-06-25T09:11:20.222Z] [INFO] [SWARM] [ETH/USDT] $1651.48 | RSI: 0.0 | CONF: 0.30
[2026-06-25T09:11:20.222Z] [INFO] [EXECUTION] [STASIS] ETH/USDT - Confidence too low (0.30). Holding.
[2026-06-25T09:11:30.540Z] [INFO] [SYSTEM] --- INITIATING SOVEREIGN NODE SCAN ---
[2026-06-25T09:11:32.878Z] [INFO] [SWARM] [BTC/USDT] $61757 | RSI: 60.6 | CONF: 0.40
[2026-06-25T09:11:32.879Z] [INFO] [EXECUTION] [STASIS] BTC/USDT - Confidence too low (0.40). Holding.
[2026-06-25T09:11:35.221Z] [INFO] [SWARM] [ETH/USDT] $1651.48 | RSI: 0.0 | CONF: 0.30
[2026-06-25T09:11:35.221Z] [INFO] [EXECUTION] [STASIS] ETH/USDT - Confidence too low (0.30). Holding.
[2026-06-25T09:11:45.541Z] [INFO] [SYSTEM] --- INITIATING SOVEREIGN NODE SCAN ---
[2026-06-25T09:11:47.882Z] [INFO] [SWARM] [BTC/USDT] $61757 | RSI: 60.6 | CONF: 0.40
[2026-06-25T09:11:47.882Z] [INFO] [EXECUTION] [STASIS] BTC/USDT - Confidence too low (0.40). Holding.
[2026-06-25T09:11:50.221Z] [INFO] [SWARM] [ETH/USDT] $1651.48 | RSI: 0.0 | CONF: 0.30
[2026-06-25T09:11:50.221Z] [INFO] [EXECUTION] [STASIS] ETH/USDT - Confidence too low (0.30). Holding.
[2026-06-25T09:12:00.542Z] [INFO] [SYSTEM] --- INITIATING SOVEREIGN NODE SCAN ---
[2026-06-25T09:12:02.964Z] [INFO] [SWARM] [BTC/USDT] $61757 | RSI: 60.6 | CONF: 0.40
[2026-06-25T09:12:02.964Z] [INFO] [EXECUTION] [STASIS] BTC/USDT - Confidence too low (0.40). Holding.
[2026-06-25T09:12:05.311Z] [INFO] [SWARM] [ETH/USDT] $1651.48 | RSI: 100.0 | CONF: 0.00
[2026-06-25T09:12:05.311Z] [INFO] [EXECUTION] [STASIS] ETH/USDT - Confidence too low (0.00). Holding.
[2026-06-25T09:12:15.542Z] [INFO] [SYSTEM] --- INITIATING SOVEREIGN NODE SCAN ---
[2026-06-25T09:12:17.881Z] [INFO] [SWARM] [BTC/USDT] $61757 | RSI: 60.6 | CONF: 0.40
[2026-06-25T09:12:17.881Z] [INFO] [EXECUTION] [STASIS] BTC/USDT - Confidence too low (0.40). Holding.
[2026-06-25T09:12:20.233Z] [INFO] [SWARM] [ETH/USDT] $1651.48 | RSI: 100.0 | CONF: 0.00
[2026-06-25T09:12:20.233Z] [INFO] [EXECUTION] [STASIS] ETH/USDT - Confidence too low (0.00). Holding.
[2026-06-25T09:12:30.543Z] [INFO] [SYSTEM] --- INITIATING SOVEREIGN NODE SCAN ---
[2026-06-25T09:12:32.885Z] [INFO] [SWARM] [BTC/USDT] $61757 | RSI: 60.6 | CONF: 0.40
[2026-06-25T09:12:32.885Z] [INFO] [EXECUTION] [STASIS] BTC/USDT - Confidence too low (0.40). Holding.
[2026-06-25T09:12:35.223Z] [INFO] [SWARM] [ETH/USDT] $1651.48 | RSI: 100.0 | CONF: 0.00
[2026-06-25T09:12:35.224Z] [INFO] [EXECUTION] [STASIS] ETH/USDT - Confidence too low (0.00). Holding.
[2026-06-25T09:12:45.543Z] [INFO] [SYSTEM] --- INITIATING SOVEREIGN NODE SCAN ---
[2026-06-25T09:12:47.915Z] [INFO] [SWARM] [BTC/USDT] $61757 | RSI: 60.6 | CONF: 0.40
[2026-06-25T09:12:47.915Z] [INFO] [EXECUTION] [STASIS] BTC/USDT - Confidence too low (0.40). Holding.
[2026-06-25T09:12:50.265Z] [INFO] [SWARM] [ETH/USDT] $1651.48 | RSI: 100.0 | CONF: 0.00
[2026-06-25T09:12:50.265Z] [INFO] [EXECUTION] [STASIS] ETH/USDT - Confidence too low (0.00). Holding.
[2026-06-25T09:13:00.544Z] [INFO] [SYSTEM] --- INITIATING SOVEREIGN NODE SCAN ---
[2026-06-25T09:13:02.879Z] [INFO] [SWARM] [BTC/USDT] $61782.7 | RSI: 69.7 | CONF: 0.40
[2026-06-25T09:13:02.879Z] [INFO] [EXECUTION] [STASIS] BTC/USDT - Confidence too low (0.40). Holding.
[2026-06-25T09:13:05.224Z] [INFO] [SWARM] [ETH/USDT] $1651.48 | RSI: 100.0 | CONF: 0.00
[2026-06-25T09:13:05.224Z] [INFO] [EXECUTION] [STASIS] ETH/USDT - Confidence too low (0.00). Holding.
[2026-06-25T09:13:15.544Z] [INFO] [SYSTEM] --- INITIATING SOVEREIGN NODE SCAN ---
[2026-06-25T09:13:17.887Z] [INFO] [SWARM] [BTC/USDT] $61782.7 | RSI: 69.7 | CONF: 0.40
[2026-06-25T09:13:17.887Z] [INFO] [EXECUTION] [STASIS] BTC/USDT - Confidence too low (0.40). Holding.
[2026-06-25T09:13:20.222Z] [INFO] [SWARM] [ETH/USDT] $1651.48 | RSI: 100.0 | CONF: 0.00
[2026-06-25T09:13:20.223Z] [INFO] [EXECUTION] [STASIS] ETH/USDT - Confidence too low (0.00). Holding.
[2026-06-25T09:13:30.544Z] [INFO] [SYSTEM] --- INITIATING SOVEREIGN NODE SCAN ---
[2026-06-25T09:13:32.801Z] [INFO] [SWARM] [BTC/USDT] $61772.8 | RSI: 64.0 | CONF: 0.70
[2026-06-25T09:13:32.801Z] [TRADE] [EXECUTION] [PAPER TRADE] BUY 0.004047 BTC/USDT @ $61772.8
[2026-06-25T09:13:35.230Z] [INFO] [SWARM] [ETH/USDT] $1654.63 | RSI: 100.0 | CONF: 0.30
[2026-06-25T09:13:35.230Z] [INFO] [EXECUTION] [STASIS] ETH/USDT - Confidence too low (0.30). Holding.
[2026-06-25T09:13:45.545Z] [INFO] [SYSTEM] --- INITIATING SOVEREIGN NODE SCAN ---
[2026-06-25T09:13:47.881Z] [INFO] [SWARM] [BTC/USDT] $61772.8 | RSI: 64.0 | CONF: 0.70
[2026-06-25T09:13:47.881Z] [TRADE] [EXECUTION] [PAPER TRADE] BUY 0.004047 BTC/USDT @ $61772.8
[2026-06-25T09:13:50.223Z] [INFO] [SWARM] [ETH/USDT] $1654.63 | RSI: 100.0 | CONF: 0.30
[2026-06-25T09:13:50.224Z] [INFO] [EXECUTION] [STASIS] ETH/USDT - Confidence too low (0.30). Holding.
[2026-06-25T09:14:00.547Z] [INFO] [SYSTEM] --- INITIATING SOVEREIGN NODE SCAN ---
[2026-06-25T09:14:02.886Z] [INFO] [SWARM] [BTC/USDT] $61772.8 | RSI: 72.2 | CONF: 0.00
[2026-06-25T09:14:02.886Z] [INFO] [EXECUTION] [STASIS] BTC/USDT - Confidence too low (0.00). Holding.
[2026-06-25T09:14:05.226Z] [INFO] [SWARM] [ETH/USDT] $1654.63 | RSI: 100.0 | CONF: 0.00
[2026-06-25T09:14:05.226Z] [INFO] [EXECUTION] [STASIS] ETH/USDT - Confidence too low (0.00). Holding.
[2026-06-25T09:14:15.547Z] [INFO] [SYSTEM] --- INITIATING SOVEREIGN NODE SCAN ---
[2026-06-25T09:14:17.968Z] [INFO] [SWARM] [BTC/USDT] $61772.8 | RSI: 72.2 | CONF: 0.00
[2026-06-25T09:14:17.969Z] [INFO] [EXECUTION] [STASIS] BTC/USDT - Confidence too low (0.00). Holding.
[2026-06-25T09:14:20.312Z] [INFO] [SWARM] [ETH/USDT] $1654.63 | RSI: 100.0 | CONF: 0.00
[2026-06-25T09:14:20.313Z] [INFO] [EXECUTION] [STASIS] ETH/USDT - Confidence too low (0.00). Holding.
[2026-06-25T09:14:30.547Z] [INFO] [SYSTEM] --- INITIATING SOVEREIGN NODE SCAN ---
[2026-06-25T09:14:32.802Z] [INFO] [SWARM] [BTC/USDT] $61772.8 | RSI: 72.2 | CONF: 0.00
[2026-06-25T09:14:32.802Z] [INFO] [EXECUTION] [STASIS] BTC/USDT - Confidence too low (0.00). Holding.
[2026-06-25T09:14:35.220Z] [INFO] [SWARM] [ETH/USDT] $1654.63 | RSI: 100.0 | CONF: 0.00
[2026-06-25T09:14:35.220Z] [INFO] [EXECUTION] [STASIS] ETH/USDT - Confidence too low (0.00). Holding.
[2026-06-25T09:14:45.548Z] [INFO] [SYSTEM] --- INITIATING SOVEREIGN NODE SCAN ---
[2026-06-25T09:14:47.887Z] [INFO] [SWARM] [BTC/USDT] $61772.8 | RSI: 72.2 | CONF: 0.00
[2026-06-25T09:14:47.887Z] [INFO] [EXECUTION] [STASIS] BTC/USDT - Confidence too low (0.00). Holding.
[2026-06-25T09:14:50.222Z] [INFO] [SWARM] [ETH/USDT] $1654.63 | RSI: 100.0 | CONF: 0.00
[2026-06-25T09:14:50.222Z] [INFO] [EXECUTION] [STASIS] ETH/USDT - Confidence too low (0.00). Holding.
[2026-06-25T09:15:00.549Z] [INFO] [SYSTEM] --- INITIATING SOVEREIGN NODE SCAN ---
[2026-06-25T09:15:02.973Z] [INFO] [SWARM] [BTC/USDT] $61772.8 | RSI: 72.2 | CONF: 0.00
[2026-06-25T09:15:02.973Z] [INFO] [EXECUTION] [STASIS] BTC/USDT - Confidence too low (0.00). Holding.
[2026-06-25T09:15:05.392Z] [INFO] [SWARM] [ETH/USDT] $1653.93 | RSI: 81.8 | CONF: 0.00
[2026-06-25T09:15:05.393Z] [INFO] [EXECUTION] [STASIS] ETH/USDT - Confidence too low (0.00). Holding.
[2026-06-25T09:15:15.549Z] [INFO] [SYSTEM] --- INITIATING SOVEREIGN NODE SCAN ---
[2026-06-25T09:15:17.805Z] [INFO] [SWARM] [BTC/USDT] $61772.8 | RSI: 72.2 | CONF: 0.00
[2026-06-25T09:15:17.805Z] [INFO] [EXECUTION] [STASIS] BTC/USDT - Confidence too low (0.00). Holding.
[2026-06-25T09:15:20.236Z] [INFO] [SWARM] [ETH/USDT] $1653.93 | RSI: 81.8 | CONF: 0.00
[2026-06-25T09:15:20.236Z] [INFO] [EXECUTION] [STASIS] ETH/USDT - Confidence too low (0.00). Holding.
[2026-06-25T09:15:30.549Z] [INFO] [SYSTEM] --- INITIATING SOVEREIGN NODE SCAN ---
[2026-06-25T09:15:33.045Z] [INFO] [SWARM] [BTC/USDT] $61772.8 | RSI: 72.2 | CONF: 0.00
[2026-06-25T09:15:33.046Z] [INFO] [EXECUTION] [STASIS] BTC/USDT - Confidence too low (0.00). Holding.
[2026-06-25T09:15:35.383Z] [INFO] [SWARM] [ETH/USDT] $1653.93 | RSI: 81.8 | CONF: 0.00
[2026-06-25T09:15:35.384Z] [INFO] [EXECUTION] [STASIS] ETH/USDT - Confidence too low (0.00). Holding.
[2026-06-25T09:15:45.550Z] [INFO] [SYSTEM] --- INITIATING SOVEREIGN NODE SCAN ---
[2026-06-25T09:15:47.888Z] [INFO] [SWARM] [BTC/USDT] $61752 | RSI: 60.5 | CONF: 0.70
[2026-06-25T09:15:47.888Z] [TRADE] [EXECUTION] [PAPER TRADE] BUY 0.004048 BTC/USDT @ $61752
[2026-06-25T09:15:50.230Z] [INFO] [SWARM] [ETH/USDT] $1653.93 | RSI: 81.8 | CONF: 0.00
[2026-06-25T09:15:50.230Z] [INFO] [EXECUTION] [STASIS] ETH/USDT - Confidence too low (0.00). Holding.
[2026-06-25T09:16:00.551Z] [INFO] [SYSTEM] --- INITIATING SOVEREIGN NODE SCAN ---
[2026-06-25T09:16:02.887Z] [INFO] [SWARM] [BTC/USDT] $61737.9 | RSI: 63.4 | CONF: 0.00
[2026-06-25T09:16:02.887Z] [INFO] [EXECUTION] [STASIS] BTC/USDT - Confidence too low (0.00). Holding.
[2026-06-25T09:16:05.222Z] [INFO] [SWARM] [ETH/USDT] $1653.93 | RSI: 81.8 | CONF: 0.00
[2026-06-25T09:16:05.222Z] [INFO] [EXECUTION] [STASIS] ETH/USDT - Confidence too low (0.00). Holding.
[2026-06-25T09:16:15.553Z] [INFO] [SYSTEM] --- INITIATING SOVEREIGN NODE SCAN ---
[2026-06-25T09:16:17.891Z] [INFO] [SWARM] [BTC/USDT] $61739.1 | RSI: 63.7 | CONF: 0.40
[2026-06-25T09:16:17.892Z] [INFO] [EXECUTION] [STASIS] BTC/USDT - Confidence too low (0.40). Holding.
[2026-06-25T09:16:20.233Z] [INFO] [SWARM] [ETH/USDT] $1653.93 | RSI: 81.8 | CONF: 0.00
[2026-06-25T09:16:20.233Z] [INFO] [EXECUTION] [STASIS] ETH/USDT - Confidence too low (0.00). Holding.
[2026-06-25T09:16:30.554Z] [INFO] [SYSTEM] --- INITIATING SOVEREIGN NODE SCAN ---
[2026-06-25T09:16:32.898Z] [INFO] [SWARM] [BTC/USDT] $61739.1 | RSI: 63.7 | CONF: 0.40
[2026-06-25T09:16:32.898Z] [INFO] [EXECUTION] [STASIS] BTC/USDT - Confidence too low (0.40). Holding.
[2026-06-25T09:16:35.233Z] [INFO] [SWARM] [ETH/USDT] $1653.93 | RSI: 81.8 | CONF: 0.00
[2026-06-25T09:16:35.233Z] [INFO] [EXECUTION] [STASIS] ETH/USDT - Confidence too low (0.00). Holding.
[2026-06-25T09:16:45.555Z] [INFO] [SYSTEM] --- INITIATING SOVEREIGN NODE SCAN ---
[2026-06-25T09:16:47.894Z] [INFO] [SWARM] [BTC/USDT] $61739.1 | RSI: 63.7 | CONF: 0.40
[2026-06-25T09:16:47.895Z] [INFO] [EXECUTION] [STASIS] BTC/USDT - Confidence too low (0.40). Holding.
[2026-06-25T09:16:50.321Z] [INFO] [SWARM] [ETH/USDT] $1653.93 | RSI: 81.8 | CONF: 0.00
[2026-06-25T09:16:50.321Z] [INFO] [EXECUTION] [STASIS] ETH/USDT - Confidence too low (0.00). Holding.
[2026-06-25T09:17:00.556Z] [INFO] [SYSTEM] --- INITIATING SOVEREIGN NODE SCAN ---
[2026-06-25T09:17:02.909Z] [INFO] [SWARM] [BTC/USDT] $61739.1 | RSI: 63.7 | CONF: 0.40
[2026-06-25T09:17:02.909Z] [INFO] [EXECUTION] [STASIS] BTC/USDT - Confidence too low (0.40). Holding.
[2026-06-25T09:17:05.247Z] [INFO] [SWARM] [ETH/USDT] $1653.93 | RSI: 81.8 | CONF: 0.00
[2026-06-25T09:17:05.247Z] [INFO] [EXECUTION] [STASIS] ETH/USDT - Confidence too low (0.00). Holding.
[2026-06-25T09:17:15.557Z] [INFO] [SYSTEM] --- INITIATING SOVEREIGN NODE SCAN ---
[2026-06-25T09:17:17.894Z] [INFO] [SWARM] [BTC/USDT] $61761.4 | RSI: 69.2 | CONF: 0.70
[2026-06-25T09:17:17.894Z] [TRADE] [EXECUTION] [PAPER TRADE] BUY 0.004048 BTC/USDT @ $61761.4
[2026-06-25T09:17:20.236Z] [INFO] [SWARM] [ETH/USDT] $1653.97 | RSI: 82.0 | CONF: 0.30
[2026-06-25T09:17:20.236Z] [INFO] [EXECUTION] [STASIS] ETH/USDT - Confidence too low (0.30). Holding.
[2026-06-25T09:17:30.558Z] [INFO] [SYSTEM] --- INITIATING SOVEREIGN NODE SCAN ---
[2026-06-25T09:17:33.048Z] [INFO] [SWARM] [BTC/USDT] $61761.4 | RSI: 69.2 | CONF: 0.70
[2026-06-25T09:17:33.048Z] [TRADE] [EXECUTION] [PAPER TRADE] BUY 0.004048 BTC/USDT @ $61761.4
[2026-06-25T09:17:35.390Z] [INFO] [SWARM] [ETH/USDT] $1653.97 | RSI: 82.0 | CONF: 0.30
[2026-06-25T09:17:35.390Z] [INFO] [EXECUTION] [STASIS] ETH/USDT - Confidence too low (0.30). Holding.
[2026-06-25T09:17:45.558Z] [INFO] [SYSTEM] --- INITIATING SOVEREIGN NODE SCAN ---
[2026-06-25T09:17:47.897Z] [INFO] [SWARM] [BTC/USDT] $61761.4 | RSI: 69.2 | CONF: 0.70
[2026-06-25T09:17:47.897Z] [TRADE] [EXECUTION] [PAPER TRADE] BUY 0.004048 BTC/USDT @ $61761.4
[2026-06-25T09:17:50.236Z] [INFO] [SWARM] [ETH/USDT] $1653.97 | RSI: 82.0 | CONF: 0.30
[2026-06-25T09:17:50.236Z] [INFO] [EXECUTION] [STASIS] ETH/USDT - Confidence too low (0.30). Holding.
[2026-06-25T09:18:00.558Z] [INFO] [SYSTEM] --- INITIATING SOVEREIGN NODE SCAN ---
[2026-06-25T09:18:02.900Z] [INFO] [SWARM] [BTC/USDT] $61761.4 | RSI: 69.3 | CONF: 0.40
[2026-06-25T09:18:02.900Z] [INFO] [EXECUTION] [STASIS] BTC/USDT - Confidence too low (0.40). Holding.
[2026-06-25T09:18:05.238Z] [INFO] [SWARM] [ETH/USDT] $1653.97 | RSI: 82.0 | CONF: 0.00
[2026-06-25T09:18:05.239Z] [INFO] [EXECUTION] [STASIS] ETH/USDT - Confidence too low (0.00). Holding.
[2026-06-25T09:18:15.559Z] [INFO] [SYSTEM] --- INITIATING SOVEREIGN NODE SCAN ---
[2026-06-25T09:18:17.896Z] [INFO] [SWARM] [BTC/USDT] $61761.4 | RSI: 69.3 | CONF: 0.40
[2026-06-25T09:18:17.896Z] [INFO] [EXECUTION] [STASIS] BTC/USDT - Confidence too low (0.40). Holding.
[2026-06-25T09:18:20.243Z] [INFO] [SWARM] [ETH/USDT] $1653.97 | RSI: 82.0 | CONF: 0.00
[2026-06-25T09:18:20.244Z] [INFO] [EXECUTION] [STASIS] ETH/USDT - Confidence too low (0.00). Holding.
[2026-06-25T09:18:30.560Z] [INFO] [SYSTEM] --- INITIATING SOVEREIGN NODE SCAN ---
[2026-06-25T09:18:32.898Z] [INFO] [SWARM] [BTC/USDT] $61761.4 | RSI: 69.3 | CONF: 0.40
[2026-06-25T09:18:32.898Z] [INFO] [EXECUTION] [STASIS] BTC/USDT - Confidence too low (0.40). Holding.
[2026-06-25T09:18:35.236Z] [INFO] [SWARM] [ETH/USDT] $1653.97 | RSI: 82.0 | CONF: 0.00
[2026-06-25T09:18:35.236Z] [INFO] [EXECUTION] [STASIS] ETH/USDT - Confidence too low (0.00). Holding.
[2026-06-25T09:18:45.560Z] [INFO] [SYSTEM] --- INITIATING SOVEREIGN NODE SCAN ---
[2026-06-25T09:18:47.899Z] [INFO] [SWARM] [BTC/USDT] $61761.4 | RSI: 69.3 | CONF: 0.40
[2026-06-25T09:18:47.899Z] [INFO] [EXECUTION] [STASIS] BTC/USDT - Confidence too low (0.40). Holding.
[2026-06-25T09:18:50.317Z] [INFO] [SWARM] [ETH/USDT] $1653.97 | RSI: 82.0 | CONF: 0.00
[2026-06-25T09:18:50.317Z] [INFO] [EXECUTION] [STASIS] ETH/USDT - Confidence too low (0.00). Holding.
[2026-06-25T09:19:00.560Z] [INFO] [SYSTEM] --- INITIATING SOVEREIGN NODE SCAN ---
[2026-06-25T09:19:02.817Z] [INFO] [SWARM] [BTC/USDT] $61761.4 | RSI: 69.3 | CONF: 0.40
[2026-06-25T09:19:02.818Z] [INFO] [EXECUTION] [STASIS] BTC/USDT - Confidence too low (0.40). Holding.
[2026-06-25T09:19:05.154Z] [INFO] [SWARM] [ETH/USDT] $1653.97 | RSI: 82.0 | CONF: 0.00
[2026-06-25T09:19:05.155Z] [INFO] [EXECUTION] [STASIS] ETH/USDT - Confidence too low (0.00). Holding.
[2026-06-25T09:19:15.561Z] [INFO] [SYSTEM] --- INITIATING SOVEREIGN NODE SCAN ---
[2026-06-25T09:19:17.981Z] [INFO] [SWARM] [BTC/USDT] $61733.2 | RSI: 58.1 | CONF: 0.00
[2026-06-25T09:19:17.981Z] [INFO] [EXECUTION] [STASIS] BTC/USDT - Confidence too low (0.00). Holding.
[2026-06-25T09:19:20.319Z] [INFO] [SWARM] [ETH/USDT] $1653.97 | RSI: 82.0 | CONF: 0.00
[2026-06-25T09:19:20.320Z] [INFO] [EXECUTION] [STASIS] ETH/USDT - Confidence too low (0.00). Holding.
[2026-06-25T09:19:30.562Z] [INFO] [SYSTEM] --- INITIATING SOVEREIGN NODE SCAN ---
[2026-06-25T09:19:32.814Z] [INFO] [SWARM] [BTC/USDT] $61733.2 | RSI: 58.1 | CONF: 0.00
[2026-06-25T09:19:32.814Z] [INFO] [EXECUTION] [STASIS] BTC/USDT - Confidence too low (0.00). Holding.
[2026-06-25T09:19:35.155Z] [INFO] [SWARM] [ETH/USDT] $1653.97 | RSI: 82.0 | CONF: 0.00
[2026-06-25T09:19:35.156Z] [INFO] [EXECUTION] [STASIS] ETH/USDT - Confidence too low (0.00). Holding.
[2026-06-25T09:19:45.563Z] [INFO] [SYSTEM] --- INITIATING SOVEREIGN NODE SCAN ---
[2026-06-25T09:19:47.903Z] [INFO] [SWARM] [BTC/USDT] $61733.2 | RSI: 58.1 | CONF: 0.00
[2026-06-25T09:19:47.903Z] [INFO] [EXECUTION] [STASIS] BTC/USDT - Confidence too low (0.00). Holding.
[2026-06-25T09:19:50.313Z] [INFO] [SWARM] [ETH/USDT] $1653.97 | RSI: 82.0 | CONF: 0.00
[2026-06-25T09:19:50.313Z] [INFO] [EXECUTION] [STASIS] ETH/USDT - Confidence too low (0.00). Holding.
[2026-06-25T09:20:00.564Z] [INFO] [SYSTEM] --- INITIATING SOVEREIGN NODE SCAN ---
[2026-06-25T09:20:02.980Z] [INFO] [SWARM] [BTC/USDT] $61733.2 | RSI: 58.1 | CONF: 0.00
[2026-06-25T09:20:02.980Z] [INFO] [EXECUTION] [STASIS] BTC/USDT - Confidence too low (0.00). Holding.
[2026-06-25T09:20:05.328Z] [INFO] [SWARM] [ETH/USDT] $1653.97 | RSI: 82.0 | CONF: 0.00
[2026-06-25T09:20:05.329Z] [INFO] [EXECUTION] [STASIS] ETH/USDT - Confidence too low (0.00). Holding.
[2026-06-25T09:20:15.564Z] [INFO] [SYSTEM] --- INITIATING SOVEREIGN NODE SCAN ---
[2026-06-25T09:20:17.907Z] [INFO] [SWARM] [BTC/USDT] $61733.2 | RSI: 58.1 | CONF: 0.00
[2026-06-25T09:20:17.908Z] [INFO] [EXECUTION] [STASIS] BTC/USDT - Confidence too low (0.00). Holding.
[2026-06-25T09:20:20.246Z] [INFO] [SWARM] [ETH/USDT] $1653.97 | RSI: 82.0 | CONF: 0.00
[2026-06-25T09:20:20.246Z] [INFO] [EXECUTION] [STASIS] ETH/USDT - Confidence too low (0.00). Holding.
[2026-06-25T09:20:30.566Z] [INFO] [SYSTEM] --- INITIATING SOVEREIGN NODE SCAN ---
[2026-06-25T09:20:32.904Z] [INFO] [SWARM] [BTC/USDT] $61733.2 | RSI: 58.1 | CONF: 0.00
[2026-06-25T09:20:32.904Z] [INFO] [EXECUTION] [STASIS] BTC/USDT - Confidence too low (0.00). Holding.
[2026-06-25T09:20:35.323Z] [INFO] [SWARM] [ETH/USDT] $1653.97 | RSI: 82.0 | CONF: 0.00
[2026-06-25T09:20:35.323Z] [INFO] [EXECUTION] [STASIS] ETH/USDT - Confidence too low (0.00). Holding.
[2026-06-25T09:20:45.567Z] [INFO] [SYSTEM] --- INITIATING SOVEREIGN NODE SCAN ---
[2026-06-25T09:20:47.826Z] [INFO] [SWARM] [BTC/USDT] $61733.2 | RSI: 58.1 | CONF: 0.00
[2026-06-25T09:20:47.826Z] [INFO] [EXECUTION] [STASIS] BTC/USDT - Confidence too low (0.00). Holding.
[2026-06-25T09:20:50.167Z] [INFO] [SWARM] [ETH/USDT] $1652.7 | RSI: 61.8 | CONF: 0.70
[2026-06-25T09:20:50.167Z] [TRADE] [EXECUTION] [PAPER TRADE] BUY 0.151268 ETH/USDT @ $1652.7
[2026-06-25T09:21:00.567Z] [INFO] [SYSTEM] --- INITIATING SOVEREIGN NODE SCAN ---
[2026-06-25T09:21:02.824Z] [INFO] [SWARM] [BTC/USDT] $61733.2 | RSI: 46.7 | CONF: 0.00
[2026-06-25T09:21:02.824Z] [INFO] [EXECUTION] [STASIS] BTC/USDT - Confidence too low (0.00). Holding.
[2026-06-25T09:21:05.170Z] [INFO] [SWARM] [ETH/USDT] $1652.7 | RSI: 61.8 | CONF: 0.40
[2026-06-25T09:21:05.171Z] [INFO] [EXECUTION] [STASIS] ETH/USDT - Confidence too low (0.40). Holding.
[2026-06-25T09:21:15.567Z] [INFO] [SYSTEM] --- INITIATING SOVEREIGN NODE SCAN ---
[2026-06-25T09:21:17.917Z] [INFO] [SWARM] [BTC/USDT] $61729.5 | RSI: 45.4 | CONF: 0.00
[2026-06-25T09:21:17.917Z] [INFO] [EXECUTION] [STASIS] BTC/USDT - Confidence too low (0.00). Holding.
[2026-06-25T09:21:20.268Z] [INFO] [SWARM] [ETH/USDT] $1652.7 | RSI: 61.8 | CONF: 0.40
[2026-06-25T09:21:20.268Z] [INFO] [EXECUTION] [STASIS] ETH/USDT - Confidence too low (0.40). Holding.
[2026-06-25T09:21:30.569Z] [INFO] [SYSTEM] --- INITIATING SOVEREIGN NODE SCAN ---
[2026-06-25T09:21:32.916Z] [INFO] [SWARM] [BTC/USDT] $61729.5 | RSI: 45.4 | CONF: 0.00
[2026-06-25T09:21:32.917Z] [INFO] [EXECUTION] [STASIS] BTC/USDT - Confidence too low (0.00). Holding.
[2026-06-25T09:21:35.176Z] [INFO] [SWARM] [ETH/USDT] $1652.7 | RSI: 61.8 | CONF: 0.40
[2026-06-25T09:21:35.176Z] [INFO] [EXECUTION] [STASIS] ETH/USDT - Confidence too low (0.40). Holding.
[2026-06-25T09:21:45.570Z] [INFO] [SYSTEM] --- INITIATING SOVEREIGN NODE SCAN ---
[2026-06-25T09:21:47.917Z] [INFO] [SWARM] [BTC/USDT] $61729.5 | RSI: 45.4 | CONF: 0.00
[2026-06-25T09:21:47.918Z] [INFO] [EXECUTION] [STASIS] BTC/USDT - Confidence too low (0.00). Holding.
[2026-06-25T09:21:50.258Z] [INFO] [SWARM] [ETH/USDT] $1650.21 | RSI: 41.7 | CONF: 0.00
[2026-06-25T09:21:50.258Z] [INFO] [EXECUTION] [STASIS] ETH/USDT - Confidence too low (0.00). Holding.
[2026-06-25T09:22:00.570Z] [INFO] [SYSTEM] --- INITIATING SOVEREIGN NODE SCAN ---
[2026-06-25T09:22:02.911Z] [INFO] [SWARM] [BTC/USDT] $61729.5 | RSI: 41.4 | CONF: 0.00
[2026-06-25T09:22:02.911Z] [INFO] [EXECUTION] [STASIS] BTC/USDT - Confidence too low (0.00). Holding.
[2026-06-25T09:22:05.250Z] [INFO] [SWARM] [ETH/USDT] $1650.21 | RSI: 41.7 | CONF: 0.00
[2026-06-25T09:22:05.250Z] [INFO] [EXECUTION] [STASIS] ETH/USDT - Confidence too low (0.00). Holding.
[2026-06-25T09:22:15.570Z] [INFO] [SYSTEM] --- INITIATING SOVEREIGN NODE SCAN ---
[2026-06-25T09:22:17.906Z] [INFO] [SWARM] [BTC/USDT] $61688 | RSI: 31.4 | CONF: 0.00
[2026-06-25T09:22:17.906Z] [INFO] [EXECUTION] [STASIS] BTC/USDT - Confidence too low (0.00). Holding.
[2026-06-25T09:22:20.248Z] [INFO] [SWARM] [ETH/USDT] $1649 | RSI: 36.0 | CONF: 0.00
[2026-06-25T09:22:20.248Z] [INFO] [EXECUTION] [STASIS] ETH/USDT - Confidence too low (0.00). Holding.
[2026-06-25T09:22:30.572Z] [INFO] [SYSTEM] --- INITIATING SOVEREIGN NODE SCAN ---
[2026-06-25T09:22:32.916Z] [INFO] [SWARM] [BTC/USDT] $61688 | RSI: 31.4 | CONF: 0.00
[2026-06-25T09:22:32.916Z] [INFO] [EXECUTION] [STASIS] BTC/USDT - Confidence too low (0.00). Holding.
[2026-06-25T09:22:35.272Z] [INFO] [SWARM] [ETH/USDT] $1649 | RSI: 36.0 | CONF: 0.00
[2026-06-25T09:22:35.273Z] [INFO] [EXECUTION] [STASIS] ETH/USDT - Confidence too low (0.00). Holding.
[2026-06-25T09:22:45.573Z] [INFO] [SYSTEM] --- INITIATING SOVEREIGN NODE SCAN ---
[2026-06-25T09:22:47.908Z] [INFO] [SWARM] [BTC/USDT] $61688 | RSI: 31.4 | CONF: 0.00
[2026-06-25T09:22:47.909Z] [INFO] [EXECUTION] [STASIS] BTC/USDT - Confidence too low (0.00). Holding.
[2026-06-25T09:22:50.254Z] [INFO] [SWARM] [ETH/USDT] $1647.72 | RSI: 31.5 | CONF: 0.00
[2026-06-25T09:22:50.254Z] [INFO] [EXECUTION] [STASIS] ETH/USDT - Confidence too low (0.00). Holding.
[2026-06-25T09:23:00.573Z] [INFO] [SYSTEM] --- INITIATING SOVEREIGN NODE SCAN ---
[2026-06-25T09:23:02.910Z] [INFO] [SWARM] [BTC/USDT] $61640 | RSI: 22.8 | CONF: 0.30
[2026-06-25T09:23:02.910Z] [INFO] [EXECUTION] [STASIS] BTC/USDT - Confidence too low (0.30). Holding.
[2026-06-25T09:23:05.256Z] [INFO] [SWARM] [ETH/USDT] $1647.13 | RSI: 29.7 | CONF: 0.30
[2026-06-25T09:23:05.256Z] [INFO] [EXECUTION] [STASIS] ETH/USDT - Confidence too low (0.30). Holding.
[2026-06-25T09:23:15.574Z] [INFO] [SYSTEM] --- INITIATING SOVEREIGN NODE SCAN ---
[2026-06-25T09:23:17.917Z] [INFO] [SWARM] [BTC/USDT] $61640 | RSI: 22.8 | CONF: 0.30
[2026-06-25T09:23:17.917Z] [INFO] [EXECUTION] [STASIS] BTC/USDT - Confidence too low (0.30). Holding.
[2026-06-25T09:23:20.348Z] [INFO] [SWARM] [ETH/USDT] $1647.13 | RSI: 29.7 | CONF: 0.30
[2026-06-25T09:23:20.349Z] [INFO] [EXECUTION] [STASIS] ETH/USDT - Confidence too low (0.30). Holding.
[2026-06-25T09:23:30.574Z] [INFO] [SYSTEM] --- INITIATING SOVEREIGN NODE SCAN ---
[2026-06-25T09:23:32.916Z] [INFO] [SWARM] [BTC/USDT] $61640 | RSI: 22.8 | CONF: 0.30
[2026-06-25T09:23:32.916Z] [INFO] [EXECUTION] [STASIS] BTC/USDT - Confidence too low (0.30). Holding.
[2026-06-25T09:23:35.258Z] [INFO] [SWARM] [ETH/USDT] $1647.13 | RSI: 29.7 | CONF: 0.30
[2026-06-25T09:23:35.259Z] [INFO] [EXECUTION] [STASIS] ETH/USDT - Confidence too low (0.30). Holding.
[2026-06-25T09:23:45.575Z] [INFO] [SYSTEM] --- INITIATING SOVEREIGN NODE SCAN ---
[2026-06-25T09:23:47.911Z] [INFO] [SWARM] [BTC/USDT] $61687.3 | RSI: 36.7 | CONF: 0.00
[2026-06-25T09:23:47.911Z] [INFO] [EXECUTION] [STASIS] BTC/USDT - Confidence too low (0.00). Holding.
[2026-06-25T09:23:50.262Z] [INFO] [SWARM] [ETH/USDT] $1647.13 | RSI: 29.7 | CONF: 0.30
[2026-06-25T09:23:50.262Z] [INFO] [EXECUTION] [STASIS] ETH/USDT - Confidence too low (0.30). Holding.
[2026-06-25T09:24:00.576Z] [INFO] [SYSTEM] --- INITIATING SOVEREIGN NODE SCAN ---
[2026-06-25T09:24:02.912Z] [INFO] [SWARM] [BTC/USDT] $61687.3 | RSI: 36.7 | CONF: 0.00
[2026-06-25T09:24:02.913Z] [INFO] [EXECUTION] [STASIS] BTC/USDT - Confidence too low (0.00). Holding.
[2026-06-25T09:24:05.253Z] [INFO] [SWARM] [ETH/USDT] $1647.13 | RSI: 29.7 | CONF: 0.30
[2026-06-25T09:24:05.253Z] [INFO] [EXECUTION] [STASIS] ETH/USDT - Confidence too low (0.30). Holding.
[2026-06-25T09:24:15.577Z] [INFO] [SYSTEM] --- INITIATING SOVEREIGN NODE SCAN ---
[2026-06-25T09:24:17.927Z] [INFO] [SWARM] [BTC/USDT] $61687.3 | RSI: 36.7 | CONF: 0.00
[2026-06-25T09:24:17.927Z] [INFO] [EXECUTION] [STASIS] BTC/USDT - Confidence too low (0.00). Holding.
[2026-06-25T09:24:20.275Z] [INFO] [SWARM] [ETH/USDT] $1647.13 | RSI: 29.7 | CONF: 0.30
[2026-06-25T09:24:20.275Z] [INFO] [EXECUTION] [STASIS] ETH/USDT - Confidence too low (0.30). Holding.
[2026-06-25T09:24:30.578Z] [INFO] [SYSTEM] --- INITIATING SOVEREIGN NODE SCAN ---
[2026-06-25T09:24:32.839Z] [INFO] [SWARM] [BTC/USDT] $61687.3 | RSI: 36.7 | CONF: 0.00
[2026-06-25T09:24:32.839Z] [INFO] [EXECUTION] [STASIS] BTC/USDT - Confidence too low (0.00). Holding.
[2026-06-25T09:24:35.222Z] [INFO] [SWARM] [ETH/USDT] $1647.13 | RSI: 36.2 | CONF: 0.00
[2026-06-25T09:24:35.222Z] [INFO] [EXECUTION] [STASIS] ETH/USDT - Confidence too low (0.00). Holding.
[2026-06-25T09:24:45.578Z] [INFO] [SYSTEM] --- INITIATING SOVEREIGN NODE SCAN ---
[2026-06-25T09:24:47.920Z] [INFO] [SWARM] [BTC/USDT] $61687.3 | RSI: 36.7 | CONF: 0.00
[2026-06-25T09:24:47.920Z] [INFO] [EXECUTION] [STASIS] BTC/USDT - Confidence too low (0.00). Holding.
[2026-06-25T09:24:50.356Z] [INFO] [SWARM] [ETH/USDT] $1648.21 | RSI: 36.2 | CONF: 0.00
[2026-06-25T09:24:50.356Z] [INFO] [EXECUTION] [STASIS] ETH/USDT - Confidence too low (0.00). Holding.
[2026-06-25T09:25:00.579Z] [INFO] [SYSTEM] --- INITIATING SOVEREIGN NODE SCAN ---
[2026-06-25T09:25:02.934Z] [INFO] [SWARM] [BTC/USDT] $61687.3 | RSI: 36.7 | CONF: 0.00
[2026-06-25T09:25:02.934Z] [INFO] [EXECUTION] [STASIS] BTC/USDT - Confidence too low (0.00). Holding.
[2026-06-25T09:25:05.278Z] [INFO] [SWARM] [ETH/USDT] $1648.21 | RSI: 36.2 | CONF: 0.00
[2026-06-25T09:25:05.278Z] [INFO] [EXECUTION] [STASIS] ETH/USDT - Confidence too low (0.00). Holding.
[2026-06-25T09:25:15.580Z] [INFO] [SYSTEM] --- INITIATING SOVEREIGN NODE SCAN ---
[2026-06-25T09:25:17.934Z] [INFO] [SWARM] [BTC/USDT] $61687.3 | RSI: 36.7 | CONF: 0.00
[2026-06-25T09:25:17.934Z] [INFO] [EXECUTION] [STASIS] BTC/USDT - Confidence too low (0.00). Holding.
[2026-06-25T09:25:20.327Z] [INFO] [SWARM] [ETH/USDT] $1648.21 | RSI: 36.2 | CONF: 0.00
[2026-06-25T09:25:20.327Z] [INFO] [EXECUTION] [STASIS] ETH/USDT - Confidence too low (0.00). Holding.
[2026-06-25T09:25:30.581Z] [INFO] [SYSTEM] --- INITIATING SOVEREIGN NODE SCAN ---
[2026-06-25T09:25:32.921Z] [INFO] [SWARM] [BTC/USDT] $61687.3 | RSI: 36.7 | CONF: 0.00
[2026-06-25T09:25:32.921Z] [INFO] [EXECUTION] [STASIS] BTC/USDT - Confidence too low (0.00). Holding.
[2026-06-25T09:25:35.267Z] [INFO] [SWARM] [ETH/USDT] $1648.21 | RSI: 36.2 | CONF: 0.00
[2026-06-25T09:25:35.268Z] [INFO] [EXECUTION] [STASIS] ETH/USDT - Confidence too low (0.00). Holding.
[2026-06-25T09:25:45.581Z] [INFO] [SYSTEM] --- INITIATING SOVEREIGN NODE SCAN ---
[2026-06-25T09:25:47.840Z] [INFO] [SWARM] [BTC/USDT] $61649.2 | RSI: 32.1 | CONF: 0.00
[2026-06-25T09:25:47.840Z] [INFO] [EXECUTION] [STASIS] BTC/USDT - Confidence too low (0.00). Holding.
[2026-06-25T09:25:50.184Z] [INFO] [SWARM] [ETH/USDT] $1648.21 | RSI: 34.7 | CONF: 0.00
[2026-06-25T09:25:50.184Z] [INFO] [EXECUTION] [STASIS] ETH/USDT - Confidence too low (0.00). Holding.
[2026-06-25T09:26:00.581Z] [INFO] [SYSTEM] --- INITIATING SOVEREIGN NODE SCAN ---
[2026-06-25T09:26:02.935Z] [INFO] [SWARM] [BTC/USDT] $61649.2 | RSI: 25.7 | CONF: 0.30
[2026-06-25T09:26:02.935Z] [INFO] [EXECUTION] [STASIS] BTC/USDT - Confidence too low (0.30). Holding.
[2026-06-25T09:26:05.315Z] [INFO] [SWARM] [ETH/USDT] $1647.73 | RSI: 34.7 | CONF: 0.00
[2026-06-25T09:26:05.316Z] [INFO] [EXECUTION] [STASIS] ETH/USDT - Confidence too low (0.00). Holding.
[2026-06-25T09:26:15.581Z] [INFO] [SYSTEM] --- INITIATING SOVEREIGN NODE SCAN ---
[2026-06-25T09:26:17.923Z] [INFO] [SWARM] [BTC/USDT] $61649.2 | RSI: 25.7 | CONF: 0.30
[2026-06-25T09:26:17.924Z] [INFO] [EXECUTION] [STASIS] BTC/USDT - Confidence too low (0.30). Holding.
[2026-06-25T09:26:20.270Z] [INFO] [SWARM] [ETH/USDT] $1647.73 | RSI: 34.7 | CONF: 0.00
[2026-06-25T09:26:20.270Z] [INFO] [EXECUTION] [STASIS] ETH/USDT - Confidence too low (0.00). Holding.
[2026-06-25T09:26:30.581Z] [INFO] [SYSTEM] --- INITIATING SOVEREIGN NODE SCAN ---
[2026-06-25T09:26:33.002Z] [INFO] [SWARM] [BTC/USDT] $61649.2 | RSI: 25.7 | CONF: 0.30
[2026-06-25T09:26:33.002Z] [INFO] [EXECUTION] [STASIS] BTC/USDT - Confidence too low (0.30). Holding.
[2026-06-25T09:26:35.338Z] [INFO] [SWARM] [ETH/USDT] $1647.73 | RSI: 34.7 | CONF: 0.00
[2026-06-25T09:26:35.338Z] [INFO] [EXECUTION] [STASIS] ETH/USDT - Confidence too low (0.00). Holding.
[2026-06-25T09:26:45.581Z] [INFO] [SYSTEM] --- INITIATING SOVEREIGN NODE SCAN ---
[2026-06-25T09:26:47.923Z] [INFO] [SWARM] [BTC/USDT] $61649.2 | RSI: 25.7 | CONF: 0.30
[2026-06-25T09:26:47.923Z] [INFO] [EXECUTION] [STASIS] BTC/USDT - Confidence too low (0.30). Holding.
[2026-06-25T09:26:50.309Z] [INFO] [SWARM] [ETH/USDT] $1647.73 | RSI: 34.7 | CONF: 0.00
[2026-06-25T09:26:50.310Z] [INFO] [EXECUTION] [STASIS] ETH/USDT - Confidence too low (0.00). Holding.
[2026-06-25T09:27:00.582Z] [INFO] [SYSTEM] --- INITIATING SOVEREIGN NODE SCAN ---
[2026-06-25T09:27:02.842Z] [INFO] [SWARM] [BTC/USDT] $61649.2 | RSI: 26.7 | CONF: 0.30
[2026-06-25T09:27:02.842Z] [INFO] [EXECUTION] [STASIS] BTC/USDT - Confidence too low (0.30). Holding.
[2026-06-25T09:27:05.181Z] [INFO] [SWARM] [ETH/USDT] $1647.73 | RSI: 12.3 | CONF: 0.30
[2026-06-25T09:27:05.181Z] [INFO] [EXECUTION] [STASIS] ETH/USDT - Confidence too low (0.30). Holding.
[2026-06-25T09:27:15.584Z] [INFO] [SYSTEM] --- INITIATING SOVEREIGN NODE SCAN ---
[2026-06-25T09:27:17.924Z] [INFO] [SWARM] [BTC/USDT] $61649.2 | RSI: 26.7 | CONF: 0.30
[2026-06-25T09:27:17.924Z] [INFO] [EXECUTION] [STASIS] BTC/USDT - Confidence too low (0.30). Holding.
[2026-06-25T09:27:20.265Z] [INFO] [SWARM] [ETH/USDT] $1647.73 | RSI: 12.3 | CONF: 0.30
[2026-06-25T09:27:20.266Z] [INFO] [EXECUTION] [STASIS] ETH/USDT - Confidence too low (0.30). Holding.
[2026-06-25T09:27:30.584Z] [INFO] [SYSTEM] --- INITIATING SOVEREIGN NODE SCAN ---
[2026-06-25T09:27:32.922Z] [INFO] [SWARM] [BTC/USDT] $61649.2 | RSI: 26.7 | CONF: 0.30
[2026-06-25T09:27:32.922Z] [INFO] [EXECUTION] [STASIS] BTC/USDT - Confidence too low (0.30). Holding.
[2026-06-25T09:27:35.253Z] [INFO] [SWARM] [ETH/USDT] $1647.73 | RSI: 12.3 | CONF: 0.30
[2026-06-25T09:27:35.253Z] [INFO] [EXECUTION] [STASIS] ETH/USDT - Confidence too low (0.30). Holding.
[2026-06-25T09:27:45.586Z] [INFO] [SYSTEM] --- INITIATING SOVEREIGN NODE SCAN ---
[2026-06-25T09:27:47.924Z] [INFO] [SWARM] [BTC/USDT] $61659.8 | RSI: 29.5 | CONF: 0.30
[2026-06-25T09:27:47.924Z] [INFO] [EXECUTION] [STASIS] BTC/USDT - Confidence too low (0.30). Holding.
[2026-06-25T09:27:50.345Z] [INFO] [SWARM] [ETH/USDT] $1647.73 | RSI: 12.3 | CONF: 0.30
[2026-06-25T09:27:50.345Z] [INFO] [EXECUTION] [STASIS] ETH/USDT - Confidence too low (0.30). Holding.
[2026-06-25T09:28:00.586Z] [INFO] [SYSTEM] --- INITIATING SOVEREIGN NODE SCAN ---
[2026-06-25T09:28:02.845Z] [INFO] [SWARM] [BTC/USDT] $61664.5 | RSI: 30.7 | CONF: 0.00
[2026-06-25T09:28:02.845Z] [INFO] [EXECUTION] [STASIS] BTC/USDT - Confidence too low (0.00). Holding.
[2026-06-25T09:28:05.186Z] [INFO] [SWARM] [ETH/USDT] $1647.73 | RSI: 13.3 | CONF: 0.30
[2026-06-25T09:28:05.187Z] [INFO] [EXECUTION] [STASIS] ETH/USDT - Confidence too low (0.30). Holding.
[2026-06-25T09:28:15.587Z] [INFO] [SYSTEM] --- INITIATING SOVEREIGN NODE SCAN ---
[2026-06-25T09:28:17.924Z] [INFO] [SWARM] [BTC/USDT] $61664.5 | RSI: 30.7 | CONF: 0.00
[2026-06-25T09:28:17.924Z] [INFO] [EXECUTION] [STASIS] BTC/USDT - Confidence too low (0.00). Holding.
[2026-06-25T09:28:20.357Z] [INFO] [SWARM] [ETH/USDT] $1647.73 | RSI: 13.3 | CONF: 0.30
[2026-06-25T09:28:20.357Z] [INFO] [EXECUTION] [STASIS] ETH/USDT - Confidence too low (0.30). Holding.
[2026-06-25T09:28:30.588Z] [INFO] [SYSTEM] --- INITIATING SOVEREIGN NODE SCAN ---
[2026-06-25T09:28:32.929Z] [INFO] [SWARM] [BTC/USDT] $61664.5 | RSI: 30.7 | CONF: 0.00
[2026-06-25T09:28:32.930Z] [INFO] [EXECUTION] [STASIS] BTC/USDT - Confidence too low (0.00). Holding.
[2026-06-25T09:28:35.272Z] [INFO] [SWARM] [ETH/USDT] $1647.73 | RSI: 13.3 | CONF: 0.30
[2026-06-25T09:28:35.272Z] [INFO] [EXECUTION] [STASIS] ETH/USDT - Confidence too low (0.30). Holding.
[2026-06-25T09:28:45.589Z] [INFO] [SYSTEM] --- INITIATING SOVEREIGN NODE SCAN ---
[2026-06-25T09:28:47.933Z] [INFO] [SWARM] [BTC/USDT] $61664.5 | RSI: 30.7 | CONF: 0.00
[2026-06-25T09:28:47.933Z] [INFO] [EXECUTION] [STASIS] BTC/USDT - Confidence too low (0.00). Holding.
[2026-06-25T09:28:50.277Z] [INFO] [SWARM] [ETH/USDT] $1647.73 | RSI: 13.3 | CONF: 0.30
[2026-06-25T09:28:50.277Z] [INFO] [EXECUTION] [STASIS] ETH/USDT - Confidence too low (0.30). Holding.
[2026-06-25T09:29:00.589Z] [INFO] [SYSTEM] --- INITIATING SOVEREIGN NODE SCAN ---
[2026-06-25T09:29:02.931Z] [INFO] [SWARM] [BTC/USDT] $61664.5 | RSI: 45.5 | CONF: 0.00
[2026-06-25T09:29:02.931Z] [INFO] [EXECUTION] [STASIS] BTC/USDT - Confidence too low (0.00). Holding.
[2026-06-25T09:29:05.273Z] [INFO] [SWARM] [ETH/USDT] $1647.73 | RSI: 13.3 | CONF: 0.30
[2026-06-25T09:29:05.273Z] [INFO] [EXECUTION] [STASIS] ETH/USDT - Confidence too low (0.30). Holding.
[2026-06-25T09:29:15.590Z] [INFO] [SYSTEM] --- INITIATING SOVEREIGN NODE SCAN ---
[2026-06-25T09:29:17.931Z] [INFO] [SWARM] [BTC/USDT] $61711.4 | RSI: 45.5 | CONF: 0.00
[2026-06-25T09:29:17.931Z] [INFO] [EXECUTION] [STASIS] BTC/USDT - Confidence too low (0.00). Holding.
[2026-06-25T09:29:20.273Z] [INFO] [SWARM] [ETH/USDT] $1647.73 | RSI: 13.3 | CONF: 0.30
[2026-06-25T09:29:20.274Z] [INFO] [EXECUTION] [STASIS] ETH/USDT - Confidence too low (0.30). Holding.
[2026-06-25T09:29:30.591Z] [INFO] [SYSTEM] --- INITIATING SOVEREIGN NODE SCAN ---
[2026-06-25T09:29:32.941Z] [INFO] [SWARM] [BTC/USDT] $61711.4 | RSI: 45.5 | CONF: 0.00
[2026-06-25T09:29:32.941Z] [INFO] [EXECUTION] [STASIS] BTC/USDT - Confidence too low (0.00). Holding.
[2026-06-25T09:29:35.282Z] [INFO] [SWARM] [ETH/USDT] $1647.73 | RSI: 13.3 | CONF: 0.30
[2026-06-25T09:29:35.282Z] [INFO] [EXECUTION] [STASIS] ETH/USDT - Confidence too low (0.30). Holding.
[2026-06-25T09:29:45.592Z] [INFO] [SYSTEM] --- INITIATING SOVEREIGN NODE SCAN ---
[2026-06-25T09:29:47.933Z] [INFO] [SWARM] [BTC/USDT] $61711.4 | RSI: 45.5 | CONF: 0.00
[2026-06-25T09:29:47.933Z] [INFO] [EXECUTION] [STASIS] BTC/USDT - Confidence too low (0.00). Holding.
[2026-06-25T09:29:50.281Z] [INFO] [SWARM] [ETH/USDT] $1647.73 | RSI: 13.3 | CONF: 0.30
[2026-06-25T09:29:50.281Z] [INFO] [EXECUTION] [STASIS] ETH/USDT - Confidence too low (0.30). Holding.
[2026-06-25T09:30:00.592Z] [INFO] [SYSTEM] --- INITIATING SOVEREIGN NODE SCAN ---
[2026-06-25T09:30:03.017Z] [INFO] [SWARM] [BTC/USDT] $61695.6 | RSI: 42.9 | CONF: 0.00
[2026-06-25T09:30:03.017Z] [INFO] [EXECUTION] [STASIS] BTC/USDT - Confidence too low (0.00). Holding.
[2026-06-25T09:30:05.279Z] [INFO] [SWARM] [ETH/USDT] $1647.73 | RSI: 13.3 | CONF: 0.30
[2026-06-25T09:30:05.279Z] [INFO] [EXECUTION] [STASIS] ETH/USDT - Confidence too low (0.30). Holding.
[2026-06-25T09:30:15.593Z] [INFO] [SYSTEM] --- INITIATING SOVEREIGN NODE SCAN ---
[2026-06-25T09:30:17.938Z] [INFO] [SWARM] [BTC/USDT] $61695.6 | RSI: 42.9 | CONF: 0.00
[2026-06-25T09:30:17.939Z] [INFO] [EXECUTION] [STASIS] BTC/USDT - Confidence too low (0.00). Holding.
[2026-06-25T09:30:20.279Z] [INFO] [SWARM] [ETH/USDT] $1647.73 | RSI: 13.3 | CONF: 0.30
[2026-06-25T09:30:20.280Z] [INFO] [EXECUTION] [STASIS] ETH/USDT - Confidence too low (0.30). Holding.
[2026-06-25T09:30:30.593Z] [INFO] [SYSTEM] --- INITIATING SOVEREIGN NODE SCAN ---
[2026-06-25T09:30:32.934Z] [INFO] [SWARM] [BTC/USDT] $61695.6 | RSI: 42.9 | CONF: 0.00
[2026-06-25T09:30:32.935Z] [INFO] [EXECUTION] [STASIS] BTC/USDT - Confidence too low (0.00). Holding.
[2026-06-25T09:30:35.323Z] [INFO] [SWARM] [ETH/USDT] $1647.73 | RSI: 13.3 | CONF: 0.30
[2026-06-25T09:30:35.324Z] [INFO] [EXECUTION] [STASIS] ETH/USDT - Confidence too low (0.30). Holding.
[2026-06-25T09:30:45.594Z] [INFO] [SYSTEM] --- INITIATING SOVEREIGN NODE SCAN ---
[2026-06-25T09:30:47.857Z] [INFO] [SWARM] [BTC/USDT] $61716.3 | RSI: 46.2 | CONF: 0.00
[2026-06-25T09:30:47.857Z] [INFO] [EXECUTION] [STASIS] BTC/USDT - Confidence too low (0.00). Holding.
[2026-06-25T09:30:50.199Z] [INFO] [SWARM] [ETH/USDT] $1647.73 | RSI: 13.3 | CONF: 0.30
[2026-06-25T09:30:50.199Z] [INFO] [EXECUTION] [STASIS] ETH/USDT - Confidence too low (0.30). Holding.
[2026-06-25T09:31:00.595Z] [INFO] [SYSTEM] --- INITIATING SOVEREIGN NODE SCAN ---
[2026-06-25T09:31:02.934Z] [INFO] [SWARM] [BTC/USDT] $61716.3 | RSI: 41.8 | CONF: 0.00
[2026-06-25T09:31:02.934Z] [INFO] [EXECUTION] [STASIS] BTC/USDT - Confidence too low (0.00). Holding.
[2026-06-25T09:31:05.278Z] [INFO] [SWARM] [ETH/USDT] $1649.29 | RSI: 26.5 | CONF: 0.30
[2026-06-25T09:31:05.278Z] [INFO] [EXECUTION] [STASIS] ETH/USDT - Confidence too low (0.30). Holding.
[2026-06-25T09:31:15.595Z] [INFO] [SYSTEM] --- INITIATING SOVEREIGN NODE SCAN ---
[2026-06-25T09:31:17.939Z] [INFO] [SWARM] [BTC/USDT] $61736.6 | RSI: 45.8 | CONF: 0.30
[2026-06-25T09:31:17.939Z] [INFO] [EXECUTION] [STASIS] BTC/USDT - Confidence too low (0.30). Holding.
[2026-06-25T09:31:20.321Z] [INFO] [SWARM] [ETH/USDT] $1649.29 | RSI: 25.9 | CONF: 0.30
[2026-06-25T09:31:20.322Z] [INFO] [EXECUTION] [STASIS] ETH/USDT - Confidence too low (0.30). Holding.
[2026-06-25T09:31:30.597Z] [INFO] [SYSTEM] --- INITIATING SOVEREIGN NODE SCAN ---
[2026-06-25T09:31:32.864Z] [INFO] [SWARM] [BTC/USDT] $61736.6 | RSI: 45.8 | CONF: 0.30
[2026-06-25T09:31:32.865Z] [INFO] [EXECUTION] [STASIS] BTC/USDT - Confidence too low (0.30). Holding.
[2026-06-25T09:31:35.286Z] [INFO] [SWARM] [ETH/USDT] $1649.05 | RSI: 25.9 | CONF: 0.30
[2026-06-25T09:31:35.286Z] [INFO] [EXECUTION] [STASIS] ETH/USDT - Confidence too low (0.30). Holding.
[2026-06-25T09:31:45.598Z] [INFO] [SYSTEM] --- INITIATING SOVEREIGN NODE SCAN ---
[2026-06-25T09:31:47.939Z] [INFO] [SWARM] [BTC/USDT] $61711 | RSI: 41.0 | CONF: 0.00
[2026-06-25T09:31:47.940Z] [INFO] [EXECUTION] [STASIS] BTC/USDT - Confidence too low (0.00). Holding.
[2026-06-25T09:31:50.198Z] [INFO] [SWARM] [ETH/USDT] $1649.05 | RSI: 25.9 | CONF: 0.30
[2026-06-25T09:31:50.198Z] [INFO] [EXECUTION] [STASIS] ETH/USDT - Confidence too low (0.30). Holding.
[2026-06-25T09:32:00.599Z] [INFO] [SYSTEM] --- INITIATING SOVEREIGN NODE SCAN ---
[2026-06-25T09:32:02.942Z] [INFO] [SWARM] [BTC/USDT] $61711 | RSI: 41.0 | CONF: 0.00
[2026-06-25T09:32:02.942Z] [INFO] [EXECUTION] [STASIS] BTC/USDT - Confidence too low (0.00). Holding.
[2026-06-25T09:32:05.295Z] [INFO] [SWARM] [ETH/USDT] $1649.05 | RSI: 25.9 | CONF: 0.30
[2026-06-25T09:32:05.296Z] [INFO] [EXECUTION] [STASIS] ETH/USDT - Confidence too low (0.30). Holding.
[2026-06-25T09:32:15.599Z] [INFO] [SYSTEM] --- INITIATING SOVEREIGN NODE SCAN ---
[2026-06-25T09:32:17.864Z] [INFO] [SWARM] [BTC/USDT] $61701.1 | RSI: 39.6 | CONF: 0.00
[2026-06-25T09:32:17.865Z] [INFO] [EXECUTION] [STASIS] BTC/USDT - Confidence too low (0.00). Holding.
[2026-06-25T09:32:20.214Z] [INFO] [SWARM] [ETH/USDT] $1649.05 | RSI: 25.9 | CONF: 0.30
[2026-06-25T09:32:20.214Z] [INFO] [EXECUTION] [STASIS] ETH/USDT - Confidence too low (0.30). Holding.
[2026-06-25T09:32:30.600Z] [INFO] [SYSTEM] --- INITIATING SOVEREIGN NODE SCAN ---
[2026-06-25T09:32:32.939Z] [INFO] [SWARM] [BTC/USDT] $61701.1 | RSI: 39.6 | CONF: 0.00
[2026-06-25T09:32:32.939Z] [INFO] [EXECUTION] [STASIS] BTC/USDT - Confidence too low (0.00). Holding.
[2026-06-25T09:32:35.284Z] [INFO] [SWARM] [ETH/USDT] $1649.05 | RSI: 25.9 | CONF: 0.30
[2026-06-25T09:32:35.285Z] [INFO] [EXECUTION] [STASIS] ETH/USDT - Confidence too low (0.30). Holding.
[2026-06-25T09:32:45.601Z] [INFO] [SYSTEM] --- INITIATING SOVEREIGN NODE SCAN ---
[2026-06-25T09:32:47.951Z] [INFO] [SWARM] [BTC/USDT] $61701.1 | RSI: 39.6 | CONF: 0.00
[2026-06-25T09:32:47.951Z] [INFO] [EXECUTION] [STASIS] BTC/USDT - Confidence too low (0.00). Holding.
[2026-06-25T09:32:50.304Z] [INFO] [SWARM] [ETH/USDT] $1649.05 | RSI: 25.9 | CONF: 0.30
[2026-06-25T09:32:50.304Z] [INFO] [EXECUTION] [STASIS] ETH/USDT - Confidence too low (0.30). Holding.
[2026-06-25T09:33:00.601Z] [INFO] [SYSTEM] --- INITIATING SOVEREIGN NODE SCAN ---
[2026-06-25T09:33:02.952Z] [INFO] [SWARM] [BTC/USDT] $61701.1 | RSI: 43.8 | CONF: 0.00
[2026-06-25T09:33:02.953Z] [INFO] [EXECUTION] [STASIS] BTC/USDT - Confidence too low (0.00). Holding.
[2026-06-25T09:33:05.294Z] [INFO] [SWARM] [ETH/USDT] $1649.05 | RSI: 25.9 | CONF: 0.30
[2026-06-25T09:33:05.294Z] [INFO] [EXECUTION] [STASIS] ETH/USDT - Confidence too low (0.30). Holding.
[2026-06-25T09:33:15.601Z] [INFO] [SYSTEM] --- INITIATING SOVEREIGN NODE SCAN ---
[2026-06-25T09:33:17.872Z] [INFO] [SWARM] [BTC/USDT] $61733.4 | RSI: 50.0 | CONF: 0.40
[2026-06-25T09:33:17.873Z] [INFO] [EXECUTION] [STASIS] BTC/USDT - Confidence too low (0.40). Holding.
[2026-06-25T09:33:20.213Z] [INFO] [SWARM] [ETH/USDT] $1649.05 | RSI: 25.9 | CONF: 0.30
[2026-06-25T09:33:20.214Z] [INFO] [EXECUTION] [STASIS] ETH/USDT - Confidence too low (0.30). Holding.
[2026-06-25T09:33:30.601Z] [INFO] [SYSTEM] --- INITIATING SOVEREIGN NODE SCAN ---
[2026-06-25T09:33:33.016Z] [INFO] [SWARM] [BTC/USDT] $61733.4 | RSI: 50.0 | CONF: 0.40
[2026-06-25T09:33:33.017Z] [INFO] [EXECUTION] [STASIS] BTC/USDT - Confidence too low (0.40). Holding.
[2026-06-25T09:33:35.359Z] [INFO] [SWARM] [ETH/USDT] $1649.05 | RSI: 25.9 | CONF: 0.30
[2026-06-25T09:33:35.359Z] [INFO] [EXECUTION] [STASIS] ETH/USDT - Confidence too low (0.30). Holding.
[2026-06-25T09:33:45.602Z] [INFO] [SYSTEM] --- INITIATING SOVEREIGN NODE SCAN ---
[2026-06-25T09:33:47.948Z] [INFO] [SWARM] [BTC/USDT] $61733.4 | RSI: 50.0 | CONF: 0.40
[2026-06-25T09:33:47.948Z] [INFO] [EXECUTION] [STASIS] BTC/USDT - Confidence too low (0.40). Holding.
[2026-06-25T09:33:50.292Z] [INFO] [SWARM] [ETH/USDT] $1649.05 | RSI: 25.9 | CONF: 0.30
[2026-06-25T09:33:50.292Z] [INFO] [EXECUTION] [STASIS] ETH/USDT - Confidence too low (0.30). Holding.
[2026-06-25T09:34:00.604Z] [INFO] [SYSTEM] --- INITIATING SOVEREIGN NODE SCAN ---
[2026-06-25T09:34:02.942Z] [INFO] [SWARM] [BTC/USDT] $61733.4 | RSI: 50.0 | CONF: 0.40
[2026-06-25T09:34:02.942Z] [INFO] [EXECUTION] [STASIS] BTC/USDT - Confidence too low (0.40). Holding.
[2026-06-25T09:34:05.283Z] [INFO] [SWARM] [ETH/USDT] $1648.81 | RSI: 28.8 | CONF: 0.30
[2026-06-25T09:34:05.284Z] [INFO] [EXECUTION] [STASIS] ETH/USDT - Confidence too low (0.30). Holding.
[2026-06-25T09:34:15.604Z] [INFO] [SYSTEM] --- INITIATING SOVEREIGN NODE SCAN ---
[2026-06-25T09:34:17.947Z] [INFO] [SWARM] [BTC/USDT] $61733.4 | RSI: 50.0 | CONF: 0.40
[2026-06-25T09:34:17.948Z] [INFO] [EXECUTION] [STASIS] BTC/USDT - Confidence too low (0.40). Holding.
[2026-06-25T09:34:20.294Z] [INFO] [SWARM] [ETH/USDT] $1648.81 | RSI: 28.8 | CONF: 0.30
[2026-06-25T09:34:20.294Z] [INFO] [EXECUTION] [STASIS] ETH/USDT - Confidence too low (0.30). Holding.
[2026-06-25T09:34:30.605Z] [INFO] [SYSTEM] --- INITIATING SOVEREIGN NODE SCAN ---
[2026-06-25T09:34:32.941Z] [INFO] [SWARM] [BTC/USDT] $61733.4 | RSI: 50.0 | CONF: 0.40
[2026-06-25T09:34:32.941Z] [INFO] [EXECUTION] [STASIS] BTC/USDT - Confidence too low (0.40). Holding.
[2026-06-25T09:34:35.283Z] [INFO] [SWARM] [ETH/USDT] $1648.81 | RSI: 28.8 | CONF: 0.30
[2026-06-25T09:34:35.283Z] [INFO] [EXECUTION] [STASIS] ETH/USDT - Confidence too low (0.30). Holding.
[2026-06-25T09:34:45.605Z] [INFO] [SYSTEM] --- INITIATING SOVEREIGN NODE SCAN ---
[2026-06-25T09:34:47.941Z] [INFO] [SWARM] [BTC/USDT] $61733.4 | RSI: 50.0 | CONF: 0.40
[2026-06-25T09:34:47.941Z] [INFO] [EXECUTION] [STASIS] BTC/USDT - Confidence too low (0.40). Holding.
[2026-06-25T09:34:50.291Z] [INFO] [SWARM] [ETH/USDT] $1648.81 | RSI: 28.8 | CONF: 0.30
[2026-06-25T09:34:50.291Z] [INFO] [EXECUTION] [STASIS] ETH/USDT - Confidence too low (0.30). Holding.
[2026-06-25T09:35:00.605Z] [INFO] [SYSTEM] --- INITIATING SOVEREIGN NODE SCAN ---
[2026-06-25T09:35:02.952Z] [INFO] [SWARM] [BTC/USDT] $61733.4 | RSI: 50.7 | CONF: 0.40
[2026-06-25T09:35:02.952Z] [INFO] [EXECUTION] [STASIS] BTC/USDT - Confidence too low (0.40). Holding.
[2026-06-25T09:35:05.294Z] [INFO] [SWARM] [ETH/USDT] $1648.81 | RSI: 39.5 | CONF: 0.00
[2026-06-25T09:35:05.294Z] [INFO] [EXECUTION] [STASIS] ETH/USDT - Confidence too low (0.00). Holding.
[2026-06-25T09:35:15.605Z] [INFO] [SYSTEM] --- INITIATING SOVEREIGN NODE SCAN ---
[2026-06-25T09:35:17.869Z] [INFO] [SWARM] [BTC/USDT] $61721.9 | RSI: 48.7 | CONF: 0.30
[2026-06-25T09:35:17.869Z] [INFO] [EXECUTION] [STASIS] BTC/USDT - Confidence too low (0.30). Holding.
[2026-06-25T09:35:20.288Z] [INFO] [SWARM] [ETH/USDT] $1648.71 | RSI: 38.9 | CONF: 0.00
[2026-06-25T09:35:20.288Z] [INFO] [EXECUTION] [STASIS] ETH/USDT - Confidence too low (0.00). Holding.
[2026-06-25T09:35:30.605Z] [INFO] [SYSTEM] --- INITIATING SOVEREIGN NODE SCAN ---
[2026-06-25T09:35:32.952Z] [INFO] [SWARM] [BTC/USDT] $61721.9 | RSI: 48.7 | CONF: 0.30
[2026-06-25T09:35:32.952Z] [INFO] [EXECUTION] [STASIS] BTC/USDT - Confidence too low (0.30). Holding.
[2026-06-25T09:35:35.287Z] [INFO] [SWARM] [ETH/USDT] $1648.71 | RSI: 38.9 | CONF: 0.00
[2026-06-25T09:35:35.287Z] [INFO] [EXECUTION] [STASIS] ETH/USDT - Confidence too low (0.00). Holding.
[2026-06-25T09:35:45.605Z] [INFO] [SYSTEM] --- INITIATING SOVEREIGN NODE SCAN ---
[2026-06-25T09:35:47.946Z] [INFO] [SWARM] [BTC/USDT] $61721.9 | RSI: 48.7 | CONF: 0.30
[2026-06-25T09:35:47.947Z] [INFO] [EXECUTION] [STASIS] BTC/USDT - Confidence too low (0.30). Holding.
[2026-06-25T09:35:50.377Z] [INFO] [SWARM] [ETH/USDT] $1648.71 | RSI: 38.9 | CONF: 0.00
[2026-06-25T09:35:50.378Z] [INFO] [EXECUTION] [STASIS] ETH/USDT - Confidence too low (0.00). Holding.
[2026-06-25T09:36:00.605Z] [INFO] [SYSTEM] --- INITIATING SOVEREIGN NODE SCAN ---
[2026-06-25T09:36:02.943Z] [INFO] [SWARM] [BTC/USDT] $61721.9 | RSI: 69.4 | CONF: 0.40
[2026-06-25T09:36:02.944Z] [INFO] [EXECUTION] [STASIS] BTC/USDT - Confidence too low (0.40). Holding.
[2026-06-25T09:36:05.295Z] [INFO] [SWARM] [ETH/USDT] $1648.71 | RSI: 71.4 | CONF: 0.00
[2026-06-25T09:36:05.295Z] [INFO] [EXECUTION] [STASIS] ETH/USDT - Confidence too low (0.00). Holding.
[2026-06-25T09:36:15.605Z] [INFO] [SYSTEM] --- INITIATING SOVEREIGN NODE SCAN ---
[2026-06-25T09:36:17.943Z] [INFO] [SWARM] [BTC/USDT] $61721.9 | RSI: 69.4 | CONF: 0.40
[2026-06-25T09:36:17.943Z] [INFO] [EXECUTION] [STASIS] BTC/USDT - Confidence too low (0.40). Holding.
[2026-06-25T09:36:20.280Z] [INFO] [SWARM] [ETH/USDT] $1648.71 | RSI: 71.4 | CONF: 0.00
[2026-06-25T09:36:20.281Z] [INFO] [EXECUTION] [STASIS] ETH/USDT - Confidence too low (0.00). Holding.
[2026-06-25T09:36:30.605Z] [INFO] [SYSTEM] --- INITIATING SOVEREIGN NODE SCAN ---
[2026-06-25T09:36:32.939Z] [INFO] [SWARM] [BTC/USDT] $61721.9 | RSI: 69.4 | CONF: 0.40
[2026-06-25T09:36:32.940Z] [INFO] [EXECUTION] [STASIS] BTC/USDT - Confidence too low (0.40). Holding.
[2026-06-25T09:36:35.283Z] [INFO] [SWARM] [ETH/USDT] $1648.71 | RSI: 71.4 | CONF: 0.00
[2026-06-25T09:36:35.284Z] [INFO] [EXECUTION] [STASIS] ETH/USDT - Confidence too low (0.00). Holding.
[2026-06-25T09:36:45.606Z] [INFO] [SYSTEM] --- INITIATING SOVEREIGN NODE SCAN ---
[2026-06-25T09:36:47.954Z] [INFO] [SWARM] [BTC/USDT] $61721.9 | RSI: 69.4 | CONF: 0.40
[2026-06-25T09:36:47.955Z] [INFO] [EXECUTION] [STASIS] BTC/USDT - Confidence too low (0.40). Holding.
[2026-06-25T09:36:50.340Z] [INFO] [SWARM] [ETH/USDT] $1648.71 | RSI: 71.4 | CONF: 0.00
[2026-06-25T09:36:50.340Z] [INFO] [EXECUTION] [STASIS] ETH/USDT - Confidence too low (0.00). Holding.
[2026-06-25T09:37:00.607Z] [INFO] [SYSTEM] --- INITIATING SOVEREIGN NODE SCAN ---
[2026-06-25T09:37:02.942Z] [INFO] [SWARM] [BTC/USDT] $61721.9 | RSI: 60.5 | CONF: 0.40
[2026-06-25T09:37:02.942Z] [INFO] [EXECUTION] [STASIS] BTC/USDT - Confidence too low (0.40). Holding.
[2026-06-25T09:37:05.282Z] [INFO] [SWARM] [ETH/USDT] $1648.71 | RSI: 71.4 | CONF: 0.00
[2026-06-25T09:37:05.282Z] [INFO] [EXECUTION] [STASIS] ETH/USDT - Confidence too low (0.00). Holding.
[2026-06-25T09:37:15.608Z] [INFO] [SYSTEM] --- INITIATING SOVEREIGN NODE SCAN ---
[2026-06-25T09:37:17.946Z] [INFO] [SWARM] [BTC/USDT] $61721.9 | RSI: 60.5 | CONF: 0.40
[2026-06-25T09:37:17.946Z] [INFO] [EXECUTION] [STASIS] BTC/USDT - Confidence too low (0.40). Holding.
[2026-06-25T09:37:20.298Z] [INFO] [SWARM] [ETH/USDT] $1648.71 | RSI: 71.4 | CONF: 0.00
[2026-06-25T09:37:20.298Z] [INFO] [EXECUTION] [STASIS] ETH/USDT - Confidence too low (0.00). Holding.
[2026-06-25T09:37:30.609Z] [INFO] [SYSTEM] --- INITIATING SOVEREIGN NODE SCAN ---
[2026-06-25T09:37:32.957Z] [INFO] [SWARM] [BTC/USDT] $61721.9 | RSI: 60.5 | CONF: 0.40
[2026-06-25T09:37:32.957Z] [INFO] [EXECUTION] [STASIS] BTC/USDT - Confidence too low (0.40). Holding.
[2026-06-25T09:37:35.297Z] [INFO] [SWARM] [ETH/USDT] $1649.62 | RSI: 77.0 | CONF: 0.30
[2026-06-25T09:37:35.298Z] [INFO] [EXECUTION] [STASIS] ETH/USDT - Confidence too low (0.30). Holding.
[2026-06-25T09:37:45.609Z] [INFO] [SYSTEM] --- INITIATING SOVEREIGN NODE SCAN ---
[2026-06-25T09:37:48.031Z] [INFO] [SWARM] [BTC/USDT] $61721.9 | RSI: 60.5 | CONF: 0.40
[2026-06-25T09:37:48.032Z] [INFO] [EXECUTION] [STASIS] BTC/USDT - Confidence too low (0.40). Holding.
[2026-06-25T09:37:50.384Z] [INFO] [SWARM] [ETH/USDT] $1649.62 | RSI: 77.0 | CONF: 0.30
[2026-06-25T09:37:50.384Z] [INFO] [EXECUTION] [STASIS] ETH/USDT - Confidence too low (0.30). Holding.
[2026-06-25T09:38:00.609Z] [INFO] [SYSTEM] --- INITIATING SOVEREIGN NODE SCAN ---
[2026-06-25T09:38:02.948Z] [INFO] [SWARM] [BTC/USDT] $61721.9 | RSI: 60.5 | CONF: 0.40
[2026-06-25T09:38:02.948Z] [INFO] [EXECUTION] [STASIS] BTC/USDT - Confidence too low (0.40). Holding.
[2026-06-25T09:38:05.286Z] [INFO] [SWARM] [ETH/USDT] $1649.62 | RSI: 70.0 | CONF: 0.40
[2026-06-25T09:38:05.286Z] [INFO] [EXECUTION] [STASIS] ETH/USDT - Confidence too low (0.40). Holding.
[2026-06-25T09:38:15.610Z] [INFO] [SYSTEM] --- INITIATING SOVEREIGN NODE SCAN ---
[2026-06-25T09:38:17.951Z] [INFO] [SWARM] [BTC/USDT] $61721.9 | RSI: 60.5 | CONF: 0.40
[2026-06-25T09:38:17.952Z] [INFO] [EXECUTION] [STASIS] BTC/USDT - Confidence too low (0.40). Holding.
[2026-06-25T09:38:20.290Z] [INFO] [SWARM] [ETH/USDT] $1649.62 | RSI: 70.0 | CONF: 0.40
[2026-06-25T09:38:20.290Z] [INFO] [EXECUTION] [STASIS] ETH/USDT - Confidence too low (0.40). Holding.
[2026-06-25T09:38:30.610Z] [INFO] [SYSTEM] --- INITIATING SOVEREIGN NODE SCAN ---
[2026-06-25T09:38:32.957Z] [INFO] [SWARM] [BTC/USDT] $61721.9 | RSI: 60.5 | CONF: 0.40
[2026-06-25T09:38:32.957Z] [INFO] [EXECUTION] [STASIS] BTC/USDT - Confidence too low (0.40). Holding.
[2026-06-25T09:38:35.291Z] [INFO] [SWARM] [ETH/USDT] $1649.62 | RSI: 70.0 | CONF: 0.40
[2026-06-25T09:38:35.292Z] [INFO] [EXECUTION] [STASIS] ETH/USDT - Confidence too low (0.40). Holding.
[2026-06-25T09:38:45.611Z] [INFO] [SYSTEM] --- INITIATING SOVEREIGN NODE SCAN ---
[2026-06-25T09:38:47.952Z] [INFO] [SWARM] [BTC/USDT] $61721.9 | RSI: 60.5 | CONF: 0.40
[2026-06-25T09:38:47.953Z] [INFO] [EXECUTION] [STASIS] BTC/USDT - Confidence too low (0.40). Holding.
[2026-06-25T09:38:50.291Z] [INFO] [SWARM] [ETH/USDT] $1649.62 | RSI: 70.0 | CONF: 0.40
[2026-06-25T09:38:50.291Z] [INFO] [EXECUTION] [STASIS] ETH/USDT - Confidence too low (0.40). Holding.
[2026-06-25T09:39:00.612Z] [INFO] [SYSTEM] --- INITIATING SOVEREIGN NODE SCAN ---
[2026-06-25T09:39:02.950Z] [INFO] [SWARM] [BTC/USDT] $61721.9 | RSI: 78.8 | CONF: 0.00
[2026-06-25T09:39:02.950Z] [INFO] [EXECUTION] [STASIS] BTC/USDT - Confidence too low (0.00). Holding.
[2026-06-25T09:39:05.214Z] [INFO] [SWARM] [ETH/USDT] $1649.62 | RSI: 81.0 | CONF: 0.00
[2026-06-25T09:39:05.214Z] [INFO] [EXECUTION] [STASIS] ETH/USDT - Confidence too low (0.00). Holding.
[2026-06-25T09:39:15.613Z] [INFO] [SYSTEM] --- INITIATING SOVEREIGN NODE SCAN ---
[2026-06-25T09:39:17.955Z] [INFO] [SWARM] [BTC/USDT] $61721.9 | RSI: 78.8 | CONF: 0.00
[2026-06-25T09:39:17.956Z] [INFO] [EXECUTION] [STASIS] BTC/USDT - Confidence too low (0.00). Holding.
[2026-06-25T09:39:20.293Z] [INFO] [SWARM] [ETH/USDT] $1649.62 | RSI: 81.0 | CONF: 0.00
[2026-06-25T09:39:20.293Z] [INFO] [EXECUTION] [STASIS] ETH/USDT - Confidence too low (0.00). Holding.
[2026-06-25T09:39:30.613Z] [INFO] [SYSTEM] --- INITIATING SOVEREIGN NODE SCAN ---
[2026-06-25T09:39:32.875Z] [INFO] [SWARM] [BTC/USDT] $61721.9 | RSI: 78.8 | CONF: 0.00
[2026-06-25T09:39:32.875Z] [INFO] [EXECUTION] [STASIS] BTC/USDT - Confidence too low (0.00). Holding.
[2026-06-25T09:39:35.219Z] [INFO] [SWARM] [ETH/USDT] $1649.62 | RSI: 81.0 | CONF: 0.00
[2026-06-25T09:39:35.219Z] [INFO] [EXECUTION] [STASIS] ETH/USDT - Confidence too low (0.00). Holding.
[2026-06-25T09:39:45.614Z] [INFO] [SYSTEM] --- INITIATING SOVEREIGN NODE SCAN ---
[2026-06-25T09:39:47.954Z] [INFO] [SWARM] [BTC/USDT] $61721.9 | RSI: 78.8 | CONF: 0.00
[2026-06-25T09:39:47.955Z] [INFO] [EXECUTION] [STASIS] BTC/USDT - Confidence too low (0.00). Holding.
[2026-06-25T09:39:50.304Z] [INFO] [SWARM] [ETH/USDT] $1649.62 | RSI: 81.0 | CONF: 0.00
[2026-06-25T09:39:50.304Z] [INFO] [EXECUTION] [STASIS] ETH/USDT - Confidence too low (0.00). Holding.
[2026-06-25T09:40:00.615Z] [INFO] [SYSTEM] --- INITIATING SOVEREIGN NODE SCAN ---
[2026-06-25T09:40:02.874Z] [INFO] [SWARM] [BTC/USDT] $61721.9 | RSI: 78.8 | CONF: 0.00
[2026-06-25T09:40:02.875Z] [INFO] [EXECUTION] [STASIS] BTC/USDT - Confidence too low (0.00). Holding.
[2026-06-25T09:40:05.303Z] [INFO] [SWARM] [ETH/USDT] $1649.62 | RSI: 81.0 | CONF: 0.00
[2026-06-25T09:40:05.303Z] [INFO] [EXECUTION] [STASIS] ETH/USDT - Confidence too low (0.00). Holding.
[2026-06-25T09:40:15.616Z] [INFO] [SYSTEM] --- INITIATING SOVEREIGN NODE SCAN ---
[2026-06-25T09:40:17.961Z] [INFO] [SWARM] [BTC/USDT] $61721.9 | RSI: 78.8 | CONF: 0.00
[2026-06-25T09:40:17.961Z] [INFO] [EXECUTION] [STASIS] BTC/USDT - Confidence too low (0.00). Holding.
[2026-06-25T09:40:20.300Z] [INFO] [SWARM] [ETH/USDT] $1649.62 | RSI: 81.0 | CONF: 0.00
[2026-06-25T09:40:20.301Z] [INFO] [EXECUTION] [STASIS] ETH/USDT - Confidence too low (0.00). Holding.
[2026-06-25T09:40:30.617Z] [INFO] [SYSTEM] --- INITIATING SOVEREIGN NODE SCAN ---
[2026-06-25T09:40:32.956Z] [INFO] [SWARM] [BTC/USDT] $61721.9 | RSI: 78.8 | CONF: 0.00
[2026-06-25T09:40:32.957Z] [INFO] [EXECUTION] [STASIS] BTC/USDT - Confidence too low (0.00). Holding.
[2026-06-25T09:40:35.377Z] [INFO] [SWARM] [ETH/USDT] $1649.62 | RSI: 81.0 | CONF: 0.00
[2026-06-25T09:40:35.378Z] [INFO] [EXECUTION] [STASIS] ETH/USDT - Confidence too low (0.00). Holding.
[2026-06-25T09:40:45.617Z] [INFO] [SYSTEM] --- INITIATING SOVEREIGN NODE SCAN ---
[2026-06-25T09:40:47.961Z] [INFO] [SWARM] [BTC/USDT] $61721.9 | RSI: 78.8 | CONF: 0.00
[2026-06-25T09:40:47.962Z] [INFO] [EXECUTION] [STASIS] BTC/USDT - Confidence too low (0.00). Holding.
[2026-06-25T09:40:50.311Z] [INFO] [SWARM] [ETH/USDT] $1649.62 | RSI: 81.0 | CONF: 0.00
[2026-06-25T09:40:50.312Z] [INFO] [EXECUTION] [STASIS] ETH/USDT - Confidence too low (0.00). Holding.
[2026-06-25T09:41:00.617Z] [INFO] [SYSTEM] --- INITIATING SOVEREIGN NODE SCAN ---
[2026-06-25T09:41:02.877Z] [INFO] [SWARM] [BTC/USDT] $61721.9 | RSI: 75.9 | CONF: 0.00
[2026-06-25T09:41:02.877Z] [INFO] [EXECUTION] [STASIS] BTC/USDT - Confidence too low (0.00). Holding.
[2026-06-25T09:41:05.217Z] [INFO] [SWARM] [ETH/USDT] $1649.62 | RSI: 81.0 | CONF: 0.00
[2026-06-25T09:41:05.217Z] [INFO] [EXECUTION] [STASIS] ETH/USDT - Confidence too low (0.00). Holding.
[2026-06-25T09:41:15.617Z] [INFO] [SYSTEM] --- INITIATING SOVEREIGN NODE SCAN ---
[2026-06-25T09:41:17.959Z] [INFO] [SWARM] [BTC/USDT] $61721.9 | RSI: 75.9 | CONF: 0.00
[2026-06-25T09:41:17.960Z] [INFO] [EXECUTION] [STASIS] BTC/USDT - Confidence too low (0.00). Holding.
[2026-06-25T09:41:20.378Z] [INFO] [SWARM] [ETH/USDT] $1649.62 | RSI: 81.0 | CONF: 0.00
[2026-06-25T09:41:20.378Z] [INFO] [EXECUTION] [STASIS] ETH/USDT - Confidence too low (0.00). Holding.
[2026-06-25T09:41:30.618Z] [INFO] [SYSTEM] --- INITIATING SOVEREIGN NODE SCAN ---
[2026-06-25T09:41:32.955Z] [INFO] [SWARM] [BTC/USDT] $61721.9 | RSI: 75.9 | CONF: 0.00
[2026-06-25T09:41:32.955Z] [INFO] [EXECUTION] [STASIS] BTC/USDT - Confidence too low (0.00). Holding.
[2026-06-25T09:41:35.373Z] [INFO] [SWARM] [ETH/USDT] $1649.62 | RSI: 81.0 | CONF: 0.00
[2026-06-25T09:41:35.373Z] [INFO] [EXECUTION] [STASIS] ETH/USDT - Confidence too low (0.00). Holding.
[2026-06-25T09:41:45.618Z] [INFO] [SYSTEM] --- INITIATING SOVEREIGN NODE SCAN ---
[2026-06-25T09:41:47.953Z] [INFO] [SWARM] [BTC/USDT] $61721.9 | RSI: 75.9 | CONF: 0.00
[2026-06-25T09:41:47.953Z] [INFO] [EXECUTION] [STASIS] BTC/USDT - Confidence too low (0.00). Holding.
[2026-06-25T09:41:50.305Z] [INFO] [SWARM] [ETH/USDT] $1649.62 | RSI: 81.0 | CONF: 0.00
[2026-06-25T09:41:50.306Z] [INFO] [EXECUTION] [STASIS] ETH/USDT - Confidence too low (0.00). Holding.
[2026-06-25T09:42:00.618Z] [INFO] [SYSTEM] --- INITIATING SOVEREIGN NODE SCAN ---
[2026-06-25T09:42:02.962Z] [INFO] [SWARM] [BTC/USDT] $61721.9 | RSI: 75.9 | CONF: 0.00
[2026-06-25T09:42:02.962Z] [INFO] [EXECUTION] [STASIS] BTC/USDT - Confidence too low (0.00). Holding.
[2026-06-25T09:42:05.302Z] [INFO] [SWARM] [ETH/USDT] $1649.62 | RSI: 81.0 | CONF: 0.00
[2026-06-25T09:42:05.303Z] [INFO] [EXECUTION] [STASIS] ETH/USDT - Confidence too low (0.00). Holding.
[2026-06-25T09:42:15.620Z] [INFO] [SYSTEM] --- INITIATING SOVEREIGN NODE SCAN ---
[2026-06-25T09:42:17.964Z] [INFO] [SWARM] [BTC/USDT] $61721.9 | RSI: 75.9 | CONF: 0.00
[2026-06-25T09:42:17.965Z] [INFO] [EXECUTION] [STASIS] BTC/USDT - Confidence too low (0.00). Holding.
[2026-06-25T09:42:20.311Z] [INFO] [SWARM] [ETH/USDT] $1649.61 | RSI: 80.7 | CONF: 0.30
[2026-06-25T09:42:20.311Z] [INFO] [EXECUTION] [STASIS] ETH/USDT - Confidence too low (0.30). Holding.
[2026-06-25T09:42:30.620Z] [INFO] [SYSTEM] --- INITIATING SOVEREIGN NODE SCAN ---
[2026-06-25T09:42:32.969Z] [INFO] [SWARM] [BTC/USDT] $61721.9 | RSI: 75.9 | CONF: 0.00
[2026-06-25T09:42:32.970Z] [INFO] [EXECUTION] [STASIS] BTC/USDT - Confidence too low (0.00). Holding.
[2026-06-25T09:42:35.306Z] [INFO] [SWARM] [ETH/USDT] $1649.61 | RSI: 80.7 | CONF: 0.30
[2026-06-25T09:42:35.307Z] [INFO] [EXECUTION] [STASIS] ETH/USDT - Confidence too low (0.30). Holding.
[2026-06-25T09:42:45.621Z] [INFO] [SYSTEM] --- INITIATING SOVEREIGN NODE SCAN ---
[2026-06-25T09:42:47.968Z] [INFO] [SWARM] [BTC/USDT] $61721.9 | RSI: 75.9 | CONF: 0.00
[2026-06-25T09:42:47.969Z] [INFO] [EXECUTION] [STASIS] BTC/USDT - Confidence too low (0.00). Holding.
[2026-06-25T09:42:50.308Z] [INFO] [SWARM] [ETH/USDT] $1649.61 | RSI: 80.7 | CONF: 0.30
[2026-06-25T09:42:50.308Z] [INFO] [EXECUTION] [STASIS] ETH/USDT - Confidence too low (0.30). Holding.
[2026-06-25T09:43:00.621Z] [INFO] [SYSTEM] --- INITIATING SOVEREIGN NODE SCAN ---
[2026-06-25T09:43:02.960Z] [INFO] [SWARM] [BTC/USDT] $61721.9 | RSI: 58.2 | CONF: 0.40
[2026-06-25T09:43:02.960Z] [INFO] [EXECUTION] [STASIS] BTC/USDT - Confidence too low (0.40). Holding.
[2026-06-25T09:43:05.394Z] [INFO] [SWARM] [ETH/USDT] $1649.61 | RSI: 80.7 | CONF: 0.00
[2026-06-25T09:43:05.394Z] [INFO] [EXECUTION] [STASIS] ETH/USDT - Confidence too low (0.00). Holding.
[2026-06-25T09:43:15.622Z] [INFO] [SYSTEM] --- INITIATING SOVEREIGN NODE SCAN ---
[2026-06-25T09:43:18.047Z] [INFO] [SWARM] [BTC/USDT] $61721.9 | RSI: 58.2 | CONF: 0.40
[2026-06-25T09:43:18.047Z] [INFO] [EXECUTION] [STASIS] BTC/USDT - Confidence too low (0.40). Holding.
[2026-06-25T09:43:20.384Z] [INFO] [SWARM] [ETH/USDT] $1649.61 | RSI: 80.7 | CONF: 0.00
[2026-06-25T09:43:20.384Z] [INFO] [EXECUTION] [STASIS] ETH/USDT - Confidence too low (0.00). Holding.
[2026-06-25T09:43:30.622Z] [INFO] [SYSTEM] --- INITIATING SOVEREIGN NODE SCAN ---
[2026-06-25T09:43:32.878Z] [INFO] [SWARM] [BTC/USDT] $61721.9 | RSI: 58.2 | CONF: 0.40
[2026-06-25T09:43:32.878Z] [INFO] [EXECUTION] [STASIS] BTC/USDT - Confidence too low (0.40). Holding.
[2026-06-25T09:43:35.214Z] [INFO] [SWARM] [ETH/USDT] $1649.63 | RSI: 80.8 | CONF: 0.00
[2026-06-25T09:43:35.214Z] [INFO] [EXECUTION] [STASIS] ETH/USDT - Confidence too low (0.00). Holding.
[2026-06-25T09:43:45.623Z] [INFO] [SYSTEM] --- INITIATING SOVEREIGN NODE SCAN ---
[2026-06-25T09:43:47.962Z] [INFO] [SWARM] [BTC/USDT] $61721.9 | RSI: 58.2 | CONF: 0.40
[2026-06-25T09:43:47.962Z] [INFO] [EXECUTION] [STASIS] BTC/USDT - Confidence too low (0.40). Holding.
[2026-06-25T09:43:50.309Z] [INFO] [SWARM] [ETH/USDT] $1649.63 | RSI: 80.8 | CONF: 0.00
[2026-06-25T09:43:50.310Z] [INFO] [EXECUTION] [STASIS] ETH/USDT - Confidence too low (0.00). Holding.
[2026-06-25T09:44:00.623Z] [INFO] [SYSTEM] --- INITIATING SOVEREIGN NODE SCAN ---
[2026-06-25T09:44:02.960Z] [INFO] [SWARM] [BTC/USDT] $61721.9 | RSI: 54.7 | CONF: 0.40
[2026-06-25T09:44:02.960Z] [INFO] [EXECUTION] [STASIS] BTC/USDT - Confidence too low (0.40). Holding.
[2026-06-25T09:44:05.301Z] [INFO] [SWARM] [ETH/USDT] $1649.63 | RSI: 61.2 | CONF: 0.40
[2026-06-25T09:44:05.301Z] [INFO] [EXECUTION] [STASIS] ETH/USDT - Confidence too low (0.40). Holding.
[2026-06-25T09:44:15.623Z] [INFO] [SYSTEM] --- INITIATING SOVEREIGN NODE SCAN ---
[2026-06-25T09:44:17.967Z] [INFO] [SWARM] [BTC/USDT] $61721.9 | RSI: 54.7 | CONF: 0.40
[2026-06-25T09:44:17.967Z] [INFO] [EXECUTION] [STASIS] BTC/USDT - Confidence too low (0.40). Holding.
[2026-06-25T09:44:20.310Z] [INFO] [SWARM] [ETH/USDT] $1649.63 | RSI: 61.2 | CONF: 0.40
[2026-06-25T09:44:20.310Z] [INFO] [EXECUTION] [STASIS] ETH/USDT - Confidence too low (0.40). Holding.
[2026-06-25T09:44:30.623Z] [INFO] [SYSTEM] --- INITIATING SOVEREIGN NODE SCAN ---
[2026-06-25T09:44:32.889Z] [INFO] [SWARM] [BTC/USDT] $61721.9 | RSI: 54.7 | CONF: 0.40
[2026-06-25T09:44:32.889Z] [INFO] [EXECUTION] [STASIS] BTC/USDT - Confidence too low (0.40). Holding.
[2026-06-25T09:44:35.229Z] [INFO] [SWARM] [ETH/USDT] $1648.42 | RSI: 34.1 | CONF: 0.00
[2026-06-25T09:44:35.229Z] [INFO] [EXECUTION] [STASIS] ETH/USDT - Confidence too low (0.00). Holding.
[2026-06-25T09:44:45.623Z] [INFO] [SYSTEM] --- INITIATING SOVEREIGN NODE SCAN ---
[2026-06-25T09:44:47.962Z] [INFO] [SWARM] [BTC/USDT] $61721.9 | RSI: 54.7 | CONF: 0.40
[2026-06-25T09:44:47.962Z] [INFO] [EXECUTION] [STASIS] BTC/USDT - Confidence too low (0.40). Holding.
[2026-06-25T09:44:50.299Z] [INFO] [SWARM] [ETH/USDT] $1648.42 | RSI: 34.1 | CONF: 0.00
[2026-06-25T09:44:50.300Z] [INFO] [EXECUTION] [STASIS] ETH/USDT - Confidence too low (0.00). Holding.
[2026-06-25T09:45:00.625Z] [INFO] [SYSTEM] --- INITIATING SOVEREIGN NODE SCAN ---
[2026-06-25T09:45:02.965Z] [INFO] [SWARM] [BTC/USDT] $61721.9 | RSI: 60.1 | CONF: 0.40
[2026-06-25T09:45:02.965Z] [INFO] [EXECUTION] [STASIS] BTC/USDT - Confidence too low (0.40). Holding.
[2026-06-25T09:45:05.309Z] [INFO] [SWARM] [ETH/USDT] $1648.42 | RSI: 37.3 | CONF: 0.00
[2026-06-25T09:45:05.310Z] [INFO] [EXECUTION] [STASIS] ETH/USDT - Confidence too low (0.00). Holding.
[2026-06-25T09:45:15.626Z] [INFO] [SYSTEM] --- INITIATING SOVEREIGN NODE SCAN ---
[2026-06-25T09:45:17.963Z] [INFO] [SWARM] [BTC/USDT] $61721.9 | RSI: 60.1 | CONF: 0.40
[2026-06-25T09:45:17.963Z] [INFO] [EXECUTION] [STASIS] BTC/USDT - Confidence too low (0.40). Holding.
[2026-06-25T09:45:20.302Z] [INFO] [SWARM] [ETH/USDT] $1648.42 | RSI: 37.3 | CONF: 0.00
[2026-06-25T09:45:20.302Z] [INFO] [EXECUTION] [STASIS] ETH/USDT - Confidence too low (0.00). Holding.
[2026-06-25T09:45:30.626Z] [INFO] [SYSTEM] --- INITIATING SOVEREIGN NODE SCAN ---
[2026-06-25T09:45:32.965Z] [INFO] [SWARM] [BTC/USDT] $61721.9 | RSI: 77.3 | CONF: 0.30
[2026-06-25T09:45:32.966Z] [INFO] [EXECUTION] [STASIS] BTC/USDT - Confidence too low (0.30). Holding.
[2026-06-25T09:45:35.378Z] [INFO] [SWARM] [ETH/USDT] $1648.42 | RSI: 37.3 | CONF: 0.00
[2026-06-25T09:45:35.378Z] [INFO] [EXECUTION] [STASIS] ETH/USDT - Confidence too low (0.00). Holding.
[2026-06-25T09:45:45.627Z] [INFO] [SYSTEM] --- INITIATING SOVEREIGN NODE SCAN ---
[2026-06-25T09:45:47.884Z] [INFO] [SWARM] [BTC/USDT] $61762.6 | RSI: 77.3 | CONF: 0.30
[2026-06-25T09:45:47.885Z] [INFO] [EXECUTION] [STASIS] BTC/USDT - Confidence too low (0.30). Holding.
[2026-06-25T09:45:50.232Z] [INFO] [SWARM] [ETH/USDT] $1648.63 | RSI: 42.2 | CONF: 0.00
[2026-06-25T09:45:50.233Z] [INFO] [EXECUTION] [STASIS] ETH/USDT - Confidence too low (0.00). Holding.
[2026-06-25T09:46:00.628Z] [INFO] [SYSTEM] --- INITIATING SOVEREIGN NODE SCAN ---
[2026-06-25T09:46:02.968Z] [INFO] [SWARM] [BTC/USDT] $61762.6 | RSI: 86.4 | CONF: 0.00
[2026-06-25T09:46:02.968Z] [INFO] [EXECUTION] [STASIS] BTC/USDT - Confidence too low (0.00). Holding.
[2026-06-25T09:46:05.312Z] [INFO] [SWARM] [ETH/USDT] $1648.63 | RSI: 42.2 | CONF: 0.00
[2026-06-25T09:46:05.312Z] [INFO] [EXECUTION] [STASIS] ETH/USDT - Confidence too low (0.00). Holding.
[2026-06-25T09:46:15.628Z] [INFO] [SYSTEM] --- INITIATING SOVEREIGN NODE SCAN ---
[2026-06-25T09:46:17.963Z] [INFO] [SWARM] [BTC/USDT] $61762.6 | RSI: 86.4 | CONF: 0.00
[2026-06-25T09:46:17.963Z] [INFO] [EXECUTION] [STASIS] BTC/USDT - Confidence too low (0.00). Holding.
[2026-06-25T09:46:20.312Z] [INFO] [SWARM] [ETH/USDT] $1648.63 | RSI: 42.2 | CONF: 0.00
[2026-06-25T09:46:20.312Z] [INFO] [EXECUTION] [STASIS] ETH/USDT - Confidence too low (0.00). Holding.
[2026-06-25T09:46:30.628Z] [INFO] [SYSTEM] --- INITIATING SOVEREIGN NODE SCAN ---
[2026-06-25T09:46:32.967Z] [INFO] [SWARM] [BTC/USDT] $61762.6 | RSI: 86.4 | CONF: 0.00
[2026-06-25T09:46:32.968Z] [INFO] [EXECUTION] [STASIS] BTC/USDT - Confidence too low (0.00). Holding.
[2026-06-25T09:46:35.303Z] [INFO] [SWARM] [ETH/USDT] $1648.63 | RSI: 42.2 | CONF: 0.00
[2026-06-25T09:46:35.303Z] [INFO] [EXECUTION] [STASIS] ETH/USDT - Confidence too low (0.00). Holding.
[2026-06-25T09:46:45.628Z] [INFO] [SYSTEM] --- INITIATING SOVEREIGN NODE SCAN ---
[2026-06-25T09:46:47.964Z] [INFO] [SWARM] [BTC/USDT] $61762.6 | RSI: 86.4 | CONF: 0.00
[2026-06-25T09:46:47.965Z] [INFO] [EXECUTION] [STASIS] BTC/USDT - Confidence too low (0.00). Holding.
[2026-06-25T09:46:50.312Z] [INFO] [SWARM] [ETH/USDT] $1648.63 | RSI: 42.2 | CONF: 0.00
[2026-06-25T09:46:50.312Z] [INFO] [EXECUTION] [STASIS] ETH/USDT - Confidence too low (0.00). Holding.
[2026-06-25T09:47:00.628Z] [INFO] [SYSTEM] --- INITIATING SOVEREIGN NODE SCAN ---
[2026-06-25T09:47:02.965Z] [INFO] [SWARM] [BTC/USDT] $61762.6 | RSI: 78.0 | CONF: 0.00
[2026-06-25T09:47:02.965Z] [INFO] [EXECUTION] [STASIS] BTC/USDT - Confidence too low (0.00). Holding.
[2026-06-25T09:47:05.303Z] [INFO] [SWARM] [ETH/USDT] $1648.63 | RSI: 46.3 | CONF: 0.00
[2026-06-25T09:47:05.303Z] [INFO] [EXECUTION] [STASIS] ETH/USDT - Confidence too low (0.00). Holding.
[2026-06-25T09:47:15.630Z] [INFO] [SYSTEM] --- INITIATING SOVEREIGN NODE SCAN ---
[2026-06-25T09:47:17.969Z] [INFO] [SWARM] [BTC/USDT] $61762.6 | RSI: 78.0 | CONF: 0.00
[2026-06-25T09:47:17.969Z] [INFO] [EXECUTION] [STASIS] BTC/USDT - Confidence too low (0.00). Holding.
[2026-06-25T09:47:20.314Z] [INFO] [SWARM] [ETH/USDT] $1648.63 | RSI: 46.3 | CONF: 0.00
[2026-06-25T09:47:20.314Z] [INFO] [EXECUTION] [STASIS] ETH/USDT - Confidence too low (0.00). Holding.
[2026-06-25T09:47:30.631Z] [INFO] [SYSTEM] --- INITIATING SOVEREIGN NODE SCAN ---
[2026-06-25T09:47:32.985Z] [INFO] [SWARM] [BTC/USDT] $61762.6 | RSI: 78.0 | CONF: 0.00
[2026-06-25T09:47:32.986Z] [INFO] [EXECUTION] [STASIS] BTC/USDT - Confidence too low (0.00). Holding.
[2026-06-25T09:47:35.328Z] [INFO] [SWARM] [ETH/USDT] $1648.63 | RSI: 46.3 | CONF: 0.00
[2026-06-25T09:47:35.328Z] [INFO] [EXECUTION] [STASIS] ETH/USDT - Confidence too low (0.00). Holding.
[2026-06-25T09:47:45.632Z] [INFO] [SYSTEM] --- INITIATING SOVEREIGN NODE SCAN ---
[2026-06-25T09:47:47.970Z] [INFO] [SWARM] [BTC/USDT] $61762.6 | RSI: 78.0 | CONF: 0.00
[2026-06-25T09:47:47.970Z] [INFO] [EXECUTION] [STASIS] BTC/USDT - Confidence too low (0.00). Holding.
[2026-06-25T09:47:50.315Z] [INFO] [SWARM] [ETH/USDT] $1648.63 | RSI: 46.3 | CONF: 0.00
[2026-06-25T09:47:50.315Z] [INFO] [EXECUTION] [STASIS] ETH/USDT - Confidence too low (0.00). Holding.
[2026-06-25T09:48:00.632Z] [INFO] [SYSTEM] --- INITIATING SOVEREIGN NODE SCAN ---
[2026-06-25T09:48:02.969Z] [INFO] [SWARM] [BTC/USDT] $61762.6 | RSI: 78.0 | CONF: 0.00
[2026-06-25T09:48:02.969Z] [INFO] [EXECUTION] [STASIS] BTC/USDT - Confidence too low (0.00). Holding.
[2026-06-25T09:48:05.304Z] [INFO] [SWARM] [ETH/USDT] $1648.63 | RSI: 46.3 | CONF: 0.00
[2026-06-25T09:48:05.304Z] [INFO] [EXECUTION] [STASIS] ETH/USDT - Confidence too low (0.00). Holding.
[2026-06-25T09:48:15.633Z] [INFO] [SYSTEM] --- INITIATING SOVEREIGN NODE SCAN ---
[2026-06-25T09:48:17.973Z] [INFO] [SWARM] [BTC/USDT] $61762.6 | RSI: 78.0 | CONF: 0.00
[2026-06-25T09:48:17.973Z] [INFO] [EXECUTION] [STASIS] BTC/USDT - Confidence too low (0.00). Holding.
[2026-06-25T09:48:20.314Z] [INFO] [SWARM] [ETH/USDT] $1648.63 | RSI: 46.3 | CONF: 0.00
[2026-06-25T09:48:20.314Z] [INFO] [EXECUTION] [STASIS] ETH/USDT - Confidence too low (0.00). Holding.
[2026-06-25T09:48:30.634Z] [INFO] [SYSTEM] --- INITIATING SOVEREIGN NODE SCAN ---
[2026-06-25T09:48:32.970Z] [INFO] [SWARM] [BTC/USDT] $61762.6 | RSI: 78.0 | CONF: 0.00
[2026-06-25T09:48:32.970Z] [INFO] [EXECUTION] [STASIS] BTC/USDT - Confidence too low (0.00). Holding.
[2026-06-25T09:48:35.329Z] [INFO] [SWARM] [ETH/USDT] $1648.63 | RSI: 46.3 | CONF: 0.00
[2026-06-25T09:48:35.329Z] [INFO] [EXECUTION] [STASIS] ETH/USDT - Confidence too low (0.00). Holding.
[2026-06-25T09:48:45.635Z] [INFO] [SYSTEM] --- INITIATING SOVEREIGN NODE SCAN ---
[2026-06-25T09:48:48.051Z] [INFO] [SWARM] [BTC/USDT] $61762.6 | RSI: 78.0 | CONF: 0.00
[2026-06-25T09:48:48.051Z] [INFO] [EXECUTION] [STASIS] BTC/USDT - Confidence too low (0.00). Holding.
[2026-06-25T09:48:50.397Z] [INFO] [SWARM] [ETH/USDT] $1648.63 | RSI: 46.3 | CONF: 0.00
[2026-06-25T09:48:50.397Z] [INFO] [EXECUTION] [STASIS] ETH/USDT - Confidence too low (0.00). Holding.
[2026-06-25T09:49:00.637Z] [INFO] [SYSTEM] --- INITIATING SOVEREIGN NODE SCAN ---
[2026-06-25T09:49:03.021Z] [INFO] [SWARM] [BTC/USDT] $61762.6 | RSI: 100.0 | CONF: 0.00
[2026-06-25T09:49:03.021Z] [INFO] [EXECUTION] [STASIS] BTC/USDT - Confidence too low (0.00). Holding.
[2026-06-25T09:49:05.367Z] [INFO] [SWARM] [ETH/USDT] $1648.63 | RSI: 48.3 | CONF: 0.00
[2026-06-25T09:49:05.368Z] [INFO] [EXECUTION] [STASIS] ETH/USDT - Confidence too low (0.00). Holding.
[2026-06-25T09:49:15.637Z] [INFO] [SYSTEM] --- INITIATING SOVEREIGN NODE SCAN ---
[2026-06-25T09:49:17.978Z] [INFO] [SWARM] [BTC/USDT] $61762.6 | RSI: 100.0 | CONF: 0.00
[2026-06-25T09:49:17.978Z] [INFO] [EXECUTION] [STASIS] BTC/USDT - Confidence too low (0.00). Holding.
[2026-06-25T09:49:20.318Z] [INFO] [SWARM] [ETH/USDT] $1648.63 | RSI: 48.3 | CONF: 0.00
[2026-06-25T09:49:20.318Z] [INFO] [EXECUTION] [STASIS] ETH/USDT - Confidence too low (0.00). Holding.
[2026-06-25T09:49:30.638Z] [INFO] [SYSTEM] --- INITIATING SOVEREIGN NODE SCAN ---
[2026-06-25T09:49:33.000Z] [INFO] [SWARM] [BTC/USDT] $61762.6 | RSI: 100.0 | CONF: 0.00
[2026-06-25T09:49:33.000Z] [INFO] [EXECUTION] [STASIS] BTC/USDT - Confidence too low (0.00). Holding.
[2026-06-25T09:49:35.339Z] [INFO] [SWARM] [ETH/USDT] $1648.63 | RSI: 48.3 | CONF: 0.00
[2026-06-25T09:49:35.339Z] [INFO] [EXECUTION] [STASIS] ETH/USDT - Confidence too low (0.00). Holding.
[2026-06-25T09:49:45.638Z] [INFO] [SYSTEM] --- INITIATING SOVEREIGN NODE SCAN ---
[2026-06-25T09:49:47.974Z] [INFO] [SWARM] [BTC/USDT] $61762.6 | RSI: 100.0 | CONF: 0.00
[2026-06-25T09:49:47.974Z] [INFO] [EXECUTION] [STASIS] BTC/USDT - Confidence too low (0.00). Holding.
[2026-06-25T09:49:50.399Z] [INFO] [SWARM] [ETH/USDT] $1648.63 | RSI: 48.3 | CONF: 0.00
[2026-06-25T09:49:50.399Z] [INFO] [EXECUTION] [STASIS] ETH/USDT - Confidence too low (0.00). Holding.
[2026-06-25T09:50:00.639Z] [INFO] [SYSTEM] --- INITIATING SOVEREIGN NODE SCAN ---
[2026-06-25T09:50:02.986Z] [INFO] [SWARM] [BTC/USDT] $61758.7 | RSI: 91.3 | CONF: 0.00
[2026-06-25T09:50:02.986Z] [INFO] [EXECUTION] [STASIS] BTC/USDT - Confidence too low (0.00). Holding.
[2026-06-25T09:50:05.334Z] [INFO] [SWARM] [ETH/USDT] $1648.63 | RSI: 48.3 | CONF: 0.00
[2026-06-25T09:50:05.334Z] [INFO] [EXECUTION] [STASIS] ETH/USDT - Confidence too low (0.00). Holding.
[2026-06-25T09:50:15.641Z] [INFO] [SYSTEM] --- INITIATING SOVEREIGN NODE SCAN ---
[2026-06-25T09:50:17.986Z] [INFO] [SWARM] [BTC/USDT] $61758.6 | RSI: 91.1 | CONF: 0.00
[2026-06-25T09:50:17.986Z] [INFO] [EXECUTION] [STASIS] BTC/USDT - Confidence too low (0.00). Holding.
[2026-06-25T09:50:20.332Z] [INFO] [SWARM] [ETH/USDT] $1648.63 | RSI: 48.3 | CONF: 0.00
[2026-06-25T09:50:20.333Z] [INFO] [EXECUTION] [STASIS] ETH/USDT - Confidence too low (0.00). Holding.
[2026-06-25T09:50:30.641Z] [INFO] [SYSTEM] --- INITIATING SOVEREIGN NODE SCAN ---
[2026-06-25T09:50:32.978Z] [INFO] [SWARM] [BTC/USDT] $61758.6 | RSI: 91.1 | CONF: 0.00
[2026-06-25T09:50:32.978Z] [INFO] [EXECUTION] [STASIS] BTC/USDT - Confidence too low (0.00). Holding.
[2026-06-25T09:50:35.320Z] [INFO] [SWARM] [ETH/USDT] $1648.63 | RSI: 48.3 | CONF: 0.00
[2026-06-25T09:50:35.320Z] [INFO] [EXECUTION] [STASIS] ETH/USDT - Confidence too low (0.00). Holding.
[2026-06-25T09:50:45.642Z] [INFO] [SYSTEM] --- INITIATING SOVEREIGN NODE SCAN ---
[2026-06-25T09:50:47.951Z] [INFO] [SWARM] [BTC/USDT] $61758.6 | RSI: 91.1 | CONF: 0.00
[2026-06-25T09:50:47.951Z] [INFO] [EXECUTION] [STASIS] BTC/USDT - Confidence too low (0.00). Holding.
[2026-06-25T09:50:50.372Z] [INFO] [SWARM] [ETH/USDT] $1648.63 | RSI: 48.3 | CONF: 0.00
[2026-06-25T09:50:50.373Z] [INFO] [EXECUTION] [STASIS] ETH/USDT - Confidence too low (0.00). Holding.
[2026-06-25T09:51:00.643Z] [INFO] [SYSTEM] --- INITIATING SOVEREIGN NODE SCAN ---
[2026-06-25T09:51:02.980Z] [INFO] [SWARM] [BTC/USDT] $61758.6 | RSI: 91.1 | CONF: 0.00
[2026-06-25T09:51:02.980Z] [INFO] [EXECUTION] [STASIS] BTC/USDT - Confidence too low (0.00). Holding.
[2026-06-25T09:51:05.316Z] [INFO] [SWARM] [ETH/USDT] $1648.63 | RSI: 15.9 | CONF: 0.30
[2026-06-25T09:51:05.316Z] [INFO] [EXECUTION] [STASIS] ETH/USDT - Confidence too low (0.30). Holding.
[2026-06-25T09:51:15.643Z] [INFO] [SYSTEM] --- INITIATING SOVEREIGN NODE SCAN ---
[2026-06-25T09:51:17.984Z] [INFO] [SWARM] [BTC/USDT] $61758.6 | RSI: 91.1 | CONF: 0.00
[2026-06-25T09:51:17.984Z] [INFO] [EXECUTION] [STASIS] BTC/USDT - Confidence too low (0.00). Holding.
[2026-06-25T09:51:20.384Z] [INFO] [SWARM] [ETH/USDT] $1648.63 | RSI: 15.9 | CONF: 0.30
[2026-06-25T09:51:20.384Z] [INFO] [EXECUTION] [STASIS] ETH/USDT - Confidence too low (0.30). Holding.
[2026-06-25T09:51:30.644Z] [INFO] [SYSTEM] --- INITIATING SOVEREIGN NODE SCAN ---
[2026-06-25T09:51:33.077Z] [INFO] [SWARM] [BTC/USDT] $61758.6 | RSI: 91.1 | CONF: 0.00
[2026-06-25T09:51:33.077Z] [INFO] [EXECUTION] [STASIS] BTC/USDT - Confidence too low (0.00). Holding.
[2026-06-25T09:51:35.419Z] [INFO] [SWARM] [ETH/USDT] $1648.63 | RSI: 15.9 | CONF: 0.30
[2026-06-25T09:51:35.419Z] [INFO] [EXECUTION] [STASIS] ETH/USDT - Confidence too low (0.30). Holding.
[2026-06-25T09:51:45.644Z] [INFO] [SYSTEM] --- INITIATING SOVEREIGN NODE SCAN ---
[2026-06-25T09:51:47.983Z] [INFO] [SWARM] [BTC/USDT] $61758.6 | RSI: 91.1 | CONF: 0.00
[2026-06-25T09:51:47.983Z] [INFO] [EXECUTION] [STASIS] BTC/USDT - Confidence too low (0.00). Holding.
[2026-06-25T09:51:50.328Z] [INFO] [SWARM] [ETH/USDT] $1648.63 | RSI: 15.9 | CONF: 0.30
[2026-06-25T09:51:50.328Z] [INFO] [EXECUTION] [STASIS] ETH/USDT - Confidence too low (0.30). Holding.
[2026-06-25T09:52:00.644Z] [INFO] [SYSTEM] --- INITIATING SOVEREIGN NODE SCAN ---
[2026-06-25T09:52:02.904Z] [INFO] [SWARM] [BTC/USDT] $61758.6 | RSI: 91.1 | CONF: 0.00
[2026-06-25T09:52:02.904Z] [INFO] [EXECUTION] [STASIS] BTC/USDT - Confidence too low (0.00). Holding.
[2026-06-25T09:52:05.245Z] [INFO] [SWARM] [ETH/USDT] $1648.63 | RSI: 15.9 | CONF: 0.30
[2026-06-25T09:52:05.245Z] [INFO] [EXECUTION] [STASIS] ETH/USDT - Confidence too low (0.30). Holding.
[2026-06-25T09:52:15.645Z] [INFO] [SYSTEM] --- INITIATING SOVEREIGN NODE SCAN ---
[2026-06-25T09:52:18.078Z] [INFO] [SWARM] [BTC/USDT] $61758.6 | RSI: 91.1 | CONF: 0.00
[2026-06-25T09:52:18.078Z] [INFO] [EXECUTION] [STASIS] BTC/USDT - Confidence too low (0.00). Holding.
[2026-06-25T09:52:20.418Z] [INFO] [SWARM] [ETH/USDT] $1648.63 | RSI: 15.9 | CONF: 0.30
[2026-06-25T09:52:20.418Z] [INFO] [EXECUTION] [STASIS] ETH/USDT - Confidence too low (0.30). Holding.
[2026-06-25T09:52:30.645Z] [INFO] [SYSTEM] --- INITIATING SOVEREIGN NODE SCAN ---
[2026-06-25T09:52:32.985Z] [INFO] [SWARM] [BTC/USDT] $61748.7 | RSI: 74.5 | CONF: 0.30
[2026-06-25T09:52:32.985Z] [INFO] [EXECUTION] [STASIS] BTC/USDT - Confidence too low (0.30). Holding.
[2026-06-25T09:52:35.325Z] [INFO] [SWARM] [ETH/USDT] $1648.63 | RSI: 15.9 | CONF: 0.30
[2026-06-25T09:52:35.325Z] [INFO] [EXECUTION] [STASIS] ETH/USDT - Confidence too low (0.30). Holding.
[2026-06-25T09:52:45.645Z] [INFO] [SYSTEM] --- INITIATING SOVEREIGN NODE SCAN ---
[2026-06-25T09:52:47.990Z] [INFO] [SWARM] [BTC/USDT] $61748.7 | RSI: 74.5 | CONF: 0.30
[2026-06-25T09:52:47.990Z] [INFO] [EXECUTION] [STASIS] BTC/USDT - Confidence too low (0.30). Holding.
[2026-06-25T09:52:50.329Z] [INFO] [SWARM] [ETH/USDT] $1648.63 | RSI: 15.9 | CONF: 0.30
[2026-06-25T09:52:50.329Z] [INFO] [EXECUTION] [STASIS] ETH/USDT - Confidence too low (0.30). Holding.
[2026-06-25T09:53:00.646Z] [INFO] [SYSTEM] --- INITIATING SOVEREIGN NODE SCAN ---
[2026-06-25T09:53:02.986Z] [INFO] [SWARM] [BTC/USDT] $61748.7 | RSI: 74.5 | CONF: 0.00
[2026-06-25T09:53:02.986Z] [INFO] [EXECUTION] [STASIS] BTC/USDT - Confidence too low (0.00). Holding.
[2026-06-25T09:53:05.326Z] [INFO] [SWARM] [ETH/USDT] $1648.63 | RSI: 15.9 | CONF: 0.30
[2026-06-25T09:53:05.326Z] [INFO] [EXECUTION] [STASIS] ETH/USDT - Confidence too low (0.30). Holding.
[2026-06-25T09:53:15.647Z] [INFO] [SYSTEM] --- INITIATING SOVEREIGN NODE SCAN ---
[2026-06-25T09:53:17.905Z] [INFO] [SWARM] [BTC/USDT] $61748.7 | RSI: 74.5 | CONF: 0.00
[2026-06-25T09:53:17.905Z] [INFO] [EXECUTION] [STASIS] BTC/USDT - Confidence too low (0.00). Holding.
[2026-06-25T09:53:20.246Z] [INFO] [SWARM] [ETH/USDT] $1648.2 | RSI: 12.2 | CONF: 0.30
[2026-06-25T09:53:20.246Z] [INFO] [EXECUTION] [STASIS] ETH/USDT - Confidence too low (0.30). Holding.
[2026-06-25T09:53:30.649Z] [INFO] [SYSTEM] --- INITIATING SOVEREIGN NODE SCAN ---
[2026-06-25T09:53:32.987Z] [INFO] [SWARM] [BTC/USDT] $61748.7 | RSI: 74.5 | CONF: 0.00
[2026-06-25T09:53:32.987Z] [INFO] [EXECUTION] [STASIS] BTC/USDT - Confidence too low (0.00). Holding.
[2026-06-25T09:53:35.325Z] [INFO] [SWARM] [ETH/USDT] $1648.2 | RSI: 12.2 | CONF: 0.30
[2026-06-25T09:53:35.325Z] [INFO] [EXECUTION] [STASIS] ETH/USDT - Confidence too low (0.30). Holding.
[2026-06-25T09:53:45.649Z] [INFO] [SYSTEM] --- INITIATING SOVEREIGN NODE SCAN ---
[2026-06-25T09:53:47.990Z] [INFO] [SWARM] [BTC/USDT] $61748.7 | RSI: 74.5 | CONF: 0.00
[2026-06-25T09:53:47.990Z] [INFO] [EXECUTION] [STASIS] BTC/USDT - Confidence too low (0.00). Holding.
[2026-06-25T09:53:50.419Z] [INFO] [SWARM] [ETH/USDT] $1648.2 | RSI: 12.2 | CONF: 0.30
[2026-06-25T09:53:50.419Z] [INFO] [EXECUTION] [STASIS] ETH/USDT - Confidence too low (0.30). Holding.
[2026-06-25T09:54:00.650Z] [INFO] [SYSTEM] --- INITIATING SOVEREIGN NODE SCAN ---
[2026-06-25T09:54:02.988Z] [INFO] [SWARM] [BTC/USDT] $61748.7 | RSI: 74.5 | CONF: 0.00
[2026-06-25T09:54:02.989Z] [INFO] [EXECUTION] [STASIS] BTC/USDT - Confidence too low (0.00). Holding.
[2026-06-25T09:54:05.328Z] [INFO] [SWARM] [ETH/USDT] $1648.2 | RSI: 12.2 | CONF: 0.30
[2026-06-25T09:54:05.328Z] [INFO] [EXECUTION] [STASIS] ETH/USDT - Confidence too low (0.30). Holding.
[2026-06-25T09:54:15.651Z] [INFO] [SYSTEM] --- INITIATING SOVEREIGN NODE SCAN ---
[2026-06-25T09:54:17.989Z] [INFO] [SWARM] [BTC/USDT] $61748.7 | RSI: 74.5 | CONF: 0.00
[2026-06-25T09:54:17.989Z] [INFO] [EXECUTION] [STASIS] BTC/USDT - Confidence too low (0.00). Holding.
[2026-06-25T09:54:20.249Z] [INFO] [SWARM] [ETH/USDT] $1648.2 | RSI: 12.2 | CONF: 0.30
[2026-06-25T09:54:20.249Z] [INFO] [EXECUTION] [STASIS] ETH/USDT - Confidence too low (0.30). Holding.
[2026-06-25T09:54:30.651Z] [INFO] [SYSTEM] --- INITIATING SOVEREIGN NODE SCAN ---
[2026-06-25T09:54:32.988Z] [INFO] [SWARM] [BTC/USDT] $61748.7 | RSI: 74.5 | CONF: 0.00
[2026-06-25T09:54:32.988Z] [INFO] [EXECUTION] [STASIS] BTC/USDT - Confidence too low (0.00). Holding.
[2026-06-25T09:54:35.407Z] [INFO] [SWARM] [ETH/USDT] $1648.2 | RSI: 12.2 | CONF: 0.30
[2026-06-25T09:54:35.407Z] [INFO] [EXECUTION] [STASIS] ETH/USDT - Confidence too low (0.30). Holding.
[2026-06-25T09:54:45.652Z] [INFO] [SYSTEM] --- INITIATING SOVEREIGN NODE SCAN ---
[2026-06-25T09:54:47.993Z] [INFO] [SWARM] [BTC/USDT] $61748.7 | RSI: 74.5 | CONF: 0.00
[2026-06-25T09:54:47.994Z] [INFO] [EXECUTION] [STASIS] BTC/USDT - Confidence too low (0.00). Holding.
[2026-06-25T09:54:50.335Z] [INFO] [SWARM] [ETH/USDT] $1648.2 | RSI: 12.2 | CONF: 0.30
[2026-06-25T09:54:50.335Z] [INFO] [EXECUTION] [STASIS] ETH/USDT - Confidence too low (0.30). Holding.
[2026-06-25T09:55:00.652Z] [INFO] [SYSTEM] --- INITIATING SOVEREIGN NODE SCAN ---
[2026-06-25T09:55:02.996Z] [INFO] [SWARM] [BTC/USDT] $61748.7 | RSI: 74.5 | CONF: 0.00
[2026-06-25T09:55:02.998Z] [INFO] [EXECUTION] [STASIS] BTC/USDT - Confidence too low (0.00). Holding.
[2026-06-25T09:55:05.337Z] [INFO] [SWARM] [ETH/USDT] $1648.2 | RSI: 12.2 | CONF: 0.30
[2026-06-25T09:55:05.337Z] [INFO] [EXECUTION] [STASIS] ETH/USDT - Confidence too low (0.30). Holding.
[2026-06-25T09:55:15.653Z] [INFO] [SYSTEM] --- INITIATING SOVEREIGN NODE SCAN ---
[2026-06-25T09:55:17.991Z] [INFO] [SWARM] [BTC/USDT] $61748.7 | RSI: 74.5 | CONF: 0.00
[2026-06-25T09:55:17.992Z] [INFO] [EXECUTION] [STASIS] BTC/USDT - Confidence too low (0.00). Holding.
[2026-06-25T09:55:20.393Z] [INFO] [SWARM] [ETH/USDT] $1648.2 | RSI: 12.2 | CONF: 0.30
[2026-06-25T09:55:20.393Z] [INFO] [EXECUTION] [STASIS] ETH/USDT - Confidence too low (0.30). Holding.
[2026-06-25T09:55:30.654Z] [INFO] [SYSTEM] --- INITIATING SOVEREIGN NODE SCAN ---
[2026-06-25T09:55:32.999Z] [INFO] [SWARM] [BTC/USDT] $61748.7 | RSI: 74.5 | CONF: 0.00
[2026-06-25T09:55:33.000Z] [INFO] [EXECUTION] [STASIS] BTC/USDT - Confidence too low (0.00). Holding.
[2026-06-25T09:55:35.343Z] [INFO] [SWARM] [ETH/USDT] $1648.2 | RSI: 12.2 | CONF: 0.30
[2026-06-25T09:55:35.343Z] [INFO] [EXECUTION] [STASIS] ETH/USDT - Confidence too low (0.30). Holding.
[2026-06-25T09:55:45.657Z] [INFO] [SYSTEM] --- INITIATING SOVEREIGN NODE SCAN ---
[2026-06-25T09:55:47.978Z] [INFO] [SWARM] [BTC/USDT] $61742.4 | RSI: 66.8 | CONF: 0.70
[2026-06-25T09:55:47.978Z] [TRADE] [EXECUTION] [PAPER TRADE] BUY 0.004049 BTC/USDT @ $61742.4
[2026-06-25T09:55:50.316Z] [INFO] [SWARM] [ETH/USDT] $1648.2 | RSI: 12.2 | CONF: 0.30
[2026-06-25T09:55:50.316Z] [INFO] [EXECUTION] [STASIS] ETH/USDT - Confidence too low (0.30). Holding.
[2026-06-25T09:56:00.657Z] [INFO] [SYSTEM] --- INITIATING SOVEREIGN NODE SCAN ---
[2026-06-25T09:56:02.992Z] [INFO] [SWARM] [BTC/USDT] $61742.4 | RSI: 66.8 | CONF: 0.40
[2026-06-25T09:56:02.992Z] [INFO] [EXECUTION] [STASIS] BTC/USDT - Confidence too low (0.40). Holding.
[2026-06-25T09:56:05.411Z] [INFO] [SWARM] [ETH/USDT] $1648.2 | RSI: 12.3 | CONF: 0.30
[2026-06-25T09:56:05.411Z] [INFO] [EXECUTION] [STASIS] ETH/USDT - Confidence too low (0.30). Holding.
[2026-06-25T09:56:15.659Z] [INFO] [SYSTEM] --- INITIATING SOVEREIGN NODE SCAN ---
[2026-06-25T09:56:17.999Z] [INFO] [SWARM] [BTC/USDT] $61742.4 | RSI: 66.8 | CONF: 0.40
[2026-06-25T09:56:18.000Z] [INFO] [EXECUTION] [STASIS] BTC/USDT - Confidence too low (0.40). Holding.
[2026-06-25T09:56:20.342Z] [INFO] [SWARM] [ETH/USDT] $1648.2 | RSI: 12.3 | CONF: 0.30
[2026-06-25T09:56:20.342Z] [INFO] [EXECUTION] [STASIS] ETH/USDT - Confidence too low (0.30). Holding.
[2026-06-25T09:56:30.659Z] [INFO] [SYSTEM] --- INITIATING SOVEREIGN NODE SCAN ---
[2026-06-25T09:56:32.996Z] [INFO] [SWARM] [BTC/USDT] $61742.4 | RSI: 66.8 | CONF: 0.40
[2026-06-25T09:56:32.997Z] [INFO] [EXECUTION] [STASIS] BTC/USDT - Confidence too low (0.40). Holding.
[2026-06-25T09:56:35.337Z] [INFO] [SWARM] [ETH/USDT] $1648.2 | RSI: 12.3 | CONF: 0.30
[2026-06-25T09:56:35.337Z] [INFO] [EXECUTION] [STASIS] ETH/USDT - Confidence too low (0.30). Holding.
[2026-06-25T09:56:45.660Z] [INFO] [SYSTEM] --- INITIATING SOVEREIGN NODE SCAN ---
[2026-06-25T09:56:47.996Z] [INFO] [SWARM] [BTC/USDT] $61742.4 | RSI: 66.8 | CONF: 0.40
[2026-06-25T09:56:47.996Z] [INFO] [EXECUTION] [STASIS] BTC/USDT - Confidence too low (0.40). Holding.
[2026-06-25T09:56:50.336Z] [INFO] [SWARM] [ETH/USDT] $1648.2 | RSI: 12.3 | CONF: 0.30
[2026-06-25T09:56:50.336Z] [INFO] [EXECUTION] [STASIS] ETH/USDT - Confidence too low (0.30). Holding.
[2026-06-25T09:57:00.660Z] [INFO] [SYSTEM] --- INITIATING SOVEREIGN NODE SCAN ---
[2026-06-25T09:57:03.002Z] [INFO] [SWARM] [BTC/USDT] $61742.4 | RSI: 66.8 | CONF: 0.00
[2026-06-25T09:57:03.002Z] [INFO] [EXECUTION] [STASIS] BTC/USDT - Confidence too low (0.00). Holding.
[2026-06-25T09:57:05.341Z] [INFO] [SWARM] [ETH/USDT] $1648.2 | RSI: 11.4 | CONF: 0.30
[2026-06-25T09:57:05.341Z] [INFO] [EXECUTION] [STASIS] ETH/USDT - Confidence too low (0.30). Holding.
[2026-06-25T09:57:15.661Z] [INFO] [SYSTEM] --- INITIATING SOVEREIGN NODE SCAN ---
[2026-06-25T09:57:18.004Z] [INFO] [SWARM] [BTC/USDT] $61742.4 | RSI: 66.8 | CONF: 0.00
[2026-06-25T09:57:18.004Z] [INFO] [EXECUTION] [STASIS] BTC/USDT - Confidence too low (0.00). Holding.
[2026-06-25T09:57:20.345Z] [INFO] [SWARM] [ETH/USDT] $1648.2 | RSI: 11.4 | CONF: 0.30
[2026-06-25T09:57:20.345Z] [INFO] [EXECUTION] [STASIS] ETH/USDT - Confidence too low (0.30). Holding.
[2026-06-25T09:57:30.661Z] [INFO] [SYSTEM] --- INITIATING SOVEREIGN NODE SCAN ---
[2026-06-25T09:57:32.918Z] [INFO] [SWARM] [BTC/USDT] $61742.4 | RSI: 66.8 | CONF: 0.00
[2026-06-25T09:57:32.918Z] [INFO] [EXECUTION] [STASIS] BTC/USDT - Confidence too low (0.00). Holding.
[2026-06-25T09:57:35.255Z] [INFO] [SWARM] [ETH/USDT] $1648.2 | RSI: 11.4 | CONF: 0.30
[2026-06-25T09:57:35.255Z] [INFO] [EXECUTION] [STASIS] ETH/USDT - Confidence too low (0.30). Holding.
[2026-06-25T09:57:45.661Z] [INFO] [SYSTEM] --- INITIATING SOVEREIGN NODE SCAN ---
[2026-06-25T09:57:47.998Z] [INFO] [SWARM] [BTC/USDT] $61742.4 | RSI: 66.8 | CONF: 0.00
[2026-06-25T09:57:47.999Z] [INFO] [EXECUTION] [STASIS] BTC/USDT - Confidence too low (0.00). Holding.
[2026-06-25T09:57:50.337Z] [INFO] [SWARM] [ETH/USDT] $1648.2 | RSI: 11.4 | CONF: 0.30
[2026-06-25T09:57:50.337Z] [INFO] [EXECUTION] [STASIS] ETH/USDT - Confidence too low (0.30). Holding.
[2026-06-25T09:58:00.662Z] [INFO] [SYSTEM] --- INITIATING SOVEREIGN NODE SCAN ---
[2026-06-25T09:58:03.001Z] [INFO] [SWARM] [BTC/USDT] $61742.4 | RSI: 66.8 | CONF: 0.00
[2026-06-25T09:58:03.001Z] [INFO] [EXECUTION] [STASIS] BTC/USDT - Confidence too low (0.00). Holding.
[2026-06-25T09:58:05.423Z] [INFO] [SWARM] [ETH/USDT] $1648.2 | RSI: 32.8 | CONF: 0.00
[2026-06-25T09:58:05.423Z] [INFO] [EXECUTION] [STASIS] ETH/USDT - Confidence too low (0.00). Holding.
[2026-06-25T09:58:15.662Z] [INFO] [SYSTEM] --- INITIATING SOVEREIGN NODE SCAN ---
[2026-06-25T09:58:17.998Z] [INFO] [SWARM] [BTC/USDT] $61742.4 | RSI: 66.8 | CONF: 0.00
[2026-06-25T09:58:17.999Z] [INFO] [EXECUTION] [STASIS] BTC/USDT - Confidence too low (0.00). Holding.
[2026-06-25T09:58:20.336Z] [INFO] [SWARM] [ETH/USDT] $1648.2 | RSI: 32.8 | CONF: 0.00
[2026-06-25T09:58:20.336Z] [INFO] [EXECUTION] [STASIS] ETH/USDT - Confidence too low (0.00). Holding.
[2026-06-25T09:58:30.662Z] [INFO] [SYSTEM] --- INITIATING SOVEREIGN NODE SCAN ---
[2026-06-25T09:58:32.993Z] [INFO] [SWARM] [BTC/USDT] $61742.4 | RSI: 66.8 | CONF: 0.00
[2026-06-25T09:58:32.993Z] [INFO] [EXECUTION] [STASIS] BTC/USDT - Confidence too low (0.00). Holding.
[2026-06-25T09:58:35.328Z] [INFO] [SWARM] [ETH/USDT] $1648.2 | RSI: 32.8 | CONF: 0.00
[2026-06-25T09:58:35.328Z] [INFO] [EXECUTION] [STASIS] ETH/USDT - Confidence too low (0.00). Holding.
[2026-06-25T09:58:45.662Z] [INFO] [SYSTEM] --- INITIATING SOVEREIGN NODE SCAN ---
[2026-06-25T09:58:47.999Z] [INFO] [SWARM] [BTC/USDT] $61742.4 | RSI: 66.8 | CONF: 0.00
[2026-06-25T09:58:47.999Z] [INFO] [EXECUTION] [STASIS] BTC/USDT - Confidence too low (0.00). Holding.
[2026-06-25T09:58:50.420Z] [INFO] [SWARM] [ETH/USDT] $1648.2 | RSI: 32.8 | CONF: 0.00
[2026-06-25T09:58:50.420Z] [INFO] [EXECUTION] [STASIS] ETH/USDT - Confidence too low (0.00). Holding.
[2026-06-25T09:59:00.662Z] [INFO] [SYSTEM] --- INITIATING SOVEREIGN NODE SCAN ---
[2026-06-25T09:59:03.000Z] [INFO] [SWARM] [BTC/USDT] $61742.4 | RSI: 0.0 | CONF: 0.30
[2026-06-25T09:59:03.001Z] [INFO] [EXECUTION] [STASIS] BTC/USDT - Confidence too low (0.30). Holding.
[2026-06-25T09:59:05.347Z] [INFO] [SWARM] [ETH/USDT] $1648.2 | RSI: 0.0 | CONF: 0.30
[2026-06-25T09:59:05.347Z] [INFO] [EXECUTION] [STASIS] ETH/USDT - Confidence too low (0.30). Holding.
[2026-06-25T09:59:15.663Z] [INFO] [SYSTEM] --- INITIATING SOVEREIGN NODE SCAN ---
[2026-06-25T09:59:18.004Z] [INFO] [SWARM] [BTC/USDT] $61742.4 | RSI: 0.0 | CONF: 0.30
[2026-06-25T09:59:18.004Z] [INFO] [EXECUTION] [STASIS] BTC/USDT - Confidence too low (0.30). Holding.
[2026-06-25T09:59:20.430Z] [INFO] [SWARM] [ETH/USDT] $1648.2 | RSI: 0.0 | CONF: 0.30
[2026-06-25T09:59:20.430Z] [INFO] [EXECUTION] [STASIS] ETH/USDT - Confidence too low (0.30). Holding.
[2026-06-25T09:59:30.664Z] [INFO] [SYSTEM] --- INITIATING SOVEREIGN NODE SCAN ---
[2026-06-25T09:59:33.009Z] [INFO] [SWARM] [BTC/USDT] $61742.4 | RSI: 0.0 | CONF: 0.30
[2026-06-25T09:59:33.009Z] [INFO] [EXECUTION] [STASIS] BTC/USDT - Confidence too low (0.30). Holding.
[2026-06-25T09:59:35.354Z] [INFO] [SWARM] [ETH/USDT] $1648.2 | RSI: 0.0 | CONF: 0.30
[2026-06-25T09:59:35.354Z] [INFO] [EXECUTION] [STASIS] ETH/USDT - Confidence too low (0.30). Holding.
[2026-06-25T09:59:45.664Z] [INFO] [SYSTEM] --- INITIATING SOVEREIGN NODE SCAN ---
[2026-06-25T09:59:48.005Z] [INFO] [SWARM] [BTC/USDT] $61742.4 | RSI: 0.0 | CONF: 0.30
[2026-06-25T09:59:48.006Z] [INFO] [EXECUTION] [STASIS] BTC/USDT - Confidence too low (0.30). Holding.
[2026-06-25T09:59:50.362Z] [INFO] [SWARM] [ETH/USDT] $1648.2 | RSI: 0.0 | CONF: 0.30
[2026-06-25T09:59:50.363Z] [INFO] [EXECUTION] [STASIS] ETH/USDT - Confidence too low (0.30). Holding.
[2026-06-25T10:00:00.665Z] [INFO] [SYSTEM] --- INITIATING SOVEREIGN NODE SCAN ---
[2026-06-25T10:00:03.001Z] [INFO] [SWARM] [BTC/USDT] $61742.4 | RSI: 0.0 | CONF: 0.30
[2026-06-25T10:00:03.001Z] [INFO] [EXECUTION] [STASIS] BTC/USDT - Confidence too low (0.30). Holding.
[2026-06-25T10:00:05.350Z] [INFO] [SWARM] [ETH/USDT] $1648.2 | RSI: 0.0 | CONF: 0.30
[2026-06-25T10:00:05.350Z] [INFO] [EXECUTION] [STASIS] ETH/USDT - Confidence too low (0.30). Holding.
[2026-06-25T10:00:15.665Z] [INFO] [SYSTEM] --- INITIATING SOVEREIGN NODE SCAN ---
[2026-06-25T10:00:18.006Z] [INFO] [SWARM] [BTC/USDT] $61742.4 | RSI: 0.0 | CONF: 0.30
[2026-06-25T10:00:18.006Z] [INFO] [EXECUTION] [STASIS] BTC/USDT - Confidence too low (0.30). Holding.
[2026-06-25T10:00:20.353Z] [INFO] [SWARM] [ETH/USDT] $1648.2 | RSI: 0.0 | CONF: 0.30
[2026-06-25T10:00:20.353Z] [INFO] [EXECUTION] [STASIS] ETH/USDT - Confidence too low (0.30). Holding.
[2026-06-25T10:00:30.667Z] [INFO] [SYSTEM] --- INITIATING SOVEREIGN NODE SCAN ---
[2026-06-25T10:00:33.011Z] [INFO] [SWARM] [BTC/USDT] $61742.4 | RSI: 0.0 | CONF: 0.30
[2026-06-25T10:00:33.011Z] [INFO] [EXECUTION] [STASIS] BTC/USDT - Confidence too low (0.30). Holding.
[2026-06-25T10:00:35.352Z] [INFO] [SWARM] [ETH/USDT] $1648.2 | RSI: 67.9 | CONF: 0.00
[2026-06-25T10:00:35.352Z] [INFO] [EXECUTION] [STASIS] ETH/USDT - Confidence too low (0.00). Holding.
[2026-06-25T10:00:45.669Z] [INFO] [SYSTEM] --- INITIATING SOVEREIGN NODE SCAN ---
[2026-06-25T10:00:47.974Z] [INFO] [SWARM] [BTC/USDT] $61742.4 | RSI: 0.0 | CONF: 0.30
[2026-06-25T10:00:47.975Z] [INFO] [EXECUTION] [STASIS] BTC/USDT - Confidence too low (0.30). Holding.
[2026-06-25T10:00:50.320Z] [INFO] [SWARM] [ETH/USDT] $1649.11 | RSI: 67.9 | CONF: 0.70
[2026-06-25T10:00:50.320Z] [TRADE] [EXECUTION] [PAPER TRADE] BUY 0.151597 ETH/USDT @ $1649.11
[2026-06-25T10:01:00.669Z] [INFO] [SYSTEM] --- INITIATING SOVEREIGN NODE SCAN ---
[2026-06-25T10:01:03.013Z] [INFO] [SWARM] [BTC/USDT] $61742.4 | RSI: 0.0 | CONF: 0.30
[2026-06-25T10:01:03.013Z] [INFO] [EXECUTION] [STASIS] BTC/USDT - Confidence too low (0.30). Holding.
[2026-06-25T10:01:05.355Z] [INFO] [SWARM] [ETH/USDT] $1649.11 | RSI: 67.9 | CONF: 0.40
[2026-06-25T10:01:05.356Z] [INFO] [EXECUTION] [STASIS] ETH/USDT - Confidence too low (0.40). Holding.
[2026-06-25T10:01:15.670Z] [INFO] [SYSTEM] --- INITIATING SOVEREIGN NODE SCAN ---
[2026-06-25T10:01:18.015Z] [INFO] [SWARM] [BTC/USDT] $61742.4 | RSI: 0.0 | CONF: 0.30
[2026-06-25T10:01:18.015Z] [INFO] [EXECUTION] [STASIS] BTC/USDT - Confidence too low (0.30). Holding.
[2026-06-25T10:01:20.411Z] [INFO] [SWARM] [ETH/USDT] $1649.11 | RSI: 67.9 | CONF: 0.40
[2026-06-25T10:01:20.411Z] [INFO] [EXECUTION] [STASIS] ETH/USDT - Confidence too low (0.40). Holding.
[2026-06-25T10:01:30.671Z] [INFO] [SYSTEM] --- INITIATING SOVEREIGN NODE SCAN ---
[2026-06-25T10:01:33.018Z] [INFO] [SWARM] [BTC/USDT] $61742.4 | RSI: 0.0 | CONF: 0.30
[2026-06-25T10:01:33.018Z] [INFO] [EXECUTION] [STASIS] BTC/USDT - Confidence too low (0.30). Holding.
[2026-06-25T10:01:35.378Z] [INFO] [SWARM] [ETH/USDT] $1649.11 | RSI: 67.9 | CONF: 0.40
[2026-06-25T10:01:35.378Z] [INFO] [EXECUTION] [STASIS] ETH/USDT - Confidence too low (0.40). Holding.
[2026-06-25T10:01:45.672Z] [INFO] [SYSTEM] --- INITIATING SOVEREIGN NODE SCAN ---
[2026-06-25T10:01:48.019Z] [INFO] [SWARM] [BTC/USDT] $61742.4 | RSI: 0.0 | CONF: 0.30
[2026-06-25T10:01:48.019Z] [INFO] [EXECUTION] [STASIS] BTC/USDT - Confidence too low (0.30). Holding.
[2026-06-25T10:01:50.456Z] [INFO] [SWARM] [ETH/USDT] $1649.11 | RSI: 67.9 | CONF: 0.40
[2026-06-25T10:01:50.456Z] [INFO] [EXECUTION] [STASIS] ETH/USDT - Confidence too low (0.40). Holding.
[2026-06-25T10:02:00.672Z] [INFO] [SYSTEM] --- INITIATING SOVEREIGN NODE SCAN ---
[2026-06-25T10:02:03.014Z] [INFO] [SWARM] [BTC/USDT] $61742.4 | RSI: 0.0 | CONF: 0.30
[2026-06-25T10:02:03.015Z] [INFO] [EXECUTION] [STASIS] BTC/USDT - Confidence too low (0.30). Holding.
[2026-06-25T10:02:05.351Z] [INFO] [SWARM] [ETH/USDT] $1649.11 | RSI: 67.9 | CONF: 0.40
[2026-06-25T10:02:05.352Z] [INFO] [EXECUTION] [STASIS] ETH/USDT - Confidence too low (0.40). Holding.
[2026-06-25T10:02:15.673Z] [INFO] [SYSTEM] --- INITIATING SOVEREIGN NODE SCAN ---
[2026-06-25T10:02:18.019Z] [INFO] [SWARM] [BTC/USDT] $61742.4 | RSI: 0.0 | CONF: 0.30
[2026-06-25T10:02:18.019Z] [INFO] [EXECUTION] [STASIS] BTC/USDT - Confidence too low (0.30). Holding.
[2026-06-25T10:02:20.358Z] [INFO] [SWARM] [ETH/USDT] $1649.11 | RSI: 67.9 | CONF: 0.40
[2026-06-25T10:02:20.359Z] [INFO] [EXECUTION] [STASIS] ETH/USDT - Confidence too low (0.40). Holding.
[2026-06-25T10:02:30.675Z] [INFO] [SYSTEM] --- INITIATING SOVEREIGN NODE SCAN ---
[2026-06-25T10:02:33.014Z] [INFO] [SWARM] [BTC/USDT] $61746.7 | RSI: 17.6 | CONF: 0.30
[2026-06-25T10:02:33.014Z] [INFO] [EXECUTION] [STASIS] BTC/USDT - Confidence too low (0.30). Holding.
[2026-06-25T10:02:35.433Z] [INFO] [SWARM] [ETH/USDT] $1649.11 | RSI: 67.9 | CONF: 0.40
[2026-06-25T10:02:35.433Z] [INFO] [EXECUTION] [STASIS] ETH/USDT - Confidence too low (0.40). Holding.
[2026-06-25T10:02:45.675Z] [INFO] [SYSTEM] --- INITIATING SOVEREIGN NODE SCAN ---
[2026-06-25T10:02:48.027Z] [INFO] [SWARM] [BTC/USDT] $61747.2 | RSI: 19.2 | CONF: 0.30
[2026-06-25T10:02:48.027Z] [INFO] [EXECUTION] [STASIS] BTC/USDT - Confidence too low (0.30). Holding.
[2026-06-25T10:02:50.689Z] [INFO] [SWARM] [ETH/USDT] $1649.11 | RSI: 67.9 | CONF: 0.40
[2026-06-25T10:02:50.689Z] [INFO] [EXECUTION] [STASIS] ETH/USDT - Confidence too low (0.40). Holding.
[2026-06-25T10:03:00.675Z] [INFO] [SYSTEM] --- INITIATING SOVEREIGN NODE SCAN ---
[2026-06-25T10:03:03.032Z] [INFO] [SWARM] [BTC/USDT] $61747.2 | RSI: 22.7 | CONF: 0.30
[2026-06-25T10:03:03.032Z] [INFO] [EXECUTION] [STASIS] BTC/USDT - Confidence too low (0.30). Holding.
[2026-06-25T10:03:05.464Z] [INFO] [SWARM] [ETH/USDT] $1649.11 | RSI: 67.9 | CONF: 0.40
[2026-06-25T10:03:05.465Z] [INFO] [EXECUTION] [STASIS] ETH/USDT - Confidence too low (0.40). Holding.
[2026-06-25T10:03:15.676Z] [INFO] [SYSTEM] --- INITIATING SOVEREIGN NODE SCAN ---
[2026-06-25T10:03:18.021Z] [INFO] [SWARM] [BTC/USDT] $61747.2 | RSI: 22.7 | CONF: 0.30
[2026-06-25T10:03:18.022Z] [INFO] [EXECUTION] [STASIS] BTC/USDT - Confidence too low (0.30). Holding.
[2026-06-25T10:03:20.281Z] [INFO] [SWARM] [ETH/USDT] $1649.11 | RSI: 67.9 | CONF: 0.40
[2026-06-25T10:03:20.281Z] [INFO] [EXECUTION] [STASIS] ETH/USDT - Confidence too low (0.40). Holding.
[2026-06-25T10:03:30.676Z] [INFO] [SYSTEM] --- INITIATING SOVEREIGN NODE SCAN ---
[2026-06-25T10:03:33.020Z] [INFO] [SWARM] [BTC/USDT] $61747.2 | RSI: 22.7 | CONF: 0.30
[2026-06-25T10:03:33.020Z] [INFO] [EXECUTION] [STASIS] BTC/USDT - Confidence too low (0.30). Holding.
[2026-06-25T10:03:35.362Z] [INFO] [SWARM] [ETH/USDT] $1649.46 | RSI: 74.6 | CONF: 0.30
[2026-06-25T10:03:35.362Z] [INFO] [EXECUTION] [STASIS] ETH/USDT - Confidence too low (0.30). Holding.
[2026-06-25T10:03:45.677Z] [INFO] [SYSTEM] --- INITIATING SOVEREIGN NODE SCAN ---
[2026-06-25T10:03:48.017Z] [INFO] [SWARM] [BTC/USDT] $61747.2 | RSI: 22.7 | CONF: 0.30
[2026-06-25T10:03:48.017Z] [INFO] [EXECUTION] [STASIS] BTC/USDT - Confidence too low (0.30). Holding.
[2026-06-25T10:03:50.362Z] [INFO] [SWARM] [ETH/USDT] $1649.46 | RSI: 74.6 | CONF: 0.30
[2026-06-25T10:03:50.362Z] [INFO] [EXECUTION] [STASIS] ETH/USDT - Confidence too low (0.30). Holding.
[2026-06-25T10:04:00.677Z] [INFO] [SYSTEM] --- INITIATING SOVEREIGN NODE SCAN ---
[2026-06-25T10:04:03.016Z] [INFO] [SWARM] [BTC/USDT] $61747.2 | RSI: 22.9 | CONF: 0.30
[2026-06-25T10:04:03.017Z] [INFO] [EXECUTION] [STASIS] BTC/USDT - Confidence too low (0.30). Holding.
[2026-06-25T10:04:05.369Z] [INFO] [SWARM] [ETH/USDT] $1649.46 | RSI: 74.6 | CONF: 0.00
[2026-06-25T10:04:05.370Z] [INFO] [EXECUTION] [STASIS] ETH/USDT - Confidence too low (0.00). Holding.
[2026-06-25T10:04:15.678Z] [INFO] [SYSTEM] --- INITIATING SOVEREIGN NODE SCAN ---
[2026-06-25T10:04:18.015Z] [INFO] [SWARM] [BTC/USDT] $61747.2 | RSI: 22.9 | CONF: 0.30
[2026-06-25T10:04:18.015Z] [INFO] [EXECUTION] [STASIS] BTC/USDT - Confidence too low (0.30). Holding.
[2026-06-25T10:04:20.357Z] [INFO] [SWARM] [ETH/USDT] $1649.46 | RSI: 74.6 | CONF: 0.00
[2026-06-25T10:04:20.357Z] [INFO] [EXECUTION] [STASIS] ETH/USDT - Confidence too low (0.00). Holding.
[2026-06-25T10:04:30.680Z] [INFO] [SYSTEM] --- INITIATING SOVEREIGN NODE SCAN ---
[2026-06-25T10:04:33.101Z] [INFO] [SWARM] [BTC/USDT] $61747.2 | RSI: 22.9 | CONF: 0.30
[2026-06-25T10:04:33.101Z] [INFO] [EXECUTION] [STASIS] BTC/USDT - Confidence too low (0.30). Holding.
[2026-06-25T10:04:35.522Z] [INFO] [SWARM] [ETH/USDT] $1649.46 | RSI: 74.6 | CONF: 0.00
[2026-06-25T10:04:35.522Z] [INFO] [EXECUTION] [STASIS] ETH/USDT - Confidence too low (0.00). Holding.
[2026-06-25T10:04:45.681Z] [INFO] [SYSTEM] --- INITIATING SOVEREIGN NODE SCAN ---
[2026-06-25T10:04:48.017Z] [INFO] [SWARM] [BTC/USDT] $61747.2 | RSI: 22.9 | CONF: 0.30
[2026-06-25T10:04:48.018Z] [INFO] [EXECUTION] [STASIS] BTC/USDT - Confidence too low (0.30). Holding.
[2026-06-25T10:04:50.363Z] [INFO] [SWARM] [ETH/USDT] $1649.46 | RSI: 74.6 | CONF: 0.00
[2026-06-25T10:04:50.363Z] [INFO] [EXECUTION] [STASIS] ETH/USDT - Confidence too low (0.00). Holding.
[2026-06-25T10:05:00.682Z] [INFO] [SYSTEM] --- INITIATING SOVEREIGN NODE SCAN ---
[2026-06-25T10:05:03.025Z] [INFO] [SWARM] [BTC/USDT] $61745.4 | RSI: 21.1 | CONF: 0.30
[2026-06-25T10:05:03.026Z] [INFO] [EXECUTION] [STASIS] BTC/USDT - Confidence too low (0.30). Holding.
[2026-06-25T10:05:05.367Z] [INFO] [SWARM] [ETH/USDT] $1649.46 | RSI: 74.6 | CONF: 0.00
[2026-06-25T10:05:05.367Z] [INFO] [EXECUTION] [STASIS] ETH/USDT - Confidence too low (0.00). Holding.
[2026-06-25T10:05:15.683Z] [INFO] [SYSTEM] --- INITIATING SOVEREIGN NODE SCAN ---
[2026-06-25T10:05:18.103Z] [INFO] [SWARM] [BTC/USDT] $61745.4 | RSI: 21.1 | CONF: 0.30
[2026-06-25T10:05:18.104Z] [INFO] [EXECUTION] [STASIS] BTC/USDT - Confidence too low (0.30). Holding.
[2026-06-25T10:05:20.467Z] [INFO] [SWARM] [ETH/USDT] $1649.46 | RSI: 74.6 | CONF: 0.00
[2026-06-25T10:05:20.467Z] [INFO] [EXECUTION] [STASIS] ETH/USDT - Confidence too low (0.00). Holding.
[2026-06-25T10:05:30.684Z] [INFO] [SYSTEM] --- INITIATING SOVEREIGN NODE SCAN ---
[2026-06-25T10:05:33.038Z] [INFO] [SWARM] [BTC/USDT] $61745.4 | RSI: 21.1 | CONF: 0.30
[2026-06-25T10:05:33.039Z] [INFO] [EXECUTION] [STASIS] BTC/USDT - Confidence too low (0.30). Holding.
[2026-06-25T10:05:35.385Z] [INFO] [SWARM] [ETH/USDT] $1649.46 | RSI: 74.6 | CONF: 0.00
[2026-06-25T10:05:35.385Z] [INFO] [EXECUTION] [STASIS] ETH/USDT - Confidence too low (0.00). Holding.
[2026-06-25T10:05:45.684Z] [INFO] [SYSTEM] --- INITIATING SOVEREIGN NODE SCAN ---
[2026-06-25T10:05:47.948Z] [INFO] [SWARM] [BTC/USDT] $61745.4 | RSI: 21.1 | CONF: 0.30
[2026-06-25T10:05:47.949Z] [INFO] [EXECUTION] [STASIS] BTC/USDT - Confidence too low (0.30). Holding.
[2026-06-25T10:05:50.378Z] [INFO] [SWARM] [ETH/USDT] $1649.46 | RSI: 74.6 | CONF: 0.00
[2026-06-25T10:05:50.378Z] [INFO] [EXECUTION] [STASIS] ETH/USDT - Confidence too low (0.00). Holding.
[2026-06-25T10:06:00.684Z] [INFO] [SYSTEM] --- INITIATING SOVEREIGN NODE SCAN ---
[2026-06-25T10:06:03.023Z] [INFO] [SWARM] [BTC/USDT] $61745.4 | RSI: 37.2 | CONF: 0.00
[2026-06-25T10:06:03.024Z] [INFO] [EXECUTION] [STASIS] BTC/USDT - Confidence too low (0.00). Holding.
[2026-06-25T10:06:05.364Z] [INFO] [SWARM] [ETH/USDT] $1649.46 | RSI: 74.6 | CONF: 0.00
[2026-06-25T10:06:05.365Z] [INFO] [EXECUTION] [STASIS] ETH/USDT - Confidence too low (0.00). Holding.
[2026-06-25T10:06:15.685Z] [INFO] [SYSTEM] --- INITIATING SOVEREIGN NODE SCAN ---
[2026-06-25T10:06:18.028Z] [INFO] [SWARM] [BTC/USDT] $61745.4 | RSI: 37.2 | CONF: 0.00
[2026-06-25T10:06:18.028Z] [INFO] [EXECUTION] [STASIS] BTC/USDT - Confidence too low (0.00). Holding.
[2026-06-25T10:06:20.372Z] [INFO] [SWARM] [ETH/USDT] $1649.46 | RSI: 74.6 | CONF: 0.00
[2026-06-25T10:06:20.372Z] [INFO] [EXECUTION] [STASIS] ETH/USDT - Confidence too low (0.00). Holding.
[2026-06-25T10:06:30.687Z] [INFO] [SYSTEM] --- INITIATING SOVEREIGN NODE SCAN ---
[2026-06-25T10:06:33.029Z] [INFO] [SWARM] [BTC/USDT] $61707.6 | RSI: 9.5 | CONF: 0.30
[2026-06-25T10:06:33.029Z] [INFO] [EXECUTION] [STASIS] BTC/USDT - Confidence too low (0.30). Holding.
[2026-06-25T10:06:35.361Z] [INFO] [SWARM] [ETH/USDT] $1649.46 | RSI: 74.6 | CONF: 0.00
[2026-06-25T10:06:35.362Z] [INFO] [EXECUTION] [STASIS] ETH/USDT - Confidence too low (0.00). Holding.
[2026-06-25T10:06:45.688Z] [INFO] [SYSTEM] --- INITIATING SOVEREIGN NODE SCAN ---
[2026-06-25T10:06:48.031Z] [INFO] [SWARM] [BTC/USDT] $61707.6 | RSI: 9.5 | CONF: 0.30
[2026-06-25T10:06:48.031Z] [INFO] [EXECUTION] [STASIS] BTC/USDT - Confidence too low (0.30). Holding.
[2026-06-25T10:06:50.376Z] [INFO] [SWARM] [ETH/USDT] $1649.46 | RSI: 74.6 | CONF: 0.00
[2026-06-25T10:06:50.376Z] [INFO] [EXECUTION] [STASIS] ETH/USDT - Confidence too low (0.00). Holding.
[2026-06-25T10:07:00.688Z] [INFO] [SYSTEM] --- INITIATING SOVEREIGN NODE SCAN ---
[2026-06-25T10:07:03.027Z] [INFO] [SWARM] [BTC/USDT] $61707.6 | RSI: 9.5 | CONF: 0.30
[2026-06-25T10:07:03.028Z] [INFO] [EXECUTION] [STASIS] BTC/USDT - Confidence too low (0.30). Holding.
[2026-06-25T10:07:05.373Z] [INFO] [SWARM] [ETH/USDT] $1649.46 | RSI: 100.0 | CONF: 0.00
[2026-06-25T10:07:05.373Z] [INFO] [EXECUTION] [STASIS] ETH/USDT - Confidence too low (0.00). Holding.
[2026-06-25T10:07:15.689Z] [INFO] [SYSTEM] --- INITIATING SOVEREIGN NODE SCAN ---
[2026-06-25T10:07:18.032Z] [INFO] [SWARM] [BTC/USDT] $61689.8 | RSI: 7.0 | CONF: 0.30
[2026-06-25T10:07:18.032Z] [INFO] [EXECUTION] [STASIS] BTC/USDT - Confidence too low (0.30). Holding.
[2026-06-25T10:07:20.292Z] [INFO] [SWARM] [ETH/USDT] $1649.46 | RSI: 100.0 | CONF: 0.00
[2026-06-25T10:07:20.292Z] [INFO] [EXECUTION] [STASIS] ETH/USDT - Confidence too low (0.00). Holding.
[2026-06-25T10:07:30.691Z] [INFO] [SYSTEM] --- INITIATING SOVEREIGN NODE SCAN ---
[2026-06-25T10:07:33.030Z] [INFO] [SWARM] [BTC/USDT] $61689.8 | RSI: 7.0 | CONF: 0.30
[2026-06-25T10:07:33.030Z] [INFO] [EXECUTION] [STASIS] BTC/USDT - Confidence too low (0.30). Holding.
[2026-06-25T10:07:35.378Z] [INFO] [SWARM] [ETH/USDT] $1649.46 | RSI: 100.0 | CONF: 0.00
[2026-06-25T10:07:35.379Z] [INFO] [EXECUTION] [STASIS] ETH/USDT - Confidence too low (0.00). Holding.
[2026-06-25T10:07:45.692Z] [INFO] [SYSTEM] --- INITIATING SOVEREIGN NODE SCAN ---
[2026-06-25T10:07:48.033Z] [INFO] [SWARM] [BTC/USDT] $61689.8 | RSI: 7.0 | CONF: 0.30
[2026-06-25T10:07:48.033Z] [INFO] [EXECUTION] [STASIS] BTC/USDT - Confidence too low (0.30). Holding.
[2026-06-25T10:07:50.390Z] [INFO] [SWARM] [ETH/USDT] $1649.46 | RSI: 100.0 | CONF: 0.00
[2026-06-25T10:07:50.390Z] [INFO] [EXECUTION] [STASIS] ETH/USDT - Confidence too low (0.00). Holding.
[2026-06-25T10:08:00.693Z] [INFO] [SYSTEM] --- INITIATING SOVEREIGN NODE SCAN ---
[2026-06-25T10:08:03.028Z] [INFO] [SWARM] [BTC/USDT] $61689.8 | RSI: 24.5 | CONF: 0.30
[2026-06-25T10:08:03.028Z] [INFO] [EXECUTION] [STASIS] BTC/USDT - Confidence too low (0.30). Holding.
[2026-06-25T10:08:05.452Z] [INFO] [SWARM] [ETH/USDT] $1649.46 | RSI: 100.0 | CONF: 0.00
[2026-06-25T10:08:05.452Z] [INFO] [EXECUTION] [STASIS] ETH/USDT - Confidence too low (0.00). Holding.
[2026-06-25T10:08:15.694Z] [INFO] [SYSTEM] --- INITIATING SOVEREIGN NODE SCAN ---
[2026-06-25T10:08:18.040Z] [INFO] [SWARM] [BTC/USDT] $61694.8 | RSI: 13.3 | CONF: 0.30
[2026-06-25T10:08:18.041Z] [INFO] [EXECUTION] [STASIS] BTC/USDT - Confidence too low (0.30). Holding.
[2026-06-25T10:08:20.381Z] [INFO] [SWARM] [ETH/USDT] $1649.46 | RSI: 100.0 | CONF: 0.00
[2026-06-25T10:08:20.381Z] [INFO] [EXECUTION] [STASIS] ETH/USDT - Confidence too low (0.00). Holding.
[2026-06-25T10:08:30.695Z] [INFO] [SYSTEM] --- INITIATING SOVEREIGN NODE SCAN ---
[2026-06-25T10:08:33.036Z] [INFO] [SWARM] [BTC/USDT] $61694.8 | RSI: 13.3 | CONF: 0.30
[2026-06-25T10:08:33.036Z] [INFO] [EXECUTION] [STASIS] BTC/USDT - Confidence too low (0.30). Holding.
[2026-06-25T10:08:35.381Z] [INFO] [SWARM] [ETH/USDT] $1649.46 | RSI: 100.0 | CONF: 0.00
[2026-06-25T10:08:35.381Z] [INFO] [EXECUTION] [STASIS] ETH/USDT - Confidence too low (0.00). Holding.
[2026-06-25T10:08:45.696Z] [INFO] [SYSTEM] --- INITIATING SOVEREIGN NODE SCAN ---
[2026-06-25T10:08:47.955Z] [INFO] [SWARM] [BTC/USDT] $61695.7 | RSI: 14.4 | CONF: 0.30
[2026-06-25T10:08:47.955Z] [INFO] [EXECUTION] [STASIS] BTC/USDT - Confidence too low (0.30). Holding.
[2026-06-25T10:08:50.371Z] [INFO] [SWARM] [ETH/USDT] $1648.02 | RSI: 46.7 | CONF: 0.00
[2026-06-25T10:08:50.372Z] [INFO] [EXECUTION] [STASIS] ETH/USDT - Confidence too low (0.00). Holding.
[2026-06-25T10:09:00.697Z] [INFO] [SYSTEM] --- INITIATING SOVEREIGN NODE SCAN ---
[2026-06-25T10:09:03.120Z] [INFO] [SWARM] [BTC/USDT] $61682.3 | RSI: 6.9 | CONF: 0.30
[2026-06-25T10:09:03.120Z] [INFO] [EXECUTION] [STASIS] BTC/USDT - Confidence too low (0.30). Holding.
[2026-06-25T10:09:05.463Z] [INFO] [SWARM] [ETH/USDT] $1648.02 | RSI: 46.7 | CONF: 0.00
[2026-06-25T10:09:05.463Z] [INFO] [EXECUTION] [STASIS] ETH/USDT - Confidence too low (0.00). Holding.
[2026-06-25T10:09:15.698Z] [INFO] [SYSTEM] --- INITIATING SOVEREIGN NODE SCAN ---
[2026-06-25T10:09:18.042Z] [INFO] [SWARM] [BTC/USDT] $61682.3 | RSI: 6.9 | CONF: 0.30
[2026-06-25T10:09:18.042Z] [INFO] [EXECUTION] [STASIS] BTC/USDT - Confidence too low (0.30). Holding.
[2026-06-25T10:09:20.382Z] [INFO] [SWARM] [ETH/USDT] $1648.02 | RSI: 46.7 | CONF: 0.00
[2026-06-25T10:09:20.382Z] [INFO] [EXECUTION] [STASIS] ETH/USDT - Confidence too low (0.00). Holding.
[2026-06-25T10:09:30.699Z] [INFO] [SYSTEM] --- INITIATING SOVEREIGN NODE SCAN ---
[2026-06-25T10:09:33.038Z] [INFO] [SWARM] [BTC/USDT] $61682.3 | RSI: 6.9 | CONF: 0.30
[2026-06-25T10:09:33.038Z] [INFO] [EXECUTION] [STASIS] BTC/USDT - Confidence too low (0.30). Holding.
[2026-06-25T10:09:35.458Z] [INFO] [SWARM] [ETH/USDT] $1648.02 | RSI: 46.7 | CONF: 0.00
[2026-06-25T10:09:35.460Z] [INFO] [EXECUTION] [STASIS] ETH/USDT - Confidence too low (0.00). Holding.
[2026-06-25T10:09:45.700Z] [INFO] [SYSTEM] --- INITIATING SOVEREIGN NODE SCAN ---
[2026-06-25T10:09:48.039Z] [INFO] [SWARM] [BTC/USDT] $61672.1 | RSI: 6.0 | CONF: 0.30
[2026-06-25T10:09:48.039Z] [INFO] [EXECUTION] [STASIS] BTC/USDT - Confidence too low (0.30). Holding.
[2026-06-25T10:09:50.381Z] [INFO] [SWARM] [ETH/USDT] $1648.02 | RSI: 46.7 | CONF: 0.00
[2026-06-25T10:09:50.381Z] [INFO] [EXECUTION] [STASIS] ETH/USDT - Confidence too low (0.00). Holding.
[2026-06-25T10:10:00.701Z] [INFO] [SYSTEM] --- INITIATING SOVEREIGN NODE SCAN ---
[2026-06-25T10:10:03.055Z] [INFO] [SWARM] [BTC/USDT] $61672.1 | RSI: 6.0 | CONF: 0.30
[2026-06-25T10:10:03.055Z] [INFO] [EXECUTION] [STASIS] BTC/USDT - Confidence too low (0.30). Holding.
[2026-06-25T10:10:05.425Z] [INFO] [SWARM] [ETH/USDT] $1648.02 | RSI: 46.7 | CONF: 0.00
[2026-06-25T10:10:05.425Z] [INFO] [EXECUTION] [STASIS] ETH/USDT - Confidence too low (0.00). Holding.
[2026-06-25T10:10:15.702Z] [INFO] [SYSTEM] --- INITIATING SOVEREIGN NODE SCAN ---
[2026-06-25T10:10:18.042Z] [INFO] [SWARM] [BTC/USDT] $61672.1 | RSI: 6.0 | CONF: 0.30
[2026-06-25T10:10:18.042Z] [INFO] [EXECUTION] [STASIS] BTC/USDT - Confidence too low (0.30). Holding.
[2026-06-25T10:10:20.471Z] [INFO] [SWARM] [ETH/USDT] $1648.02 | RSI: 46.7 | CONF: 0.00
[2026-06-25T10:10:20.471Z] [INFO] [EXECUTION] [STASIS] ETH/USDT - Confidence too low (0.00). Holding.
[2026-06-25T10:10:30.703Z] [INFO] [SYSTEM] --- INITIATING SOVEREIGN NODE SCAN ---
[2026-06-25T10:10:33.049Z] [INFO] [SWARM] [BTC/USDT] $61672.1 | RSI: 6.0 | CONF: 0.30
[2026-06-25T10:10:33.049Z] [INFO] [EXECUTION] [STASIS] BTC/USDT - Confidence too low (0.30). Holding.
[2026-06-25T10:10:35.416Z] [INFO] [SWARM] [ETH/USDT] $1648.02 | RSI: 46.7 | CONF: 0.00
[2026-06-25T10:10:35.416Z] [INFO] [EXECUTION] [STASIS] ETH/USDT - Confidence too low (0.00). Holding.
[2026-06-25T10:10:45.703Z] [INFO] [SYSTEM] --- INITIATING SOVEREIGN NODE SCAN ---
[2026-06-25T10:10:47.976Z] [INFO] [SWARM] [BTC/USDT] $61679.1 | RSI: 13.6 | CONF: 0.30
[2026-06-25T10:10:47.976Z] [INFO] [EXECUTION] [STASIS] BTC/USDT - Confidence too low (0.30). Holding.
[2026-06-25T10:10:50.314Z] [INFO] [SWARM] [ETH/USDT] $1647.66 | RSI: 41.2 | CONF: 0.00
[2026-06-25T10:10:50.314Z] [INFO] [EXECUTION] [STASIS] ETH/USDT - Confidence too low (0.00). Holding.
[2026-06-25T10:11:00.704Z] [INFO] [SYSTEM] --- INITIATING SOVEREIGN NODE SCAN ---
[2026-06-25T10:11:03.050Z] [INFO] [SWARM] [BTC/USDT] $61679.1 | RSI: 13.6 | CONF: 0.30
[2026-06-25T10:11:03.050Z] [INFO] [EXECUTION] [STASIS] BTC/USDT - Confidence too low (0.30). Holding.
[2026-06-25T10:11:05.477Z] [INFO] [SWARM] [ETH/USDT] $1647.66 | RSI: 41.2 | CONF: 0.00
[2026-06-25T10:11:05.478Z] [INFO] [EXECUTION] [STASIS] ETH/USDT - Confidence too low (0.00). Holding.
[2026-06-25T10:11:15.704Z] [INFO] [SYSTEM] --- INITIATING SOVEREIGN NODE SCAN ---
[2026-06-25T10:11:18.041Z] [INFO] [SWARM] [BTC/USDT] $61679.1 | RSI: 13.6 | CONF: 0.30
[2026-06-25T10:11:18.042Z] [INFO] [EXECUTION] [STASIS] BTC/USDT - Confidence too low (0.30). Holding.
[2026-06-25T10:11:20.390Z] [INFO] [SWARM] [ETH/USDT] $1647.66 | RSI: 41.2 | CONF: 0.00
[2026-06-25T10:11:20.390Z] [INFO] [EXECUTION] [STASIS] ETH/USDT - Confidence too low (0.00). Holding.
[2026-06-25T10:11:30.704Z] [INFO] [SYSTEM] --- INITIATING SOVEREIGN NODE SCAN ---
[2026-06-25T10:11:33.049Z] [INFO] [SWARM] [BTC/USDT] $61679.1 | RSI: 13.6 | CONF: 0.30
[2026-06-25T10:11:33.049Z] [INFO] [EXECUTION] [STASIS] BTC/USDT - Confidence too low (0.30). Holding.
[2026-06-25T10:11:35.389Z] [INFO] [SWARM] [ETH/USDT] $1647.66 | RSI: 41.2 | CONF: 0.00
[2026-06-25T10:11:35.389Z] [INFO] [EXECUTION] [STASIS] ETH/USDT - Confidence too low (0.00). Holding.
[2026-06-25T10:11:45.704Z] [INFO] [SYSTEM] --- INITIATING SOVEREIGN NODE SCAN ---
[2026-06-25T10:11:48.044Z] [INFO] [SWARM] [BTC/USDT] $61679.1 | RSI: 13.6 | CONF: 0.30
[2026-06-25T10:11:48.045Z] [INFO] [EXECUTION] [STASIS] BTC/USDT - Confidence too low (0.30). Holding.
[2026-06-25T10:11:50.386Z] [INFO] [SWARM] [ETH/USDT] $1647.53 | RSI: 39.5 | CONF: 0.00
[2026-06-25T10:11:50.386Z] [INFO] [EXECUTION] [STASIS] ETH/USDT - Confidence too low (0.00). Holding.
[2026-06-25T10:12:00.705Z] [INFO] [SYSTEM] --- INITIATING SOVEREIGN NODE SCAN ---
[2026-06-25T10:12:03.049Z] [INFO] [SWARM] [BTC/USDT] $61679.1 | RSI: 13.6 | CONF: 0.30
[2026-06-25T10:12:03.050Z] [INFO] [EXECUTION] [STASIS] BTC/USDT - Confidence too low (0.30). Holding.
[2026-06-25T10:12:05.390Z] [INFO] [SWARM] [ETH/USDT] $1647.53 | RSI: 39.5 | CONF: 0.00
[2026-06-25T10:12:05.390Z] [INFO] [EXECUTION] [STASIS] ETH/USDT - Confidence too low (0.00). Holding.
[2026-06-25T10:12:15.707Z] [INFO] [SYSTEM] --- INITIATING SOVEREIGN NODE SCAN ---
[2026-06-25T10:12:18.050Z] [INFO] [SWARM] [BTC/USDT] $61679.1 | RSI: 13.6 | CONF: 0.30
[2026-06-25T10:12:18.051Z] [INFO] [EXECUTION] [STASIS] BTC/USDT - Confidence too low (0.30). Holding.
[2026-06-25T10:12:20.317Z] [INFO] [SWARM] [ETH/USDT] $1647.57 | RSI: 40.2 | CONF: 0.00
[2026-06-25T10:12:20.317Z] [INFO] [EXECUTION] [STASIS] ETH/USDT - Confidence too low (0.00). Holding.
[2026-06-25T10:12:30.708Z] [INFO] [SYSTEM] --- INITIATING SOVEREIGN NODE SCAN ---
[2026-06-25T10:12:33.137Z] [INFO] [SWARM] [BTC/USDT] $61679.1 | RSI: 13.6 | CONF: 0.30
[2026-06-25T10:12:33.137Z] [INFO] [EXECUTION] [STASIS] BTC/USDT - Confidence too low (0.30). Holding.
[2026-06-25T10:12:35.481Z] [INFO] [SWARM] [ETH/USDT] $1647.57 | RSI: 40.2 | CONF: 0.00
[2026-06-25T10:12:35.481Z] [INFO] [EXECUTION] [STASIS] ETH/USDT - Confidence too low (0.00). Holding.
[2026-06-25T10:12:45.708Z] [INFO] [SYSTEM] --- INITIATING SOVEREIGN NODE SCAN ---
[2026-06-25T10:12:48.055Z] [INFO] [SWARM] [BTC/USDT] $61679.1 | RSI: 13.6 | CONF: 0.30
[2026-06-25T10:12:48.056Z] [INFO] [EXECUTION] [STASIS] BTC/USDT - Confidence too low (0.30). Holding.
[2026-06-25T10:12:50.477Z] [INFO] [SWARM] [ETH/USDT] $1647.57 | RSI: 40.2 | CONF: 0.00
[2026-06-25T10:12:50.477Z] [INFO] [EXECUTION] [STASIS] ETH/USDT - Confidence too low (0.00). Holding.
[2026-06-25T10:13:00.708Z] [INFO] [SYSTEM] --- INITIATING SOVEREIGN NODE SCAN ---
[2026-06-25T10:13:03.055Z] [INFO] [SWARM] [BTC/USDT] $61679.1 | RSI: 13.6 | CONF: 0.30
[2026-06-25T10:13:03.058Z] [INFO] [EXECUTION] [STASIS] BTC/USDT - Confidence too low (0.30). Holding.
[2026-06-25T10:13:05.324Z] [INFO] [SWARM] [ETH/USDT] $1647.57 | RSI: 40.2 | CONF: 0.00
[2026-06-25T10:13:05.324Z] [INFO] [EXECUTION] [STASIS] ETH/USDT - Confidence too low (0.00). Holding.
[2026-06-25T10:13:15.708Z] [INFO] [SYSTEM] --- INITIATING SOVEREIGN NODE SCAN ---
[2026-06-25T10:13:18.047Z] [INFO] [SWARM] [BTC/USDT] $61679.1 | RSI: 13.6 | CONF: 0.30
[2026-06-25T10:13:18.047Z] [INFO] [EXECUTION] [STASIS] BTC/USDT - Confidence too low (0.30). Holding.
[2026-06-25T10:13:20.397Z] [INFO] [SWARM] [ETH/USDT] $1647.57 | RSI: 40.2 | CONF: 0.00
[2026-06-25T10:13:20.397Z] [INFO] [EXECUTION] [STASIS] ETH/USDT - Confidence too low (0.00). Holding.
[2026-06-25T10:13:30.709Z] [INFO] [SYSTEM] --- INITIATING SOVEREIGN NODE SCAN ---
[2026-06-25T10:13:33.055Z] [INFO] [SWARM] [BTC/USDT] $61679.1 | RSI: 13.6 | CONF: 0.30
[2026-06-25T10:13:33.055Z] [INFO] [EXECUTION] [STASIS] BTC/USDT - Confidence too low (0.30). Holding.
[2026-06-25T10:13:35.395Z] [INFO] [SWARM] [ETH/USDT] $1647.57 | RSI: 40.2 | CONF: 0.00
[2026-06-25T10:13:35.395Z] [INFO] [EXECUTION] [STASIS] ETH/USDT - Confidence too low (0.00). Holding.
[2026-06-25T10:13:45.711Z] [INFO] [SYSTEM] --- INITIATING SOVEREIGN NODE SCAN ---
[2026-06-25T10:13:48.057Z] [INFO] [SWARM] [BTC/USDT] $61679.1 | RSI: 13.6 | CONF: 0.30
[2026-06-25T10:13:48.057Z] [INFO] [EXECUTION] [STASIS] BTC/USDT - Confidence too low (0.30). Holding.
[2026-06-25T10:13:50.407Z] [INFO] [SWARM] [ETH/USDT] $1647.57 | RSI: 40.2 | CONF: 0.00
[2026-06-25T10:13:50.407Z] [INFO] [EXECUTION] [STASIS] ETH/USDT - Confidence too low (0.00). Holding.
[2026-06-25T10:14:00.712Z] [INFO] [SYSTEM] --- INITIATING SOVEREIGN NODE SCAN ---
[2026-06-25T10:14:03.048Z] [INFO] [SWARM] [BTC/USDT] $61679.1 | RSI: 13.6 | CONF: 0.30
[2026-06-25T10:14:03.049Z] [INFO] [EXECUTION] [STASIS] BTC/USDT - Confidence too low (0.30). Holding.
[2026-06-25T10:14:05.413Z] [INFO] [SWARM] [ETH/USDT] $1647.57 | RSI: 16.8 | CONF: 0.30
[2026-06-25T10:14:05.413Z] [INFO] [EXECUTION] [STASIS] ETH/USDT - Confidence too low (0.30). Holding.
[2026-06-25T10:14:15.713Z] [INFO] [SYSTEM] --- INITIATING SOVEREIGN NODE SCAN ---
[2026-06-25T10:14:18.051Z] [INFO] [SWARM] [BTC/USDT] $61679.1 | RSI: 13.6 | CONF: 0.30
[2026-06-25T10:14:18.051Z] [INFO] [EXECUTION] [STASIS] BTC/USDT - Confidence too low (0.30). Holding.
[2026-06-25T10:14:20.321Z] [INFO] [SWARM] [ETH/USDT] $1648.57 | RSI: 41.9 | CONF: 0.30
[2026-06-25T10:14:20.321Z] [INFO] [EXECUTION] [STASIS] ETH/USDT - Confidence too low (0.30). Holding.
[2026-06-25T10:14:30.714Z] [INFO] [SYSTEM] --- INITIATING SOVEREIGN NODE SCAN ---
[2026-06-25T10:14:33.138Z] [INFO] [SWARM] [BTC/USDT] $61679.1 | RSI: 13.6 | CONF: 0.30
[2026-06-25T10:14:33.139Z] [INFO] [EXECUTION] [STASIS] BTC/USDT - Confidence too low (0.30). Holding.
[2026-06-25T10:14:35.488Z] [INFO] [SWARM] [ETH/USDT] $1648.57 | RSI: 41.9 | CONF: 0.30
[2026-06-25T10:14:35.489Z] [INFO] [EXECUTION] [STASIS] ETH/USDT - Confidence too low (0.30). Holding.
[2026-06-25T10:14:45.714Z] [INFO] [SYSTEM] --- INITIATING SOVEREIGN NODE SCAN ---
[2026-06-25T10:14:47.971Z] [INFO] [SWARM] [BTC/USDT] $61679.1 | RSI: 13.6 | CONF: 0.30
[2026-06-25T10:14:47.972Z] [INFO] [EXECUTION] [STASIS] BTC/USDT - Confidence too low (0.30). Holding.
[2026-06-25T10:14:50.398Z] [INFO] [SWARM] [ETH/USDT] $1648.57 | RSI: 41.9 | CONF: 0.30
[2026-06-25T10:14:50.399Z] [INFO] [EXECUTION] [STASIS] ETH/USDT - Confidence too low (0.30). Holding.
[2026-06-25T10:15:00.715Z] [INFO] [SYSTEM] --- INITIATING SOVEREIGN NODE SCAN ---
[2026-06-25T10:15:03.057Z] [INFO] [SWARM] [BTC/USDT] $61683.7 | RSI: 17.9 | CONF: 0.30
[2026-06-25T10:15:03.057Z] [INFO] [EXECUTION] [STASIS] BTC/USDT - Confidence too low (0.30). Holding.
[2026-06-25T10:15:05.395Z] [INFO] [SWARM] [ETH/USDT] $1648.68 | RSI: 43.7 | CONF: 0.00
[2026-06-25T10:15:05.395Z] [INFO] [EXECUTION] [STASIS] ETH/USDT - Confidence too low (0.00). Holding.
[2026-06-25T10:15:15.716Z] [INFO] [SYSTEM] --- INITIATING SOVEREIGN NODE SCAN ---
[2026-06-25T10:15:18.138Z] [INFO] [SWARM] [BTC/USDT] $61683.7 | RSI: 17.9 | CONF: 0.30
[2026-06-25T10:15:18.138Z] [INFO] [EXECUTION] [STASIS] BTC/USDT - Confidence too low (0.30). Holding.
[2026-06-25T10:15:20.489Z] [INFO] [SWARM] [ETH/USDT] $1648.68 | RSI: 43.7 | CONF: 0.00
[2026-06-25T10:15:20.490Z] [INFO] [EXECUTION] [STASIS] ETH/USDT - Confidence too low (0.00). Holding.
[2026-06-25T10:15:30.717Z] [INFO] [SYSTEM] --- INITIATING SOVEREIGN NODE SCAN ---
[2026-06-25T10:15:33.060Z] [INFO] [SWARM] [BTC/USDT] $61683.7 | RSI: 17.9 | CONF: 0.30
[2026-06-25T10:15:33.060Z] [INFO] [EXECUTION] [STASIS] BTC/USDT - Confidence too low (0.30). Holding.
[2026-06-25T10:15:35.416Z] [INFO] [SWARM] [ETH/USDT] $1648.68 | RSI: 43.7 | CONF: 0.00
[2026-06-25T10:15:35.417Z] [INFO] [EXECUTION] [STASIS] ETH/USDT - Confidence too low (0.00). Holding.
[2026-06-25T10:15:45.717Z] [INFO] [SYSTEM] --- INITIATING SOVEREIGN NODE SCAN ---
[2026-06-25T10:15:47.980Z] [INFO] [SWARM] [BTC/USDT] $61683.7 | RSI: 17.9 | CONF: 0.30
[2026-06-25T10:15:47.980Z] [INFO] [EXECUTION] [STASIS] BTC/USDT - Confidence too low (0.30). Holding.
[2026-06-25T10:15:50.324Z] [INFO] [SWARM] [ETH/USDT] $1648.68 | RSI: 43.7 | CONF: 0.00
[2026-06-25T10:15:50.324Z] [INFO] [EXECUTION] [STASIS] ETH/USDT - Confidence too low (0.00). Holding.
[2026-06-25T10:16:00.717Z] [INFO] [SYSTEM] --- INITIATING SOVEREIGN NODE SCAN ---
[2026-06-25T10:16:03.094Z] [INFO] [SWARM] [BTC/USDT] $61683.7 | RSI: 13.4 | CONF: 0.30
[2026-06-25T10:16:03.094Z] [INFO] [EXECUTION] [STASIS] BTC/USDT - Confidence too low (0.30). Holding.
[2026-06-25T10:16:05.524Z] [INFO] [SWARM] [ETH/USDT] $1648.68 | RSI: 43.7 | CONF: 0.00
[2026-06-25T10:16:05.524Z] [INFO] [EXECUTION] [STASIS] ETH/USDT - Confidence too low (0.00). Holding.
[2026-06-25T10:16:15.719Z] [INFO] [SYSTEM] --- INITIATING SOVEREIGN NODE SCAN ---
[2026-06-25T10:16:18.064Z] [INFO] [SWARM] [BTC/USDT] $61683.7 | RSI: 13.4 | CONF: 0.30
[2026-06-25T10:16:18.064Z] [INFO] [EXECUTION] [STASIS] BTC/USDT - Confidence too low (0.30). Holding.
[2026-06-25T10:16:20.326Z] [INFO] [SWARM] [ETH/USDT] $1648.68 | RSI: 43.7 | CONF: 0.00
[2026-06-25T10:16:20.326Z] [INFO] [EXECUTION] [STASIS] ETH/USDT - Confidence too low (0.00). Holding.
[2026-06-25T10:16:30.720Z] [INFO] [SYSTEM] --- INITIATING SOVEREIGN NODE SCAN ---
[2026-06-25T10:16:33.067Z] [INFO] [SWARM] [BTC/USDT] $61683.7 | RSI: 13.4 | CONF: 0.30
[2026-06-25T10:16:33.067Z] [INFO] [EXECUTION] [STASIS] BTC/USDT - Confidence too low (0.30). Holding.
[2026-06-25T10:16:35.410Z] [INFO] [SWARM] [ETH/USDT] $1648.68 | RSI: 43.7 | CONF: 0.00
[2026-06-25T10:16:35.410Z] [INFO] [EXECUTION] [STASIS] ETH/USDT - Confidence too low (0.00). Holding.
[2026-06-25T10:16:45.721Z] [INFO] [SYSTEM] --- INITIATING SOVEREIGN NODE SCAN ---
[2026-06-25T10:16:48.068Z] [INFO] [SWARM] [BTC/USDT] $61683.7 | RSI: 13.4 | CONF: 0.30
[2026-06-25T10:16:48.069Z] [INFO] [EXECUTION] [STASIS] BTC/USDT - Confidence too low (0.30). Holding.
[2026-06-25T10:16:50.412Z] [INFO] [SWARM] [ETH/USDT] $1648.68 | RSI: 43.7 | CONF: 0.00
[2026-06-25T10:16:50.412Z] [INFO] [EXECUTION] [STASIS] ETH/USDT - Confidence too low (0.00). Holding.
[2026-06-25T10:17:00.722Z] [INFO] [SYSTEM] --- INITIATING SOVEREIGN NODE SCAN ---
[2026-06-25T10:17:03.060Z] [INFO] [SWARM] [BTC/USDT] $61683.7 | RSI: 13.4 | CONF: 0.30
[2026-06-25T10:17:03.060Z] [INFO] [EXECUTION] [STASIS] BTC/USDT - Confidence too low (0.30). Holding.
[2026-06-25T10:17:05.416Z] [INFO] [SWARM] [ETH/USDT] $1648.68 | RSI: 37.3 | CONF: 0.00
[2026-06-25T10:17:05.416Z] [INFO] [EXECUTION] [STASIS] ETH/USDT - Confidence too low (0.00). Holding.
[2026-06-25T10:17:15.722Z] [INFO] [SYSTEM] --- INITIATING SOVEREIGN NODE SCAN ---
[2026-06-25T10:17:18.066Z] [INFO] [SWARM] [BTC/USDT] $61683.7 | RSI: 13.4 | CONF: 0.30
[2026-06-25T10:17:18.066Z] [INFO] [EXECUTION] [STASIS] BTC/USDT - Confidence too low (0.30). Holding.
[2026-06-25T10:17:20.338Z] [INFO] [SWARM] [ETH/USDT] $1648.46 | RSI: 34.8 | CONF: 0.00
[2026-06-25T10:17:20.339Z] [INFO] [EXECUTION] [STASIS] ETH/USDT - Confidence too low (0.00). Holding.
[2026-06-25T10:17:30.723Z] [INFO] [SYSTEM] --- INITIATING SOVEREIGN NODE SCAN ---
[2026-06-25T10:17:33.065Z] [INFO] [SWARM] [BTC/USDT] $61683.7 | RSI: 13.4 | CONF: 0.30
[2026-06-25T10:17:33.065Z] [INFO] [EXECUTION] [STASIS] BTC/USDT - Confidence too low (0.30). Holding.
[2026-06-25T10:17:35.495Z] [INFO] [SWARM] [ETH/USDT] $1648.46 | RSI: 34.8 | CONF: 0.00
[2026-06-25T10:17:35.495Z] [INFO] [EXECUTION] [STASIS] ETH/USDT - Confidence too low (0.00). Holding.
[2026-06-25T10:17:45.724Z] [INFO] [SYSTEM] --- INITIATING SOVEREIGN NODE SCAN ---
[2026-06-25T10:17:48.063Z] [INFO] [SWARM] [BTC/USDT] $61683.7 | RSI: 13.4 | CONF: 0.30
[2026-06-25T10:17:48.063Z] [INFO] [EXECUTION] [STASIS] BTC/USDT - Confidence too low (0.30). Holding.
[2026-06-25T10:17:50.414Z] [INFO] [SWARM] [ETH/USDT] $1648.46 | RSI: 34.8 | CONF: 0.00
[2026-06-25T10:17:50.414Z] [INFO] [EXECUTION] [STASIS] ETH/USDT - Confidence too low (0.00). Holding.
[2026-06-25T10:18:00.725Z] [INFO] [SYSTEM] --- INITIATING SOVEREIGN NODE SCAN ---
[2026-06-25T10:18:03.147Z] [INFO] [SWARM] [BTC/USDT] $61683.7 | RSI: 13.7 | CONF: 0.30
[2026-06-25T10:18:03.147Z] [INFO] [EXECUTION] [STASIS] BTC/USDT - Confidence too low (0.30). Holding.
[2026-06-25T10:18:05.489Z] [INFO] [SWARM] [ETH/USDT] $1648.46 | RSI: 34.8 | CONF: 0.00
[2026-06-25T10:18:05.490Z] [INFO] [EXECUTION] [STASIS] ETH/USDT - Confidence too low (0.00). Holding.
[2026-06-25T10:18:15.725Z] [INFO] [SYSTEM] --- INITIATING SOVEREIGN NODE SCAN ---
[2026-06-25T10:18:18.070Z] [INFO] [SWARM] [BTC/USDT] $61683.7 | RSI: 13.7 | CONF: 0.30
[2026-06-25T10:18:18.070Z] [INFO] [EXECUTION] [STASIS] BTC/USDT - Confidence too low (0.30). Holding.
[2026-06-25T10:18:20.497Z] [INFO] [SWARM] [ETH/USDT] $1648.46 | RSI: 34.8 | CONF: 0.00
[2026-06-25T10:18:20.497Z] [INFO] [EXECUTION] [STASIS] ETH/USDT - Confidence too low (0.00). Holding.
[2026-06-25T10:18:30.726Z] [INFO] [SYSTEM] --- INITIATING SOVEREIGN NODE SCAN ---
[2026-06-25T10:18:33.068Z] [INFO] [SWARM] [BTC/USDT] $61683.7 | RSI: 13.7 | CONF: 0.30
[2026-06-25T10:18:33.069Z] [INFO] [EXECUTION] [STASIS] BTC/USDT - Confidence too low (0.30). Holding.
[2026-06-25T10:18:35.418Z] [INFO] [SWARM] [ETH/USDT] $1648.46 | RSI: 34.8 | CONF: 0.00
[2026-06-25T10:18:35.419Z] [INFO] [EXECUTION] [STASIS] ETH/USDT - Confidence too low (0.00). Holding.
[2026-06-25T10:18:45.726Z] [INFO] [SYSTEM] --- INITIATING SOVEREIGN NODE SCAN ---
[2026-06-25T10:18:48.143Z] [INFO] [SWARM] [BTC/USDT] $61683.7 | RSI: 13.7 | CONF: 0.30
[2026-06-25T10:18:48.143Z] [INFO] [EXECUTION] [STASIS] BTC/USDT - Confidence too low (0.30). Holding.
[2026-06-25T10:18:50.488Z] [INFO] [SWARM] [ETH/USDT] $1648.46 | RSI: 34.8 | CONF: 0.00
[2026-06-25T10:18:50.488Z] [INFO] [EXECUTION] [STASIS] ETH/USDT - Confidence too low (0.00). Holding.
[2026-06-25T10:19:00.727Z] [INFO] [SYSTEM] --- INITIATING SOVEREIGN NODE SCAN ---
[2026-06-25T10:19:03.072Z] [INFO] [SWARM] [BTC/USDT] $61683.7 | RSI: 13.7 | CONF: 0.30
[2026-06-25T10:19:03.072Z] [INFO] [EXECUTION] [STASIS] BTC/USDT - Confidence too low (0.30). Holding.
[2026-06-25T10:19:05.429Z] [INFO] [SWARM] [ETH/USDT] $1648.46 | RSI: 34.8 | CONF: 0.00
[2026-06-25T10:19:05.429Z] [INFO] [EXECUTION] [STASIS] ETH/USDT - Confidence too low (0.00). Holding.
[2026-06-25T10:19:15.729Z] [INFO] [SYSTEM] --- INITIATING SOVEREIGN NODE SCAN ---
[2026-06-25T10:19:18.077Z] [INFO] [SWARM] [BTC/USDT] $61683.7 | RSI: 13.7 | CONF: 0.30
[2026-06-25T10:19:18.077Z] [INFO] [EXECUTION] [STASIS] BTC/USDT - Confidence too low (0.30). Holding.
[2026-06-25T10:19:20.422Z] [INFO] [SWARM] [ETH/USDT] $1648.46 | RSI: 34.8 | CONF: 0.00
[2026-06-25T10:19:20.422Z] [INFO] [EXECUTION] [STASIS] ETH/USDT - Confidence too low (0.00). Holding.
[2026-06-25T10:19:30.729Z] [INFO] [SYSTEM] --- INITIATING SOVEREIGN NODE SCAN ---
[2026-06-25T10:19:33.072Z] [INFO] [SWARM] [BTC/USDT] $61683.7 | RSI: 13.7 | CONF: 0.30
[2026-06-25T10:19:33.072Z] [INFO] [EXECUTION] [STASIS] BTC/USDT - Confidence too low (0.30). Holding.
[2026-06-25T10:19:35.417Z] [INFO] [SWARM] [ETH/USDT] $1648.46 | RSI: 34.8 | CONF: 0.00
[2026-06-25T10:19:35.417Z] [INFO] [EXECUTION] [STASIS] ETH/USDT - Confidence too low (0.00). Holding.
[2026-06-25T10:19:45.729Z] [INFO] [SYSTEM] --- INITIATING SOVEREIGN NODE SCAN ---
[2026-06-25T10:19:48.077Z] [INFO] [SWARM] [BTC/USDT] $61683.7 | RSI: 13.7 | CONF: 0.30
[2026-06-25T10:19:48.078Z] [INFO] [EXECUTION] [STASIS] BTC/USDT - Confidence too low (0.30). Holding.
[2026-06-25T10:19:50.502Z] [INFO] [SWARM] [ETH/USDT] $1648.46 | RSI: 26.7 | CONF: 0.30
[2026-06-25T10:19:50.502Z] [INFO] [EXECUTION] [STASIS] ETH/USDT - Confidence too low (0.30). Holding.
[2026-06-25T10:20:00.730Z] [INFO] [SYSTEM] --- INITIATING SOVEREIGN NODE SCAN ---
[2026-06-25T10:20:02.993Z] [INFO] [SWARM] [BTC/USDT] $61683.7 | RSI: 24.6 | CONF: 0.30
[2026-06-25T10:20:02.993Z] [INFO] [EXECUTION] [STASIS] BTC/USDT - Confidence too low (0.30). Holding.
[2026-06-25T10:20:05.342Z] [INFO] [SWARM] [ETH/USDT] $1647.46 | RSI: 26.7 | CONF: 0.30
[2026-06-25T10:20:05.342Z] [INFO] [EXECUTION] [STASIS] ETH/USDT - Confidence too low (0.30). Holding.
[2026-06-25T10:20:15.731Z] [INFO] [SYSTEM] --- INITIATING SOVEREIGN NODE SCAN ---
[2026-06-25T10:20:18.070Z] [INFO] [SWARM] [BTC/USDT] $61683.7 | RSI: 24.6 | CONF: 0.30
[2026-06-25T10:20:18.070Z] [INFO] [EXECUTION] [STASIS] BTC/USDT - Confidence too low (0.30). Holding.
[2026-06-25T10:20:20.421Z] [INFO] [SWARM] [ETH/USDT] $1647.46 | RSI: 26.7 | CONF: 0.30
[2026-06-25T10:20:20.422Z] [INFO] [EXECUTION] [STASIS] ETH/USDT - Confidence too low (0.30). Holding.
[2026-06-25T10:20:30.731Z] [INFO] [SYSTEM] --- INITIATING SOVEREIGN NODE SCAN ---
[2026-06-25T10:20:33.074Z] [INFO] [SWARM] [BTC/USDT] $61683.7 | RSI: 24.6 | CONF: 0.30
[2026-06-25T10:20:33.074Z] [INFO] [EXECUTION] [STASIS] BTC/USDT - Confidence too low (0.30). Holding.
[2026-06-25T10:20:35.414Z] [INFO] [SWARM] [ETH/USDT] $1647.46 | RSI: 26.7 | CONF: 0.30
[2026-06-25T10:20:35.414Z] [INFO] [EXECUTION] [STASIS] ETH/USDT - Confidence too low (0.30). Holding.
[2026-06-25T10:20:45.732Z] [INFO] [SYSTEM] --- INITIATING SOVEREIGN NODE SCAN ---
[2026-06-25T10:20:47.995Z] [INFO] [SWARM] [BTC/USDT] $61683.7 | RSI: 24.6 | CONF: 0.30
[2026-06-25T10:20:47.996Z] [INFO] [EXECUTION] [STASIS] BTC/USDT - Confidence too low (0.30). Holding.
[2026-06-25T10:20:50.418Z] [INFO] [SWARM] [ETH/USDT] $1645.36 | RSI: 18.0 | CONF: 0.30
[2026-06-25T10:20:50.418Z] [INFO] [EXECUTION] [STASIS] ETH/USDT - Confidence too low (0.30). Holding.
[2026-06-25T10:21:00.733Z] [INFO] [SYSTEM] --- INITIATING SOVEREIGN NODE SCAN ---
[2026-06-25T10:21:03.079Z] [INFO] [SWARM] [BTC/USDT] $61683.7 | RSI: 39.6 | CONF: 0.00
[2026-06-25T10:21:03.079Z] [INFO] [EXECUTION] [STASIS] BTC/USDT - Confidence too low (0.00). Holding.
[2026-06-25T10:21:05.439Z] [INFO] [SWARM] [ETH/USDT] $1645.36 | RSI: 18.0 | CONF: 0.30
[2026-06-25T10:21:05.440Z] [INFO] [EXECUTION] [STASIS] ETH/USDT - Confidence too low (0.30). Holding.
[2026-06-25T10:21:15.733Z] [INFO] [SYSTEM] --- INITIATING SOVEREIGN NODE SCAN ---
[2026-06-25T10:21:18.070Z] [INFO] [SWARM] [BTC/USDT] $61683.7 | RSI: 39.6 | CONF: 0.00
[2026-06-25T10:21:18.071Z] [INFO] [EXECUTION] [STASIS] BTC/USDT - Confidence too low (0.00). Holding.
[2026-06-25T10:21:20.330Z] [INFO] [SWARM] [ETH/USDT] $1645.36 | RSI: 18.0 | CONF: 0.30
[2026-06-25T10:21:20.330Z] [INFO] [EXECUTION] [STASIS] ETH/USDT - Confidence too low (0.30). Holding.
[2026-06-25T10:21:30.734Z] [INFO] [SYSTEM] --- INITIATING SOVEREIGN NODE SCAN ---
[2026-06-25T10:21:33.080Z] [INFO] [SWARM] [BTC/USDT] $61683.7 | RSI: 39.6 | CONF: 0.00
[2026-06-25T10:21:33.081Z] [INFO] [EXECUTION] [STASIS] BTC/USDT - Confidence too low (0.00). Holding.
[2026-06-25T10:21:35.422Z] [INFO] [SWARM] [ETH/USDT] $1645.36 | RSI: 18.0 | CONF: 0.30
[2026-06-25T10:21:35.422Z] [INFO] [EXECUTION] [STASIS] ETH/USDT - Confidence too low (0.30). Holding.
[2026-06-25T10:21:45.734Z] [INFO] [SYSTEM] --- INITIATING SOVEREIGN NODE SCAN ---
[2026-06-25T10:21:48.073Z] [INFO] [SWARM] [BTC/USDT] $61606.4 | RSI: 10.9 | CONF: 0.30
[2026-06-25T10:21:48.073Z] [INFO] [EXECUTION] [STASIS] BTC/USDT - Confidence too low (0.30). Holding.
[2026-06-25T10:21:50.410Z] [INFO] [SWARM] [ETH/USDT] $1645.36 | RSI: 18.0 | CONF: 0.30
[2026-06-25T10:21:50.411Z] [INFO] [EXECUTION] [STASIS] ETH/USDT - Confidence too low (0.30). Holding.
[2026-06-25T10:22:00.734Z] [INFO] [SYSTEM] --- INITIATING SOVEREIGN NODE SCAN ---
[2026-06-25T10:22:03.074Z] [INFO] [SWARM] [BTC/USDT] $61606.4 | RSI: 11.7 | CONF: 0.30
[2026-06-25T10:22:03.075Z] [INFO] [EXECUTION] [STASIS] BTC/USDT - Confidence too low (0.30). Holding.
[2026-06-25T10:22:05.416Z] [INFO] [SWARM] [ETH/USDT] $1645.36 | RSI: 23.2 | CONF: 0.30
[2026-06-25T10:22:05.416Z] [INFO] [EXECUTION] [STASIS] ETH/USDT - Confidence too low (0.30). Holding.
[2026-06-25T10:22:15.735Z] [INFO] [SYSTEM] --- INITIATING SOVEREIGN NODE SCAN ---
[2026-06-25T10:22:18.086Z] [INFO] [SWARM] [BTC/USDT] $61606.4 | RSI: 11.7 | CONF: 0.30
[2026-06-25T10:22:18.086Z] [INFO] [EXECUTION] [STASIS] BTC/USDT - Confidence too low (0.30). Holding.
[2026-06-25T10:22:20.480Z] [INFO] [SWARM] [ETH/USDT] $1645.36 | RSI: 23.2 | CONF: 0.30
[2026-06-25T10:22:20.480Z] [INFO] [EXECUTION] [STASIS] ETH/USDT - Confidence too low (0.30). Holding.
[2026-06-25T10:22:30.735Z] [INFO] [SYSTEM] --- INITIATING SOVEREIGN NODE SCAN ---
[2026-06-25T10:22:33.075Z] [INFO] [SWARM] [BTC/USDT] $61606.4 | RSI: 11.7 | CONF: 0.30
[2026-06-25T10:22:33.075Z] [INFO] [EXECUTION] [STASIS] BTC/USDT - Confidence too low (0.30). Holding.
[2026-06-25T10:22:35.434Z] [INFO] [SWARM] [ETH/USDT] $1645.36 | RSI: 23.2 | CONF: 0.30
[2026-06-25T10:22:35.434Z] [INFO] [EXECUTION] [STASIS] ETH/USDT - Confidence too low (0.30). Holding.
[2026-06-25T10:22:45.736Z] [INFO] [SYSTEM] --- INITIATING SOVEREIGN NODE SCAN ---
[2026-06-25T10:22:48.097Z] [INFO] [SWARM] [BTC/USDT] $61606.4 | RSI: 11.7 | CONF: 0.30
[2026-06-25T10:22:48.098Z] [INFO] [EXECUTION] [STASIS] BTC/USDT - Confidence too low (0.30). Holding.
[2026-06-25T10:22:50.454Z] [INFO] [SWARM] [ETH/USDT] $1645.36 | RSI: 23.2 | CONF: 0.30
[2026-06-25T10:22:50.455Z] [INFO] [EXECUTION] [STASIS] ETH/USDT - Confidence too low (0.30). Holding.
[2026-06-25T10:23:00.736Z] [INFO] [SYSTEM] --- INITIATING SOVEREIGN NODE SCAN ---
[2026-06-25T10:23:03.153Z] [INFO] [SWARM] [BTC/USDT] $61606.4 | RSI: 13.0 | CONF: 0.30
[2026-06-25T10:23:03.154Z] [INFO] [EXECUTION] [STASIS] BTC/USDT - Confidence too low (0.30). Holding.
[2026-06-25T10:23:05.503Z] [INFO] [SWARM] [ETH/USDT] $1645.36 | RSI: 23.2 | CONF: 0.30
[2026-06-25T10:23:05.503Z] [INFO] [EXECUTION] [STASIS] ETH/USDT - Confidence too low (0.30). Holding.
[2026-06-25T10:23:15.737Z] [INFO] [SYSTEM] --- INITIATING SOVEREIGN NODE SCAN ---
[2026-06-25T10:23:18.081Z] [INFO] [SWARM] [BTC/USDT] $61606.4 | RSI: 13.0 | CONF: 0.30
[2026-06-25T10:23:18.081Z] [INFO] [EXECUTION] [STASIS] BTC/USDT - Confidence too low (0.30). Holding.
[2026-06-25T10:23:20.422Z] [INFO] [SWARM] [ETH/USDT] $1645.36 | RSI: 23.2 | CONF: 0.30
[2026-06-25T10:23:20.422Z] [INFO] [EXECUTION] [STASIS] ETH/USDT - Confidence too low (0.30). Holding.
[2026-06-25T10:23:30.737Z] [INFO] [SYSTEM] --- INITIATING SOVEREIGN NODE SCAN ---
[2026-06-25T10:23:33.079Z] [INFO] [SWARM] [BTC/USDT] $61606.4 | RSI: 13.0 | CONF: 0.30
[2026-06-25T10:23:33.080Z] [INFO] [EXECUTION] [STASIS] BTC/USDT - Confidence too low (0.30). Holding.
[2026-06-25T10:23:35.421Z] [INFO] [SWARM] [ETH/USDT] $1645.36 | RSI: 23.2 | CONF: 0.30
[2026-06-25T10:23:35.421Z] [INFO] [EXECUTION] [STASIS] ETH/USDT - Confidence too low (0.30). Holding.
[2026-06-25T10:23:45.738Z] [INFO] [SYSTEM] --- INITIATING SOVEREIGN NODE SCAN ---
[2026-06-25T10:23:48.081Z] [INFO] [SWARM] [BTC/USDT] $61606.4 | RSI: 13.0 | CONF: 0.30
[2026-06-25T10:23:48.081Z] [INFO] [EXECUTION] [STASIS] BTC/USDT - Confidence too low (0.30). Holding.
[2026-06-25T10:23:50.505Z] [INFO] [SWARM] [ETH/USDT] $1645.36 | RSI: 23.2 | CONF: 0.30
[2026-06-25T10:23:50.505Z] [INFO] [EXECUTION] [STASIS] ETH/USDT - Confidence too low (0.30). Holding.
[2026-06-25T10:24:00.739Z] [INFO] [SYSTEM] --- INITIATING SOVEREIGN NODE SCAN ---
[2026-06-25T10:24:03.086Z] [INFO] [SWARM] [BTC/USDT] $61606.4 | RSI: 5.6 | CONF: 0.30
[2026-06-25T10:24:03.086Z] [INFO] [EXECUTION] [STASIS] BTC/USDT - Confidence too low (0.30). Holding.
[2026-06-25T10:24:05.429Z] [INFO] [SWARM] [ETH/USDT] $1645.36 | RSI: 25.0 | CONF: 0.30
[2026-06-25T10:24:05.429Z] [INFO] [EXECUTION] [STASIS] ETH/USDT - Confidence too low (0.30). Holding.
[2026-06-25T10:24:15.739Z] [INFO] [SYSTEM] --- INITIATING SOVEREIGN NODE SCAN ---
[2026-06-25T10:24:18.082Z] [INFO] [SWARM] [BTC/USDT] $61606.4 | RSI: 5.6 | CONF: 0.30
[2026-06-25T10:24:18.083Z] [INFO] [EXECUTION] [STASIS] BTC/USDT - Confidence too low (0.30). Holding.
[2026-06-25T10:24:20.344Z] [INFO] [SWARM] [ETH/USDT] $1645.36 | RSI: 25.0 | CONF: 0.30
[2026-06-25T10:24:20.344Z] [INFO] [EXECUTION] [STASIS] ETH/USDT - Confidence too low (0.30). Holding.
[2026-06-25T10:24:30.741Z] [INFO] [SYSTEM] --- INITIATING SOVEREIGN NODE SCAN ---
[2026-06-25T10:24:33.165Z] [INFO] [SWARM] [BTC/USDT] $61606.4 | RSI: 5.6 | CONF: 0.30
[2026-06-25T10:24:33.165Z] [INFO] [EXECUTION] [STASIS] BTC/USDT - Confidence too low (0.30). Holding.
[2026-06-25T10:24:35.510Z] [INFO] [SWARM] [ETH/USDT] $1645.36 | RSI: 25.0 | CONF: 0.30
[2026-06-25T10:24:35.511Z] [INFO] [EXECUTION] [STASIS] ETH/USDT - Confidence too low (0.30). Holding.
[2026-06-25T10:24:45.742Z] [INFO] [SYSTEM] --- INITIATING SOVEREIGN NODE SCAN ---
[2026-06-25T10:24:48.086Z] [INFO] [SWARM] [BTC/USDT] $61606.4 | RSI: 5.6 | CONF: 0.30
[2026-06-25T10:24:48.086Z] [INFO] [EXECUTION] [STASIS] BTC/USDT - Confidence too low (0.30). Holding.
[2026-06-25T10:24:50.429Z] [INFO] [SWARM] [ETH/USDT] $1645.36 | RSI: 25.0 | CONF: 0.30
[2026-06-25T10:24:50.429Z] [INFO] [EXECUTION] [STASIS] ETH/USDT - Confidence too low (0.30). Holding.
[2026-06-25T10:25:00.742Z] [INFO] [SYSTEM] --- INITIATING SOVEREIGN NODE SCAN ---
[2026-06-25T10:25:03.116Z] [INFO] [SWARM] [BTC/USDT] $61606.4 | RSI: 5.6 | CONF: 0.30
[2026-06-25T10:25:03.117Z] [INFO] [EXECUTION] [STASIS] BTC/USDT - Confidence too low (0.30). Holding.
[2026-06-25T10:25:05.468Z] [INFO] [SWARM] [ETH/USDT] $1645.36 | RSI: 25.7 | CONF: 0.30
[2026-06-25T10:25:05.469Z] [INFO] [EXECUTION] [STASIS] ETH/USDT - Confidence too low (0.30). Holding.
[2026-06-25T10:25:15.744Z] [INFO] [SYSTEM] --- INITIATING SOVEREIGN NODE SCAN ---
[2026-06-25T10:25:18.087Z] [INFO] [SWARM] [BTC/USDT] $61606.4 | RSI: 5.6 | CONF: 0.30
[2026-06-25T10:25:18.087Z] [INFO] [EXECUTION] [STASIS] BTC/USDT - Confidence too low (0.30). Holding.
[2026-06-25T10:25:20.436Z] [INFO] [SWARM] [ETH/USDT] $1645.36 | RSI: 25.7 | CONF: 0.30
[2026-06-25T10:25:20.437Z] [INFO] [EXECUTION] [STASIS] ETH/USDT - Confidence too low (0.30). Holding.
[2026-06-25T10:25:30.744Z] [INFO] [SYSTEM] --- INITIATING SOVEREIGN NODE SCAN ---
[2026-06-25T10:25:33.087Z] [INFO] [SWARM] [BTC/USDT] $61606.4 | RSI: 5.6 | CONF: 0.30
[2026-06-25T10:25:33.088Z] [INFO] [EXECUTION] [STASIS] BTC/USDT - Confidence too low (0.30). Holding.
[2026-06-25T10:25:35.429Z] [INFO] [SWARM] [ETH/USDT] $1645.36 | RSI: 25.7 | CONF: 0.30
[2026-06-25T10:25:35.430Z] [INFO] [EXECUTION] [STASIS] ETH/USDT - Confidence too low (0.30). Holding.
[2026-06-25T10:25:45.744Z] [INFO] [SYSTEM] --- INITIATING SOVEREIGN NODE SCAN ---
[2026-06-25T10:25:48.008Z] [INFO] [SWARM] [BTC/USDT] $61606.4 | RSI: 5.6 | CONF: 0.30
[2026-06-25T10:25:48.008Z] [INFO] [EXECUTION] [STASIS] BTC/USDT - Confidence too low (0.30). Holding.
[2026-06-25T10:25:50.349Z] [INFO] [SWARM] [ETH/USDT] $1645.36 | RSI: 25.7 | CONF: 0.30
[2026-06-25T10:25:50.349Z] [INFO] [EXECUTION] [STASIS] ETH/USDT - Confidence too low (0.30). Holding.
[2026-06-25T10:26:00.746Z] [INFO] [SYSTEM] --- INITIATING SOVEREIGN NODE SCAN ---
[2026-06-25T10:26:03.089Z] [INFO] [SWARM] [BTC/USDT] $61606.4 | RSI: 5.6 | CONF: 0.30
[2026-06-25T10:26:03.089Z] [INFO] [EXECUTION] [STASIS] BTC/USDT - Confidence too low (0.30). Holding.
[2026-06-25T10:26:05.507Z] [INFO] [SWARM] [ETH/USDT] $1645.36 | RSI: 25.1 | CONF: 0.30
[2026-06-25T10:26:05.507Z] [INFO] [EXECUTION] [STASIS] ETH/USDT - Confidence too low (0.30). Holding.
[2026-06-25T10:26:15.746Z] [INFO] [SYSTEM] --- INITIATING SOVEREIGN NODE SCAN ---
[2026-06-25T10:26:18.086Z] [INFO] [SWARM] [BTC/USDT] $61606.4 | RSI: 5.6 | CONF: 0.30
[2026-06-25T10:26:18.086Z] [INFO] [EXECUTION] [STASIS] BTC/USDT - Confidence too low (0.30). Holding.
[2026-06-25T10:26:20.344Z] [INFO] [SWARM] [ETH/USDT] $1645.36 | RSI: 25.1 | CONF: 0.30
[2026-06-25T10:26:20.344Z] [INFO] [EXECUTION] [STASIS] ETH/USDT - Confidence too low (0.30). Holding.
[2026-06-25T10:26:30.746Z] [INFO] [SYSTEM] --- INITIATING SOVEREIGN NODE SCAN ---
[2026-06-25T10:26:33.082Z] [INFO] [SWARM] [BTC/USDT] $61606.4 | RSI: 5.6 | CONF: 0.30
[2026-06-25T10:26:33.082Z] [INFO] [EXECUTION] [STASIS] BTC/USDT - Confidence too low (0.30). Holding.
[2026-06-25T10:26:35.419Z] [INFO] [SWARM] [ETH/USDT] $1645.36 | RSI: 25.1 | CONF: 0.30
[2026-06-25T10:26:35.420Z] [INFO] [EXECUTION] [STASIS] ETH/USDT - Confidence too low (0.30). Holding.
[2026-06-25T10:26:45.746Z] [INFO] [SYSTEM] --- INITIATING SOVEREIGN NODE SCAN ---
[2026-06-25T10:26:48.083Z] [INFO] [SWARM] [BTC/USDT] $61606.4 | RSI: 5.6 | CONF: 0.30
[2026-06-25T10:26:48.083Z] [INFO] [EXECUTION] [STASIS] BTC/USDT - Confidence too low (0.30). Holding.
[2026-06-25T10:26:50.427Z] [INFO] [SWARM] [ETH/USDT] $1645.36 | RSI: 25.1 | CONF: 0.30
[2026-06-25T10:26:50.427Z] [INFO] [EXECUTION] [STASIS] ETH/USDT - Confidence too low (0.30). Holding.
[2026-06-25T10:27:00.747Z] [INFO] [SYSTEM] --- INITIATING SOVEREIGN NODE SCAN ---
[2026-06-25T10:27:03.084Z] [INFO] [SWARM] [BTC/USDT] $61600.1 | RSI: 5.2 | CONF: 0.30
[2026-06-25T10:27:03.084Z] [INFO] [EXECUTION] [STASIS] BTC/USDT - Confidence too low (0.30). Holding.
[2026-06-25T10:27:05.343Z] [INFO] [SWARM] [ETH/USDT] $1645.36 | RSI: 25.1 | CONF: 0.30
[2026-06-25T10:27:05.344Z] [INFO] [EXECUTION] [STASIS] ETH/USDT - Confidence too low (0.30). Holding.
[2026-06-25T10:27:15.747Z] [INFO] [SYSTEM] --- INITIATING SOVEREIGN NODE SCAN ---
[2026-06-25T10:27:18.169Z] [INFO] [SWARM] [BTC/USDT] $61600.1 | RSI: 5.2 | CONF: 0.30
[2026-06-25T10:27:18.169Z] [INFO] [EXECUTION] [STASIS] BTC/USDT - Confidence too low (0.30). Holding.
[2026-06-25T10:27:20.512Z] [INFO] [SWARM] [ETH/USDT] $1645.36 | RSI: 25.1 | CONF: 0.30
[2026-06-25T10:27:20.512Z] [INFO] [EXECUTION] [STASIS] ETH/USDT - Confidence too low (0.30). Holding.
[2026-06-25T10:27:30.747Z] [INFO] [SYSTEM] --- INITIATING SOVEREIGN NODE SCAN ---
[2026-06-25T10:27:33.006Z] [INFO] [SWARM] [BTC/USDT] $61600.1 | RSI: 5.2 | CONF: 0.30
[2026-06-25T10:27:33.006Z] [INFO] [EXECUTION] [STASIS] BTC/USDT - Confidence too low (0.30). Holding.
[2026-06-25T10:27:35.346Z] [INFO] [SWARM] [ETH/USDT] $1645.36 | RSI: 25.1 | CONF: 0.30
[2026-06-25T10:27:35.346Z] [INFO] [EXECUTION] [STASIS] ETH/USDT - Confidence too low (0.30). Holding.
[2026-06-25T10:27:45.749Z] [INFO] [SYSTEM] --- INITIATING SOVEREIGN NODE SCAN ---
[2026-06-25T10:27:48.087Z] [INFO] [SWARM] [BTC/USDT] $61600.1 | RSI: 5.2 | CONF: 0.30
[2026-06-25T10:27:48.087Z] [INFO] [EXECUTION] [STASIS] BTC/USDT - Confidence too low (0.30). Holding.
[2026-06-25T10:27:50.431Z] [INFO] [SWARM] [ETH/USDT] $1645.36 | RSI: 25.1 | CONF: 0.30
[2026-06-25T10:27:50.431Z] [INFO] [EXECUTION] [STASIS] ETH/USDT - Confidence too low (0.30). Holding.
[2026-06-25T10:28:00.749Z] [INFO] [SYSTEM] --- INITIATING SOVEREIGN NODE SCAN ---
[2026-06-25T10:28:03.179Z] [INFO] [SWARM] [BTC/USDT] $61600.1 | RSI: 0.0 | CONF: 0.30
[2026-06-25T10:28:03.180Z] [INFO] [EXECUTION] [STASIS] BTC/USDT - Confidence too low (0.30). Holding.
[2026-06-25T10:28:05.514Z] [INFO] [SWARM] [ETH/USDT] $1645.36 | RSI: 0.0 | CONF: 0.30
[2026-06-25T10:28:05.515Z] [INFO] [EXECUTION] [STASIS] ETH/USDT - Confidence too low (0.30). Holding.
[2026-06-25T10:28:15.750Z] [INFO] [SYSTEM] --- INITIATING SOVEREIGN NODE SCAN ---
[2026-06-25T10:28:18.017Z] [INFO] [SWARM] [BTC/USDT] $61600.1 | RSI: 0.0 | CONF: 0.30
[2026-06-25T10:28:18.017Z] [INFO] [EXECUTION] [STASIS] BTC/USDT - Confidence too low (0.30). Holding.
[2026-06-25T10:28:20.275Z] [INFO] [SWARM] [ETH/USDT] $1645.36 | RSI: 0.0 | CONF: 0.30
[2026-06-25T10:28:20.275Z] [INFO] [EXECUTION] [STASIS] ETH/USDT - Confidence too low (0.30). Holding.
[2026-06-25T10:28:30.750Z] [INFO] [SYSTEM] --- INITIATING SOVEREIGN NODE SCAN ---
[2026-06-25T10:28:33.121Z] [INFO] [SWARM] [BTC/USDT] $61600 | RSI: 0.0 | CONF: 0.30
[2026-06-25T10:28:33.121Z] [INFO] [EXECUTION] [STASIS] BTC/USDT - Confidence too low (0.30). Holding.
[2026-06-25T10:28:35.471Z] [INFO] [SWARM] [ETH/USDT] $1645.36 | RSI: 0.0 | CONF: 0.30
[2026-06-25T10:28:35.472Z] [INFO] [EXECUTION] [STASIS] ETH/USDT - Confidence too low (0.30). Holding.
[2026-06-25T10:28:45.751Z] [INFO] [SYSTEM] --- INITIATING SOVEREIGN NODE SCAN ---
[2026-06-25T10:28:48.184Z] [INFO] [SWARM] [BTC/USDT] $61600 | RSI: 0.0 | CONF: 0.30
[2026-06-25T10:28:48.184Z] [INFO] [EXECUTION] [STASIS] BTC/USDT - Confidence too low (0.30). Holding.
[2026-06-25T10:28:50.529Z] [INFO] [SWARM] [ETH/USDT] $1645.36 | RSI: 0.0 | CONF: 0.30
[2026-06-25T10:28:50.529Z] [INFO] [EXECUTION] [STASIS] ETH/USDT - Confidence too low (0.30). Holding.
[2026-06-25T10:29:00.752Z] [INFO] [SYSTEM] --- INITIATING SOVEREIGN NODE SCAN ---
[2026-06-25T10:29:03.090Z] [INFO] [SWARM] [BTC/USDT] $61600 | RSI: 0.0 | CONF: 0.30
[2026-06-25T10:29:03.091Z] [INFO] [EXECUTION] [STASIS] BTC/USDT - Confidence too low (0.30). Holding.
[2026-06-25T10:29:05.436Z] [INFO] [SWARM] [ETH/USDT] $1645.36 | RSI: 0.0 | CONF: 0.30
[2026-06-25T10:29:05.437Z] [INFO] [EXECUTION] [STASIS] ETH/USDT - Confidence too low (0.30). Holding.
[2026-06-25T10:29:15.752Z] [INFO] [SYSTEM] --- INITIATING SOVEREIGN NODE SCAN ---
[2026-06-25T10:29:18.015Z] [INFO] [SWARM] [BTC/USDT] $61600 | RSI: 0.0 | CONF: 0.30
[2026-06-25T10:29:18.015Z] [INFO] [EXECUTION] [STASIS] BTC/USDT - Confidence too low (0.30). Holding.
[2026-06-25T10:29:20.355Z] [INFO] [SWARM] [ETH/USDT] $1645.36 | RSI: 0.0 | CONF: 0.30
[2026-06-25T10:29:20.355Z] [INFO] [EXECUTION] [STASIS] ETH/USDT - Confidence too low (0.30). Holding.
[2026-06-25T10:29:30.752Z] [INFO] [SYSTEM] --- INITIATING SOVEREIGN NODE SCAN ---
[2026-06-25T10:29:33.094Z] [INFO] [SWARM] [BTC/USDT] $61600 | RSI: 0.0 | CONF: 0.30
[2026-06-25T10:29:33.094Z] [INFO] [EXECUTION] [STASIS] BTC/USDT - Confidence too low (0.30). Holding.
[2026-06-25T10:29:35.435Z] [INFO] [SWARM] [ETH/USDT] $1645.36 | RSI: 0.0 | CONF: 0.30
[2026-06-25T10:29:35.435Z] [INFO] [EXECUTION] [STASIS] ETH/USDT - Confidence too low (0.30). Holding.
[2026-06-25T10:29:45.752Z] [INFO] [SYSTEM] --- INITIATING SOVEREIGN NODE SCAN ---
[2026-06-25T10:29:48.093Z] [INFO] [SWARM] [BTC/USDT] $61600 | RSI: 0.0 | CONF: 0.30
[2026-06-25T10:29:48.094Z] [INFO] [EXECUTION] [STASIS] BTC/USDT - Confidence too low (0.30). Holding.
[2026-06-25T10:29:50.448Z] [INFO] [SWARM] [ETH/USDT] $1645.36 | RSI: 0.0 | CONF: 0.30
[2026-06-25T10:29:50.448Z] [INFO] [EXECUTION] [STASIS] ETH/USDT - Confidence too low (0.30). Holding.
[2026-06-25T10:30:00.753Z] [INFO] [SYSTEM] --- INITIATING SOVEREIGN NODE SCAN ---
[2026-06-25T10:30:03.104Z] [INFO] [SWARM] [BTC/USDT] $61600 | RSI: 0.0 | CONF: 0.30
[2026-06-25T10:30:03.104Z] [INFO] [EXECUTION] [STASIS] BTC/USDT - Confidence too low (0.30). Holding.
[2026-06-25T10:30:05.524Z] [INFO] [SWARM] [ETH/USDT] $1645.36 | RSI: 0.0 | CONF: 0.30
[2026-06-25T10:30:05.525Z] [INFO] [EXECUTION] [STASIS] ETH/USDT - Confidence too low (0.30). Holding.
[2026-06-25T10:30:15.754Z] [INFO] [SYSTEM] --- INITIATING SOVEREIGN NODE SCAN ---
[2026-06-25T10:30:18.186Z] [INFO] [SWARM] [BTC/USDT] $61600 | RSI: 0.0 | CONF: 0.30
[2026-06-25T10:30:18.186Z] [INFO] [EXECUTION] [STASIS] BTC/USDT - Confidence too low (0.30). Holding.
[2026-06-25T10:30:20.452Z] [INFO] [SWARM] [ETH/USDT] $1645.36 | RSI: 0.0 | CONF: 0.30
[2026-06-25T10:30:20.452Z] [INFO] [EXECUTION] [STASIS] ETH/USDT - Confidence too low (0.30). Holding.
[2026-06-25T10:30:30.755Z] [INFO] [SYSTEM] --- INITIATING SOVEREIGN NODE SCAN ---
[2026-06-25T10:30:33.105Z] [INFO] [SWARM] [BTC/USDT] $61600 | RSI: 0.0 | CONF: 0.30
[2026-06-25T10:30:33.105Z] [INFO] [EXECUTION] [STASIS] BTC/USDT - Confidence too low (0.30). Holding.
[2026-06-25T10:30:35.453Z] [INFO] [SWARM] [ETH/USDT] $1645.36 | RSI: 0.0 | CONF: 0.30
[2026-06-25T10:30:35.453Z] [INFO] [EXECUTION] [STASIS] ETH/USDT - Confidence too low (0.30). Holding.
[2026-06-25T10:30:45.757Z] [INFO] [SYSTEM] --- INITIATING SOVEREIGN NODE SCAN ---
[2026-06-25T10:30:48.037Z] [INFO] [SWARM] [BTC/USDT] $61600 | RSI: 0.0 | CONF: 0.30
[2026-06-25T10:30:48.038Z] [INFO] [EXECUTION] [STASIS] BTC/USDT - Confidence too low (0.30). Holding.
[2026-06-25T10:30:50.468Z] [INFO] [SWARM] [ETH/USDT] $1645.36 | RSI: 0.0 | CONF: 0.30
[2026-06-25T10:30:50.469Z] [INFO] [EXECUTION] [STASIS] ETH/USDT - Confidence too low (0.30). Holding.
[2026-06-25T10:31:00.758Z] [INFO] [SYSTEM] --- INITIATING SOVEREIGN NODE SCAN ---
[2026-06-25T10:31:03.198Z] [INFO] [SWARM] [BTC/USDT] $61600 | RSI: 0.0 | CONF: 0.30
[2026-06-25T10:31:03.198Z] [INFO] [EXECUTION] [STASIS] BTC/USDT - Confidence too low (0.30). Holding.
[2026-06-25T10:31:05.621Z] [INFO] [SWARM] [ETH/USDT] $1645.36 | RSI: 0.0 | CONF: 0.30
[2026-06-25T10:31:05.621Z] [INFO] [EXECUTION] [STASIS] ETH/USDT - Confidence too low (0.30). Holding.
[2026-06-25T10:31:15.759Z] [INFO] [SYSTEM] --- INITIATING SOVEREIGN NODE SCAN ---
[2026-06-25T10:31:18.109Z] [INFO] [SWARM] [BTC/USDT] $61600 | RSI: 0.0 | CONF: 0.30
[2026-06-25T10:31:18.110Z] [INFO] [EXECUTION] [STASIS] BTC/USDT - Confidence too low (0.30). Holding.
[2026-06-25T10:31:20.378Z] [INFO] [SWARM] [ETH/USDT] $1645.36 | RSI: 0.0 | CONF: 0.30
[2026-06-25T10:31:20.378Z] [INFO] [EXECUTION] [STASIS] ETH/USDT - Confidence too low (0.30). Holding.
[2026-06-25T10:31:30.758Z] [INFO] [SYSTEM] --- INITIATING SOVEREIGN NODE SCAN ---
[2026-06-25T10:31:33.100Z] [INFO] [SWARM] [BTC/USDT] $61600 | RSI: 0.0 | CONF: 0.30
[2026-06-25T10:31:33.100Z] [INFO] [EXECUTION] [STASIS] BTC/USDT - Confidence too low (0.30). Holding.
[2026-06-25T10:31:35.438Z] [INFO] [SWARM] [ETH/USDT] $1645.36 | RSI: 0.0 | CONF: 0.30
[2026-06-25T10:31:35.438Z] [INFO] [EXECUTION] [STASIS] ETH/USDT - Confidence too low (0.30). Holding.
[2026-06-25T10:31:45.759Z] [INFO] [SYSTEM] --- INITIATING SOVEREIGN NODE SCAN ---
[2026-06-25T10:31:48.182Z] [INFO] [SWARM] [BTC/USDT] $61600 | RSI: 0.0 | CONF: 0.30
[2026-06-25T10:31:48.182Z] [INFO] [EXECUTION] [STASIS] BTC/USDT - Confidence too low (0.30). Holding.
[2026-06-25T10:31:50.607Z] [INFO] [SWARM] [ETH/USDT] $1645.36 | RSI: 0.0 | CONF: 0.30
[2026-06-25T10:31:50.607Z] [INFO] [EXECUTION] [STASIS] ETH/USDT - Confidence too low (0.30). Holding.
[2026-06-25T10:32:00.761Z] [INFO] [SYSTEM] --- INITIATING SOVEREIGN NODE SCAN ---
[2026-06-25T10:32:03.103Z] [INFO] [SWARM] [BTC/USDT] $61600 | RSI: 0.0 | CONF: 0.30
[2026-06-25T10:32:03.104Z] [INFO] [EXECUTION] [STASIS] BTC/USDT - Confidence too low (0.30). Holding.
[2026-06-25T10:32:05.525Z] [INFO] [SWARM] [ETH/USDT] $1645.36 | RSI: 0.0 | CONF: 0.30
[2026-06-25T10:32:05.526Z] [INFO] [EXECUTION] [STASIS] ETH/USDT - Confidence too low (0.30). Holding.
[2026-06-25T10:32:15.761Z] [INFO] [SYSTEM] --- INITIATING SOVEREIGN NODE SCAN ---
[2026-06-25T10:32:18.103Z] [INFO] [SWARM] [BTC/USDT] $61600 | RSI: 0.0 | CONF: 0.30
[2026-06-25T10:32:18.103Z] [INFO] [EXECUTION] [STASIS] BTC/USDT - Confidence too low (0.30). Holding.
[2026-06-25T10:32:20.452Z] [INFO] [SWARM] [ETH/USDT] $1645.36 | RSI: 0.0 | CONF: 0.30
[2026-06-25T10:32:20.453Z] [INFO] [EXECUTION] [STASIS] ETH/USDT - Confidence too low (0.30). Holding.
[2026-06-25T10:32:30.762Z] [INFO] [SYSTEM] --- INITIATING SOVEREIGN NODE SCAN ---
[2026-06-25T10:32:33.112Z] [INFO] [SWARM] [BTC/USDT] $61574.8 | RSI: 0.0 | CONF: 0.30
[2026-06-25T10:32:33.112Z] [INFO] [EXECUTION] [STASIS] BTC/USDT - Confidence too low (0.30). Holding.
[2026-06-25T10:32:35.496Z] [INFO] [SWARM] [ETH/USDT] $1645.36 | RSI: 0.0 | CONF: 0.30
[2026-06-25T10:32:35.496Z] [INFO] [EXECUTION] [STASIS] ETH/USDT - Confidence too low (0.30). Holding.
[2026-06-25T10:32:45.763Z] [INFO] [SYSTEM] --- INITIATING SOVEREIGN NODE SCAN ---
[2026-06-25T10:32:48.099Z] [INFO] [SWARM] [BTC/USDT] $61574.8 | RSI: 0.0 | CONF: 0.30
[2026-06-25T10:32:48.099Z] [INFO] [EXECUTION] [STASIS] BTC/USDT - Confidence too low (0.30). Holding.
[2026-06-25T10:32:50.441Z] [INFO] [SWARM] [ETH/USDT] $1645.36 | RSI: 0.0 | CONF: 0.30
[2026-06-25T10:32:50.441Z] [INFO] [EXECUTION] [STASIS] ETH/USDT - Confidence too low (0.30). Holding.
[2026-06-25T10:33:00.762Z] [INFO] [SYSTEM] --- INITIATING SOVEREIGN NODE SCAN ---
[2026-06-25T10:33:03.107Z] [INFO] [SWARM] [BTC/USDT] $61574.8 | RSI: 0.0 | CONF: 0.30
[2026-06-25T10:33:03.107Z] [INFO] [EXECUTION] [STASIS] BTC/USDT - Confidence too low (0.30). Holding.
[2026-06-25T10:33:05.459Z] [INFO] [SWARM] [ETH/USDT] $1643.07 | RSI: 0.0 | CONF: 0.30
[2026-06-25T10:33:05.459Z] [INFO] [EXECUTION] [STASIS] ETH/USDT - Confidence too low (0.30). Holding.
[2026-06-25T10:33:15.764Z] [INFO] [SYSTEM] --- INITIATING SOVEREIGN NODE SCAN ---
[2026-06-25T10:33:18.104Z] [INFO] [SWARM] [BTC/USDT] $61574.8 | RSI: 0.0 | CONF: 0.30
[2026-06-25T10:33:18.104Z] [INFO] [EXECUTION] [STASIS] BTC/USDT - Confidence too low (0.30). Holding.
[2026-06-25T10:33:20.438Z] [INFO] [SWARM] [ETH/USDT] $1642.96 | RSI: 0.0 | CONF: 0.30
[2026-06-25T10:33:20.439Z] [INFO] [EXECUTION] [STASIS] ETH/USDT - Confidence too low (0.30). Holding.
[2026-06-25T10:33:30.764Z] [INFO] [SYSTEM] --- INITIATING SOVEREIGN NODE SCAN ---
[2026-06-25T10:33:33.107Z] [INFO] [SWARM] [BTC/USDT] $61574.8 | RSI: 0.0 | CONF: 0.30
[2026-06-25T10:33:33.108Z] [INFO] [EXECUTION] [STASIS] BTC/USDT - Confidence too low (0.30). Holding.
[2026-06-25T10:33:35.442Z] [INFO] [SWARM] [ETH/USDT] $1642.96 | RSI: 0.0 | CONF: 0.30
[2026-06-25T10:33:35.442Z] [INFO] [EXECUTION] [STASIS] ETH/USDT - Confidence too low (0.30). Holding.
[2026-06-25T10:33:45.764Z] [INFO] [SYSTEM] --- INITIATING SOVEREIGN NODE SCAN ---
[2026-06-25T10:33:48.108Z] [INFO] [SWARM] [BTC/USDT] $61574.8 | RSI: 0.0 | CONF: 0.30
[2026-06-25T10:33:48.108Z] [INFO] [EXECUTION] [STASIS] BTC/USDT - Confidence too low (0.30). Holding.
[2026-06-25T10:33:50.455Z] [INFO] [SWARM] [ETH/USDT] $1642.73 | RSI: 0.0 | CONF: 0.30
[2026-06-25T10:33:50.455Z] [INFO] [EXECUTION] [STASIS] ETH/USDT - Confidence too low (0.30). Holding.
[2026-06-25T10:34:00.766Z] [INFO] [SYSTEM] --- INITIATING SOVEREIGN NODE SCAN ---
[2026-06-25T10:34:03.027Z] [INFO] [SWARM] [BTC/USDT] $61574.8 | RSI: 0.0 | CONF: 0.30
[2026-06-25T10:34:03.028Z] [INFO] [EXECUTION] [STASIS] BTC/USDT - Confidence too low (0.30). Holding.
[2026-06-25T10:34:05.453Z] [INFO] [SWARM] [ETH/USDT] $1642.73 | RSI: 0.0 | CONF: 0.30
[2026-06-25T10:34:05.453Z] [INFO] [EXECUTION] [STASIS] ETH/USDT - Confidence too low (0.30). Holding.
[2026-06-25T10:34:15.766Z] [INFO] [SYSTEM] --- INITIATING SOVEREIGN NODE SCAN ---
[2026-06-25T10:34:18.102Z] [INFO] [SWARM] [BTC/USDT] $61574.8 | RSI: 0.0 | CONF: 0.30
[2026-06-25T10:34:18.102Z] [INFO] [EXECUTION] [STASIS] BTC/USDT - Confidence too low (0.30). Holding.
[2026-06-25T10:34:20.448Z] [INFO] [SWARM] [ETH/USDT] $1642.73 | RSI: 0.0 | CONF: 0.30
[2026-06-25T10:34:20.448Z] [INFO] [EXECUTION] [STASIS] ETH/USDT - Confidence too low (0.30). Holding.
[2026-06-25T10:34:30.766Z] [INFO] [SYSTEM] --- INITIATING SOVEREIGN NODE SCAN ---
[2026-06-25T10:34:33.122Z] [INFO] [SWARM] [BTC/USDT] $61574.8 | RSI: 0.0 | CONF: 0.30
[2026-06-25T10:34:33.122Z] [INFO] [EXECUTION] [STASIS] BTC/USDT - Confidence too low (0.30). Holding.
[2026-06-25T10:34:35.478Z] [INFO] [SWARM] [ETH/USDT] $1642.73 | RSI: 0.0 | CONF: 0.30
[2026-06-25T10:34:35.479Z] [INFO] [EXECUTION] [STASIS] ETH/USDT - Confidence too low (0.30). Holding.
[2026-06-25T10:34:45.767Z] [INFO] [SYSTEM] --- INITIATING SOVEREIGN NODE SCAN ---
[2026-06-25T10:34:48.106Z] [INFO] [SWARM] [BTC/USDT] $61574.8 | RSI: 0.0 | CONF: 0.30
[2026-06-25T10:34:48.107Z] [INFO] [EXECUTION] [STASIS] BTC/USDT - Confidence too low (0.30). Holding.
[2026-06-25T10:34:50.447Z] [INFO] [SWARM] [ETH/USDT] $1642.24 | RSI: 0.0 | CONF: 0.30
[2026-06-25T10:34:50.448Z] [INFO] [EXECUTION] [STASIS] ETH/USDT - Confidence too low (0.30). Holding.
[2026-06-25T10:35:00.768Z] [INFO] [SYSTEM] --- INITIATING SOVEREIGN NODE SCAN ---
[2026-06-25T10:35:03.109Z] [INFO] [SWARM] [BTC/USDT] $61574.8 | RSI: 0.0 | CONF: 0.30
[2026-06-25T10:35:03.109Z] [INFO] [EXECUTION] [STASIS] BTC/USDT - Confidence too low (0.30). Holding.
[2026-06-25T10:35:05.531Z] [INFO] [SWARM] [ETH/USDT] $1642.24 | RSI: 0.0 | CONF: 0.30
[2026-06-25T10:35:05.532Z] [INFO] [EXECUTION] [STASIS] ETH/USDT - Confidence too low (0.30). Holding.
[2026-06-25T10:35:15.769Z] [INFO] [SYSTEM] --- INITIATING SOVEREIGN NODE SCAN ---
[2026-06-25T10:35:18.193Z] [INFO] [SWARM] [BTC/USDT] $61550.1 | RSI: 0.0 | CONF: 0.30
[2026-06-25T10:35:18.193Z] [INFO] [EXECUTION] [STASIS] BTC/USDT - Confidence too low (0.30). Holding.
[2026-06-25T10:35:20.447Z] [INFO] [SWARM] [ETH/USDT] $1642.24 | RSI: 0.0 | CONF: 0.30
[2026-06-25T10:35:20.447Z] [INFO] [EXECUTION] [STASIS] ETH/USDT - Confidence too low (0.30). Holding.
[2026-06-25T10:35:30.769Z] [INFO] [SYSTEM] --- INITIATING SOVEREIGN NODE SCAN ---
[2026-06-25T10:35:33.114Z] [INFO] [SWARM] [BTC/USDT] $61551.1 | RSI: 0.0 | CONF: 0.30
[2026-06-25T10:35:33.115Z] [INFO] [EXECUTION] [STASIS] BTC/USDT - Confidence too low (0.30). Holding.
[2026-06-25T10:35:35.456Z] [INFO] [SWARM] [ETH/USDT] $1642.24 | RSI: 0.0 | CONF: 0.30
[2026-06-25T10:35:35.456Z] [INFO] [EXECUTION] [STASIS] ETH/USDT - Confidence too low (0.30). Holding.
[2026-06-25T10:35:45.770Z] [INFO] [SYSTEM] --- INITIATING SOVEREIGN NODE SCAN ---
[2026-06-25T10:35:48.027Z] [INFO] [SWARM] [BTC/USDT] $61551.1 | RSI: 0.0 | CONF: 0.30
[2026-06-25T10:35:48.027Z] [INFO] [EXECUTION] [STASIS] BTC/USDT - Confidence too low (0.30). Holding.
[2026-06-25T10:35:50.364Z] [INFO] [SWARM] [ETH/USDT] $1642.24 | RSI: 0.0 | CONF: 0.30
[2026-06-25T10:35:50.364Z] [INFO] [EXECUTION] [STASIS] ETH/USDT - Confidence too low (0.30). Holding.
[2026-06-25T10:36:00.772Z] [INFO] [SYSTEM] --- INITIATING SOVEREIGN NODE SCAN ---
[2026-06-25T10:36:03.192Z] [INFO] [SWARM] [BTC/USDT] $61551.1 | RSI: 0.0 | CONF: 0.30
[2026-06-25T10:36:03.193Z] [INFO] [EXECUTION] [STASIS] BTC/USDT - Confidence too low (0.30). Holding.
[2026-06-25T10:36:05.451Z] [INFO] [SWARM] [ETH/USDT] $1642.24 | RSI: 0.0 | CONF: 0.30
[2026-06-25T10:36:05.451Z] [INFO] [EXECUTION] [STASIS] ETH/USDT - Confidence too low (0.30). Holding.
[2026-06-25T10:36:15.773Z] [INFO] [SYSTEM] --- INITIATING SOVEREIGN NODE SCAN ---
[2026-06-25T10:36:18.113Z] [INFO] [SWARM] [BTC/USDT] $61551.1 | RSI: 0.0 | CONF: 0.30
[2026-06-25T10:36:18.113Z] [INFO] [EXECUTION] [STASIS] BTC/USDT - Confidence too low (0.30). Holding.
[2026-06-25T10:36:20.538Z] [INFO] [SWARM] [ETH/USDT] $1642.24 | RSI: 0.0 | CONF: 0.30
[2026-06-25T10:36:20.539Z] [INFO] [EXECUTION] [STASIS] ETH/USDT - Confidence too low (0.30). Holding.
[2026-06-25T10:36:30.773Z] [INFO] [SYSTEM] --- INITIATING SOVEREIGN NODE SCAN ---
[2026-06-25T10:36:33.031Z] [INFO] [SWARM] [BTC/USDT] $61551.1 | RSI: 0.0 | CONF: 0.30
[2026-06-25T10:36:33.031Z] [INFO] [EXECUTION] [STASIS] BTC/USDT - Confidence too low (0.30). Holding.
[2026-06-25T10:36:35.369Z] [INFO] [SWARM] [ETH/USDT] $1642.24 | RSI: 0.0 | CONF: 0.30
[2026-06-25T10:36:35.369Z] [INFO] [EXECUTION] [STASIS] ETH/USDT - Confidence too low (0.30). Holding.
[2026-06-25T10:36:45.775Z] [INFO] [SYSTEM] --- INITIATING SOVEREIGN NODE SCAN ---
[2026-06-25T10:36:48.118Z] [INFO] [SWARM] [BTC/USDT] $61551.1 | RSI: 0.0 | CONF: 0.30
[2026-06-25T10:36:48.118Z] [INFO] [EXECUTION] [STASIS] BTC/USDT - Confidence too low (0.30). Holding.
[2026-06-25T10:36:50.467Z] [INFO] [SWARM] [ETH/USDT] $1642.24 | RSI: 0.0 | CONF: 0.30
[2026-06-25T10:36:50.468Z] [INFO] [EXECUTION] [STASIS] ETH/USDT - Confidence too low (0.30). Holding.
[2026-06-25T10:37:00.775Z] [INFO] [SYSTEM] --- INITIATING SOVEREIGN NODE SCAN ---
[2026-06-25T10:37:03.127Z] [INFO] [SWARM] [BTC/USDT] $61551.1 | RSI: 0.0 | CONF: 0.30
[2026-06-25T10:37:03.127Z] [INFO] [EXECUTION] [STASIS] BTC/USDT - Confidence too low (0.30). Holding.
[2026-06-25T10:37:05.556Z] [INFO] [SWARM] [ETH/USDT] $1642.24 | RSI: 0.0 | CONF: 0.30
[2026-06-25T10:37:05.556Z] [INFO] [EXECUTION] [STASIS] ETH/USDT - Confidence too low (0.30). Holding.
[2026-06-25T10:37:15.777Z] [INFO] [SYSTEM] --- INITIATING SOVEREIGN NODE SCAN ---
[2026-06-25T10:37:18.119Z] [INFO] [SWARM] [BTC/USDT] $61551.1 | RSI: 0.0 | CONF: 0.30
[2026-06-25T10:37:18.119Z] [INFO] [EXECUTION] [STASIS] BTC/USDT - Confidence too low (0.30). Holding.
[2026-06-25T10:37:20.458Z] [INFO] [SWARM] [ETH/USDT] $1642.24 | RSI: 0.0 | CONF: 0.30
[2026-06-25T10:37:20.458Z] [INFO] [EXECUTION] [STASIS] ETH/USDT - Confidence too low (0.30). Holding.
[2026-06-25T10:37:30.777Z] [INFO] [SYSTEM] --- INITIATING SOVEREIGN NODE SCAN ---
[2026-06-25T10:37:33.117Z] [INFO] [SWARM] [BTC/USDT] $61551.1 | RSI: 0.0 | CONF: 0.30
[2026-06-25T10:37:33.117Z] [INFO] [EXECUTION] [STASIS] BTC/USDT - Confidence too low (0.30). Holding.
[2026-06-25T10:37:35.457Z] [INFO] [SWARM] [ETH/USDT] $1642.24 | RSI: 0.0 | CONF: 0.30
[2026-06-25T10:37:35.457Z] [INFO] [EXECUTION] [STASIS] ETH/USDT - Confidence too low (0.30). Holding.
[2026-06-25T10:37:45.779Z] [INFO] [SYSTEM] --- INITIATING SOVEREIGN NODE SCAN ---
[2026-06-25T10:37:48.125Z] [INFO] [SWARM] [BTC/USDT] $61551.1 | RSI: 0.0 | CONF: 0.30
[2026-06-25T10:37:48.126Z] [INFO] [EXECUTION] [STASIS] BTC/USDT - Confidence too low (0.30). Holding.
[2026-06-25T10:37:50.466Z] [INFO] [SWARM] [ETH/USDT] $1642.24 | RSI: 0.0 | CONF: 0.30
[2026-06-25T10:37:50.467Z] [INFO] [EXECUTION] [STASIS] ETH/USDT - Confidence too low (0.30). Holding.
[2026-06-25T10:38:00.779Z] [INFO] [SYSTEM] --- INITIATING SOVEREIGN NODE SCAN ---
[2026-06-25T10:38:03.116Z] [INFO] [SWARM] [BTC/USDT] $61551.1 | RSI: 0.0 | CONF: 0.30
[2026-06-25T10:38:03.116Z] [INFO] [EXECUTION] [STASIS] BTC/USDT - Confidence too low (0.30). Holding.
[2026-06-25T10:38:05.537Z] [INFO] [SWARM] [ETH/USDT] $1642.24 | RSI: 0.0 | CONF: 0.30
[2026-06-25T10:38:05.537Z] [INFO] [EXECUTION] [STASIS] ETH/USDT - Confidence too low (0.30). Holding.
[2026-06-25T10:38:15.780Z] [INFO] [SYSTEM] --- INITIATING SOVEREIGN NODE SCAN ---
[2026-06-25T10:38:18.117Z] [INFO] [SWARM] [BTC/USDT] $61551.1 | RSI: 0.0 | CONF: 0.30
[2026-06-25T10:38:18.118Z] [INFO] [EXECUTION] [STASIS] BTC/USDT - Confidence too low (0.30). Holding.
[2026-06-25T10:38:20.384Z] [INFO] [SWARM] [ETH/USDT] $1642.24 | RSI: 0.0 | CONF: 0.30
[2026-06-25T10:38:20.384Z] [INFO] [EXECUTION] [STASIS] ETH/USDT - Confidence too low (0.30). Holding.
[2026-06-25T10:38:30.780Z] [INFO] [SYSTEM] --- INITIATING SOVEREIGN NODE SCAN ---
[2026-06-25T10:38:33.122Z] [INFO] [SWARM] [BTC/USDT] $61551.1 | RSI: 0.0 | CONF: 0.30
[2026-06-25T10:38:33.123Z] [INFO] [EXECUTION] [STASIS] BTC/USDT - Confidence too low (0.30). Holding.
[2026-06-25T10:38:35.472Z] [INFO] [SWARM] [ETH/USDT] $1642.24 | RSI: 0.0 | CONF: 0.30
[2026-06-25T10:38:35.472Z] [INFO] [EXECUTION] [STASIS] ETH/USDT - Confidence too low (0.30). Holding.
[2026-06-25T10:38:45.780Z] [INFO] [SYSTEM] --- INITIATING SOVEREIGN NODE SCAN ---
[2026-06-25T10:38:48.194Z] [INFO] [SWARM] [BTC/USDT] $61551.1 | RSI: 0.0 | CONF: 0.30
[2026-06-25T10:38:48.194Z] [INFO] [EXECUTION] [STASIS] BTC/USDT - Confidence too low (0.30). Holding.
[2026-06-25T10:38:50.613Z] [INFO] [SWARM] [ETH/USDT] $1642.24 | RSI: 0.0 | CONF: 0.30
[2026-06-25T10:38:50.614Z] [INFO] [EXECUTION] [STASIS] ETH/USDT - Confidence too low (0.30). Holding.
[2026-06-25T10:39:00.780Z] [INFO] [SYSTEM] --- INITIATING SOVEREIGN NODE SCAN ---
[2026-06-25T10:39:03.120Z] [INFO] [SWARM] [BTC/USDT] $61551.1 | RSI: 0.0 | CONF: 0.30
[2026-06-25T10:39:03.121Z] [INFO] [EXECUTION] [STASIS] BTC/USDT - Confidence too low (0.30). Holding.
[2026-06-25T10:39:05.462Z] [INFO] [SWARM] [ETH/USDT] $1642.24 | RSI: 0.0 | CONF: 0.30
[2026-06-25T10:39:05.462Z] [INFO] [EXECUTION] [STASIS] ETH/USDT - Confidence too low (0.30). Holding.
[2026-06-25T10:39:15.781Z] [INFO] [SYSTEM] --- INITIATING SOVEREIGN NODE SCAN ---
[2026-06-25T10:39:18.123Z] [INFO] [SWARM] [BTC/USDT] $61551.1 | RSI: 0.0 | CONF: 0.30
[2026-06-25T10:39:18.124Z] [INFO] [EXECUTION] [STASIS] BTC/USDT - Confidence too low (0.30). Holding.
[2026-06-25T10:39:20.386Z] [INFO] [SWARM] [ETH/USDT] $1641.42 | RSI: 0.0 | CONF: 0.30
[2026-06-25T10:39:20.386Z] [INFO] [EXECUTION] [STASIS] ETH/USDT - Confidence too low (0.30). Holding.
[2026-06-25T10:39:30.781Z] [INFO] [SYSTEM] --- INITIATING SOVEREIGN NODE SCAN ---
[2026-06-25T10:39:33.202Z] [INFO] [SWARM] [BTC/USDT] $61551.1 | RSI: 0.0 | CONF: 0.30
[2026-06-25T10:39:33.203Z] [INFO] [EXECUTION] [STASIS] BTC/USDT - Confidence too low (0.30). Holding.
[2026-06-25T10:39:35.619Z] [INFO] [SWARM] [ETH/USDT] $1641.42 | RSI: 0.0 | CONF: 0.30
[2026-06-25T10:39:35.620Z] [INFO] [EXECUTION] [STASIS] ETH/USDT - Confidence too low (0.30). Holding.
[2026-06-25T10:39:45.782Z] [INFO] [SYSTEM] --- INITIATING SOVEREIGN NODE SCAN ---
[2026-06-25T10:39:48.138Z] [INFO] [SWARM] [BTC/USDT] $61551.1 | RSI: 0.0 | CONF: 0.30
[2026-06-25T10:39:48.139Z] [INFO] [EXECUTION] [STASIS] BTC/USDT - Confidence too low (0.30). Holding.
[2026-06-25T10:39:50.486Z] [INFO] [SWARM] [ETH/USDT] $1641.42 | RSI: 0.0 | CONF: 0.30
[2026-06-25T10:39:50.486Z] [INFO] [EXECUTION] [STASIS] ETH/USDT - Confidence too low (0.30). Holding.
[2026-06-25T10:40:00.783Z] [INFO] [SYSTEM] --- INITIATING SOVEREIGN NODE SCAN ---
[2026-06-25T10:40:03.125Z] [INFO] [SWARM] [BTC/USDT] $61551.1 | RSI: 0.0 | CONF: 0.30
[2026-06-25T10:40:03.126Z] [INFO] [EXECUTION] [STASIS] BTC/USDT - Confidence too low (0.30). Holding.
[2026-06-25T10:40:05.476Z] [INFO] [SWARM] [ETH/USDT] $1641.42 | RSI: 0.0 | CONF: 0.30
[2026-06-25T10:40:05.476Z] [INFO] [EXECUTION] [STASIS] ETH/USDT - Confidence too low (0.30). Holding.
[2026-06-25T10:40:15.784Z] [INFO] [SYSTEM] --- INITIATING SOVEREIGN NODE SCAN ---
[2026-06-25T10:40:18.157Z] [INFO] [SWARM] [BTC/USDT] $61551.1 | RSI: 0.0 | CONF: 0.30
[2026-06-25T10:40:18.158Z] [INFO] [EXECUTION] [STASIS] BTC/USDT - Confidence too low (0.30). Holding.
[2026-06-25T10:40:20.505Z] [INFO] [SWARM] [ETH/USDT] $1641.2 | RSI: 0.0 | CONF: 0.30
[2026-06-25T10:40:20.505Z] [INFO] [EXECUTION] [STASIS] ETH/USDT - Confidence too low (0.30). Holding.
[2026-06-25T10:40:30.785Z] [INFO] [SYSTEM] --- INITIATING SOVEREIGN NODE SCAN ---
[2026-06-25T10:40:33.131Z] [INFO] [SWARM] [BTC/USDT] $61524.2 | RSI: 0.0 | CONF: 0.30
[2026-06-25T10:40:33.132Z] [INFO] [EXECUTION] [STASIS] BTC/USDT - Confidence too low (0.30). Holding.
[2026-06-25T10:40:35.479Z] [INFO] [SWARM] [ETH/USDT] $1641.2 | RSI: 0.0 | CONF: 0.30
[2026-06-25T10:40:35.480Z] [INFO] [EXECUTION] [STASIS] ETH/USDT - Confidence too low (0.30). Holding.
[2026-06-25T10:40:45.786Z] [INFO] [SYSTEM] --- INITIATING SOVEREIGN NODE SCAN ---
[2026-06-25T10:40:48.048Z] [INFO] [SWARM] [BTC/USDT] $61524.2 | RSI: 0.0 | CONF: 0.30
[2026-06-25T10:40:48.048Z] [INFO] [EXECUTION] [STASIS] BTC/USDT - Confidence too low (0.30). Holding.
[2026-06-25T10:40:50.393Z] [INFO] [SWARM] [ETH/USDT] $1641.2 | RSI: 0.0 | CONF: 0.30
[2026-06-25T10:40:50.393Z] [INFO] [EXECUTION] [STASIS] ETH/USDT - Confidence too low (0.30). Holding.
[2026-06-25T10:41:00.787Z] [INFO] [SYSTEM] --- INITIATING SOVEREIGN NODE SCAN ---
[2026-06-25T10:41:03.223Z] [INFO] [SWARM] [BTC/USDT] $61524.2 | RSI: 0.0 | CONF: 0.30
[2026-06-25T10:41:03.223Z] [INFO] [EXECUTION] [STASIS] BTC/USDT - Confidence too low (0.30). Holding.
[2026-06-25T10:41:05.664Z] [INFO] [SWARM] [ETH/USDT] $1640.62 | RSI: 0.0 | CONF: 0.30
[2026-06-25T10:41:05.664Z] [INFO] [EXECUTION] [STASIS] ETH/USDT - Confidence too low (0.30). Holding.
[2026-06-25T10:41:15.788Z] [INFO] [SYSTEM] --- INITIATING SOVEREIGN NODE SCAN ---
[2026-06-25T10:41:18.132Z] [INFO] [SWARM] [BTC/USDT] $61524.2 | RSI: 0.0 | CONF: 0.30
[2026-06-25T10:41:18.132Z] [INFO] [EXECUTION] [STASIS] BTC/USDT - Confidence too low (0.30). Holding.
[2026-06-25T10:41:20.471Z] [INFO] [SWARM] [ETH/USDT] $1640.62 | RSI: 0.0 | CONF: 0.30
[2026-06-25T10:41:20.471Z] [INFO] [EXECUTION] [STASIS] ETH/USDT - Confidence too low (0.30). Holding.
[2026-06-25T10:41:30.789Z] [INFO] [SYSTEM] --- INITIATING SOVEREIGN NODE SCAN ---
[2026-06-25T10:41:33.133Z] [INFO] [SWARM] [BTC/USDT] $61524.2 | RSI: 0.0 | CONF: 0.30
[2026-06-25T10:41:33.133Z] [INFO] [EXECUTION] [STASIS] BTC/USDT - Confidence too low (0.30). Holding.
[2026-06-25T10:41:35.579Z] [INFO] [SWARM] [ETH/USDT] $1640.62 | RSI: 0.0 | CONF: 0.30
[2026-06-25T10:41:35.579Z] [INFO] [EXECUTION] [STASIS] ETH/USDT - Confidence too low (0.30). Holding.
[2026-06-25T10:41:45.791Z] [INFO] [SYSTEM] --- INITIATING SOVEREIGN NODE SCAN ---
[2026-06-25T10:41:48.137Z] [INFO] [SWARM] [BTC/USDT] $61494.1 | RSI: 0.0 | CONF: 0.30
[2026-06-25T10:41:48.137Z] [INFO] [EXECUTION] [STASIS] BTC/USDT - Confidence too low (0.30). Holding.
[2026-06-25T10:41:50.490Z] [INFO] [SWARM] [ETH/USDT] $1640.62 | RSI: 0.0 | CONF: 0.30
[2026-06-25T10:41:50.490Z] [INFO] [EXECUTION] [STASIS] ETH/USDT - Confidence too low (0.30). Holding.
[2026-06-25T10:42:00.791Z] [INFO] [SYSTEM] --- INITIATING SOVEREIGN NODE SCAN ---
[2026-06-25T10:42:03.099Z] [INFO] [SWARM] [BTC/USDT] $61494.1 | RSI: 0.0 | CONF: 0.30
[2026-06-25T10:42:03.099Z] [INFO] [EXECUTION] [STASIS] BTC/USDT - Confidence too low (0.30). Holding.
[2026-06-25T10:42:05.450Z] [INFO] [SWARM] [ETH/USDT] $1640.62 | RSI: 0.0 | CONF: 0.30
[2026-06-25T10:42:05.450Z] [INFO] [EXECUTION] [STASIS] ETH/USDT - Confidence too low (0.30). Holding.
[2026-06-25T10:42:15.793Z] [INFO] [SYSTEM] --- INITIATING SOVEREIGN NODE SCAN ---
[2026-06-25T10:42:18.136Z] [INFO] [SWARM] [BTC/USDT] $61498.5 | RSI: 4.0 | CONF: 0.30
[2026-06-25T10:42:18.136Z] [INFO] [EXECUTION] [STASIS] BTC/USDT - Confidence too low (0.30). Holding.
[2026-06-25T10:42:20.399Z] [INFO] [SWARM] [ETH/USDT] $1640.62 | RSI: 0.0 | CONF: 0.30
[2026-06-25T10:42:20.399Z] [INFO] [EXECUTION] [STASIS] ETH/USDT - Confidence too low (0.30). Holding.
[2026-06-25T10:42:30.793Z] [INFO] [SYSTEM] --- INITIATING SOVEREIGN NODE SCAN ---
[2026-06-25T10:42:33.166Z] [INFO] [SWARM] [BTC/USDT] $61498.5 | RSI: 4.0 | CONF: 0.30
[2026-06-25T10:42:33.166Z] [INFO] [EXECUTION] [STASIS] BTC/USDT - Confidence too low (0.30). Holding.
[2026-06-25T10:42:35.507Z] [INFO] [SWARM] [ETH/USDT] $1640.13 | RSI: 0.0 | CONF: 0.30
[2026-06-25T10:42:35.507Z] [INFO] [EXECUTION] [STASIS] ETH/USDT - Confidence too low (0.30). Holding.
[2026-06-25T10:42:45.793Z] [INFO] [SYSTEM] --- INITIATING SOVEREIGN NODE SCAN ---
[2026-06-25T10:42:48.133Z] [INFO] [SWARM] [BTC/USDT] $61498.5 | RSI: 4.0 | CONF: 0.30
[2026-06-25T10:42:48.133Z] [INFO] [EXECUTION] [STASIS] BTC/USDT - Confidence too low (0.30). Holding.
[2026-06-25T10:42:50.471Z] [INFO] [SWARM] [ETH/USDT] $1640.13 | RSI: 0.0 | CONF: 0.30
[2026-06-25T10:42:50.471Z] [INFO] [EXECUTION] [STASIS] ETH/USDT - Confidence too low (0.30). Holding.
[2026-06-25T10:43:00.794Z] [INFO] [SYSTEM] --- INITIATING SOVEREIGN NODE SCAN ---
[2026-06-25T10:43:03.139Z] [INFO] [SWARM] [BTC/USDT] $61471.2 | RSI: 0.0 | CONF: 0.30
[2026-06-25T10:43:03.139Z] [INFO] [EXECUTION] [STASIS] BTC/USDT - Confidence too low (0.30). Holding.
[2026-06-25T10:43:05.499Z] [INFO] [SWARM] [ETH/USDT] $1640.13 | RSI: 0.0 | CONF: 0.30
[2026-06-25T10:43:05.499Z] [INFO] [EXECUTION] [STASIS] ETH/USDT - Confidence too low (0.30). Holding.
[2026-06-25T10:43:15.794Z] [INFO] [SYSTEM] --- INITIATING SOVEREIGN NODE SCAN ---
[2026-06-25T10:43:18.144Z] [INFO] [SWARM] [BTC/USDT] $61471.2 | RSI: 0.0 | CONF: 0.30
[2026-06-25T10:43:18.144Z] [INFO] [EXECUTION] [STASIS] BTC/USDT - Confidence too low (0.30). Holding.
[2026-06-25T10:43:20.438Z] [INFO] [SWARM] [ETH/USDT] $1640.13 | RSI: 0.0 | CONF: 0.30
[2026-06-25T10:43:20.439Z] [INFO] [EXECUTION] [STASIS] ETH/USDT - Confidence too low (0.30). Holding.
[2026-06-25T10:43:30.795Z] [INFO] [SYSTEM] --- INITIATING SOVEREIGN NODE SCAN ---
[2026-06-25T10:43:33.136Z] [INFO] [SWARM] [BTC/USDT] $61471.2 | RSI: 0.0 | CONF: 0.30
[2026-06-25T10:43:33.136Z] [INFO] [EXECUTION] [STASIS] BTC/USDT - Confidence too low (0.30). Holding.
[2026-06-25T10:43:35.477Z] [INFO] [SWARM] [ETH/USDT] $1639.27 | RSI: 0.0 | CONF: 0.30
[2026-06-25T10:43:35.478Z] [INFO] [EXECUTION] [STASIS] ETH/USDT - Confidence too low (0.30). Holding.
[2026-06-25T10:43:45.796Z] [INFO] [SYSTEM] --- INITIATING SOVEREIGN NODE SCAN ---
[2026-06-25T10:43:48.140Z] [INFO] [SWARM] [BTC/USDT] $61471.2 | RSI: 0.0 | CONF: 0.30
[2026-06-25T10:43:48.141Z] [INFO] [EXECUTION] [STASIS] BTC/USDT - Confidence too low (0.30). Holding.
[2026-06-25T10:43:50.480Z] [INFO] [SWARM] [ETH/USDT] $1639.27 | RSI: 0.0 | CONF: 0.30
[2026-06-25T10:43:50.480Z] [INFO] [EXECUTION] [STASIS] ETH/USDT - Confidence too low (0.30). Holding.
[2026-06-25T10:44:00.797Z] [INFO] [SYSTEM] --- INITIATING SOVEREIGN NODE SCAN ---
[2026-06-25T10:44:03.139Z] [INFO] [SWARM] [BTC/USDT] $61471.2 | RSI: 0.0 | CONF: 0.30
[2026-06-25T10:44:03.140Z] [INFO] [EXECUTION] [STASIS] BTC/USDT - Confidence too low (0.30). Holding.
[2026-06-25T10:44:05.536Z] [INFO] [SWARM] [ETH/USDT] $1639.27 | RSI: 0.0 | CONF: 0.30
[2026-06-25T10:44:05.536Z] [INFO] [EXECUTION] [STASIS] ETH/USDT - Confidence too low (0.30). Holding.
[2026-06-25T10:44:15.797Z] [INFO] [SYSTEM] --- INITIATING SOVEREIGN NODE SCAN ---
[2026-06-25T10:44:18.130Z] [INFO] [SWARM] [BTC/USDT] $61454 | RSI: 0.0 | CONF: 0.30
[2026-06-25T10:44:18.130Z] [INFO] [EXECUTION] [STASIS] BTC/USDT - Confidence too low (0.30). Holding.
[2026-06-25T10:44:20.388Z] [INFO] [SWARM] [ETH/USDT] $1639.27 | RSI: 0.0 | CONF: 0.30
[2026-06-25T10:44:20.388Z] [INFO] [EXECUTION] [STASIS] ETH/USDT - Confidence too low (0.30). Holding.
[2026-06-25T10:44:30.798Z] [INFO] [SYSTEM] --- INITIATING SOVEREIGN NODE SCAN ---
[2026-06-25T10:44:33.228Z] [INFO] [SWARM] [BTC/USDT] $61454 | RSI: 0.0 | CONF: 0.30
[2026-06-25T10:44:33.228Z] [INFO] [EXECUTION] [STASIS] BTC/USDT - Confidence too low (0.30). Holding.
[2026-06-25T10:44:35.578Z] [INFO] [SWARM] [ETH/USDT] $1638.65 | RSI: 0.0 | CONF: 0.30
[2026-06-25T10:44:35.578Z] [INFO] [EXECUTION] [STASIS] ETH/USDT - Confidence too low (0.30). Holding.
[2026-06-25T10:44:45.799Z] [INFO] [SYSTEM] --- INITIATING SOVEREIGN NODE SCAN ---
[2026-06-25T10:44:48.147Z] [INFO] [SWARM] [BTC/USDT] $61412.6 | RSI: 0.0 | CONF: 0.30
[2026-06-25T10:44:48.148Z] [INFO] [EXECUTION] [STASIS] BTC/USDT - Confidence too low (0.30). Holding.
[2026-06-25T10:44:50.569Z] [INFO] [SWARM] [ETH/USDT] $1638.64 | RSI: 0.0 | CONF: 0.30
[2026-06-25T10:44:50.570Z] [INFO] [EXECUTION] [STASIS] ETH/USDT - Confidence too low (0.30). Holding.
[2026-06-25T10:45:00.799Z] [INFO] [SYSTEM] --- INITIATING SOVEREIGN NODE SCAN ---
[2026-06-25T10:45:03.137Z] [INFO] [SWARM] [BTC/USDT] $61412.6 | RSI: 0.0 | CONF: 0.30
[2026-06-25T10:45:03.137Z] [INFO] [EXECUTION] [STASIS] BTC/USDT - Confidence too low (0.30). Holding.
[2026-06-25T10:45:05.486Z] [INFO] [SWARM] [ETH/USDT] $1637.58 | RSI: 0.0 | CONF: 0.30
[2026-06-25T10:45:05.487Z] [INFO] [EXECUTION] [STASIS] ETH/USDT - Confidence too low (0.30). Holding.
[2026-06-25T10:45:15.800Z] [INFO] [SYSTEM] --- INITIATING SOVEREIGN NODE SCAN ---
[2026-06-25T10:45:18.234Z] [INFO] [SWARM] [BTC/USDT] $61397.9 | RSI: 0.0 | CONF: 0.30
[2026-06-25T10:45:18.234Z] [INFO] [EXECUTION] [STASIS] BTC/USDT - Confidence too low (0.30). Holding.
[2026-06-25T10:45:20.496Z] [INFO] [SWARM] [ETH/USDT] $1637.58 | RSI: 0.0 | CONF: 0.30
[2026-06-25T10:45:20.496Z] [INFO] [EXECUTION] [STASIS] ETH/USDT - Confidence too low (0.30). Holding.
[2026-06-25T10:45:30.800Z] [INFO] [SYSTEM] --- INITIATING SOVEREIGN NODE SCAN ---
[2026-06-25T10:45:33.144Z] [INFO] [SWARM] [BTC/USDT] $61397.9 | RSI: 0.0 | CONF: 0.30
[2026-06-25T10:45:33.144Z] [INFO] [EXECUTION] [STASIS] BTC/USDT - Confidence too low (0.30). Holding.
[2026-06-25T10:45:35.486Z] [INFO] [SWARM] [ETH/USDT] $1636.99 | RSI: 0.0 | CONF: 0.30
[2026-06-25T10:45:35.486Z] [INFO] [EXECUTION] [STASIS] ETH/USDT - Confidence too low (0.30). Holding.
[2026-06-25T10:45:45.802Z] [INFO] [SYSTEM] --- INITIATING SOVEREIGN NODE SCAN ---
[2026-06-25T10:45:48.059Z] [INFO] [SWARM] [BTC/USDT] $61397.9 | RSI: 0.0 | CONF: 0.30
[2026-06-25T10:45:48.059Z] [INFO] [EXECUTION] [STASIS] BTC/USDT - Confidence too low (0.30). Holding.
[2026-06-25T10:45:50.403Z] [INFO] [SWARM] [ETH/USDT] $1635 | RSI: 0.0 | CONF: 0.30
[2026-06-25T10:45:50.403Z] [INFO] [EXECUTION] [STASIS] ETH/USDT - Confidence too low (0.30). Holding.
[2026-06-25T10:46:00.803Z] [INFO] [SYSTEM] --- INITIATING SOVEREIGN NODE SCAN ---
[2026-06-25T10:46:03.063Z] [INFO] [SWARM] [BTC/USDT] $61361.6 | RSI: 0.0 | CONF: 0.30
[2026-06-25T10:46:03.063Z] [INFO] [EXECUTION] [STASIS] BTC/USDT - Confidence too low (0.30). Holding.
[2026-06-25T10:46:05.407Z] [INFO] [SWARM] [ETH/USDT] $1635 | RSI: 0.0 | CONF: 0.30
[2026-06-25T10:46:05.407Z] [INFO] [EXECUTION] [STASIS] ETH/USDT - Confidence too low (0.30). Holding.
[2026-06-25T10:46:15.804Z] [INFO] [SYSTEM] --- INITIATING SOVEREIGN NODE SCAN ---
[2026-06-25T10:46:18.154Z] [INFO] [SWARM] [BTC/USDT] $61361.6 | RSI: 0.0 | CONF: 0.30
[2026-06-25T10:46:18.154Z] [INFO] [EXECUTION] [STASIS] BTC/USDT - Confidence too low (0.30). Holding.
[2026-06-25T10:46:20.426Z] [INFO] [SWARM] [ETH/USDT] $1635 | RSI: 0.0 | CONF: 0.30
[2026-06-25T10:46:20.426Z] [INFO] [EXECUTION] [STASIS] ETH/USDT - Confidence too low (0.30). Holding.
[2026-06-25T10:46:30.804Z] [INFO] [SYSTEM] --- INITIATING SOVEREIGN NODE SCAN ---
[2026-06-25T10:46:33.142Z] [INFO] [SWARM] [BTC/USDT] $61339.3 | RSI: 0.0 | CONF: 0.30
[2026-06-25T10:46:33.142Z] [INFO] [EXECUTION] [STASIS] BTC/USDT - Confidence too low (0.30). Holding.
[2026-06-25T10:46:35.486Z] [INFO] [SWARM] [ETH/USDT] $1635 | RSI: 0.0 | CONF: 0.30
[2026-06-25T10:46:35.486Z] [INFO] [EXECUTION] [STASIS] ETH/USDT - Confidence too low (0.30). Holding.
[2026-06-25T10:46:45.804Z] [INFO] [SYSTEM] --- INITIATING SOVEREIGN NODE SCAN ---
[2026-06-25T10:46:48.148Z] [INFO] [SWARM] [BTC/USDT] $61339.3 | RSI: 0.0 | CONF: 0.30
[2026-06-25T10:46:48.149Z] [INFO] [EXECUTION] [STASIS] BTC/USDT - Confidence too low (0.30). Holding.
[2026-06-25T10:46:50.487Z] [INFO] [SWARM] [ETH/USDT] $1635 | RSI: 0.0 | CONF: 0.30
[2026-06-25T10:46:50.487Z] [INFO] [EXECUTION] [STASIS] ETH/USDT - Confidence too low (0.30). Holding.
[2026-06-25T10:47:00.805Z] [INFO] [SYSTEM] --- INITIATING SOVEREIGN NODE SCAN ---
[2026-06-25T10:47:03.150Z] [INFO] [SWARM] [BTC/USDT] $61335.5 | RSI: 0.0 | CONF: 0.30
[2026-06-25T10:47:03.151Z] [INFO] [EXECUTION] [STASIS] BTC/USDT - Confidence too low (0.30). Holding.
[2026-06-25T10:47:05.602Z] [INFO] [SWARM] [ETH/USDT] $1635 | RSI: 0.0 | CONF: 0.30
[2026-06-25T10:47:05.602Z] [INFO] [EXECUTION] [STASIS] ETH/USDT - Confidence too low (0.30). Holding.
[2026-06-25T10:47:15.806Z] [INFO] [SYSTEM] --- INITIATING SOVEREIGN NODE SCAN ---
[2026-06-25T10:47:18.226Z] [INFO] [SWARM] [BTC/USDT] $61330.5 | RSI: 0.0 | CONF: 0.30
[2026-06-25T10:47:18.227Z] [INFO] [EXECUTION] [STASIS] BTC/USDT - Confidence too low (0.30). Holding.
[2026-06-25T10:47:20.495Z] [INFO] [SWARM] [ETH/USDT] $1634.73 | RSI: 0.0 | CONF: 0.30
[2026-06-25T10:47:20.495Z] [INFO] [EXECUTION] [STASIS] ETH/USDT - Confidence too low (0.30). Holding.
[2026-06-25T10:47:30.806Z] [INFO] [SYSTEM] --- INITIATING SOVEREIGN NODE SCAN ---
[2026-06-25T10:47:33.153Z] [INFO] [SWARM] [BTC/USDT] $61327.7 | RSI: 0.0 | CONF: 0.30
[2026-06-25T10:47:33.154Z] [INFO] [EXECUTION] [STASIS] BTC/USDT - Confidence too low (0.30). Holding.
[2026-06-25T10:47:35.551Z] [INFO] [SWARM] [ETH/USDT] $1634.73 | RSI: 0.0 | CONF: 0.30
[2026-06-25T10:47:35.551Z] [INFO] [EXECUTION] [STASIS] ETH/USDT - Confidence too low (0.30). Holding.
[2026-06-25T10:47:45.806Z] [INFO] [SYSTEM] --- INITIATING SOVEREIGN NODE SCAN ---
[2026-06-25T10:47:48.147Z] [INFO] [SWARM] [BTC/USDT] $61327.7 | RSI: 0.0 | CONF: 0.30
[2026-06-25T10:47:48.147Z] [INFO] [EXECUTION] [STASIS] BTC/USDT - Confidence too low (0.30). Holding.
[2026-06-25T10:47:50.496Z] [INFO] [SWARM] [ETH/USDT] $1634.73 | RSI: 0.0 | CONF: 0.30
[2026-06-25T10:47:50.496Z] [INFO] [EXECUTION] [STASIS] ETH/USDT - Confidence too low (0.30). Holding.
[2026-06-25T10:48:00.807Z] [INFO] [SYSTEM] --- INITIATING SOVEREIGN NODE SCAN ---
[2026-06-25T10:48:03.147Z] [INFO] [SWARM] [BTC/USDT] $61327.7 | RSI: 0.0 | CONF: 0.30
[2026-06-25T10:48:03.148Z] [INFO] [EXECUTION] [STASIS] BTC/USDT - Confidence too low (0.30). Holding.
[2026-06-25T10:48:05.491Z] [INFO] [SWARM] [ETH/USDT] $1634.73 | RSI: 0.0 | CONF: 0.30
[2026-06-25T10:48:05.491Z] [INFO] [EXECUTION] [STASIS] ETH/USDT - Confidence too low (0.30). Holding.
[2026-06-25T10:48:15.809Z] [INFO] [SYSTEM] --- INITIATING SOVEREIGN NODE SCAN ---
[2026-06-25T10:48:18.156Z] [INFO] [SWARM] [BTC/USDT] $61327.7 | RSI: 0.0 | CONF: 0.30
[2026-06-25T10:48:18.156Z] [INFO] [EXECUTION] [STASIS] BTC/USDT - Confidence too low (0.30). Holding.
[2026-06-25T10:48:20.500Z] [INFO] [SWARM] [ETH/USDT] $1636.47 | RSI: 18.8 | CONF: 0.30
[2026-06-25T10:48:20.500Z] [INFO] [EXECUTION] [STASIS] ETH/USDT - Confidence too low (0.30). Holding.
[2026-06-25T10:48:30.809Z] [INFO] [SYSTEM] --- INITIATING SOVEREIGN NODE SCAN ---
[2026-06-25T10:48:33.159Z] [INFO] [SWARM] [BTC/USDT] $61353.2 | RSI: 9.4 | CONF: 0.30
[2026-06-25T10:48:33.159Z] [INFO] [EXECUTION] [STASIS] BTC/USDT - Confidence too low (0.30). Holding.
[2026-06-25T10:48:35.582Z] [INFO] [SWARM] [ETH/USDT] $1636.43 | RSI: 18.5 | CONF: 0.30
[2026-06-25T10:48:35.583Z] [INFO] [EXECUTION] [STASIS] ETH/USDT - Confidence too low (0.30). Holding.
[2026-06-25T10:48:45.811Z] [INFO] [SYSTEM] --- INITIATING SOVEREIGN NODE SCAN ---
[2026-06-25T10:48:48.148Z] [INFO] [SWARM] [BTC/USDT] $61353.2 | RSI: 9.4 | CONF: 0.30
[2026-06-25T10:48:48.148Z] [INFO] [EXECUTION] [STASIS] BTC/USDT - Confidence too low (0.30). Holding.
[2026-06-25T10:48:50.492Z] [INFO] [SWARM] [ETH/USDT] $1636.43 | RSI: 18.5 | CONF: 0.30
[2026-06-25T10:48:50.493Z] [INFO] [EXECUTION] [STASIS] ETH/USDT - Confidence too low (0.30). Holding.
[2026-06-25T10:49:00.812Z] [INFO] [SYSTEM] --- INITIATING SOVEREIGN NODE SCAN ---
[2026-06-25T10:49:03.150Z] [INFO] [SWARM] [BTC/USDT] $61373.7 | RSI: 17.1 | CONF: 0.30
[2026-06-25T10:49:03.151Z] [INFO] [EXECUTION] [STASIS] BTC/USDT - Confidence too low (0.30). Holding.
[2026-06-25T10:49:05.577Z] [INFO] [SWARM] [ETH/USDT] $1636.43 | RSI: 18.5 | CONF: 0.30
[2026-06-25T10:49:05.578Z] [INFO] [EXECUTION] [STASIS] ETH/USDT - Confidence too low (0.30). Holding.
[2026-06-25T10:49:15.812Z] [INFO] [SYSTEM] --- INITIATING SOVEREIGN NODE SCAN ---
[2026-06-25T10:49:18.158Z] [INFO] [SWARM] [BTC/USDT] $61373.7 | RSI: 17.1 | CONF: 0.30
[2026-06-25T10:49:18.159Z] [INFO] [EXECUTION] [STASIS] BTC/USDT - Confidence too low (0.30). Holding.
[2026-06-25T10:49:20.577Z] [INFO] [SWARM] [ETH/USDT] $1636.43 | RSI: 18.5 | CONF: 0.30
[2026-06-25T10:49:20.577Z] [INFO] [EXECUTION] [STASIS] ETH/USDT - Confidence too low (0.30). Holding.
[2026-06-25T10:49:30.813Z] [INFO] [SYSTEM] --- INITIATING SOVEREIGN NODE SCAN ---
[2026-06-25T10:49:33.079Z] [INFO] [SWARM] [BTC/USDT] $61371.1 | RSI: 16.9 | CONF: 0.30
[2026-06-25T10:49:33.079Z] [INFO] [EXECUTION] [STASIS] BTC/USDT - Confidence too low (0.30). Holding.
[2026-06-25T10:49:35.344Z] [INFO] [SWARM] [ETH/USDT] $1636.43 | RSI: 18.5 | CONF: 0.30
[2026-06-25T10:49:35.344Z] [INFO] [EXECUTION] [STASIS] ETH/USDT - Confidence too low (0.30). Holding.
[2026-06-25T10:49:45.814Z] [INFO] [SYSTEM] --- INITIATING SOVEREIGN NODE SCAN ---
[2026-06-25T10:49:48.164Z] [INFO] [SWARM] [BTC/USDT] $61343.9 | RSI: 15.4 | CONF: 0.30
[2026-06-25T10:49:48.164Z] [INFO] [EXECUTION] [STASIS] BTC/USDT - Confidence too low (0.30). Holding.
[2026-06-25T10:49:50.586Z] [INFO] [SWARM] [ETH/USDT] $1636.43 | RSI: 18.5 | CONF: 0.30
[2026-06-25T10:49:50.586Z] [INFO] [EXECUTION] [STASIS] ETH/USDT - Confidence too low (0.30). Holding.
[2026-06-25T10:50:00.814Z] [INFO] [SYSTEM] --- INITIATING SOVEREIGN NODE SCAN ---
[2026-06-25T10:50:03.157Z] [INFO] [SWARM] [BTC/USDT] $61343.9 | RSI: 15.4 | CONF: 0.30
[2026-06-25T10:50:03.157Z] [INFO] [EXECUTION] [STASIS] BTC/USDT - Confidence too low (0.30). Holding.
[2026-06-25T10:50:05.499Z] [INFO] [SWARM] [ETH/USDT] $1636.43 | RSI: 18.5 | CONF: 0.30
[2026-06-25T10:50:05.499Z] [INFO] [EXECUTION] [STASIS] ETH/USDT - Confidence too low (0.30). Holding.
[2026-06-25T10:50:15.815Z] [INFO] [SYSTEM] --- INITIATING SOVEREIGN NODE SCAN ---
[2026-06-25T10:50:18.076Z] [INFO] [SWARM] [BTC/USDT] $61343.9 | RSI: 15.4 | CONF: 0.30
[2026-06-25T10:50:18.076Z] [INFO] [EXECUTION] [STASIS] BTC/USDT - Confidence too low (0.30). Holding.
[2026-06-25T10:50:20.396Z] [INFO] [SWARM] [ETH/USDT] $1636.43 | RSI: 18.5 | CONF: 0.30
[2026-06-25T10:50:20.396Z] [INFO] [EXECUTION] [STASIS] ETH/USDT - Confidence too low (0.30). Holding.
[2026-06-25T10:50:30.818Z] [INFO] [SYSTEM] --- INITIATING SOVEREIGN NODE SCAN ---
[2026-06-25T10:50:33.164Z] [INFO] [SWARM] [BTC/USDT] $61353.2 | RSI: 17.9 | CONF: 0.30
[2026-06-25T10:50:33.164Z] [INFO] [EXECUTION] [STASIS] BTC/USDT - Confidence too low (0.30). Holding.
[2026-06-25T10:50:35.590Z] [INFO] [SWARM] [ETH/USDT] $1636.43 | RSI: 18.5 | CONF: 0.30
[2026-06-25T10:50:35.591Z] [INFO] [EXECUTION] [STASIS] ETH/USDT - Confidence too low (0.30). Holding.
[2026-06-25T10:50:45.819Z] [INFO] [SYSTEM] --- INITIATING SOVEREIGN NODE SCAN ---
[2026-06-25T10:50:48.086Z] [INFO] [SWARM] [BTC/USDT] $61361.2 | RSI: 20.0 | CONF: 0.30
[2026-06-25T10:50:48.087Z] [INFO] [EXECUTION] [STASIS] BTC/USDT - Confidence too low (0.30). Holding.
[2026-06-25T10:50:50.522Z] [INFO] [SWARM] [ETH/USDT] $1636.43 | RSI: 18.5 | CONF: 0.30
[2026-06-25T10:50:50.523Z] [INFO] [EXECUTION] [STASIS] ETH/USDT - Confidence too low (0.30). Holding.
[2026-06-25T10:51:00.820Z] [INFO] [SYSTEM] --- INITIATING SOVEREIGN NODE SCAN ---
[2026-06-25T10:51:03.168Z] [INFO] [SWARM] [BTC/USDT] $61361.2 | RSI: 20.0 | CONF: 0.30
[2026-06-25T10:51:03.168Z] [INFO] [EXECUTION] [STASIS] BTC/USDT - Confidence too low (0.30). Holding.
[2026-06-25T10:51:05.597Z] [INFO] [SWARM] [ETH/USDT] $1637.71 | RSI: 28.4 | CONF: 0.30
[2026-06-25T10:51:05.597Z] [INFO] [EXECUTION] [STASIS] ETH/USDT - Confidence too low (0.30). Holding.
[2026-06-25T10:51:15.821Z] [INFO] [SYSTEM] --- INITIATING SOVEREIGN NODE SCAN ---
[2026-06-25T10:51:18.248Z] [INFO] [SWARM] [BTC/USDT] $61361.2 | RSI: 20.0 | CONF: 0.30
[2026-06-25T10:51:18.248Z] [INFO] [EXECUTION] [STASIS] BTC/USDT - Confidence too low (0.30). Holding.
[2026-06-25T10:51:20.589Z] [INFO] [SWARM] [ETH/USDT] $1637.71 | RSI: 28.4 | CONF: 0.30
[2026-06-25T10:51:20.590Z] [INFO] [EXECUTION] [STASIS] ETH/USDT - Confidence too low (0.30). Holding.
[2026-06-25T10:51:30.822Z] [INFO] [SYSTEM] --- INITIATING SOVEREIGN NODE SCAN ---
[2026-06-25T10:51:33.170Z] [INFO] [SWARM] [BTC/USDT] $61369.3 | RSI: 22.0 | CONF: 0.30
[2026-06-25T10:51:33.170Z] [INFO] [EXECUTION] [STASIS] BTC/USDT - Confidence too low (0.30). Holding.
[2026-06-25T10:51:35.588Z] [INFO] [SWARM] [ETH/USDT] $1638.05 | RSI: 30.7 | CONF: 0.00
[2026-06-25T10:51:35.588Z] [INFO] [EXECUTION] [STASIS] ETH/USDT - Confidence too low (0.00). Holding.
[2026-06-25T10:51:45.822Z] [INFO] [SYSTEM] --- INITIATING SOVEREIGN NODE SCAN ---
[2026-06-25T10:51:48.167Z] [INFO] [SWARM] [BTC/USDT] $61364 | RSI: 20.7 | CONF: 0.30
[2026-06-25T10:51:48.167Z] [INFO] [EXECUTION] [STASIS] BTC/USDT - Confidence too low (0.30). Holding.
[2026-06-25T10:51:50.510Z] [INFO] [SWARM] [ETH/USDT] $1638.05 | RSI: 30.7 | CONF: 0.00
[2026-06-25T10:51:50.510Z] [INFO] [EXECUTION] [STASIS] ETH/USDT - Confidence too low (0.00). Holding.
[2026-06-25T10:52:00.823Z] [INFO] [SYSTEM] --- INITIATING SOVEREIGN NODE SCAN ---
[2026-06-25T10:52:03.166Z] [INFO] [SWARM] [BTC/USDT] $61370.7 | RSI: 22.3 | CONF: 0.30
[2026-06-25T10:52:03.166Z] [INFO] [EXECUTION] [STASIS] BTC/USDT - Confidence too low (0.30). Holding.
[2026-06-25T10:52:05.539Z] [INFO] [SWARM] [ETH/USDT] $1638.05 | RSI: 30.7 | CONF: 0.00
[2026-06-25T10:52:05.540Z] [INFO] [EXECUTION] [STASIS] ETH/USDT - Confidence too low (0.00). Holding.
[2026-06-25T10:52:15.825Z] [INFO] [SYSTEM] --- INITIATING SOVEREIGN NODE SCAN ---
[2026-06-25T10:52:18.089Z] [INFO] [SWARM] [BTC/USDT] $61376.9 | RSI: 22.2 | CONF: 0.30
[2026-06-25T10:52:18.090Z] [INFO] [EXECUTION] [STASIS] BTC/USDT - Confidence too low (0.30). Holding.
[2026-06-25T10:52:20.448Z] [INFO] [SWARM] [ETH/USDT] $1638.05 | RSI: 30.7 | CONF: 0.00
[2026-06-25T10:52:20.449Z] [INFO] [EXECUTION] [STASIS] ETH/USDT - Confidence too low (0.00). Holding.
[2026-06-25T10:52:30.826Z] [INFO] [SYSTEM] --- INITIATING SOVEREIGN NODE SCAN ---
[2026-06-25T10:52:33.168Z] [INFO] [SWARM] [BTC/USDT] $61369.5 | RSI: 22.1 | CONF: 0.30
[2026-06-25T10:52:33.169Z] [INFO] [EXECUTION] [STASIS] BTC/USDT - Confidence too low (0.30). Holding.
[2026-06-25T10:52:35.505Z] [INFO] [SWARM] [ETH/USDT] $1638.05 | RSI: 30.7 | CONF: 0.00
[2026-06-25T10:52:35.505Z] [INFO] [EXECUTION] [STASIS] ETH/USDT - Confidence too low (0.00). Holding.
[2026-06-25T10:52:45.826Z] [INFO] [SYSTEM] --- INITIATING SOVEREIGN NODE SCAN ---
[2026-06-25T10:52:48.089Z] [INFO] [SWARM] [BTC/USDT] $61367.5 | RSI: 22.1 | CONF: 0.30
[2026-06-25T10:52:48.090Z] [INFO] [EXECUTION] [STASIS] BTC/USDT - Confidence too low (0.30). Holding.
[2026-06-25T10:52:50.518Z] [INFO] [SWARM] [ETH/USDT] $1638.05 | RSI: 30.7 | CONF: 0.00
[2026-06-25T10:52:50.518Z] [INFO] [EXECUTION] [STASIS] ETH/USDT - Confidence too low (0.00). Holding.
[2026-06-25T10:53:00.827Z] [INFO] [SYSTEM] --- INITIATING SOVEREIGN NODE SCAN ---
[2026-06-25T10:53:03.163Z] [INFO] [SWARM] [BTC/USDT] $61367.5 | RSI: 22.1 | CONF: 0.30
[2026-06-25T10:53:03.163Z] [INFO] [EXECUTION] [STASIS] BTC/USDT - Confidence too low (0.30). Holding.
[2026-06-25T10:53:05.514Z] [INFO] [SWARM] [ETH/USDT] $1638.05 | RSI: 33.2 | CONF: 0.00
[2026-06-25T10:53:05.515Z] [INFO] [EXECUTION] [STASIS] ETH/USDT - Confidence too low (0.00). Holding.
[2026-06-25T10:53:15.827Z] [INFO] [SYSTEM] --- INITIATING SOVEREIGN NODE SCAN ---
[2026-06-25T10:53:18.089Z] [INFO] [SWARM] [BTC/USDT] $61343.8 | RSI: 20.6 | CONF: 0.30
[2026-06-25T10:53:18.090Z] [INFO] [EXECUTION] [STASIS] BTC/USDT - Confidence too low (0.30). Holding.
[2026-06-25T10:53:20.437Z] [INFO] [SWARM] [ETH/USDT] $1638.05 | RSI: 33.2 | CONF: 0.00
[2026-06-25T10:53:20.437Z] [INFO] [EXECUTION] [STASIS] ETH/USDT - Confidence too low (0.00). Holding.
[2026-06-25T10:53:30.829Z] [INFO] [SYSTEM] --- INITIATING SOVEREIGN NODE SCAN ---
[2026-06-25T10:53:33.255Z] [INFO] [SWARM] [BTC/USDT] $61343.8 | RSI: 20.6 | CONF: 0.30
[2026-06-25T10:53:33.255Z] [INFO] [EXECUTION] [STASIS] BTC/USDT - Confidence too low (0.30). Holding.
[2026-06-25T10:53:35.592Z] [INFO] [SWARM] [ETH/USDT] $1638.05 | RSI: 33.2 | CONF: 0.00
[2026-06-25T10:53:35.592Z] [INFO] [EXECUTION] [STASIS] ETH/USDT - Confidence too low (0.00). Holding.
[2026-06-25T10:53:45.829Z] [INFO] [SYSTEM] --- INITIATING SOVEREIGN NODE SCAN ---
[2026-06-25T10:53:48.173Z] [INFO] [SWARM] [BTC/USDT] $61357.6 | RSI: 21.5 | CONF: 0.30
[2026-06-25T10:53:48.174Z] [INFO] [EXECUTION] [STASIS] BTC/USDT - Confidence too low (0.30). Holding.
[2026-06-25T10:53:50.572Z] [INFO] [SWARM] [ETH/USDT] $1638.05 | RSI: 33.2 | CONF: 0.00
[2026-06-25T10:53:50.572Z] [INFO] [EXECUTION] [STASIS] ETH/USDT - Confidence too low (0.00). Holding.
[2026-06-25T10:54:00.830Z] [INFO] [SYSTEM] --- INITIATING SOVEREIGN NODE SCAN ---
[2026-06-25T10:54:03.182Z] [INFO] [SWARM] [BTC/USDT] $61340.6 | RSI: 22.1 | CONF: 0.30
[2026-06-25T10:54:03.182Z] [INFO] [EXECUTION] [STASIS] BTC/USDT - Confidence too low (0.30). Holding.
[2026-06-25T10:54:05.522Z] [INFO] [SWARM] [ETH/USDT] $1637.29 | RSI: 33.3 | CONF: 0.00
[2026-06-25T10:54:05.522Z] [INFO] [EXECUTION] [STASIS] ETH/USDT - Confidence too low (0.00). Holding.
[2026-06-25T10:54:15.831Z] [INFO] [SYSTEM] --- INITIATING SOVEREIGN NODE SCAN ---
[2026-06-25T10:54:18.094Z] [INFO] [SWARM] [BTC/USDT] $61357.7 | RSI: 26.0 | CONF: 0.30
[2026-06-25T10:54:18.094Z] [INFO] [EXECUTION] [STASIS] BTC/USDT - Confidence too low (0.30). Holding.
[2026-06-25T10:54:20.448Z] [INFO] [SWARM] [ETH/USDT] $1637.29 | RSI: 33.3 | CONF: 0.00
[2026-06-25T10:54:20.448Z] [INFO] [EXECUTION] [STASIS] ETH/USDT - Confidence too low (0.00). Holding.
[2026-06-25T10:54:30.832Z] [INFO] [SYSTEM] --- INITIATING SOVEREIGN NODE SCAN ---
[2026-06-25T10:54:33.155Z] [INFO] [SWARM] [BTC/USDT] $61357.7 | RSI: 26.0 | CONF: 0.30
[2026-06-25T10:54:33.155Z] [INFO] [EXECUTION] [STASIS] BTC/USDT - Confidence too low (0.30). Holding.
[2026-06-25T10:54:35.586Z] [INFO] [SWARM] [ETH/USDT] $1637.29 | RSI: 33.3 | CONF: 0.00
[2026-06-25T10:54:35.587Z] [INFO] [EXECUTION] [STASIS] ETH/USDT - Confidence too low (0.00). Holding.
[2026-06-25T10:54:45.832Z] [INFO] [SYSTEM] --- INITIATING SOVEREIGN NODE SCAN ---
[2026-06-25T10:54:48.171Z] [INFO] [SWARM] [BTC/USDT] $61339 | RSI: 22.0 | CONF: 0.30
[2026-06-25T10:54:48.171Z] [INFO] [EXECUTION] [STASIS] BTC/USDT - Confidence too low (0.30). Holding.
[2026-06-25T10:54:50.513Z] [INFO] [SWARM] [ETH/USDT] $1637.29 | RSI: 33.3 | CONF: 0.00
[2026-06-25T10:54:50.513Z] [INFO] [EXECUTION] [STASIS] ETH/USDT - Confidence too low (0.00). Holding.
[2026-06-25T10:55:00.832Z] [INFO] [SYSTEM] --- INITIATING SOVEREIGN NODE SCAN ---
[2026-06-25T10:55:03.173Z] [INFO] [SWARM] [BTC/USDT] $61339 | RSI: 24.2 | CONF: 0.30
[2026-06-25T10:55:03.173Z] [INFO] [EXECUTION] [STASIS] BTC/USDT - Confidence too low (0.30). Holding.
[2026-06-25T10:55:05.510Z] [INFO] [SWARM] [ETH/USDT] $1637.29 | RSI: 33.3 | CONF: 0.00
[2026-06-25T10:55:05.510Z] [INFO] [EXECUTION] [STASIS] ETH/USDT - Confidence too low (0.00). Holding.
[2026-06-25T10:55:15.833Z] [INFO] [SYSTEM] --- INITIATING SOVEREIGN NODE SCAN ---
[2026-06-25T10:55:18.112Z] [INFO] [SWARM] [BTC/USDT] $61326.9 | RSI: 23.3 | CONF: 0.30
[2026-06-25T10:55:18.113Z] [INFO] [EXECUTION] [STASIS] BTC/USDT - Confidence too low (0.30). Holding.
[2026-06-25T10:55:20.454Z] [INFO] [SWARM] [ETH/USDT] $1637.29 | RSI: 33.3 | CONF: 0.00
[2026-06-25T10:55:20.455Z] [INFO] [EXECUTION] [STASIS] ETH/USDT - Confidence too low (0.00). Holding.
[2026-06-25T10:55:30.834Z] [INFO] [SYSTEM] --- INITIATING SOVEREIGN NODE SCAN ---
[2026-06-25T10:55:33.263Z] [INFO] [SWARM] [BTC/USDT] $61326.9 | RSI: 23.3 | CONF: 0.30
[2026-06-25T10:55:33.263Z] [INFO] [EXECUTION] [STASIS] BTC/USDT - Confidence too low (0.30). Holding.
[2026-06-25T10:55:35.601Z] [INFO] [SWARM] [ETH/USDT] $1637.29 | RSI: 33.3 | CONF: 0.00
[2026-06-25T10:55:35.601Z] [INFO] [EXECUTION] [STASIS] ETH/USDT - Confidence too low (0.00). Holding.
[2026-06-25T10:55:45.835Z] [INFO] [SYSTEM] --- INITIATING SOVEREIGN NODE SCAN ---
[2026-06-25T10:55:48.095Z] [INFO] [SWARM] [BTC/USDT] $61313.3 | RSI: 22.3 | CONF: 0.30
[2026-06-25T10:55:48.095Z] [INFO] [EXECUTION] [STASIS] BTC/USDT - Confidence too low (0.30). Holding.
[2026-06-25T10:55:50.438Z] [INFO] [SWARM] [ETH/USDT] $1637.29 | RSI: 33.3 | CONF: 0.00
[2026-06-25T10:55:50.438Z] [INFO] [EXECUTION] [STASIS] ETH/USDT - Confidence too low (0.00). Holding.
[2026-06-25T10:56:00.836Z] [INFO] [SYSTEM] --- INITIATING SOVEREIGN NODE SCAN ---
[2026-06-25T10:56:03.187Z] [INFO] [SWARM] [BTC/USDT] $61313.3 | RSI: 25.0 | CONF: 0.30
[2026-06-25T10:56:03.187Z] [INFO] [EXECUTION] [STASIS] BTC/USDT - Confidence too low (0.30). Holding.
[2026-06-25T10:56:05.607Z] [INFO] [SWARM] [ETH/USDT] $1637.13 | RSI: 34.4 | CONF: 0.00
[2026-06-25T10:56:05.607Z] [INFO] [EXECUTION] [STASIS] ETH/USDT - Confidence too low (0.00). Holding.
[2026-06-25T10:56:15.837Z] [INFO] [SYSTEM] --- INITIATING SOVEREIGN NODE SCAN ---
[2026-06-25T10:56:18.178Z] [INFO] [SWARM] [BTC/USDT] $61319.9 | RSI: 25.6 | CONF: 0.30
[2026-06-25T10:56:18.179Z] [INFO] [EXECUTION] [STASIS] BTC/USDT - Confidence too low (0.30). Holding.
[2026-06-25T10:56:20.527Z] [INFO] [SWARM] [ETH/USDT] $1637.13 | RSI: 34.4 | CONF: 0.00
[2026-06-25T10:56:20.527Z] [INFO] [EXECUTION] [STASIS] ETH/USDT - Confidence too low (0.00). Holding.
[2026-06-25T10:56:30.837Z] [INFO] [SYSTEM] --- INITIATING SOVEREIGN NODE SCAN ---
[2026-06-25T10:56:33.174Z] [INFO] [SWARM] [BTC/USDT] $61325.1 | RSI: 26.8 | CONF: 0.30
[2026-06-25T10:56:33.174Z] [INFO] [EXECUTION] [STASIS] BTC/USDT - Confidence too low (0.30). Holding.
[2026-06-25T10:56:35.515Z] [INFO] [SWARM] [ETH/USDT] $1637.13 | RSI: 34.4 | CONF: 0.00
[2026-06-25T10:56:35.515Z] [INFO] [EXECUTION] [STASIS] ETH/USDT - Confidence too low (0.00). Holding.
[2026-06-25T10:56:45.839Z] [INFO] [SYSTEM] --- INITIATING SOVEREIGN NODE SCAN ---
[2026-06-25T10:56:48.181Z] [INFO] [SWARM] [BTC/USDT] $61345.4 | RSI: 31.3 | CONF: 0.00
[2026-06-25T10:56:48.181Z] [INFO] [EXECUTION] [STASIS] BTC/USDT - Confidence too low (0.00). Holding.
[2026-06-25T10:56:50.610Z] [INFO] [SWARM] [ETH/USDT] $1637.13 | RSI: 34.4 | CONF: 0.00
[2026-06-25T10:56:50.611Z] [INFO] [EXECUTION] [STASIS] ETH/USDT - Confidence too low (0.00). Holding.
[2026-06-25T10:57:00.839Z] [INFO] [SYSTEM] --- INITIATING SOVEREIGN NODE SCAN ---
[2026-06-25T10:57:03.103Z] [INFO] [SWARM] [BTC/USDT] $61320.7 | RSI: 29.1 | CONF: 0.30
[2026-06-25T10:57:03.103Z] [INFO] [EXECUTION] [STASIS] BTC/USDT - Confidence too low (0.30). Holding.
[2026-06-25T10:57:05.448Z] [INFO] [SWARM] [ETH/USDT] $1637.13 | RSI: 37.8 | CONF: 0.00
[2026-06-25T10:57:05.449Z] [INFO] [EXECUTION] [STASIS] ETH/USDT - Confidence too low (0.00). Holding.
[2026-06-25T10:57:15.841Z] [INFO] [SYSTEM] --- INITIATING SOVEREIGN NODE SCAN ---
[2026-06-25T10:57:18.189Z] [INFO] [SWARM] [BTC/USDT] $61320.7 | RSI: 29.1 | CONF: 0.30
[2026-06-25T10:57:18.189Z] [INFO] [EXECUTION] [STASIS] BTC/USDT - Confidence too low (0.30). Holding.
[2026-06-25T10:57:20.528Z] [INFO] [SWARM] [ETH/USDT] $1637.46 | RSI: 40.1 | CONF: 0.00
[2026-06-25T10:57:20.528Z] [INFO] [EXECUTION] [STASIS] ETH/USDT - Confidence too low (0.00). Holding.
[2026-06-25T10:57:30.841Z] [INFO] [SYSTEM] --- INITIATING SOVEREIGN NODE SCAN ---
[2026-06-25T10:57:33.274Z] [INFO] [SWARM] [BTC/USDT] $61328.4 | RSI: 29.8 | CONF: 0.30
[2026-06-25T10:57:33.274Z] [INFO] [EXECUTION] [STASIS] BTC/USDT - Confidence too low (0.30). Holding.
[2026-06-25T10:57:35.698Z] [INFO] [SWARM] [ETH/USDT] $1637.46 | RSI: 40.1 | CONF: 0.00
[2026-06-25T10:57:35.698Z] [INFO] [EXECUTION] [STASIS] ETH/USDT - Confidence too low (0.00). Holding.
[2026-06-25T10:57:45.842Z] [INFO] [SYSTEM] --- INITIATING SOVEREIGN NODE SCAN ---
[2026-06-25T10:57:48.195Z] [INFO] [SWARM] [BTC/USDT] $61333.4 | RSI: 30.2 | CONF: 0.00
[2026-06-25T10:57:48.195Z] [INFO] [EXECUTION] [STASIS] BTC/USDT - Confidence too low (0.00). Holding.
[2026-06-25T10:57:50.540Z] [INFO] [SWARM] [ETH/USDT] $1637.46 | RSI: 40.1 | CONF: 0.00
[2026-06-25T10:57:50.540Z] [INFO] [EXECUTION] [STASIS] ETH/USDT - Confidence too low (0.00). Holding.
[2026-06-25T10:58:00.843Z] [INFO] [SYSTEM] --- INITIATING SOVEREIGN NODE SCAN ---
[2026-06-25T10:58:03.194Z] [INFO] [SWARM] [BTC/USDT] $61333.4 | RSI: 36.3 | CONF: 0.00
[2026-06-25T10:58:03.195Z] [INFO] [EXECUTION] [STASIS] BTC/USDT - Confidence too low (0.00). Holding.
[2026-06-25T10:58:05.537Z] [INFO] [SWARM] [ETH/USDT] $1637.46 | RSI: 49.2 | CONF: 0.00
[2026-06-25T10:58:05.537Z] [INFO] [EXECUTION] [STASIS] ETH/USDT - Confidence too low (0.00). Holding.
[2026-06-25T10:58:15.844Z] [INFO] [SYSTEM] --- INITIATING SOVEREIGN NODE SCAN ---
[2026-06-25T10:58:18.268Z] [INFO] [SWARM] [BTC/USDT] $61304.8 | RSI: 33.0 | CONF: 0.00
[2026-06-25T10:58:18.268Z] [INFO] [EXECUTION] [STASIS] BTC/USDT - Confidence too low (0.00). Holding.
[2026-06-25T10:58:20.684Z] [INFO] [SWARM] [ETH/USDT] $1637.27 | RSI: 48.0 | CONF: 0.00
[2026-06-25T10:58:20.684Z] [INFO] [EXECUTION] [STASIS] ETH/USDT - Confidence too low (0.00). Holding.
[2026-06-25T10:58:30.844Z] [INFO] [SYSTEM] --- INITIATING SOVEREIGN NODE SCAN ---
[2026-06-25T10:58:33.188Z] [INFO] [SWARM] [BTC/USDT] $61316.5 | RSI: 34.3 | CONF: 0.00
[2026-06-25T10:58:33.188Z] [INFO] [EXECUTION] [STASIS] BTC/USDT - Confidence too low (0.00). Holding.
[2026-06-25T10:58:35.542Z] [INFO] [SWARM] [ETH/USDT] $1637.27 | RSI: 48.0 | CONF: 0.00
[2026-06-25T10:58:35.543Z] [INFO] [EXECUTION] [STASIS] ETH/USDT - Confidence too low (0.00). Holding.
[2026-06-25T10:58:45.845Z] [INFO] [SYSTEM] --- INITIATING SOVEREIGN NODE SCAN ---
[2026-06-25T10:58:48.182Z] [INFO] [SWARM] [BTC/USDT] $61297.9 | RSI: 32.3 | CONF: 0.00
[2026-06-25T10:58:48.182Z] [INFO] [EXECUTION] [STASIS] BTC/USDT - Confidence too low (0.00). Holding.
[2026-06-25T10:58:50.526Z] [INFO] [SWARM] [ETH/USDT] $1637.27 | RSI: 48.0 | CONF: 0.00
[2026-06-25T10:58:50.527Z] [INFO] [EXECUTION] [STASIS] ETH/USDT - Confidence too low (0.00). Holding.
[2026-06-25T10:59:00.846Z] [INFO] [SYSTEM] --- INITIATING SOVEREIGN NODE SCAN ---
[2026-06-25T10:59:03.190Z] [INFO] [SWARM] [BTC/USDT] $61300.5 | RSI: 38.7 | CONF: 0.00
[2026-06-25T10:59:03.190Z] [INFO] [EXECUTION] [STASIS] BTC/USDT - Confidence too low (0.00). Holding.
[2026-06-25T10:59:05.457Z] [INFO] [SWARM] [ETH/USDT] $1637.14 | RSI: 70.7 | CONF: 0.00
[2026-06-25T10:59:05.458Z] [INFO] [EXECUTION] [STASIS] ETH/USDT - Confidence too low (0.00). Holding.
[2026-06-25T10:59:15.847Z] [INFO] [SYSTEM] --- INITIATING SOVEREIGN NODE SCAN ---
[2026-06-25T10:59:18.193Z] [INFO] [SWARM] [BTC/USDT] $61300.5 | RSI: 38.7 | CONF: 0.00
[2026-06-25T10:59:18.193Z] [INFO] [EXECUTION] [STASIS] BTC/USDT - Confidence too low (0.00). Holding.
[2026-06-25T10:59:20.536Z] [INFO] [SWARM] [ETH/USDT] $1636.93 | RSI: 68.0 | CONF: 0.00
[2026-06-25T10:59:20.536Z] [INFO] [EXECUTION] [STASIS] ETH/USDT - Confidence too low (0.00). Holding.
[2026-06-25T10:59:30.849Z] [INFO] [SYSTEM] --- INITIATING SOVEREIGN NODE SCAN ---
[2026-06-25T10:59:33.112Z] [INFO] [SWARM] [BTC/USDT] $61300.5 | RSI: 38.7 | CONF: 0.00
[2026-06-25T10:59:33.113Z] [INFO] [EXECUTION] [STASIS] BTC/USDT - Confidence too low (0.00). Holding.
[2026-06-25T10:59:35.454Z] [INFO] [SWARM] [ETH/USDT] $1636.93 | RSI: 68.0 | CONF: 0.00
[2026-06-25T10:59:35.455Z] [INFO] [EXECUTION] [STASIS] ETH/USDT - Confidence too low (0.00). Holding.
[2026-06-25T10:59:45.849Z] [INFO] [SYSTEM] --- INITIATING SOVEREIGN NODE SCAN ---
[2026-06-25T10:59:48.196Z] [INFO] [SWARM] [BTC/USDT] $61258.4 | RSI: 33.5 | CONF: 0.00
[2026-06-25T10:59:48.197Z] [INFO] [EXECUTION] [STASIS] BTC/USDT - Confidence too low (0.00). Holding.
[2026-06-25T10:59:50.633Z] [INFO] [SWARM] [ETH/USDT] $1636.93 | RSI: 68.0 | CONF: 0.00
[2026-06-25T10:59:50.633Z] [INFO] [EXECUTION] [STASIS] ETH/USDT - Confidence too low (0.00). Holding.
[2026-06-25T11:00:00.851Z] [INFO] [SYSTEM] --- INITIATING SOVEREIGN NODE SCAN ---
[2026-06-25T11:00:03.196Z] [INFO] [SWARM] [BTC/USDT] $61278.3 | RSI: 39.3 | CONF: 0.00
[2026-06-25T11:00:03.196Z] [INFO] [EXECUTION] [STASIS] BTC/USDT - Confidence too low (0.00). Holding.
[2026-06-25T11:00:05.551Z] [INFO] [SWARM] [ETH/USDT] $1636.92 | RSI: 67.8 | CONF: 0.00
[2026-06-25T11:00:05.551Z] [INFO] [EXECUTION] [STASIS] ETH/USDT - Confidence too low (0.00). Holding.
[2026-06-25T11:00:15.851Z] [INFO] [SYSTEM] --- INITIATING SOVEREIGN NODE SCAN ---
[2026-06-25T11:00:18.117Z] [INFO] [SWARM] [BTC/USDT] $61285 | RSI: 40.8 | CONF: 0.00
[2026-06-25T11:00:18.117Z] [INFO] [EXECUTION] [STASIS] BTC/USDT - Confidence too low (0.00). Holding.
[2026-06-25T11:00:20.542Z] [INFO] [SWARM] [ETH/USDT] $1636.92 | RSI: 67.8 | CONF: 0.00
[2026-06-25T11:00:20.542Z] [INFO] [EXECUTION] [STASIS] ETH/USDT - Confidence too low (0.00). Holding.
[2026-06-25T11:00:30.851Z] [INFO] [SYSTEM] --- INITIATING SOVEREIGN NODE SCAN ---
[2026-06-25T11:00:33.124Z] [INFO] [SWARM] [BTC/USDT] $61307.6 | RSI: 45.3 | CONF: 0.00
[2026-06-25T11:00:33.124Z] [INFO] [EXECUTION] [STASIS] BTC/USDT - Confidence too low (0.00). Holding.
[2026-06-25T11:00:35.464Z] [INFO] [SWARM] [ETH/USDT] $1636.92 | RSI: 67.8 | CONF: 0.00
[2026-06-25T11:00:35.464Z] [INFO] [EXECUTION] [STASIS] ETH/USDT - Confidence too low (0.00). Holding.
[2026-06-25T11:00:45.851Z] [INFO] [SYSTEM] --- INITIATING SOVEREIGN NODE SCAN ---
[2026-06-25T11:00:48.124Z] [INFO] [SWARM] [BTC/USDT] $61307.6 | RSI: 45.3 | CONF: 0.00
[2026-06-25T11:00:48.124Z] [INFO] [EXECUTION] [STASIS] BTC/USDT - Confidence too low (0.00). Holding.
[2026-06-25T11:00:50.473Z] [INFO] [SWARM] [ETH/USDT] $1636.92 | RSI: 67.8 | CONF: 0.00
[2026-06-25T11:00:50.473Z] [INFO] [EXECUTION] [STASIS] ETH/USDT - Confidence too low (0.00). Holding.
[2026-06-25T11:01:00.853Z] [INFO] [SYSTEM] --- INITIATING SOVEREIGN NODE SCAN ---
[2026-06-25T11:01:03.197Z] [INFO] [SWARM] [BTC/USDT] $61306.1 | RSI: 46.2 | CONF: 0.00
[2026-06-25T11:01:03.197Z] [INFO] [EXECUTION] [STASIS] BTC/USDT - Confidence too low (0.00). Holding.
[2026-06-25T11:01:05.460Z] [INFO] [SWARM] [ETH/USDT] $1636.79 | RSI: 69.7 | CONF: 0.00
[2026-06-25T11:01:05.460Z] [INFO] [EXECUTION] [STASIS] ETH/USDT - Confidence too low (0.00). Holding.
[2026-06-25T11:01:15.853Z] [INFO] [SYSTEM] --- INITIATING SOVEREIGN NODE SCAN ---
[2026-06-25T11:01:18.215Z] [INFO] [SWARM] [BTC/USDT] $61314.3 | RSI: 47.7 | CONF: 0.00
[2026-06-25T11:01:18.215Z] [INFO] [EXECUTION] [STASIS] BTC/USDT - Confidence too low (0.00). Holding.
[2026-06-25T11:01:20.636Z] [INFO] [SWARM] [ETH/USDT] $1636.79 | RSI: 69.7 | CONF: 0.00
[2026-06-25T11:01:20.636Z] [INFO] [EXECUTION] [STASIS] ETH/USDT - Confidence too low (0.00). Holding.
[2026-06-25T11:01:30.855Z] [INFO] [SYSTEM] --- INITIATING SOVEREIGN NODE SCAN ---
[2026-06-25T11:01:33.199Z] [INFO] [SWARM] [BTC/USDT] $61314.3 | RSI: 47.7 | CONF: 0.00
[2026-06-25T11:01:33.200Z] [INFO] [EXECUTION] [STASIS] BTC/USDT - Confidence too low (0.00). Holding.
[2026-06-25T11:01:35.542Z] [INFO] [SWARM] [ETH/USDT] $1636.79 | RSI: 69.7 | CONF: 0.00
[2026-06-25T11:01:35.542Z] [INFO] [EXECUTION] [STASIS] ETH/USDT - Confidence too low (0.00). Holding.
[2026-06-25T11:01:45.855Z] [INFO] [SYSTEM] --- INITIATING SOVEREIGN NODE SCAN ---
[2026-06-25T11:01:48.296Z] [INFO] [SWARM] [BTC/USDT] $61314.3 | RSI: 47.7 | CONF: 0.00
[2026-06-25T11:01:48.297Z] [INFO] [EXECUTION] [STASIS] BTC/USDT - Confidence too low (0.00). Holding.
[2026-06-25T11:01:50.641Z] [INFO] [SWARM] [ETH/USDT] $1636.79 | RSI: 69.7 | CONF: 0.00
[2026-06-25T11:01:50.641Z] [INFO] [EXECUTION] [STASIS] ETH/USDT - Confidence too low (0.00). Holding.
[2026-06-25T11:02:00.856Z] [INFO] [SYSTEM] --- INITIATING SOVEREIGN NODE SCAN ---
[2026-06-25T11:02:03.202Z] [INFO] [SWARM] [BTC/USDT] $61337.5 | RSI: 43.4 | CONF: 0.00
[2026-06-25T11:02:03.202Z] [INFO] [EXECUTION] [STASIS] BTC/USDT - Confidence too low (0.00). Holding.
[2026-06-25T11:02:05.549Z] [INFO] [SWARM] [ETH/USDT] $1636.79 | RSI: 55.1 | CONF: 0.00
[2026-06-25T11:02:05.549Z] [INFO] [EXECUTION] [STASIS] ETH/USDT - Confidence too low (0.00). Holding.
[2026-06-25T11:02:15.856Z] [INFO] [SYSTEM] --- INITIATING SOVEREIGN NODE SCAN ---
[2026-06-25T11:02:18.200Z] [INFO] [SWARM] [BTC/USDT] $61330.5 | RSI: 42.3 | CONF: 0.00
[2026-06-25T11:02:18.200Z] [INFO] [EXECUTION] [STASIS] BTC/USDT - Confidence too low (0.00). Holding.
[2026-06-25T11:02:20.537Z] [INFO] [SWARM] [ETH/USDT] $1636.79 | RSI: 55.1 | CONF: 0.00
[2026-06-25T11:02:20.538Z] [INFO] [EXECUTION] [STASIS] ETH/USDT - Confidence too low (0.00). Holding.
[2026-06-25T11:02:30.858Z] [INFO] [SYSTEM] --- INITIATING SOVEREIGN NODE SCAN ---
[2026-06-25T11:02:33.281Z] [INFO] [SWARM] [BTC/USDT] $61295.7 | RSI: 37.6 | CONF: 0.00
[2026-06-25T11:02:33.283Z] [INFO] [EXECUTION] [STASIS] BTC/USDT - Confidence too low (0.00). Holding.
[2026-06-25T11:02:35.666Z] [INFO] [SWARM] [ETH/USDT] $1636.79 | RSI: 55.1 | CONF: 0.00
[2026-06-25T11:02:35.666Z] [INFO] [EXECUTION] [STASIS] ETH/USDT - Confidence too low (0.00). Holding.
[2026-06-25T11:02:45.858Z] [INFO] [SYSTEM] --- INITIATING SOVEREIGN NODE SCAN ---
[2026-06-25T11:02:48.210Z] [INFO] [SWARM] [BTC/USDT] $61265.8 | RSI: 34.3 | CONF: 0.00
[2026-06-25T11:02:48.210Z] [INFO] [EXECUTION] [STASIS] BTC/USDT - Confidence too low (0.00). Holding.
[2026-06-25T11:02:50.559Z] [INFO] [SWARM] [ETH/USDT] $1636.59 | RSI: 52.1 | CONF: 0.00
[2026-06-25T11:02:50.559Z] [INFO] [EXECUTION] [STASIS] ETH/USDT - Confidence too low (0.00). Holding.
[2026-06-25T11:03:00.859Z] [INFO] [SYSTEM] --- INITIATING SOVEREIGN NODE SCAN ---
[2026-06-25T11:03:03.206Z] [INFO] [SWARM] [BTC/USDT] $61241.8 | RSI: 34.9 | CONF: 0.00
[2026-06-25T11:03:03.206Z] [INFO] [EXECUTION] [STASIS] BTC/USDT - Confidence too low (0.00). Holding.
[2026-06-25T11:03:05.548Z] [INFO] [SWARM] [ETH/USDT] $1636.42 | RSI: 49.9 | CONF: 0.00
[2026-06-25T11:03:05.548Z] [INFO] [EXECUTION] [STASIS] ETH/USDT - Confidence too low (0.00). Holding.
[2026-06-25T11:03:15.860Z] [INFO] [SYSTEM] --- INITIATING SOVEREIGN NODE SCAN ---
[2026-06-25T11:03:18.126Z] [INFO] [SWARM] [BTC/USDT] $61242.5 | RSI: 35.0 | CONF: 0.00
[2026-06-25T11:03:18.126Z] [INFO] [EXECUTION] [STASIS] BTC/USDT - Confidence too low (0.00). Holding.
[2026-06-25T11:03:20.547Z] [INFO] [SWARM] [ETH/USDT] $1636.19 | RSI: 47.1 | CONF: 0.00
[2026-06-25T11:03:20.547Z] [INFO] [EXECUTION] [STASIS] ETH/USDT - Confidence too low (0.00). Holding.
[2026-06-25T11:03:30.861Z] [INFO] [SYSTEM] --- INITIATING SOVEREIGN NODE SCAN ---
[2026-06-25T11:03:33.206Z] [INFO] [SWARM] [BTC/USDT] $61252.2 | RSI: 36.9 | CONF: 0.00
[2026-06-25T11:03:33.207Z] [INFO] [EXECUTION] [STASIS] BTC/USDT - Confidence too low (0.00). Holding.
[2026-06-25T11:03:35.556Z] [INFO] [SWARM] [ETH/USDT] $1635.71 | RSI: 42.2 | CONF: 0.00
[2026-06-25T11:03:35.557Z] [INFO] [EXECUTION] [STASIS] ETH/USDT - Confidence too low (0.00). Holding.
[2026-06-25T11:03:45.862Z] [INFO] [SYSTEM] --- INITIATING SOVEREIGN NODE SCAN ---
[2026-06-25T11:03:48.214Z] [INFO] [SWARM] [BTC/USDT] $61205.6 | RSI: 30.7 | CONF: 0.00
[2026-06-25T11:03:48.214Z] [INFO] [EXECUTION] [STASIS] BTC/USDT - Confidence too low (0.00). Holding.
[2026-06-25T11:03:50.570Z] [INFO] [SWARM] [ETH/USDT] $1635.08 | RSI: 37.1 | CONF: 0.00
[2026-06-25T11:03:50.571Z] [INFO] [EXECUTION] [STASIS] ETH/USDT - Confidence too low (0.00). Holding.
[2026-06-25T11:04:00.862Z] [INFO] [SYSTEM] --- INITIATING SOVEREIGN NODE SCAN ---
[2026-06-25T11:04:03.233Z] [INFO] [SWARM] [BTC/USDT] $61191.8 | RSI: 27.2 | CONF: 0.30
[2026-06-25T11:04:03.233Z] [INFO] [EXECUTION] [STASIS] BTC/USDT - Confidence too low (0.30). Holding.
[2026-06-25T11:04:05.665Z] [INFO] [SWARM] [ETH/USDT] $1634.54 | RSI: 33.7 | CONF: 0.00
[2026-06-25T11:04:05.665Z] [INFO] [EXECUTION] [STASIS] ETH/USDT - Confidence too low (0.00). Holding.
[2026-06-25T11:04:15.864Z] [INFO] [SYSTEM] --- INITIATING SOVEREIGN NODE SCAN ---
[2026-06-25T11:04:18.140Z] [INFO] [SWARM] [BTC/USDT] $61185 | RSI: 26.7 | CONF: 0.30
[2026-06-25T11:04:18.140Z] [INFO] [EXECUTION] [STASIS] BTC/USDT - Confidence too low (0.30). Holding.
[2026-06-25T11:04:20.481Z] [INFO] [SWARM] [ETH/USDT] $1634.54 | RSI: 33.7 | CONF: 0.00
[2026-06-25T11:04:20.482Z] [INFO] [EXECUTION] [STASIS] ETH/USDT - Confidence too low (0.00). Holding.
[2026-06-25T11:04:30.864Z] [INFO] [SYSTEM] --- INITIATING SOVEREIGN NODE SCAN ---
[2026-06-25T11:04:33.305Z] [INFO] [SWARM] [BTC/USDT] $61185 | RSI: 26.7 | CONF: 0.30
[2026-06-25T11:04:33.306Z] [INFO] [EXECUTION] [STASIS] BTC/USDT - Confidence too low (0.30). Holding.
[2026-06-25T11:04:35.650Z] [INFO] [SWARM] [ETH/USDT] $1634.54 | RSI: 33.7 | CONF: 0.00
[2026-06-25T11:04:35.650Z] [INFO] [EXECUTION] [STASIS] ETH/USDT - Confidence too low (0.00). Holding.
[2026-06-25T11:04:45.865Z] [INFO] [SYSTEM] --- INITIATING SOVEREIGN NODE SCAN ---
[2026-06-25T11:04:48.215Z] [INFO] [SWARM] [BTC/USDT] $61185 | RSI: 26.7 | CONF: 0.30
[2026-06-25T11:04:48.215Z] [INFO] [EXECUTION] [STASIS] BTC/USDT - Confidence too low (0.30). Holding.
[2026-06-25T11:04:50.636Z] [INFO] [SWARM] [ETH/USDT] $1634.54 | RSI: 33.7 | CONF: 0.00
[2026-06-25T11:04:50.637Z] [INFO] [EXECUTION] [STASIS] ETH/USDT - Confidence too low (0.00). Holding.
[2026-06-25T11:05:00.873Z] [INFO] [SYSTEM] --- INITIATING SOVEREIGN NODE SCAN ---
[2026-06-25T11:05:03.217Z] [INFO] [SWARM] [BTC/USDT] $61185 | RSI: 24.8 | CONF: 0.30
[2026-06-25T11:05:03.218Z] [INFO] [EXECUTION] [STASIS] BTC/USDT - Confidence too low (0.30). Holding.
[2026-06-25T11:05:05.568Z] [INFO] [SWARM] [ETH/USDT] $1634.54 | RSI: 7.9 | CONF: 0.30
[2026-06-25T11:05:05.568Z] [INFO] [EXECUTION] [STASIS] ETH/USDT - Confidence too low (0.30). Holding.
[2026-06-25T11:05:15.873Z] [INFO] [SYSTEM] --- INITIATING SOVEREIGN NODE SCAN ---
[2026-06-25T11:05:18.219Z] [INFO] [SWARM] [BTC/USDT] $61209.8 | RSI: 29.5 | CONF: 0.30
[2026-06-25T11:05:18.219Z] [INFO] [EXECUTION] [STASIS] BTC/USDT - Confidence too low (0.30). Holding.
[2026-06-25T11:05:20.563Z] [INFO] [SWARM] [ETH/USDT] $1634.54 | RSI: 7.9 | CONF: 0.30
[2026-06-25T11:05:20.564Z] [INFO] [EXECUTION] [STASIS] ETH/USDT - Confidence too low (0.30). Holding.
[2026-06-25T11:05:30.873Z] [INFO] [SYSTEM] --- INITIATING SOVEREIGN NODE SCAN ---
[2026-06-25T11:05:33.224Z] [INFO] [SWARM] [BTC/USDT] $61209.8 | RSI: 29.5 | CONF: 0.30
[2026-06-25T11:05:33.224Z] [INFO] [EXECUTION] [STASIS] BTC/USDT - Confidence too low (0.30). Holding.
[2026-06-25T11:05:35.647Z] [INFO] [SWARM] [ETH/USDT] $1634.54 | RSI: 7.9 | CONF: 0.30
[2026-06-25T11:05:35.647Z] [INFO] [EXECUTION] [STASIS] ETH/USDT - Confidence too low (0.30). Holding.
[2026-06-25T11:05:45.874Z] [INFO] [SYSTEM] --- INITIATING SOVEREIGN NODE SCAN ---
[2026-06-25T11:05:48.140Z] [INFO] [SWARM] [BTC/USDT] $61209.8 | RSI: 29.5 | CONF: 0.30
[2026-06-25T11:05:48.140Z] [INFO] [EXECUTION] [STASIS] BTC/USDT - Confidence too low (0.30). Holding.
[2026-06-25T11:05:50.488Z] [INFO] [SWARM] [ETH/USDT] $1634.54 | RSI: 7.9 | CONF: 0.30
[2026-06-25T11:05:50.489Z] [INFO] [EXECUTION] [STASIS] ETH/USDT - Confidence too low (0.30). Holding.
[2026-06-25T11:06:00.875Z] [INFO] [SYSTEM] --- INITIATING SOVEREIGN NODE SCAN ---
[2026-06-25T11:06:03.340Z] [INFO] [SWARM] [BTC/USDT] $61165.2 | RSI: 23.7 | CONF: 0.30
[2026-06-25T11:06:03.340Z] [INFO] [EXECUTION] [STASIS] BTC/USDT - Confidence too low (0.30). Holding.
[2026-06-25T11:06:05.770Z] [INFO] [SWARM] [ETH/USDT] $1634.54 | RSI: 7.9 | CONF: 0.30
[2026-06-25T11:06:05.771Z] [INFO] [EXECUTION] [STASIS] ETH/USDT - Confidence too low (0.30). Holding.
[2026-06-25T11:06:15.876Z] [INFO] [SYSTEM] --- INITIATING SOVEREIGN NODE SCAN ---
[2026-06-25T11:06:18.221Z] [INFO] [SWARM] [BTC/USDT] $61148.8 | RSI: 22.8 | CONF: 0.30
[2026-06-25T11:06:18.221Z] [INFO] [EXECUTION] [STASIS] BTC/USDT - Confidence too low (0.30). Holding.
[2026-06-25T11:06:20.644Z] [INFO] [SWARM] [ETH/USDT] $1633 | RSI: 5.8 | CONF: 0.30
[2026-06-25T11:06:20.644Z] [INFO] [EXECUTION] [STASIS] ETH/USDT - Confidence too low (0.30). Holding.
[2026-06-25T11:06:30.878Z] [INFO] [SYSTEM] --- INITIATING SOVEREIGN NODE SCAN ---
[2026-06-25T11:06:33.234Z] [INFO] [SWARM] [BTC/USDT] $61133.4 | RSI: 21.9 | CONF: 0.30
[2026-06-25T11:06:33.234Z] [INFO] [EXECUTION] [STASIS] BTC/USDT - Confidence too low (0.30). Holding.
[2026-06-25T11:06:35.582Z] [INFO] [SWARM] [ETH/USDT] $1633 | RSI: 5.8 | CONF: 0.30
[2026-06-25T11:06:35.582Z] [INFO] [EXECUTION] [STASIS] ETH/USDT - Confidence too low (0.30). Holding.
[2026-06-25T11:06:45.879Z] [INFO] [SYSTEM] --- INITIATING SOVEREIGN NODE SCAN ---
[2026-06-25T11:06:48.231Z] [INFO] [SWARM] [BTC/USDT] $61133.4 | RSI: 21.9 | CONF: 0.30
[2026-06-25T11:06:48.231Z] [INFO] [EXECUTION] [STASIS] BTC/USDT - Confidence too low (0.30). Holding.
[2026-06-25T11:06:50.661Z] [INFO] [SWARM] [ETH/USDT] $1630 | RSI: 3.8 | CONF: 0.30
[2026-06-25T11:06:50.661Z] [INFO] [EXECUTION] [STASIS] ETH/USDT - Confidence too low (0.30). Holding.
[2026-06-25T11:07:00.879Z] [INFO] [SYSTEM] --- INITIATING SOVEREIGN NODE SCAN ---
[2026-06-25T11:07:03.141Z] [INFO] [SWARM] [BTC/USDT] $61133.4 | RSI: 23.4 | CONF: 0.30
[2026-06-25T11:07:03.142Z] [INFO] [EXECUTION] [STASIS] BTC/USDT - Confidence too low (0.30). Holding.
[2026-06-25T11:07:05.575Z] [INFO] [SWARM] [ETH/USDT] $1630 | RSI: 3.7 | CONF: 0.30
[2026-06-25T11:07:05.575Z] [INFO] [EXECUTION] [STASIS] ETH/USDT - Confidence too low (0.30). Holding.
[2026-06-25T11:07:15.880Z] [INFO] [SYSTEM] --- INITIATING SOVEREIGN NODE SCAN ---
[2026-06-25T11:07:18.224Z] [INFO] [SWARM] [BTC/USDT] $61073.6 | RSI: 20.3 | CONF: 0.30
[2026-06-25T11:07:18.224Z] [INFO] [EXECUTION] [STASIS] BTC/USDT - Confidence too low (0.30). Holding.
[2026-06-25T11:07:20.572Z] [INFO] [SWARM] [ETH/USDT] $1628.44 | RSI: 3.5 | CONF: 0.30
[2026-06-25T11:07:20.573Z] [INFO] [EXECUTION] [STASIS] ETH/USDT - Confidence too low (0.30). Holding.
[2026-06-25T11:07:30.881Z] [INFO] [SYSTEM] --- INITIATING SOVEREIGN NODE SCAN ---
[2026-06-25T11:07:33.224Z] [INFO] [SWARM] [BTC/USDT] $61073.6 | RSI: 20.3 | CONF: 0.30
[2026-06-25T11:07:33.225Z] [INFO] [EXECUTION] [STASIS] BTC/USDT - Confidence too low (0.30). Holding.
[2026-06-25T11:07:35.565Z] [INFO] [SWARM] [ETH/USDT] $1628.44 | RSI: 3.5 | CONF: 0.30
[2026-06-25T11:07:35.565Z] [INFO] [EXECUTION] [STASIS] ETH/USDT - Confidence too low (0.30). Holding.
[2026-06-25T11:07:45.882Z] [INFO] [SYSTEM] --- INITIATING SOVEREIGN NODE SCAN ---
[2026-06-25T11:07:48.222Z] [INFO] [SWARM] [BTC/USDT] $61073.6 | RSI: 20.3 | CONF: 0.30
[2026-06-25T11:07:48.222Z] [INFO] [EXECUTION] [STASIS] BTC/USDT - Confidence too low (0.30). Holding.
[2026-06-25T11:07:50.655Z] [INFO] [SWARM] [ETH/USDT] $1630.6 | RSI: 10.9 | CONF: 0.30
[2026-06-25T11:07:50.655Z] [INFO] [EXECUTION] [STASIS] ETH/USDT - Confidence too low (0.30). Holding.
[2026-06-25T11:08:00.882Z] [INFO] [SYSTEM] --- INITIATING SOVEREIGN NODE SCAN ---
[2026-06-25T11:08:03.317Z] [INFO] [SWARM] [BTC/USDT] $61118.9 | RSI: 22.7 | CONF: 0.30
[2026-06-25T11:08:03.317Z] [INFO] [EXECUTION] [STASIS] BTC/USDT - Confidence too low (0.30). Holding.
[2026-06-25T11:08:05.666Z] [INFO] [SWARM] [ETH/USDT] $1630.6 | RSI: 10.9 | CONF: 0.30
[2026-06-25T11:08:05.667Z] [INFO] [EXECUTION] [STASIS] ETH/USDT - Confidence too low (0.30). Holding.
[2026-06-25T11:08:15.882Z] [INFO] [SYSTEM] --- INITIATING SOVEREIGN NODE SCAN ---
[2026-06-25T11:08:18.146Z] [INFO] [SWARM] [BTC/USDT] $61109.4 | RSI: 22.1 | CONF: 0.30
[2026-06-25T11:08:18.147Z] [INFO] [EXECUTION] [STASIS] BTC/USDT - Confidence too low (0.30). Holding.
[2026-06-25T11:08:20.545Z] [INFO] [SWARM] [ETH/USDT] $1630.6 | RSI: 10.9 | CONF: 0.30
[2026-06-25T11:08:20.545Z] [INFO] [EXECUTION] [STASIS] ETH/USDT - Confidence too low (0.30). Holding.
[2026-06-25T11:08:30.884Z] [INFO] [SYSTEM] --- INITIATING SOVEREIGN NODE SCAN ---
[2026-06-25T11:08:33.230Z] [INFO] [SWARM] [BTC/USDT] $61109.4 | RSI: 22.1 | CONF: 0.30
[2026-06-25T11:08:33.230Z] [INFO] [EXECUTION] [STASIS] BTC/USDT - Confidence too low (0.30). Holding.
[2026-06-25T11:08:35.576Z] [INFO] [SWARM] [ETH/USDT] $1630.6 | RSI: 10.9 | CONF: 0.30
[2026-06-25T11:08:35.577Z] [INFO] [EXECUTION] [STASIS] ETH/USDT - Confidence too low (0.30). Holding.
[2026-06-25T11:08:45.884Z] [INFO] [SYSTEM] --- INITIATING SOVEREIGN NODE SCAN ---
[2026-06-25T11:08:48.234Z] [INFO] [SWARM] [BTC/USDT] $61109.4 | RSI: 22.1 | CONF: 0.30
[2026-06-25T11:08:48.234Z] [INFO] [EXECUTION] [STASIS] BTC/USDT - Confidence too low (0.30). Holding.
[2026-06-25T11:08:50.630Z] [INFO] [SWARM] [ETH/USDT] $1630.03 | RSI: 10.2 | CONF: 0.30
[2026-06-25T11:08:50.630Z] [INFO] [EXECUTION] [STASIS] ETH/USDT - Confidence too low (0.30). Holding.
[2026-06-25T11:09:00.886Z] [INFO] [SYSTEM] --- INITIATING SOVEREIGN NODE SCAN ---
[2026-06-25T11:09:03.229Z] [INFO] [SWARM] [BTC/USDT] $61109.4 | RSI: 23.6 | CONF: 0.30
[2026-06-25T11:09:03.229Z] [INFO] [EXECUTION] [STASIS] BTC/USDT - Confidence too low (0.30). Holding.
[2026-06-25T11:09:05.576Z] [INFO] [SWARM] [ETH/USDT] $1630.03 | RSI: 10.4 | CONF: 0.30
[2026-06-25T11:09:05.576Z] [INFO] [EXECUTION] [STASIS] ETH/USDT - Confidence too low (0.30). Holding.
[2026-06-25T11:09:15.887Z] [INFO] [SYSTEM] --- INITIATING SOVEREIGN NODE SCAN ---
[2026-06-25T11:09:18.155Z] [INFO] [SWARM] [BTC/USDT] $61107.1 | RSI: 23.5 | CONF: 0.30
[2026-06-25T11:09:18.155Z] [INFO] [EXECUTION] [STASIS] BTC/USDT - Confidence too low (0.30). Holding.
[2026-06-25T11:09:20.491Z] [INFO] [SWARM] [ETH/USDT] $1630.03 | RSI: 10.4 | CONF: 0.30
[2026-06-25T11:09:20.491Z] [INFO] [EXECUTION] [STASIS] ETH/USDT - Confidence too low (0.30). Holding.
[2026-06-25T11:09:30.888Z] [INFO] [SYSTEM] --- INITIATING SOVEREIGN NODE SCAN ---
[2026-06-25T11:09:33.232Z] [INFO] [SWARM] [BTC/USDT] $61107.1 | RSI: 23.5 | CONF: 0.30
[2026-06-25T11:09:33.232Z] [INFO] [EXECUTION] [STASIS] BTC/USDT - Confidence too low (0.30). Holding.
[2026-06-25T11:09:35.578Z] [INFO] [SWARM] [ETH/USDT] $1630.03 | RSI: 10.4 | CONF: 0.30
[2026-06-25T11:09:35.578Z] [INFO] [EXECUTION] [STASIS] ETH/USDT - Confidence too low (0.30). Holding.
[2026-06-25T11:09:45.889Z] [INFO] [SYSTEM] --- INITIATING SOVEREIGN NODE SCAN ---
[2026-06-25T11:09:48.238Z] [INFO] [SWARM] [BTC/USDT] $61107.1 | RSI: 23.5 | CONF: 0.30
[2026-06-25T11:09:48.239Z] [INFO] [EXECUTION] [STASIS] BTC/USDT - Confidence too low (0.30). Holding.
[2026-06-25T11:09:50.636Z] [INFO] [SWARM] [ETH/USDT] $1630.03 | RSI: 10.4 | CONF: 0.30
[2026-06-25T11:09:50.636Z] [INFO] [EXECUTION] [STASIS] ETH/USDT - Confidence too low (0.30). Holding.
[2026-06-25T11:10:00.891Z] [INFO] [SYSTEM] --- INITIATING SOVEREIGN NODE SCAN ---
[2026-06-25T11:10:03.239Z] [INFO] [SWARM] [BTC/USDT] $61071.8 | RSI: 15.1 | CONF: 0.30
[2026-06-25T11:10:03.239Z] [INFO] [EXECUTION] [STASIS] BTC/USDT - Confidence too low (0.30). Holding.
[2026-06-25T11:10:05.584Z] [INFO] [SWARM] [ETH/USDT] $1630.03 | RSI: 10.4 | CONF: 0.30
[2026-06-25T11:10:05.584Z] [INFO] [EXECUTION] [STASIS] ETH/USDT - Confidence too low (0.30). Holding.
[2026-06-25T11:10:15.891Z] [INFO] [SYSTEM] --- INITIATING SOVEREIGN NODE SCAN ---
[2026-06-25T11:10:18.155Z] [INFO] [SWARM] [BTC/USDT] $61091.4 | RSI: 19.1 | CONF: 0.30
[2026-06-25T11:10:18.155Z] [INFO] [EXECUTION] [STASIS] BTC/USDT - Confidence too low (0.30). Holding.
[2026-06-25T11:10:20.493Z] [INFO] [SWARM] [ETH/USDT] $1630.03 | RSI: 10.4 | CONF: 0.30
[2026-06-25T11:10:20.493Z] [INFO] [EXECUTION] [STASIS] ETH/USDT - Confidence too low (0.30). Holding.
[2026-06-25T11:10:30.891Z] [INFO] [SYSTEM] --- INITIATING SOVEREIGN NODE SCAN ---
[2026-06-25T11:10:33.240Z] [INFO] [SWARM] [BTC/USDT] $61087.8 | RSI: 18.4 | CONF: 0.30
[2026-06-25T11:10:33.240Z] [INFO] [EXECUTION] [STASIS] BTC/USDT - Confidence too low (0.30). Holding.
[2026-06-25T11:10:35.586Z] [INFO] [SWARM] [ETH/USDT] $1630.03 | RSI: 10.4 | CONF: 0.30
[2026-06-25T11:10:35.586Z] [INFO] [EXECUTION] [STASIS] ETH/USDT - Confidence too low (0.30). Holding.
[2026-06-25T11:10:45.892Z] [INFO] [SYSTEM] --- INITIATING SOVEREIGN NODE SCAN ---
[2026-06-25T11:10:48.238Z] [INFO] [SWARM] [BTC/USDT] $61087.8 | RSI: 18.4 | CONF: 0.30
[2026-06-25T11:10:48.239Z] [INFO] [EXECUTION] [STASIS] BTC/USDT - Confidence too low (0.30). Holding.
[2026-06-25T11:10:50.584Z] [INFO] [SWARM] [ETH/USDT] $1630.03 | RSI: 10.4 | CONF: 0.30
[2026-06-25T11:10:50.584Z] [INFO] [EXECUTION] [STASIS] ETH/USDT - Confidence too low (0.30). Holding.
[2026-06-25T11:11:00.893Z] [INFO] [SYSTEM] --- INITIATING SOVEREIGN NODE SCAN ---
[2026-06-25T11:11:03.247Z] [INFO] [SWARM] [BTC/USDT] $61087.8 | RSI: 19.0 | CONF: 0.30
[2026-06-25T11:11:03.247Z] [INFO] [EXECUTION] [STASIS] BTC/USDT - Confidence too low (0.30). Holding.
[2026-06-25T11:11:05.673Z] [INFO] [SWARM] [ETH/USDT] $1630.03 | RSI: 7.0 | CONF: 0.30
[2026-06-25T11:11:05.674Z] [INFO] [EXECUTION] [STASIS] ETH/USDT - Confidence too low (0.30). Holding.
[2026-06-25T11:11:15.894Z] [INFO] [SYSTEM] --- INITIATING SOVEREIGN NODE SCAN ---
[2026-06-25T11:11:18.241Z] [INFO] [SWARM] [BTC/USDT] $61106 | RSI: 22.5 | CONF: 0.30
[2026-06-25T11:11:18.241Z] [INFO] [EXECUTION] [STASIS] BTC/USDT - Confidence too low (0.30). Holding.
[2026-06-25T11:11:20.590Z] [INFO] [SWARM] [ETH/USDT] $1630.03 | RSI: 7.0 | CONF: 0.30
[2026-06-25T11:11:20.590Z] [INFO] [EXECUTION] [STASIS] ETH/USDT - Confidence too low (0.30). Holding.
[2026-06-25T11:11:30.894Z] [INFO] [SYSTEM] --- INITIATING SOVEREIGN NODE SCAN ---
[2026-06-25T11:11:33.241Z] [INFO] [SWARM] [BTC/USDT] $61106 | RSI: 22.5 | CONF: 0.30
[2026-06-25T11:11:33.241Z] [INFO] [EXECUTION] [STASIS] BTC/USDT - Confidence too low (0.30). Holding.
[2026-06-25T11:11:35.590Z] [INFO] [SWARM] [ETH/USDT] $1630.03 | RSI: 7.0 | CONF: 0.30
[2026-06-25T11:11:35.590Z] [INFO] [EXECUTION] [STASIS] ETH/USDT - Confidence too low (0.30). Holding.
[2026-06-25T11:11:45.896Z] [INFO] [SYSTEM] --- INITIATING SOVEREIGN NODE SCAN ---
[2026-06-25T11:11:48.237Z] [INFO] [SWARM] [BTC/USDT] $61106 | RSI: 22.5 | CONF: 0.30
[2026-06-25T11:11:48.237Z] [INFO] [EXECUTION] [STASIS] BTC/USDT - Confidence too low (0.30). Holding.
[2026-06-25T11:11:50.662Z] [INFO] [SWARM] [ETH/USDT] $1630.03 | RSI: 7.0 | CONF: 0.30
[2026-06-25T11:11:50.663Z] [INFO] [EXECUTION] [STASIS] ETH/USDT - Confidence too low (0.30). Holding.
[2026-06-25T11:12:00.897Z] [INFO] [SYSTEM] --- INITIATING SOVEREIGN NODE SCAN ---
[2026-06-25T11:12:03.236Z] [INFO] [SWARM] [BTC/USDT] $61106 | RSI: 24.5 | CONF: 0.30
[2026-06-25T11:12:03.236Z] [INFO] [EXECUTION] [STASIS] BTC/USDT - Confidence too low (0.30). Holding.
[2026-06-25T11:12:05.627Z] [INFO] [SWARM] [ETH/USDT] $1631.69 | RSI: 22.7 | CONF: 0.30
[2026-06-25T11:12:05.627Z] [INFO] [EXECUTION] [STASIS] ETH/USDT - Confidence too low (0.30). Holding.
[2026-06-25T11:12:15.898Z] [INFO] [SYSTEM] --- INITIATING SOVEREIGN NODE SCAN ---
[2026-06-25T11:12:18.323Z] [INFO] [SWARM] [BTC/USDT] $61106 | RSI: 24.5 | CONF: 0.30
[2026-06-25T11:12:18.323Z] [INFO] [EXECUTION] [STASIS] BTC/USDT - Confidence too low (0.30). Holding.
[2026-06-25T11:12:20.750Z] [INFO] [SWARM] [ETH/USDT] $1631.69 | RSI: 22.7 | CONF: 0.30
[2026-06-25T11:12:20.751Z] [INFO] [EXECUTION] [STASIS] ETH/USDT - Confidence too low (0.30). Holding.
[2026-06-25T11:12:30.898Z] [INFO] [SYSTEM] --- INITIATING SOVEREIGN NODE SCAN ---
[2026-06-25T11:12:33.239Z] [INFO] [SWARM] [BTC/USDT] $61106 | RSI: 24.5 | CONF: 0.30
[2026-06-25T11:12:33.239Z] [INFO] [EXECUTION] [STASIS] BTC/USDT - Confidence too low (0.30). Holding.
[2026-06-25T11:12:35.577Z] [INFO] [SWARM] [ETH/USDT] $1631.69 | RSI: 22.7 | CONF: 0.30
[2026-06-25T11:12:35.577Z] [INFO] [EXECUTION] [STASIS] ETH/USDT - Confidence too low (0.30). Holding.
[2026-06-25T11:12:45.899Z] [INFO] [SYSTEM] --- INITIATING SOVEREIGN NODE SCAN ---
[2026-06-25T11:12:48.246Z] [INFO] [SWARM] [BTC/USDT] $61106 | RSI: 24.5 | CONF: 0.30
[2026-06-25T11:12:48.246Z] [INFO] [EXECUTION] [STASIS] BTC/USDT - Confidence too low (0.30). Holding.
[2026-06-25T11:12:50.588Z] [INFO] [SWARM] [ETH/USDT] $1631.69 | RSI: 22.7 | CONF: 0.30
[2026-06-25T11:12:50.588Z] [INFO] [EXECUTION] [STASIS] ETH/USDT - Confidence too low (0.30). Holding.
[2026-06-25T11:13:00.899Z] [INFO] [SYSTEM] --- INITIATING SOVEREIGN NODE SCAN ---
[2026-06-25T11:13:03.252Z] [INFO] [SWARM] [BTC/USDT] $61185.3 | RSI: 39.4 | CONF: 0.00
[2026-06-25T11:13:03.252Z] [INFO] [EXECUTION] [STASIS] BTC/USDT - Confidence too low (0.00). Holding.
[2026-06-25T11:13:05.675Z] [INFO] [SWARM] [ETH/USDT] $1631.69 | RSI: 23.2 | CONF: 0.30
[2026-06-25T11:13:05.675Z] [INFO] [EXECUTION] [STASIS] ETH/USDT - Confidence too low (0.30). Holding.
[2026-06-25T11:13:15.900Z] [INFO] [SYSTEM] --- INITIATING SOVEREIGN NODE SCAN ---
[2026-06-25T11:13:18.174Z] [INFO] [SWARM] [BTC/USDT] $61185.3 | RSI: 39.4 | CONF: 0.00
[2026-06-25T11:13:18.174Z] [INFO] [EXECUTION] [STASIS] BTC/USDT - Confidence too low (0.00). Holding.
[2026-06-25T11:13:20.515Z] [INFO] [SWARM] [ETH/USDT] $1632.18 | RSI: 26.8 | CONF: 0.30
[2026-06-25T11:13:20.515Z] [INFO] [EXECUTION] [STASIS] ETH/USDT - Confidence too low (0.30). Holding.
[2026-06-25T11:13:30.902Z] [INFO] [SYSTEM] --- INITIATING SOVEREIGN NODE SCAN ---
[2026-06-25T11:13:33.248Z] [INFO] [SWARM] [BTC/USDT] $61168.6 | RSI: 37.9 | CONF: 0.00
[2026-06-25T11:13:33.249Z] [INFO] [EXECUTION] [STASIS] BTC/USDT - Confidence too low (0.00). Holding.
[2026-06-25T11:13:35.595Z] [INFO] [SWARM] [ETH/USDT] $1632.14 | RSI: 26.5 | CONF: 0.30
[2026-06-25T11:13:35.595Z] [INFO] [EXECUTION] [STASIS] ETH/USDT - Confidence too low (0.30). Holding.
[2026-06-25T11:13:45.902Z] [INFO] [SYSTEM] --- INITIATING SOVEREIGN NODE SCAN ---
[2026-06-25T11:13:48.242Z] [INFO] [SWARM] [BTC/USDT] $61164.8 | RSI: 37.6 | CONF: 0.00
[2026-06-25T11:13:48.242Z] [INFO] [EXECUTION] [STASIS] BTC/USDT - Confidence too low (0.00). Holding.
[2026-06-25T11:13:50.587Z] [INFO] [SWARM] [ETH/USDT] $1632.14 | RSI: 26.5 | CONF: 0.30
[2026-06-25T11:13:50.587Z] [INFO] [EXECUTION] [STASIS] ETH/USDT - Confidence too low (0.30). Holding.
[2026-06-25T11:14:00.903Z] [INFO] [SYSTEM] --- INITIATING SOVEREIGN NODE SCAN ---
[2026-06-25T11:14:03.243Z] [INFO] [SWARM] [BTC/USDT] $61164.8 | RSI: 33.6 | CONF: 0.00
[2026-06-25T11:14:03.243Z] [INFO] [EXECUTION] [STASIS] BTC/USDT - Confidence too low (0.00). Holding.
[2026-06-25T11:14:05.676Z] [INFO] [SWARM] [ETH/USDT] $1632.14 | RSI: 26.9 | CONF: 0.30
[2026-06-25T11:14:05.676Z] [INFO] [EXECUTION] [STASIS] ETH/USDT - Confidence too low (0.30). Holding.
[2026-06-25T11:14:15.904Z] [INFO] [SYSTEM] --- INITIATING SOVEREIGN NODE SCAN ---
[2026-06-25T11:14:18.260Z] [INFO] [SWARM] [BTC/USDT] $61191.4 | RSI: 37.5 | CONF: 0.00
[2026-06-25T11:14:18.261Z] [INFO] [EXECUTION] [STASIS] BTC/USDT - Confidence too low (0.00). Holding.
[2026-06-25T11:14:20.610Z] [INFO] [SWARM] [ETH/USDT] $1632.14 | RSI: 26.9 | CONF: 0.30
[2026-06-25T11:14:20.610Z] [INFO] [EXECUTION] [STASIS] ETH/USDT - Confidence too low (0.30). Holding.
[2026-06-25T11:14:30.904Z] [INFO] [SYSTEM] --- INITIATING SOVEREIGN NODE SCAN ---
[2026-06-25T11:14:33.246Z] [INFO] [SWARM] [BTC/USDT] $61237 | RSI: 47.3 | CONF: 0.30
[2026-06-25T11:14:33.246Z] [INFO] [EXECUTION] [STASIS] BTC/USDT - Confidence too low (0.30). Holding.
[2026-06-25T11:14:35.591Z] [INFO] [SWARM] [ETH/USDT] $1634.16 | RSI: 39.1 | CONF: 0.30
[2026-06-25T11:14:35.592Z] [INFO] [EXECUTION] [STASIS] ETH/USDT - Confidence too low (0.30). Holding.
[2026-06-25T11:14:45.905Z] [INFO] [SYSTEM] --- INITIATING SOVEREIGN NODE SCAN ---
[2026-06-25T11:14:48.255Z] [INFO] [SWARM] [BTC/USDT] $61276.5 | RSI: 47.3 | CONF: 0.30
[2026-06-25T11:14:48.255Z] [INFO] [EXECUTION] [STASIS] BTC/USDT - Confidence too low (0.30). Holding.
[2026-06-25T11:14:50.693Z] [INFO] [SWARM] [ETH/USDT] $1637.38 | RSI: 51.9 | CONF: 0.70
[2026-06-25T11:14:50.693Z] [TRADE] [EXECUTION] [PAPER TRADE] BUY 0.152683 ETH/USDT @ $1637.38
[2026-06-25T11:15:00.905Z] [INFO] [SYSTEM] --- INITIATING SOVEREIGN NODE SCAN ---
[2026-06-25T11:15:03.347Z] [INFO] [SWARM] [BTC/USDT] $61344.4 | RSI: 50.6 | CONF: 0.40
[2026-06-25T11:15:03.347Z] [INFO] [EXECUTION] [STASIS] BTC/USDT - Confidence too low (0.40). Holding.
[2026-06-25T11:15:05.687Z] [INFO] [SWARM] [ETH/USDT] $1637.38 | RSI: 51.9 | CONF: 0.40
[2026-06-25T11:15:05.687Z] [INFO] [EXECUTION] [STASIS] ETH/USDT - Confidence too low (0.40). Holding.
[2026-06-25T11:15:15.905Z] [INFO] [SYSTEM] --- INITIATING SOVEREIGN NODE SCAN ---
[2026-06-25T11:15:18.253Z] [INFO] [SWARM] [BTC/USDT] $61335.5 | RSI: 49.8 | CONF: 0.00
[2026-06-25T11:15:18.253Z] [INFO] [EXECUTION] [STASIS] BTC/USDT - Confidence too low (0.00). Holding.
[2026-06-25T11:15:20.594Z] [INFO] [SWARM] [ETH/USDT] $1637.38 | RSI: 51.9 | CONF: 0.40
[2026-06-25T11:15:20.594Z] [INFO] [EXECUTION] [STASIS] ETH/USDT - Confidence too low (0.40). Holding.
[2026-06-25T11:15:30.907Z] [INFO] [SYSTEM] --- INITIATING SOVEREIGN NODE SCAN ---
[2026-06-25T11:15:33.252Z] [INFO] [SWARM] [BTC/USDT] $61404.3 | RSI: 55.2 | CONF: 0.40
[2026-06-25T11:15:33.252Z] [INFO] [EXECUTION] [STASIS] BTC/USDT - Confidence too low (0.40). Holding.
[2026-06-25T11:15:35.684Z] [INFO] [SWARM] [ETH/USDT] $1637.38 | RSI: 51.9 | CONF: 0.40
[2026-06-25T11:15:35.684Z] [INFO] [EXECUTION] [STASIS] ETH/USDT - Confidence too low (0.40). Holding.
[2026-06-25T11:15:45.907Z] [INFO] [SYSTEM] --- INITIATING SOVEREIGN NODE SCAN ---
[2026-06-25T11:15:48.173Z] [INFO] [SWARM] [BTC/USDT] $61403 | RSI: 55.1 | CONF: 0.40
[2026-06-25T11:15:48.174Z] [INFO] [EXECUTION] [STASIS] BTC/USDT - Confidence too low (0.40). Holding.
[2026-06-25T11:15:50.525Z] [INFO] [SWARM] [ETH/USDT] $1637.38 | RSI: 51.9 | CONF: 0.40
[2026-06-25T11:15:50.526Z] [INFO] [EXECUTION] [STASIS] ETH/USDT - Confidence too low (0.40). Holding.
[2026-06-25T11:16:00.909Z] [INFO] [SYSTEM] --- INITIATING SOVEREIGN NODE SCAN ---
[2026-06-25T11:16:03.258Z] [INFO] [SWARM] [BTC/USDT] $61403 | RSI: 64.9 | CONF: 0.40
[2026-06-25T11:16:03.258Z] [INFO] [EXECUTION] [STASIS] BTC/USDT - Confidence too low (0.40). Holding.
[2026-06-25T11:16:05.613Z] [INFO] [SWARM] [ETH/USDT] $1637.38 | RSI: 51.3 | CONF: 0.40
[2026-06-25T11:16:05.613Z] [INFO] [EXECUTION] [STASIS] ETH/USDT - Confidence too low (0.40). Holding.
[2026-06-25T11:16:15.909Z] [INFO] [SYSTEM] --- INITIATING SOVEREIGN NODE SCAN ---
[2026-06-25T11:16:18.184Z] [INFO] [SWARM] [BTC/USDT] $61403 | RSI: 64.9 | CONF: 0.40
[2026-06-25T11:16:18.185Z] [INFO] [EXECUTION] [STASIS] BTC/USDT - Confidence too low (0.40). Holding.
[2026-06-25T11:16:20.611Z] [INFO] [SWARM] [ETH/USDT] $1636.83 | RSI: 51.3 | CONF: 0.40
[2026-06-25T11:16:20.611Z] [INFO] [EXECUTION] [STASIS] ETH/USDT - Confidence too low (0.40). Holding.
[2026-06-25T11:16:30.910Z] [INFO] [SYSTEM] --- INITIATING SOVEREIGN NODE SCAN ---
[2026-06-25T11:16:33.251Z] [INFO] [SWARM] [BTC/USDT] $61391.8 | RSI: 63.6 | CONF: 0.40
[2026-06-25T11:16:33.251Z] [INFO] [EXECUTION] [STASIS] BTC/USDT - Confidence too low (0.40). Holding.
[2026-06-25T11:16:35.657Z] [INFO] [SWARM] [ETH/USDT] $1636.83 | RSI: 51.3 | CONF: 0.40
[2026-06-25T11:16:35.657Z] [INFO] [EXECUTION] [STASIS] ETH/USDT - Confidence too low (0.40). Holding.
[2026-06-25T11:16:45.910Z] [INFO] [SYSTEM] --- INITIATING SOVEREIGN NODE SCAN ---
[2026-06-25T11:16:48.255Z] [INFO] [SWARM] [BTC/USDT] $61386 | RSI: 62.9 | CONF: 0.40
[2026-06-25T11:16:48.255Z] [INFO] [EXECUTION] [STASIS] BTC/USDT - Confidence too low (0.40). Holding.
[2026-06-25T11:16:50.600Z] [INFO] [SWARM] [ETH/USDT] $1636.83 | RSI: 51.3 | CONF: 0.40
[2026-06-25T11:16:50.601Z] [INFO] [EXECUTION] [STASIS] ETH/USDT - Confidence too low (0.40). Holding.
[2026-06-25T11:17:00.912Z] [INFO] [SYSTEM] --- INITIATING SOVEREIGN NODE SCAN ---
[2026-06-25T11:17:03.255Z] [INFO] [SWARM] [BTC/USDT] $61386 | RSI: 69.1 | CONF: 0.40
[2026-06-25T11:17:03.255Z] [INFO] [EXECUTION] [STASIS] BTC/USDT - Confidence too low (0.40). Holding.
[2026-06-25T11:17:05.689Z] [INFO] [SWARM] [ETH/USDT] $1634.85 | RSI: 51.0 | CONF: 0.40
[2026-06-25T11:17:05.689Z] [INFO] [EXECUTION] [STASIS] ETH/USDT - Confidence too low (0.40). Holding.
[2026-06-25T11:17:15.912Z] [INFO] [SYSTEM] --- INITIATING SOVEREIGN NODE SCAN ---
[2026-06-25T11:17:18.182Z] [INFO] [SWARM] [BTC/USDT] $61386 | RSI: 69.1 | CONF: 0.40
[2026-06-25T11:17:18.183Z] [INFO] [EXECUTION] [STASIS] BTC/USDT - Confidence too low (0.40). Holding.
[2026-06-25T11:17:20.529Z] [INFO] [SWARM] [ETH/USDT] $1634.85 | RSI: 51.0 | CONF: 0.40
[2026-06-25T11:17:20.529Z] [INFO] [EXECUTION] [STASIS] ETH/USDT - Confidence too low (0.40). Holding.
[2026-06-25T11:17:30.912Z] [INFO] [SYSTEM] --- INITIATING SOVEREIGN NODE SCAN ---
[2026-06-25T11:17:33.270Z] [INFO] [SWARM] [BTC/USDT] $61386 | RSI: 69.1 | CONF: 0.40
[2026-06-25T11:17:33.270Z] [INFO] [EXECUTION] [STASIS] BTC/USDT - Confidence too low (0.40). Holding.
[2026-06-25T11:17:35.619Z] [INFO] [SWARM] [ETH/USDT] $1634.85 | RSI: 51.0 | CONF: 0.40
[2026-06-25T11:17:35.619Z] [INFO] [EXECUTION] [STASIS] ETH/USDT - Confidence too low (0.40). Holding.
[2026-06-25T11:17:45.913Z] [INFO] [SYSTEM] --- INITIATING SOVEREIGN NODE SCAN ---
[2026-06-25T11:17:48.258Z] [INFO] [SWARM] [BTC/USDT] $61357.6 | RSI: 65.4 | CONF: 0.70
[2026-06-25T11:17:48.258Z] [TRADE] [EXECUTION] [PAPER TRADE] BUY 0.004074 BTC/USDT @ $61357.6
[2026-06-25T11:17:50.606Z] [INFO] [SWARM] [ETH/USDT] $1634.85 | RSI: 51.0 | CONF: 0.40
[2026-06-25T11:17:50.606Z] [INFO] [EXECUTION] [STASIS] ETH/USDT - Confidence too low (0.40). Holding.
[2026-06-25T11:18:00.914Z] [INFO] [SYSTEM] --- INITIATING SOVEREIGN NODE SCAN ---
[2026-06-25T11:18:03.272Z] [INFO] [SWARM] [BTC/USDT] $61357.6 | RSI: 66.3 | CONF: 0.40
[2026-06-25T11:18:03.272Z] [INFO] [EXECUTION] [STASIS] BTC/USDT - Confidence too low (0.40). Holding.
[2026-06-25T11:18:05.701Z] [INFO] [SWARM] [ETH/USDT] $1634.85 | RSI: 51.0 | CONF: 0.40
[2026-06-25T11:18:05.701Z] [INFO] [EXECUTION] [STASIS] ETH/USDT - Confidence too low (0.40). Holding.
[2026-06-25T11:18:15.915Z] [INFO] [SYSTEM] --- INITIATING SOVEREIGN NODE SCAN ---
[2026-06-25T11:18:18.180Z] [INFO] [SWARM] [BTC/USDT] $61362.6 | RSI: 66.6 | CONF: 0.40
[2026-06-25T11:18:18.181Z] [INFO] [EXECUTION] [STASIS] BTC/USDT - Confidence too low (0.40). Holding.
[2026-06-25T11:18:20.676Z] [INFO] [SWARM] [ETH/USDT] $1634.85 | RSI: 51.0 | CONF: 0.40
[2026-06-25T11:18:20.676Z] [INFO] [EXECUTION] [STASIS] ETH/USDT - Confidence too low (0.40). Holding.
[2026-06-25T11:18:30.915Z] [INFO] [SYSTEM] --- INITIATING SOVEREIGN NODE SCAN ---
[2026-06-25T11:18:33.261Z] [INFO] [SWARM] [BTC/USDT] $61362.6 | RSI: 66.6 | CONF: 0.40
[2026-06-25T11:18:33.261Z] [INFO] [EXECUTION] [STASIS] BTC/USDT - Confidence too low (0.40). Holding.
[2026-06-25T11:18:35.693Z] [INFO] [SWARM] [ETH/USDT] $1633.1 | RSI: 45.8 | CONF: 0.00
[2026-06-25T11:18:35.694Z] [INFO] [EXECUTION] [STASIS] ETH/USDT - Confidence too low (0.00). Holding.
[2026-06-25T11:18:45.916Z] [INFO] [SYSTEM] --- INITIATING SOVEREIGN NODE SCAN ---
[2026-06-25T11:18:48.257Z] [INFO] [SWARM] [BTC/USDT] $61362.6 | RSI: 66.6 | CONF: 0.40
[2026-06-25T11:18:48.258Z] [INFO] [EXECUTION] [STASIS] BTC/USDT - Confidence too low (0.40). Holding.
[2026-06-25T11:18:50.600Z] [INFO] [SWARM] [ETH/USDT] $1631.61 | RSI: 42.2 | CONF: 0.00
[2026-06-25T11:18:50.601Z] [INFO] [EXECUTION] [STASIS] ETH/USDT - Confidence too low (0.00). Holding.
[2026-06-25T11:19:00.917Z] [INFO] [SYSTEM] --- INITIATING SOVEREIGN NODE SCAN ---
[2026-06-25T11:19:03.262Z] [INFO] [SWARM] [BTC/USDT] $61362.6 | RSI: 69.1 | CONF: 0.40
[2026-06-25T11:19:03.262Z] [INFO] [EXECUTION] [STASIS] BTC/USDT - Confidence too low (0.40). Holding.
[2026-06-25T11:19:05.604Z] [INFO] [SWARM] [ETH/USDT] $1631.61 | RSI: 42.2 | CONF: 0.00
[2026-06-25T11:19:05.604Z] [INFO] [EXECUTION] [STASIS] ETH/USDT - Confidence too low (0.00). Holding.
[2026-06-25T11:19:15.919Z] [INFO] [SYSTEM] --- INITIATING SOVEREIGN NODE SCAN ---
[2026-06-25T11:19:18.351Z] [INFO] [SWARM] [BTC/USDT] $61362.6 | RSI: 69.1 | CONF: 0.40
[2026-06-25T11:19:18.352Z] [INFO] [EXECUTION] [STASIS] BTC/USDT - Confidence too low (0.40). Holding.
[2026-06-25T11:19:20.777Z] [INFO] [SWARM] [ETH/USDT] $1631.61 | RSI: 42.2 | CONF: 0.00
[2026-06-25T11:19:20.778Z] [INFO] [EXECUTION] [STASIS] ETH/USDT - Confidence too low (0.00). Holding.
[2026-06-25T11:19:30.920Z] [INFO] [SYSTEM] --- INITIATING SOVEREIGN NODE SCAN ---
[2026-06-25T11:19:33.186Z] [INFO] [SWARM] [BTC/USDT] $61362.6 | RSI: 69.1 | CONF: 0.40
[2026-06-25T11:19:33.186Z] [INFO] [EXECUTION] [STASIS] BTC/USDT - Confidence too low (0.40). Holding.
[2026-06-25T11:19:35.610Z] [INFO] [SWARM] [ETH/USDT] $1632.33 | RSI: 44.3 | CONF: 0.00
[2026-06-25T11:19:35.610Z] [INFO] [EXECUTION] [STASIS] ETH/USDT - Confidence too low (0.00). Holding.
[2026-06-25T11:19:45.920Z] [INFO] [SYSTEM] --- INITIATING SOVEREIGN NODE SCAN ---
[2026-06-25T11:19:48.260Z] [INFO] [SWARM] [BTC/USDT] $61362.6 | RSI: 69.1 | CONF: 0.40
[2026-06-25T11:19:48.261Z] [INFO] [EXECUTION] [STASIS] BTC/USDT - Confidence too low (0.40). Holding.
[2026-06-25T11:19:50.612Z] [INFO] [SWARM] [ETH/USDT] $1632.33 | RSI: 44.3 | CONF: 0.00
[2026-06-25T11:19:50.612Z] [INFO] [EXECUTION] [STASIS] ETH/USDT - Confidence too low (0.00). Holding.
[2026-06-25T11:20:00.920Z] [INFO] [SYSTEM] --- INITIATING SOVEREIGN NODE SCAN ---
[2026-06-25T11:20:03.361Z] [INFO] [SWARM] [BTC/USDT] $61362.6 | RSI: 73.7 | CONF: 0.00
[2026-06-25T11:20:03.361Z] [INFO] [EXECUTION] [STASIS] BTC/USDT - Confidence too low (0.00). Holding.
[2026-06-25T11:20:05.784Z] [INFO] [SWARM] [ETH/USDT] $1632.33 | RSI: 57.8 | CONF: 0.00
[2026-06-25T11:20:05.784Z] [INFO] [EXECUTION] [STASIS] ETH/USDT - Confidence too low (0.00). Holding.
[2026-06-25T11:20:15.921Z] [INFO] [SYSTEM] --- INITIATING SOVEREIGN NODE SCAN ---
[2026-06-25T11:20:18.191Z] [INFO] [SWARM] [BTC/USDT] $61362.6 | RSI: 73.7 | CONF: 0.00
[2026-06-25T11:20:18.191Z] [INFO] [EXECUTION] [STASIS] BTC/USDT - Confidence too low (0.00). Holding.
[2026-06-25T11:20:20.617Z] [INFO] [SWARM] [ETH/USDT] $1632.33 | RSI: 57.8 | CONF: 0.00
[2026-06-25T11:20:20.617Z] [INFO] [EXECUTION] [STASIS] ETH/USDT - Confidence too low (0.00). Holding.
[2026-06-25T11:20:30.922Z] [INFO] [SYSTEM] --- INITIATING SOVEREIGN NODE SCAN ---
[2026-06-25T11:20:33.263Z] [INFO] [SWARM] [BTC/USDT] $61362.6 | RSI: 73.7 | CONF: 0.00
[2026-06-25T11:20:33.264Z] [INFO] [EXECUTION] [STASIS] BTC/USDT - Confidence too low (0.00). Holding.
[2026-06-25T11:20:35.610Z] [INFO] [SWARM] [ETH/USDT] $1632.33 | RSI: 57.8 | CONF: 0.00
[2026-06-25T11:20:35.610Z] [INFO] [EXECUTION] [STASIS] ETH/USDT - Confidence too low (0.00). Holding.
[2026-06-25T11:20:45.922Z] [INFO] [SYSTEM] --- INITIATING SOVEREIGN NODE SCAN ---
[2026-06-25T11:20:48.184Z] [INFO] [SWARM] [BTC/USDT] $61362.6 | RSI: 73.7 | CONF: 0.00
[2026-06-25T11:20:48.185Z] [INFO] [EXECUTION] [STASIS] BTC/USDT - Confidence too low (0.00). Holding.
[2026-06-25T11:20:50.605Z] [INFO] [SWARM] [ETH/USDT] $1632.33 | RSI: 57.8 | CONF: 0.00
[2026-06-25T11:20:50.605Z] [INFO] [EXECUTION] [STASIS] ETH/USDT - Confidence too low (0.00). Holding.
[2026-06-25T11:21:00.922Z] [INFO] [SYSTEM] --- INITIATING SOVEREIGN NODE SCAN ---
[2026-06-25T11:21:03.287Z] [INFO] [SWARM] [BTC/USDT] $61362.6 | RSI: 75.9 | CONF: 0.00
[2026-06-25T11:21:03.288Z] [INFO] [EXECUTION] [STASIS] BTC/USDT - Confidence too low (0.00). Holding.
[2026-06-25T11:21:05.633Z] [INFO] [SWARM] [ETH/USDT] $1633.14 | RSI: 58.3 | CONF: 0.40
[2026-06-25T11:21:05.633Z] [INFO] [EXECUTION] [STASIS] ETH/USDT - Confidence too low (0.40). Holding.
[2026-06-25T11:21:15.923Z] [INFO] [SYSTEM] --- INITIATING SOVEREIGN NODE SCAN ---
[2026-06-25T11:21:18.190Z] [INFO] [SWARM] [BTC/USDT] $61362.6 | RSI: 75.9 | CONF: 0.00
[2026-06-25T11:21:18.190Z] [INFO] [EXECUTION] [STASIS] BTC/USDT - Confidence too low (0.00). Holding.
[2026-06-25T11:21:20.530Z] [INFO] [SWARM] [ETH/USDT] $1633.14 | RSI: 58.3 | CONF: 0.40
[2026-06-25T11:21:20.530Z] [INFO] [EXECUTION] [STASIS] ETH/USDT - Confidence too low (0.40). Holding.
[2026-06-25T11:21:30.924Z] [INFO] [SYSTEM] --- INITIATING SOVEREIGN NODE SCAN ---
[2026-06-25T11:21:33.271Z] [INFO] [SWARM] [BTC/USDT] $61362.6 | RSI: 75.9 | CONF: 0.00
[2026-06-25T11:21:33.272Z] [INFO] [EXECUTION] [STASIS] BTC/USDT - Confidence too low (0.00). Holding.
[2026-06-25T11:21:35.701Z] [INFO] [SWARM] [ETH/USDT] $1633.14 | RSI: 58.3 | CONF: 0.40
[2026-06-25T11:21:35.702Z] [INFO] [EXECUTION] [STASIS] ETH/USDT - Confidence too low (0.40). Holding.
[2026-06-25T11:21:45.924Z] [INFO] [SYSTEM] --- INITIATING SOVEREIGN NODE SCAN ---
[2026-06-25T11:21:48.272Z] [INFO] [SWARM] [BTC/USDT] $61362.6 | RSI: 75.9 | CONF: 0.00
[2026-06-25T11:21:48.272Z] [INFO] [EXECUTION] [STASIS] BTC/USDT - Confidence too low (0.00). Holding.
[2026-06-25T11:21:50.707Z] [INFO] [SWARM] [ETH/USDT] $1633.14 | RSI: 58.3 | CONF: 0.40
[2026-06-25T11:21:50.707Z] [INFO] [EXECUTION] [STASIS] ETH/USDT - Confidence too low (0.40). Holding.
[2026-06-25T11:22:00.925Z] [INFO] [SYSTEM] --- INITIATING SOVEREIGN NODE SCAN ---
[2026-06-25T11:22:03.361Z] [INFO] [SWARM] [BTC/USDT] $61303.8 | RSI: 68.7 | CONF: 0.40
[2026-06-25T11:22:03.361Z] [INFO] [EXECUTION] [STASIS] BTC/USDT - Confidence too low (0.40). Holding.
[2026-06-25T11:22:05.701Z] [INFO] [SWARM] [ETH/USDT] $1633.14 | RSI: 60.6 | CONF: 0.40
[2026-06-25T11:22:05.702Z] [INFO] [EXECUTION] [STASIS] ETH/USDT - Confidence too low (0.40). Holding.
[2026-06-25T11:22:15.925Z] [INFO] [SYSTEM] --- INITIATING SOVEREIGN NODE SCAN ---
[2026-06-25T11:22:18.187Z] [INFO] [SWARM] [BTC/USDT] $61314.3 | RSI: 69.3 | CONF: 0.40
[2026-06-25T11:22:18.188Z] [INFO] [EXECUTION] [STASIS] BTC/USDT - Confidence too low (0.40). Holding.
[2026-06-25T11:22:20.622Z] [INFO] [SWARM] [ETH/USDT] $1633.14 | RSI: 60.6 | CONF: 0.40
[2026-06-25T11:22:20.623Z] [INFO] [EXECUTION] [STASIS] ETH/USDT - Confidence too low (0.40). Holding.
[2026-06-25T11:22:30.925Z] [INFO] [SYSTEM] --- INITIATING SOVEREIGN NODE SCAN ---
[2026-06-25T11:22:33.196Z] [INFO] [SWARM] [BTC/USDT] $61314.3 | RSI: 69.3 | CONF: 0.40
[2026-06-25T11:22:33.197Z] [INFO] [EXECUTION] [STASIS] BTC/USDT - Confidence too low (0.40). Holding.
[2026-06-25T11:22:35.631Z] [INFO] [SWARM] [ETH/USDT] $1633.14 | RSI: 60.6 | CONF: 0.40
[2026-06-25T11:22:35.631Z] [INFO] [EXECUTION] [STASIS] ETH/USDT - Confidence too low (0.40). Holding.
[2026-06-25T11:22:45.926Z] [INFO] [SYSTEM] --- INITIATING SOVEREIGN NODE SCAN ---
[2026-06-25T11:22:48.270Z] [INFO] [SWARM] [BTC/USDT] $61314.3 | RSI: 69.3 | CONF: 0.40
[2026-06-25T11:22:48.271Z] [INFO] [EXECUTION] [STASIS] BTC/USDT - Confidence too low (0.40). Holding.
[2026-06-25T11:22:50.625Z] [INFO] [SWARM] [ETH/USDT] $1633.14 | RSI: 60.6 | CONF: 0.40
[2026-06-25T11:22:50.626Z] [INFO] [EXECUTION] [STASIS] ETH/USDT - Confidence too low (0.40). Holding.
[2026-06-25T11:23:00.926Z] [INFO] [SYSTEM] --- INITIATING SOVEREIGN NODE SCAN ---
[2026-06-25T11:23:03.269Z] [INFO] [SWARM] [BTC/USDT] $61314.3 | RSI: 74.6 | CONF: 0.00
[2026-06-25T11:23:03.270Z] [INFO] [EXECUTION] [STASIS] BTC/USDT - Confidence too low (0.00). Holding.
[2026-06-25T11:23:05.692Z] [INFO] [SWARM] [ETH/USDT] $1633.14 | RSI: 60.6 | CONF: 0.40
[2026-06-25T11:23:05.692Z] [INFO] [EXECUTION] [STASIS] ETH/USDT - Confidence too low (0.40). Holding.
[2026-06-25T11:23:15.926Z] [INFO] [SYSTEM] --- INITIATING SOVEREIGN NODE SCAN ---
[2026-06-25T11:23:18.280Z] [INFO] [SWARM] [BTC/USDT] $61266.4 | RSI: 68.0 | CONF: 0.70
[2026-06-25T11:23:18.280Z] [TRADE] [EXECUTION] [PAPER TRADE] BUY 0.004081 BTC/USDT @ $61266.4
[2026-06-25T11:23:20.708Z] [INFO] [SWARM] [ETH/USDT] $1633.14 | RSI: 60.6 | CONF: 0.40
[2026-06-25T11:23:20.709Z] [INFO] [EXECUTION] [STASIS] ETH/USDT - Confidence too low (0.40). Holding.
[2026-06-25T11:23:30.927Z] [INFO] [SYSTEM] --- INITIATING SOVEREIGN NODE SCAN ---
[2026-06-25T11:23:33.276Z] [INFO] [SWARM] [BTC/USDT] $61266.4 | RSI: 68.0 | CONF: 0.70
[2026-06-25T11:23:33.276Z] [TRADE] [EXECUTION] [PAPER TRADE] BUY 0.004081 BTC/USDT @ $61266.4
[2026-06-25T11:23:35.737Z] [INFO] [SWARM] [ETH/USDT] $1633.14 | RSI: 60.6 | CONF: 0.40
[2026-06-25T11:23:35.737Z] [INFO] [EXECUTION] [STASIS] ETH/USDT - Confidence too low (0.40). Holding.
[2026-06-25T11:23:45.930Z] [INFO] [SYSTEM] --- INITIATING SOVEREIGN NODE SCAN ---
[2026-06-25T11:23:48.292Z] [INFO] [SWARM] [BTC/USDT] $61266.4 | RSI: 68.0 | CONF: 0.70
[2026-06-25T11:23:48.292Z] [TRADE] [EXECUTION] [PAPER TRADE] BUY 0.004081 BTC/USDT @ $61266.4
[2026-06-25T11:23:50.644Z] [INFO] [SWARM] [ETH/USDT] $1633.14 | RSI: 60.6 | CONF: 0.40
[2026-06-25T11:23:50.644Z] [INFO] [EXECUTION] [STASIS] ETH/USDT - Confidence too low (0.40). Holding.
[2026-06-25T11:24:00.930Z] [INFO] [SYSTEM] --- INITIATING SOVEREIGN NODE SCAN ---
[2026-06-25T11:24:03.276Z] [INFO] [SWARM] [BTC/USDT] $61266.4 | RSI: 67.2 | CONF: 0.70
[2026-06-25T11:24:03.276Z] [TRADE] [EXECUTION] [PAPER TRADE] BUY 0.004081 BTC/USDT @ $61266.4
[2026-06-25T11:24:05.628Z] [INFO] [SWARM] [ETH/USDT] $1633.14 | RSI: 60.6 | CONF: 0.40
[2026-06-25T11:24:05.629Z] [INFO] [EXECUTION] [STASIS] ETH/USDT - Confidence too low (0.40). Holding.
[2026-06-25T11:24:15.931Z] [INFO] [SYSTEM] --- INITIATING SOVEREIGN NODE SCAN ---
[2026-06-25T11:24:18.195Z] [INFO] [SWARM] [BTC/USDT] $61268.4 | RSI: 67.2 | CONF: 0.70
[2026-06-25T11:24:18.195Z] [TRADE] [EXECUTION] [PAPER TRADE] BUY 0.004080 BTC/USDT @ $61268.4
[2026-06-25T11:24:20.606Z] [INFO] [SWARM] [ETH/USDT] $1630.37 | RSI: 51.0 | CONF: 0.00
[2026-06-25T11:24:20.606Z] [INFO] [EXECUTION] [STASIS] ETH/USDT - Confidence too low (0.00). Holding.
[2026-06-25T11:24:30.932Z] [INFO] [SYSTEM] --- INITIATING SOVEREIGN NODE SCAN ---
[2026-06-25T11:24:33.276Z] [INFO] [SWARM] [BTC/USDT] $61268.4 | RSI: 67.2 | CONF: 0.70
[2026-06-25T11:24:33.277Z] [TRADE] [EXECUTION] [PAPER TRADE] BUY 0.004080 BTC/USDT @ $61268.4
[2026-06-25T11:24:35.623Z] [INFO] [SWARM] [ETH/USDT] $1630.37 | RSI: 51.0 | CONF: 0.00
[2026-06-25T11:24:35.623Z] [INFO] [EXECUTION] [STASIS] ETH/USDT - Confidence too low (0.00). Holding.
[2026-06-25T11:24:45.932Z] [INFO] [SYSTEM] --- INITIATING SOVEREIGN NODE SCAN ---
[2026-06-25T11:24:48.355Z] [INFO] [SWARM] [BTC/USDT] $61268.4 | RSI: 67.2 | CONF: 0.70
[2026-06-25T11:24:48.356Z] [TRADE] [EXECUTION] [PAPER TRADE] BUY 0.004080 BTC/USDT @ $61268.4
[2026-06-25T11:24:50.778Z] [INFO] [SWARM] [ETH/USDT] $1630.37 | RSI: 51.0 | CONF: 0.00
[2026-06-25T11:24:50.778Z] [INFO] [EXECUTION] [STASIS] ETH/USDT - Confidence too low (0.00). Holding.
[2026-06-25T11:25:00.933Z] [INFO] [SYSTEM] --- INITIATING SOVEREIGN NODE SCAN ---
[2026-06-25T11:25:03.278Z] [INFO] [SWARM] [BTC/USDT] $61268.4 | RSI: 66.0 | CONF: 0.40
[2026-06-25T11:25:03.279Z] [INFO] [EXECUTION] [STASIS] BTC/USDT - Confidence too low (0.40). Holding.
[2026-06-25T11:25:05.625Z] [INFO] [SWARM] [ETH/USDT] $1630.37 | RSI: 45.8 | CONF: 0.00
[2026-06-25T11:25:05.626Z] [INFO] [EXECUTION] [STASIS] ETH/USDT - Confidence too low (0.00). Holding.
[2026-06-25T11:25:15.935Z] [INFO] [SYSTEM] --- INITIATING SOVEREIGN NODE SCAN ---
[2026-06-25T11:25:18.205Z] [INFO] [SWARM] [BTC/USDT] $61282.7 | RSI: 66.9 | CONF: 0.40
[2026-06-25T11:25:18.205Z] [INFO] [EXECUTION] [STASIS] BTC/USDT - Confidence too low (0.40). Holding.
[2026-06-25T11:25:20.556Z] [INFO] [SWARM] [ETH/USDT] $1630.37 | RSI: 45.8 | CONF: 0.00
[2026-06-25T11:25:20.556Z] [INFO] [EXECUTION] [STASIS] ETH/USDT - Confidence too low (0.00). Holding.
[2026-06-25T11:25:30.935Z] [INFO] [SYSTEM] --- INITIATING SOVEREIGN NODE SCAN ---
[2026-06-25T11:25:33.371Z] [INFO] [SWARM] [BTC/USDT] $61282.7 | RSI: 66.9 | CONF: 0.40
[2026-06-25T11:25:33.372Z] [INFO] [EXECUTION] [STASIS] BTC/USDT - Confidence too low (0.40). Holding.
[2026-06-25T11:25:35.793Z] [INFO] [SWARM] [ETH/USDT] $1630.37 | RSI: 45.8 | CONF: 0.00
[2026-06-25T11:25:35.793Z] [INFO] [EXECUTION] [STASIS] ETH/USDT - Confidence too low (0.00). Holding.
[2026-06-25T11:25:45.937Z] [INFO] [SYSTEM] --- INITIATING SOVEREIGN NODE SCAN ---
[2026-06-25T11:25:48.211Z] [INFO] [SWARM] [BTC/USDT] $61282.7 | RSI: 66.9 | CONF: 0.40
[2026-06-25T11:25:48.211Z] [INFO] [EXECUTION] [STASIS] BTC/USDT - Confidence too low (0.40). Holding.
[2026-06-25T11:25:50.556Z] [INFO] [SWARM] [ETH/USDT] $1630.37 | RSI: 45.8 | CONF: 0.00
[2026-06-25T11:25:50.556Z] [INFO] [EXECUTION] [STASIS] ETH/USDT - Confidence too low (0.00). Holding.
[2026-06-25T11:26:00.937Z] [INFO] [SYSTEM] --- INITIATING SOVEREIGN NODE SCAN ---
[2026-06-25T11:26:03.279Z] [INFO] [SWARM] [BTC/USDT] $61282.7 | RSI: 61.0 | CONF: 0.40
[2026-06-25T11:26:03.280Z] [INFO] [EXECUTION] [STASIS] BTC/USDT - Confidence too low (0.40). Holding.
[2026-06-25T11:26:05.544Z] [INFO] [SWARM] [ETH/USDT] $1630.37 | RSI: 45.8 | CONF: 0.00
[2026-06-25T11:26:05.544Z] [INFO] [EXECUTION] [STASIS] ETH/USDT - Confidence too low (0.00). Holding.
[2026-06-25T11:26:15.939Z] [INFO] [SYSTEM] --- INITIATING SOVEREIGN NODE SCAN ---
[2026-06-25T11:26:18.209Z] [INFO] [SWARM] [BTC/USDT] $61282.7 | RSI: 61.0 | CONF: 0.40
[2026-06-25T11:26:18.209Z] [INFO] [EXECUTION] [STASIS] BTC/USDT - Confidence too low (0.40). Holding.
[2026-06-25T11:26:20.567Z] [INFO] [SWARM] [ETH/USDT] $1631.11 | RSI: 48.2 | CONF: 0.00
[2026-06-25T11:26:20.568Z] [INFO] [EXECUTION] [STASIS] ETH/USDT - Confidence too low (0.00). Holding.
[2026-06-25T11:26:30.939Z] [INFO] [SYSTEM] --- INITIATING SOVEREIGN NODE SCAN ---
[2026-06-25T11:26:33.284Z] [INFO] [SWARM] [BTC/USDT] $61282.7 | RSI: 61.0 | CONF: 0.40
[2026-06-25T11:26:33.284Z] [INFO] [EXECUTION] [STASIS] BTC/USDT - Confidence too low (0.40). Holding.
[2026-06-25T11:26:35.635Z] [INFO] [SWARM] [ETH/USDT] $1631.11 | RSI: 48.2 | CONF: 0.00
[2026-06-25T11:26:35.635Z] [INFO] [EXECUTION] [STASIS] ETH/USDT - Confidence too low (0.00). Holding.
[2026-06-25T11:26:45.941Z] [INFO] [SYSTEM] --- INITIATING SOVEREIGN NODE SCAN ---
[2026-06-25T11:26:48.210Z] [INFO] [SWARM] [BTC/USDT] $61282.7 | RSI: 61.0 | CONF: 0.40
[2026-06-25T11:26:48.210Z] [INFO] [EXECUTION] [STASIS] BTC/USDT - Confidence too low (0.40). Holding.
[2026-06-25T11:26:50.558Z] [INFO] [SWARM] [ETH/USDT] $1631.11 | RSI: 48.2 | CONF: 0.00
[2026-06-25T11:26:50.558Z] [INFO] [EXECUTION] [STASIS] ETH/USDT - Confidence too low (0.00). Holding.
[2026-06-25T11:27:00.942Z] [INFO] [SYSTEM] --- INITIATING SOVEREIGN NODE SCAN ---
[2026-06-25T11:27:03.286Z] [INFO] [SWARM] [BTC/USDT] $61299 | RSI: 65.3 | CONF: 0.40
[2026-06-25T11:27:03.286Z] [INFO] [EXECUTION] [STASIS] BTC/USDT - Confidence too low (0.40). Holding.
[2026-06-25T11:27:05.709Z] [INFO] [SWARM] [ETH/USDT] $1631.11 | RSI: 46.8 | CONF: 0.00
[2026-06-25T11:27:05.709Z] [INFO] [EXECUTION] [STASIS] ETH/USDT - Confidence too low (0.00). Holding.
[2026-06-25T11:27:15.942Z] [INFO] [SYSTEM] --- INITIATING SOVEREIGN NODE SCAN ---
[2026-06-25T11:27:18.282Z] [INFO] [SWARM] [BTC/USDT] $61299 | RSI: 65.3 | CONF: 0.40
[2026-06-25T11:27:18.282Z] [INFO] [EXECUTION] [STASIS] BTC/USDT - Confidence too low (0.40). Holding.
[2026-06-25T11:27:20.624Z] [INFO] [SWARM] [ETH/USDT] $1631.11 | RSI: 46.8 | CONF: 0.00
[2026-06-25T11:27:20.625Z] [INFO] [EXECUTION] [STASIS] ETH/USDT - Confidence too low (0.00). Holding.
[2026-06-25T11:27:30.942Z] [INFO] [SYSTEM] --- INITIATING SOVEREIGN NODE SCAN ---
[2026-06-25T11:27:33.365Z] [INFO] [SWARM] [BTC/USDT] $61299 | RSI: 65.3 | CONF: 0.40
[2026-06-25T11:27:33.365Z] [INFO] [EXECUTION] [STASIS] BTC/USDT - Confidence too low (0.40). Holding.
[2026-06-25T11:27:35.810Z] [INFO] [SWARM] [ETH/USDT] $1631.11 | RSI: 46.8 | CONF: 0.00
[2026-06-25T11:27:35.810Z] [INFO] [EXECUTION] [STASIS] ETH/USDT - Confidence too low (0.00). Holding.
[2026-06-25T11:27:45.943Z] [INFO] [SYSTEM] --- INITIATING SOVEREIGN NODE SCAN ---
[2026-06-25T11:27:48.292Z] [INFO] [SWARM] [BTC/USDT] $61299 | RSI: 65.3 | CONF: 0.40
[2026-06-25T11:27:48.292Z] [INFO] [EXECUTION] [STASIS] BTC/USDT - Confidence too low (0.40). Holding.
[2026-06-25T11:27:50.640Z] [INFO] [SWARM] [ETH/USDT] $1631.11 | RSI: 46.8 | CONF: 0.00
[2026-06-25T11:27:50.640Z] [INFO] [EXECUTION] [STASIS] ETH/USDT - Confidence too low (0.00). Holding.
[2026-06-25T11:28:00.945Z] [INFO] [SYSTEM] --- INITIATING SOVEREIGN NODE SCAN ---
[2026-06-25T11:28:03.289Z] [INFO] [SWARM] [BTC/USDT] $61299 | RSI: 41.2 | CONF: 0.00
[2026-06-25T11:28:03.289Z] [INFO] [EXECUTION] [STASIS] BTC/USDT - Confidence too low (0.00). Holding.
[2026-06-25T11:28:05.643Z] [INFO] [SWARM] [ETH/USDT] $1631.11 | RSI: 21.0 | CONF: 0.30
[2026-06-25T11:28:05.643Z] [INFO] [EXECUTION] [STASIS] ETH/USDT - Confidence too low (0.30). Holding.
[2026-06-25T11:28:15.945Z] [INFO] [SYSTEM] --- INITIATING SOVEREIGN NODE SCAN ---
[2026-06-25T11:28:18.217Z] [INFO] [SWARM] [BTC/USDT] $61299 | RSI: 41.2 | CONF: 0.00
[2026-06-25T11:28:18.217Z] [INFO] [EXECUTION] [STASIS] BTC/USDT - Confidence too low (0.00). Holding.
[2026-06-25T11:28:20.802Z] [INFO] [SWARM] [ETH/USDT] $1631.11 | RSI: 21.0 | CONF: 0.30
[2026-06-25T11:28:20.802Z] [INFO] [EXECUTION] [STASIS] ETH/USDT - Confidence too low (0.30). Holding.
[2026-06-25T11:28:30.945Z] [INFO] [SYSTEM] --- INITIATING SOVEREIGN NODE SCAN ---
[2026-06-25T11:28:33.285Z] [INFO] [SWARM] [BTC/USDT] $61299 | RSI: 41.2 | CONF: 0.00
[2026-06-25T11:28:33.286Z] [INFO] [EXECUTION] [STASIS] BTC/USDT - Confidence too low (0.00). Holding.
[2026-06-25T11:28:35.631Z] [INFO] [SWARM] [ETH/USDT] $1631.11 | RSI: 21.0 | CONF: 0.30
[2026-06-25T11:28:35.632Z] [INFO] [EXECUTION] [STASIS] ETH/USDT - Confidence too low (0.30). Holding.
[2026-06-25T11:28:45.945Z] [INFO] [SYSTEM] --- INITIATING SOVEREIGN NODE SCAN ---
[2026-06-25T11:28:48.296Z] [INFO] [SWARM] [BTC/USDT] $61299 | RSI: 41.2 | CONF: 0.00
[2026-06-25T11:28:48.296Z] [INFO] [EXECUTION] [STASIS] BTC/USDT - Confidence too low (0.00). Holding.
[2026-06-25T11:28:50.640Z] [INFO] [SWARM] [ETH/USDT] $1631.11 | RSI: 21.0 | CONF: 0.30
[2026-06-25T11:28:50.640Z] [INFO] [EXECUTION] [STASIS] ETH/USDT - Confidence too low (0.30). Holding.
[2026-06-25T11:29:00.946Z] [INFO] [SYSTEM] --- INITIATING SOVEREIGN NODE SCAN ---
[2026-06-25T11:29:03.289Z] [INFO] [SWARM] [BTC/USDT] $61299 | RSI: 24.0 | CONF: 0.30
[2026-06-25T11:29:03.289Z] [INFO] [EXECUTION] [STASIS] BTC/USDT - Confidence too low (0.30). Holding.
[2026-06-25T11:29:05.721Z] [INFO] [SWARM] [ETH/USDT] $1631.11 | RSI: 21.0 | CONF: 0.30
[2026-06-25T11:29:05.721Z] [INFO] [EXECUTION] [STASIS] ETH/USDT - Confidence too low (0.30). Holding.
[2026-06-25T11:29:15.946Z] [INFO] [SYSTEM] --- INITIATING SOVEREIGN NODE SCAN ---
[2026-06-25T11:29:18.265Z] [INFO] [SWARM] [BTC/USDT] $61299 | RSI: 24.0 | CONF: 0.30
[2026-06-25T11:29:18.266Z] [INFO] [EXECUTION] [STASIS] BTC/USDT - Confidence too low (0.30). Holding.
[2026-06-25T11:29:20.613Z] [INFO] [SWARM] [ETH/USDT] $1631.11 | RSI: 21.0 | CONF: 0.30
[2026-06-25T11:29:20.613Z] [INFO] [EXECUTION] [STASIS] ETH/USDT - Confidence too low (0.30). Holding.
[2026-06-25T11:29:30.946Z] [INFO] [SYSTEM] --- INITIATING SOVEREIGN NODE SCAN ---
[2026-06-25T11:29:33.214Z] [INFO] [SWARM] [BTC/USDT] $61299 | RSI: 24.0 | CONF: 0.30
[2026-06-25T11:29:33.214Z] [INFO] [EXECUTION] [STASIS] BTC/USDT - Confidence too low (0.30). Holding.
[2026-06-25T11:29:35.473Z] [INFO] [SWARM] [ETH/USDT] $1631.11 | RSI: 21.0 | CONF: 0.30
[2026-06-25T11:29:35.473Z] [INFO] [EXECUTION] [STASIS] ETH/USDT - Confidence too low (0.30). Holding.
[2026-06-25T11:29:45.948Z] [INFO] [SYSTEM] --- INITIATING SOVEREIGN NODE SCAN ---
[2026-06-25T11:29:48.416Z] [INFO] [SWARM] [BTC/USDT] $61299 | RSI: 24.0 | CONF: 0.30
[2026-06-25T11:29:48.416Z] [INFO] [EXECUTION] [STASIS] BTC/USDT - Confidence too low (0.30). Holding.
[2026-06-25T11:29:50.844Z] [INFO] [SWARM] [ETH/USDT] $1631.11 | RSI: 21.0 | CONF: 0.30
[2026-06-25T11:29:50.844Z] [INFO] [EXECUTION] [STASIS] ETH/USDT - Confidence too low (0.30). Holding.
[2026-06-25T11:30:00.949Z] [INFO] [SYSTEM] --- INITIATING SOVEREIGN NODE SCAN ---
[2026-06-25T11:30:03.293Z] [INFO] [SWARM] [BTC/USDT] $61299 | RSI: 26.3 | CONF: 0.30
[2026-06-25T11:30:03.293Z] [INFO] [EXECUTION] [STASIS] BTC/USDT - Confidence too low (0.30). Holding.
[2026-06-25T11:30:05.723Z] [INFO] [SWARM] [ETH/USDT] $1631.11 | RSI: 27.4 | CONF: 0.30
[2026-06-25T11:30:05.723Z] [INFO] [EXECUTION] [STASIS] ETH/USDT - Confidence too low (0.30). Holding.
[2026-06-25T11:30:15.950Z] [INFO] [SYSTEM] --- INITIATING SOVEREIGN NODE SCAN ---
[2026-06-25T11:30:18.288Z] [INFO] [SWARM] [BTC/USDT] $61265.4 | RSI: 22.2 | CONF: 0.30
[2026-06-25T11:30:18.288Z] [INFO] [EXECUTION] [STASIS] BTC/USDT - Confidence too low (0.30). Holding.
[2026-06-25T11:30:20.634Z] [INFO] [SWARM] [ETH/USDT] $1631.66 | RSI: 31.9 | CONF: 0.00
[2026-06-25T11:30:20.635Z] [INFO] [EXECUTION] [STASIS] ETH/USDT - Confidence too low (0.00). Holding.
[2026-06-25T11:30:30.951Z] [INFO] [SYSTEM] --- INITIATING SOVEREIGN NODE SCAN ---
[2026-06-25T11:30:33.302Z] [INFO] [SWARM] [BTC/USDT] $61265.4 | RSI: 22.2 | CONF: 0.30
[2026-06-25T11:30:33.302Z] [INFO] [EXECUTION] [STASIS] BTC/USDT - Confidence too low (0.30). Holding.
[2026-06-25T11:30:35.640Z] [INFO] [SWARM] [ETH/USDT] $1631.66 | RSI: 31.9 | CONF: 0.00
[2026-06-25T11:30:35.640Z] [INFO] [EXECUTION] [STASIS] ETH/USDT - Confidence too low (0.00). Holding.
[2026-06-25T11:30:45.951Z] [INFO] [SYSTEM] --- INITIATING SOVEREIGN NODE SCAN ---
[2026-06-25T11:30:48.220Z] [INFO] [SWARM] [BTC/USDT] $61265.4 | RSI: 22.2 | CONF: 0.30
[2026-06-25T11:30:48.220Z] [INFO] [EXECUTION] [STASIS] BTC/USDT - Confidence too low (0.30). Holding.
[2026-06-25T11:30:50.567Z] [INFO] [SWARM] [ETH/USDT] $1631.66 | RSI: 31.9 | CONF: 0.00
[2026-06-25T11:30:50.567Z] [INFO] [EXECUTION] [STASIS] ETH/USDT - Confidence too low (0.00). Holding.
[2026-06-25T11:31:00.952Z] [INFO] [SYSTEM] --- INITIATING SOVEREIGN NODE SCAN ---
[2026-06-25T11:31:03.387Z] [INFO] [SWARM] [BTC/USDT] $61265.4 | RSI: 25.5 | CONF: 0.30
[2026-06-25T11:31:03.388Z] [INFO] [EXECUTION] [STASIS] BTC/USDT - Confidence too low (0.30). Holding.
[2026-06-25T11:31:05.760Z] [INFO] [SWARM] [ETH/USDT] $1631.66 | RSI: 31.9 | CONF: 0.00
[2026-06-25T11:31:05.761Z] [INFO] [EXECUTION] [STASIS] ETH/USDT - Confidence too low (0.00). Holding.
[2026-06-25T11:31:15.953Z] [INFO] [SYSTEM] --- INITIATING SOVEREIGN NODE SCAN ---
[2026-06-25T11:31:18.264Z] [INFO] [SWARM] [BTC/USDT] $61287.1 | RSI: 33.2 | CONF: 0.00
[2026-06-25T11:31:18.264Z] [INFO] [EXECUTION] [STASIS] BTC/USDT - Confidence too low (0.00). Holding.
[2026-06-25T11:31:20.630Z] [INFO] [SWARM] [ETH/USDT] $1631.66 | RSI: 31.9 | CONF: 0.00
[2026-06-25T11:31:20.631Z] [INFO] [EXECUTION] [STASIS] ETH/USDT - Confidence too low (0.00). Holding.
[2026-06-25T11:31:30.954Z] [INFO] [SYSTEM] --- INITIATING SOVEREIGN NODE SCAN ---
[2026-06-25T11:31:33.224Z] [INFO] [SWARM] [BTC/USDT] $61287.1 | RSI: 33.2 | CONF: 0.00
[2026-06-25T11:31:33.224Z] [INFO] [EXECUTION] [STASIS] BTC/USDT - Confidence too low (0.00). Holding.
[2026-06-25T11:31:35.644Z] [INFO] [SWARM] [ETH/USDT] $1632.36 | RSI: 36.9 | CONF: 0.00
[2026-06-25T11:31:35.645Z] [INFO] [EXECUTION] [STASIS] ETH/USDT - Confidence too low (0.00). Holding.
[2026-06-25T11:31:45.955Z] [INFO] [SYSTEM] --- INITIATING SOVEREIGN NODE SCAN ---
[2026-06-25T11:31:48.306Z] [INFO] [SWARM] [BTC/USDT] $61287.1 | RSI: 33.2 | CONF: 0.00
[2026-06-25T11:31:48.306Z] [INFO] [EXECUTION] [STASIS] BTC/USDT - Confidence too low (0.00). Holding.
[2026-06-25T11:31:50.655Z] [INFO] [SWARM] [ETH/USDT] $1632.36 | RSI: 36.9 | CONF: 0.00
[2026-06-25T11:31:50.656Z] [INFO] [EXECUTION] [STASIS] ETH/USDT - Confidence too low (0.00). Holding.
[2026-06-25T11:32:00.957Z] [INFO] [SYSTEM] --- INITIATING SOVEREIGN NODE SCAN ---
[2026-06-25T11:32:03.223Z] [INFO] [SWARM] [BTC/USDT] $61287.1 | RSI: 31.6 | CONF: 0.00
[2026-06-25T11:32:03.223Z] [INFO] [EXECUTION] [STASIS] BTC/USDT - Confidence too low (0.00). Holding.
[2026-06-25T11:32:05.571Z] [INFO] [SWARM] [ETH/USDT] $1632.36 | RSI: 56.0 | CONF: 0.00
[2026-06-25T11:32:05.571Z] [INFO] [EXECUTION] [STASIS] ETH/USDT - Confidence too low (0.00). Holding.
[2026-06-25T11:32:15.957Z] [INFO] [SYSTEM] --- INITIATING SOVEREIGN NODE SCAN ---
[2026-06-25T11:32:18.324Z] [INFO] [SWARM] [BTC/USDT] $61286.6 | RSI: 31.5 | CONF: 0.00
[2026-06-25T11:32:18.324Z] [INFO] [EXECUTION] [STASIS] BTC/USDT - Confidence too low (0.00). Holding.
[2026-06-25T11:32:20.671Z] [INFO] [SWARM] [ETH/USDT] $1632.36 | RSI: 56.0 | CONF: 0.00
[2026-06-25T11:32:20.672Z] [INFO] [EXECUTION] [STASIS] ETH/USDT - Confidence too low (0.00). Holding.
[2026-06-25T11:32:30.958Z] [INFO] [SYSTEM] --- INITIATING SOVEREIGN NODE SCAN ---
[2026-06-25T11:32:33.301Z] [INFO] [SWARM] [BTC/USDT] $61286.6 | RSI: 31.5 | CONF: 0.00
[2026-06-25T11:32:33.301Z] [INFO] [EXECUTION] [STASIS] BTC/USDT - Confidence too low (0.00). Holding.
[2026-06-25T11:32:35.645Z] [INFO] [SWARM] [ETH/USDT] $1632.36 | RSI: 56.0 | CONF: 0.00
[2026-06-25T11:32:35.646Z] [INFO] [EXECUTION] [STASIS] ETH/USDT - Confidence too low (0.00). Holding.
[2026-06-25T11:32:45.960Z] [INFO] [SYSTEM] --- INITIATING SOVEREIGN NODE SCAN ---
[2026-06-25T11:32:48.325Z] [INFO] [SWARM] [BTC/USDT] $61286.6 | RSI: 31.5 | CONF: 0.00
[2026-06-25T11:32:48.326Z] [INFO] [EXECUTION] [STASIS] BTC/USDT - Confidence too low (0.00). Holding.
[2026-06-25T11:32:50.678Z] [INFO] [SWARM] [ETH/USDT] $1632.36 | RSI: 56.0 | CONF: 0.00
[2026-06-25T11:32:50.678Z] [INFO] [EXECUTION] [STASIS] ETH/USDT - Confidence too low (0.00). Holding.
[2026-06-25T11:33:00.960Z] [INFO] [SYSTEM] --- INITIATING SOVEREIGN NODE SCAN ---
[2026-06-25T11:33:03.347Z] [INFO] [SWARM] [BTC/USDT] $61286.6 | RSI: 31.5 | CONF: 0.00
[2026-06-25T11:33:03.347Z] [INFO] [EXECUTION] [STASIS] BTC/USDT - Confidence too low (0.00). Holding.
[2026-06-25T11:33:05.787Z] [INFO] [SWARM] [ETH/USDT] $1632.36 | RSI: 50.3 | CONF: 0.00
[2026-06-25T11:33:05.787Z] [INFO] [EXECUTION] [STASIS] ETH/USDT - Confidence too low (0.00). Holding.
[2026-06-25T11:33:15.961Z] [INFO] [SYSTEM] --- INITIATING SOVEREIGN NODE SCAN ---
[2026-06-25T11:33:18.309Z] [INFO] [SWARM] [BTC/USDT] $61271.4 | RSI: 29.3 | CONF: 0.30
[2026-06-25T11:33:18.309Z] [INFO] [EXECUTION] [STASIS] BTC/USDT - Confidence too low (0.30). Holding.
[2026-06-25T11:33:20.665Z] [INFO] [SWARM] [ETH/USDT] $1632.36 | RSI: 50.3 | CONF: 0.00
[2026-06-25T11:33:20.666Z] [INFO] [EXECUTION] [STASIS] ETH/USDT - Confidence too low (0.00). Holding.
[2026-06-25T11:33:30.962Z] [INFO] [SYSTEM] --- INITIATING SOVEREIGN NODE SCAN ---
[2026-06-25T11:33:33.305Z] [INFO] [SWARM] [BTC/USDT] $61271.4 | RSI: 29.3 | CONF: 0.30
[2026-06-25T11:33:33.305Z] [INFO] [EXECUTION] [STASIS] BTC/USDT - Confidence too low (0.30). Holding.
[2026-06-25T11:33:35.644Z] [INFO] [SWARM] [ETH/USDT] $1632.36 | RSI: 50.3 | CONF: 0.00
[2026-06-25T11:33:35.644Z] [INFO] [EXECUTION] [STASIS] ETH/USDT - Confidence too low (0.00). Holding.
[2026-06-25T11:33:45.963Z] [INFO] [SYSTEM] --- INITIATING SOVEREIGN NODE SCAN ---
[2026-06-25T11:33:48.278Z] [INFO] [SWARM] [BTC/USDT] $61271.4 | RSI: 29.3 | CONF: 0.30
[2026-06-25T11:33:48.278Z] [INFO] [EXECUTION] [STASIS] BTC/USDT - Confidence too low (0.30). Holding.
[2026-06-25T11:33:50.605Z] [INFO] [SWARM] [ETH/USDT] $1632.36 | RSI: 50.3 | CONF: 0.00
[2026-06-25T11:33:50.605Z] [INFO] [EXECUTION] [STASIS] ETH/USDT - Confidence too low (0.00). Holding.
[2026-06-25T11:34:00.965Z] [INFO] [SYSTEM] --- INITIATING SOVEREIGN NODE SCAN ---
[2026-06-25T11:34:03.306Z] [INFO] [SWARM] [BTC/USDT] $61271.4 | RSI: 29.3 | CONF: 0.30
[2026-06-25T11:34:03.307Z] [INFO] [EXECUTION] [STASIS] BTC/USDT - Confidence too low (0.30). Holding.
[2026-06-25T11:34:05.650Z] [INFO] [SWARM] [ETH/USDT] $1632.36 | RSI: 41.8 | CONF: 0.00
[2026-06-25T11:34:05.650Z] [INFO] [EXECUTION] [STASIS] ETH/USDT - Confidence too low (0.00). Holding.
[2026-06-25T11:34:15.965Z] [INFO] [SYSTEM] --- INITIATING SOVEREIGN NODE SCAN ---
[2026-06-25T11:34:18.314Z] [INFO] [SWARM] [BTC/USDT] $61274.8 | RSI: 30.4 | CONF: 0.00
[2026-06-25T11:34:18.314Z] [INFO] [EXECUTION] [STASIS] BTC/USDT - Confidence too low (0.00). Holding.
[2026-06-25T11:34:20.662Z] [INFO] [SWARM] [ETH/USDT] $1632.36 | RSI: 41.8 | CONF: 0.00
[2026-06-25T11:34:20.662Z] [INFO] [EXECUTION] [STASIS] ETH/USDT - Confidence too low (0.00). Holding.
[2026-06-25T11:34:30.966Z] [INFO] [SYSTEM] --- INITIATING SOVEREIGN NODE SCAN ---
[2026-06-25T11:34:33.354Z] [INFO] [SWARM] [BTC/USDT] $61274.8 | RSI: 30.4 | CONF: 0.00
[2026-06-25T11:34:33.355Z] [INFO] [EXECUTION] [STASIS] BTC/USDT - Confidence too low (0.00). Holding.
[2026-06-25T11:34:35.720Z] [INFO] [SWARM] [ETH/USDT] $1632.36 | RSI: 41.8 | CONF: 0.00
[2026-06-25T11:34:35.720Z] [INFO] [EXECUTION] [STASIS] ETH/USDT - Confidence too low (0.00). Holding.
[2026-06-25T11:34:45.967Z] [INFO] [SYSTEM] --- INITIATING SOVEREIGN NODE SCAN ---
[2026-06-25T11:34:48.319Z] [INFO] [SWARM] [BTC/USDT] $61274.8 | RSI: 30.4 | CONF: 0.00
[2026-06-25T11:34:48.322Z] [INFO] [EXECUTION] [STASIS] BTC/USDT - Confidence too low (0.00). Holding.
[2026-06-25T11:34:50.668Z] [INFO] [SWARM] [ETH/USDT] $1632.36 | RSI: 41.8 | CONF: 0.00
[2026-06-25T11:34:50.668Z] [INFO] [EXECUTION] [STASIS] ETH/USDT - Confidence too low (0.00). Holding.
[2026-06-25T11:35:00.967Z] [INFO] [SYSTEM] --- INITIATING SOVEREIGN NODE SCAN ---
[2026-06-25T11:35:03.310Z] [INFO] [SWARM] [BTC/USDT] $61274.8 | RSI: 41.2 | CONF: 0.00
[2026-06-25T11:35:03.310Z] [INFO] [EXECUTION] [STASIS] BTC/USDT - Confidence too low (0.00). Holding.
[2026-06-25T11:35:05.658Z] [INFO] [SWARM] [ETH/USDT] $1632.36 | RSI: 41.8 | CONF: 0.00
[2026-06-25T11:35:05.658Z] [INFO] [EXECUTION] [STASIS] ETH/USDT - Confidence too low (0.00). Holding.
[2026-06-25T11:35:15.967Z] [INFO] [SYSTEM] --- INITIATING SOVEREIGN NODE SCAN ---
[2026-06-25T11:35:18.313Z] [INFO] [SWARM] [BTC/USDT] $61273.9 | RSI: 41.0 | CONF: 0.00
[2026-06-25T11:35:18.313Z] [INFO] [EXECUTION] [STASIS] BTC/USDT - Confidence too low (0.00). Holding.
[2026-06-25T11:35:20.742Z] [INFO] [SWARM] [ETH/USDT] $1632.36 | RSI: 41.8 | CONF: 0.00
[2026-06-25T11:35:20.742Z] [INFO] [EXECUTION] [STASIS] ETH/USDT - Confidence too low (0.00). Holding.
[2026-06-25T11:35:30.967Z] [INFO] [SYSTEM] --- INITIATING SOVEREIGN NODE SCAN ---
[2026-06-25T11:35:33.306Z] [INFO] [SWARM] [BTC/USDT] $61273.3 | RSI: 40.9 | CONF: 0.00
[2026-06-25T11:35:33.306Z] [INFO] [EXECUTION] [STASIS] BTC/USDT - Confidence too low (0.00). Holding.
[2026-06-25T11:35:35.650Z] [INFO] [SWARM] [ETH/USDT] $1632.36 | RSI: 41.8 | CONF: 0.00
[2026-06-25T11:35:35.650Z] [INFO] [EXECUTION] [STASIS] ETH/USDT - Confidence too low (0.00). Holding.
[2026-06-25T11:35:45.969Z] [INFO] [SYSTEM] --- INITIATING SOVEREIGN NODE SCAN ---
[2026-06-25T11:35:48.239Z] [INFO] [SWARM] [BTC/USDT] $61273.3 | RSI: 40.9 | CONF: 0.00
[2026-06-25T11:35:48.239Z] [INFO] [EXECUTION] [STASIS] BTC/USDT - Confidence too low (0.00). Holding.
[2026-06-25T11:35:50.583Z] [INFO] [SWARM] [ETH/USDT] $1632.23 | RSI: 40.7 | CONF: 0.00
[2026-06-25T11:35:50.584Z] [INFO] [EXECUTION] [STASIS] ETH/USDT - Confidence too low (0.00). Holding.
[2026-06-25T11:36:00.969Z] [INFO] [SYSTEM] --- INITIATING SOVEREIGN NODE SCAN ---
[2026-06-25T11:36:03.313Z] [INFO] [SWARM] [BTC/USDT] $61273.3 | RSI: 36.9 | CONF: 0.00
[2026-06-25T11:36:03.314Z] [INFO] [EXECUTION] [STASIS] BTC/USDT - Confidence too low (0.00). Holding.
[2026-06-25T11:36:05.662Z] [INFO] [SWARM] [ETH/USDT] $1632.23 | RSI: 40.7 | CONF: 0.00
[2026-06-25T11:36:05.662Z] [INFO] [EXECUTION] [STASIS] ETH/USDT - Confidence too low (0.00). Holding.
[2026-06-25T11:36:15.970Z] [INFO] [SYSTEM] --- INITIATING SOVEREIGN NODE SCAN ---
[2026-06-25T11:36:18.311Z] [INFO] [SWARM] [BTC/USDT] $61273.3 | RSI: 36.9 | CONF: 0.00
[2026-06-25T11:36:18.311Z] [INFO] [EXECUTION] [STASIS] BTC/USDT - Confidence too low (0.00). Holding.
[2026-06-25T11:36:20.662Z] [INFO] [SWARM] [ETH/USDT] $1632.23 | RSI: 40.7 | CONF: 0.00
[2026-06-25T11:36:20.662Z] [INFO] [EXECUTION] [STASIS] ETH/USDT - Confidence too low (0.00). Holding.
[2026-06-25T11:36:30.971Z] [INFO] [SYSTEM] --- INITIATING SOVEREIGN NODE SCAN ---
[2026-06-25T11:36:33.405Z] [INFO] [SWARM] [BTC/USDT] $61267 | RSI: 35.5 | CONF: 0.00
[2026-06-25T11:36:33.406Z] [INFO] [EXECUTION] [STASIS] BTC/USDT - Confidence too low (0.00). Holding.
[2026-06-25T11:36:35.755Z] [INFO] [SWARM] [ETH/USDT] $1632.23 | RSI: 40.7 | CONF: 0.00
[2026-06-25T11:36:35.755Z] [INFO] [EXECUTION] [STASIS] ETH/USDT - Confidence too low (0.00). Holding.
[2026-06-25T11:36:45.972Z] [INFO] [SYSTEM] --- INITIATING SOVEREIGN NODE SCAN ---
[2026-06-25T11:36:48.312Z] [INFO] [SWARM] [BTC/USDT] $61267 | RSI: 35.5 | CONF: 0.00
[2026-06-25T11:36:48.312Z] [INFO] [EXECUTION] [STASIS] BTC/USDT - Confidence too low (0.00). Holding.
[2026-06-25T11:36:50.762Z] [INFO] [SWARM] [ETH/USDT] $1632.23 | RSI: 40.7 | CONF: 0.00
[2026-06-25T11:36:50.762Z] [INFO] [EXECUTION] [STASIS] ETH/USDT - Confidence too low (0.00). Holding.
[2026-06-25T11:37:00.972Z] [INFO] [SYSTEM] --- INITIATING SOVEREIGN NODE SCAN ---
[2026-06-25T11:37:03.324Z] [INFO] [SWARM] [BTC/USDT] $61268.3 | RSI: 50.8 | CONF: 0.00
[2026-06-25T11:37:03.325Z] [INFO] [EXECUTION] [STASIS] BTC/USDT - Confidence too low (0.00). Holding.
[2026-06-25T11:37:05.666Z] [INFO] [SWARM] [ETH/USDT] $1632.23 | RSI: 40.7 | CONF: 0.00
[2026-06-25T11:37:05.666Z] [INFO] [EXECUTION] [STASIS] ETH/USDT - Confidence too low (0.00). Holding.
[2026-06-25T11:37:15.974Z] [INFO] [SYSTEM] --- INITIATING SOVEREIGN NODE SCAN ---
[2026-06-25T11:37:18.329Z] [INFO] [SWARM] [BTC/USDT] $61268.3 | RSI: 50.8 | CONF: 0.00
[2026-06-25T11:37:18.329Z] [INFO] [EXECUTION] [STASIS] BTC/USDT - Confidence too low (0.00). Holding.
[2026-06-25T11:37:20.682Z] [INFO] [SWARM] [ETH/USDT] $1632.23 | RSI: 40.7 | CONF: 0.00
[2026-06-25T11:37:20.682Z] [INFO] [EXECUTION] [STASIS] ETH/USDT - Confidence too low (0.00). Holding.
[2026-06-25T11:37:30.974Z] [INFO] [SYSTEM] --- INITIATING SOVEREIGN NODE SCAN ---
[2026-06-25T11:37:33.243Z] [INFO] [SWARM] [BTC/USDT] $61316.4 | RSI: 65.5 | CONF: 0.40
[2026-06-25T11:37:33.243Z] [INFO] [EXECUTION] [STASIS] BTC/USDT - Confidence too low (0.40). Holding.
[2026-06-25T11:37:35.587Z] [INFO] [SWARM] [ETH/USDT] $1632.23 | RSI: 40.7 | CONF: 0.00
[2026-06-25T11:37:35.587Z] [INFO] [EXECUTION] [STASIS] ETH/USDT - Confidence too low (0.00). Holding.
[2026-06-25T11:37:45.974Z] [INFO] [SYSTEM] --- INITIATING SOVEREIGN NODE SCAN ---
[2026-06-25T11:37:48.323Z] [INFO] [SWARM] [BTC/USDT] $61316.4 | RSI: 65.5 | CONF: 0.40
[2026-06-25T11:37:48.323Z] [INFO] [EXECUTION] [STASIS] BTC/USDT - Confidence too low (0.40). Holding.
[2026-06-25T11:37:50.672Z] [INFO] [SWARM] [ETH/USDT] $1632.23 | RSI: 40.7 | CONF: 0.00
[2026-06-25T11:37:50.672Z] [INFO] [EXECUTION] [STASIS] ETH/USDT - Confidence too low (0.00). Holding.
[2026-06-25T11:38:00.974Z] [INFO] [SYSTEM] --- INITIATING SOVEREIGN NODE SCAN ---
[2026-06-25T11:38:03.319Z] [INFO] [SWARM] [BTC/USDT] $61316.4 | RSI: 65.0 | CONF: 0.40
[2026-06-25T11:38:03.319Z] [INFO] [EXECUTION] [STASIS] BTC/USDT - Confidence too low (0.40). Holding.
[2026-06-25T11:38:05.661Z] [INFO] [SWARM] [ETH/USDT] $1632.23 | RSI: 93.9 | CONF: 0.00
[2026-06-25T11:38:05.662Z] [INFO] [EXECUTION] [STASIS] ETH/USDT - Confidence too low (0.00). Holding.
[2026-06-25T11:38:15.974Z] [INFO] [SYSTEM] --- INITIATING SOVEREIGN NODE SCAN ---
[2026-06-25T11:38:18.335Z] [INFO] [SWARM] [BTC/USDT] $61316.4 | RSI: 65.0 | CONF: 0.40
[2026-06-25T11:38:18.335Z] [INFO] [EXECUTION] [STASIS] BTC/USDT - Confidence too low (0.40). Holding.
[2026-06-25T11:38:20.675Z] [INFO] [SWARM] [ETH/USDT] $1632.23 | RSI: 93.9 | CONF: 0.00
[2026-06-25T11:38:20.675Z] [INFO] [EXECUTION] [STASIS] ETH/USDT - Confidence too low (0.00). Holding.
[2026-06-25T11:38:30.975Z] [INFO] [SYSTEM] --- INITIATING SOVEREIGN NODE SCAN ---
[2026-06-25T11:38:33.321Z] [INFO] [SWARM] [BTC/USDT] $61315.5 | RSI: 64.7 | CONF: 0.70
[2026-06-25T11:38:33.321Z] [TRADE] [EXECUTION] [PAPER TRADE] BUY 0.004077 BTC/USDT @ $61315.5
[2026-06-25T11:38:35.671Z] [INFO] [SWARM] [ETH/USDT] $1632.89 | RSI: 95.3 | CONF: 0.30
[2026-06-25T11:38:35.671Z] [INFO] [EXECUTION] [STASIS] ETH/USDT - Confidence too low (0.30). Holding.
[2026-06-25T11:38:45.975Z] [INFO] [SYSTEM] --- INITIATING SOVEREIGN NODE SCAN ---
[2026-06-25T11:38:48.323Z] [INFO] [SWARM] [BTC/USDT] $61315.5 | RSI: 64.7 | CONF: 0.70
[2026-06-25T11:38:48.323Z] [TRADE] [EXECUTION] [PAPER TRADE] BUY 0.004077 BTC/USDT @ $61315.5
[2026-06-25T11:38:50.668Z] [INFO] [SWARM] [ETH/USDT] $1632.89 | RSI: 95.3 | CONF: 0.30
[2026-06-25T11:38:50.668Z] [INFO] [EXECUTION] [STASIS] ETH/USDT - Confidence too low (0.30). Holding.
[2026-06-25T11:39:00.977Z] [INFO] [SYSTEM] --- INITIATING SOVEREIGN NODE SCAN ---
[2026-06-25T11:39:03.240Z] [INFO] [SWARM] [BTC/USDT] $61315.5 | RSI: 61.2 | CONF: 0.40
[2026-06-25T11:39:03.240Z] [INFO] [EXECUTION] [STASIS] BTC/USDT - Confidence too low (0.40). Holding.
[2026-06-25T11:39:05.587Z] [INFO] [SWARM] [ETH/USDT] $1632.89 | RSI: 95.3 | CONF: 0.00
[2026-06-25T11:39:05.587Z] [INFO] [EXECUTION] [STASIS] ETH/USDT - Confidence too low (0.00). Holding.
[2026-06-25T11:39:15.978Z] [INFO] [SYSTEM] --- INITIATING SOVEREIGN NODE SCAN ---
[2026-06-25T11:39:18.337Z] [INFO] [SWARM] [BTC/USDT] $61315.5 | RSI: 61.2 | CONF: 0.40
[2026-06-25T11:39:18.337Z] [INFO] [EXECUTION] [STASIS] BTC/USDT - Confidence too low (0.40). Holding.
[2026-06-25T11:39:20.681Z] [INFO] [SWARM] [ETH/USDT] $1632.89 | RSI: 95.3 | CONF: 0.00
[2026-06-25T11:39:20.681Z] [INFO] [EXECUTION] [STASIS] ETH/USDT - Confidence too low (0.00). Holding.
[2026-06-25T11:39:30.979Z] [INFO] [SYSTEM] --- INITIATING SOVEREIGN NODE SCAN ---
[2026-06-25T11:39:33.320Z] [INFO] [SWARM] [BTC/USDT] $61334.7 | RSI: 65.7 | CONF: 0.40
[2026-06-25T11:39:33.321Z] [INFO] [EXECUTION] [STASIS] BTC/USDT - Confidence too low (0.40). Holding.
[2026-06-25T11:39:35.830Z] [INFO] [SWARM] [ETH/USDT] $1632.89 | RSI: 95.3 | CONF: 0.00
[2026-06-25T11:39:35.830Z] [INFO] [EXECUTION] [STASIS] ETH/USDT - Confidence too low (0.00). Holding.
[2026-06-25T11:39:45.979Z] [INFO] [SYSTEM] --- INITIATING SOVEREIGN NODE SCAN ---
[2026-06-25T11:39:48.320Z] [INFO] [SWARM] [BTC/USDT] $61334.7 | RSI: 65.7 | CONF: 0.40
[2026-06-25T11:39:48.320Z] [INFO] [EXECUTION] [STASIS] BTC/USDT - Confidence too low (0.40). Holding.
[2026-06-25T11:39:50.671Z] [INFO] [SWARM] [ETH/USDT] $1632.89 | RSI: 95.3 | CONF: 0.00
[2026-06-25T11:39:50.671Z] [INFO] [EXECUTION] [STASIS] ETH/USDT - Confidence too low (0.00). Holding.
[2026-06-25T11:40:00.980Z] [INFO] [SYSTEM] --- INITIATING SOVEREIGN NODE SCAN ---
[2026-06-25T11:40:03.260Z] [INFO] [SWARM] [BTC/USDT] $61334.7 | RSI: 62.0 | CONF: 0.40
[2026-06-25T11:40:03.260Z] [INFO] [EXECUTION] [STASIS] BTC/USDT - Confidence too low (0.40). Holding.
[2026-06-25T11:40:05.606Z] [INFO] [SWARM] [ETH/USDT] $1632.89 | RSI: 93.6 | CONF: 0.00
[2026-06-25T11:40:05.606Z] [INFO] [EXECUTION] [STASIS] ETH/USDT - Confidence too low (0.00). Holding.
[2026-06-25T11:40:15.981Z] [INFO] [SYSTEM] --- INITIATING SOVEREIGN NODE SCAN ---
[2026-06-25T11:40:18.339Z] [INFO] [SWARM] [BTC/USDT] $61334.7 | RSI: 62.0 | CONF: 0.40
[2026-06-25T11:40:18.339Z] [INFO] [EXECUTION] [STASIS] BTC/USDT - Confidence too low (0.40). Holding.
[2026-06-25T11:40:20.685Z] [INFO] [SWARM] [ETH/USDT] $1633.8 | RSI: 95.6 | CONF: 0.30
[2026-06-25T11:40:20.685Z] [INFO] [EXECUTION] [STASIS] ETH/USDT - Confidence too low (0.30). Holding.
[2026-06-25T11:40:30.982Z] [INFO] [SYSTEM] --- INITIATING SOVEREIGN NODE SCAN ---
[2026-06-25T11:40:33.248Z] [INFO] [SWARM] [BTC/USDT] $61349.7 | RSI: 65.4 | CONF: 0.40
[2026-06-25T11:40:33.248Z] [INFO] [EXECUTION] [STASIS] BTC/USDT - Confidence too low (0.40). Holding.
[2026-06-25T11:40:35.602Z] [INFO] [SWARM] [ETH/USDT] $1633.8 | RSI: 95.6 | CONF: 0.30
[2026-06-25T11:40:35.602Z] [INFO] [EXECUTION] [STASIS] ETH/USDT - Confidence too low (0.30). Holding.
[2026-06-25T11:40:45.983Z] [INFO] [SYSTEM] --- INITIATING SOVEREIGN NODE SCAN ---
[2026-06-25T11:40:48.246Z] [INFO] [SWARM] [BTC/USDT] $61348.6 | RSI: 65.2 | CONF: 0.70
[2026-06-25T11:40:48.246Z] [TRADE] [EXECUTION] [PAPER TRADE] BUY 0.004075 BTC/USDT @ $61348.6
[2026-06-25T11:40:50.624Z] [INFO] [SWARM] [ETH/USDT] $1633.8 | RSI: 95.6 | CONF: 0.30
[2026-06-25T11:40:50.624Z] [INFO] [EXECUTION] [STASIS] ETH/USDT - Confidence too low (0.30). Holding.
[2026-06-25T11:41:00.983Z] [INFO] [SYSTEM] --- INITIATING SOVEREIGN NODE SCAN ---
[2026-06-25T11:41:03.323Z] [INFO] [SWARM] [BTC/USDT] $61341.9 | RSI: 63.7 | CONF: 0.40
[2026-06-25T11:41:03.323Z] [INFO] [EXECUTION] [STASIS] BTC/USDT - Confidence too low (0.40). Holding.
[2026-06-25T11:41:05.667Z] [INFO] [SWARM] [ETH/USDT] $1633.8 | RSI: 95.6 | CONF: 0.00
[2026-06-25T11:41:05.667Z] [INFO] [EXECUTION] [STASIS] ETH/USDT - Confidence too low (0.00). Holding.
[2026-06-25T11:41:15.983Z] [INFO] [SYSTEM] --- INITIATING SOVEREIGN NODE SCAN ---
[2026-06-25T11:41:18.292Z] [INFO] [SWARM] [BTC/USDT] $61341.9 | RSI: 63.7 | CONF: 0.40
[2026-06-25T11:41:18.293Z] [INFO] [EXECUTION] [STASIS] BTC/USDT - Confidence too low (0.40). Holding.
[2026-06-25T11:41:20.648Z] [INFO] [SWARM] [ETH/USDT] $1634.18 | RSI: 96.1 | CONF: 0.30
[2026-06-25T11:41:20.648Z] [INFO] [EXECUTION] [STASIS] ETH/USDT - Confidence too low (0.30). Holding.
[2026-06-25T11:41:30.984Z] [INFO] [SYSTEM] --- INITIATING SOVEREIGN NODE SCAN ---
[2026-06-25T11:41:33.325Z] [INFO] [SWARM] [BTC/USDT] $61355.2 | RSI: 72.2 | CONF: 0.00
[2026-06-25T11:41:33.325Z] [INFO] [EXECUTION] [STASIS] BTC/USDT - Confidence too low (0.00). Holding.
[2026-06-25T11:41:35.760Z] [INFO] [SWARM] [ETH/USDT] $1634.18 | RSI: 96.1 | CONF: 0.30
[2026-06-25T11:41:35.761Z] [INFO] [EXECUTION] [STASIS] ETH/USDT - Confidence too low (0.30). Holding.
[2026-06-25T11:41:45.984Z] [INFO] [SYSTEM] --- INITIATING SOVEREIGN NODE SCAN ---
[2026-06-25T11:41:48.331Z] [INFO] [SWARM] [BTC/USDT] $61389.6 | RSI: 72.2 | CONF: 0.00
[2026-06-25T11:41:48.331Z] [INFO] [EXECUTION] [STASIS] BTC/USDT - Confidence too low (0.00). Holding.
[2026-06-25T11:41:50.671Z] [INFO] [SWARM] [ETH/USDT] $1634.86 | RSI: 96.8 | CONF: 0.30
[2026-06-25T11:41:50.671Z] [INFO] [EXECUTION] [STASIS] ETH/USDT - Confidence too low (0.30). Holding.
[2026-06-25T11:42:00.984Z] [INFO] [SYSTEM] --- INITIATING SOVEREIGN NODE SCAN ---
[2026-06-25T11:42:03.336Z] [INFO] [SWARM] [BTC/USDT] $61389.6 | RSI: 72.2 | CONF: 0.00
[2026-06-25T11:42:03.337Z] [INFO] [EXECUTION] [STASIS] BTC/USDT - Confidence too low (0.00). Holding.
[2026-06-25T11:42:05.685Z] [INFO] [SWARM] [ETH/USDT] $1634.86 | RSI: 96.8 | CONF: 0.00
[2026-06-25T11:42:05.686Z] [INFO] [EXECUTION] [STASIS] ETH/USDT - Confidence too low (0.00). Holding.
[2026-06-25T11:42:15.985Z] [INFO] [SYSTEM] --- INITIATING SOVEREIGN NODE SCAN ---
[2026-06-25T11:42:18.325Z] [INFO] [SWARM] [BTC/USDT] $61389.6 | RSI: 72.2 | CONF: 0.00
[2026-06-25T11:42:18.326Z] [INFO] [EXECUTION] [STASIS] BTC/USDT - Confidence too low (0.00). Holding.
[2026-06-25T11:42:20.744Z] [INFO] [SWARM] [ETH/USDT] $1634.86 | RSI: 96.8 | CONF: 0.00
[2026-06-25T11:42:20.744Z] [INFO] [EXECUTION] [STASIS] ETH/USDT - Confidence too low (0.00). Holding.
[2026-06-25T11:42:30.985Z] [INFO] [SYSTEM] --- INITIATING SOVEREIGN NODE SCAN ---
[2026-06-25T11:42:33.344Z] [INFO] [SWARM] [BTC/USDT] $61389.6 | RSI: 72.2 | CONF: 0.00
[2026-06-25T11:42:33.344Z] [INFO] [EXECUTION] [STASIS] BTC/USDT - Confidence too low (0.00). Holding.
[2026-06-25T11:42:35.694Z] [INFO] [SWARM] [ETH/USDT] $1632.61 | RSI: 62.0 | CONF: 0.70
[2026-06-25T11:42:35.694Z] [TRADE] [EXECUTION] [PAPER TRADE] BUY 0.153129 ETH/USDT @ $1632.61
[2026-06-25T11:42:45.987Z] [INFO] [SYSTEM] --- INITIATING SOVEREIGN NODE SCAN ---
[2026-06-25T11:42:48.330Z] [INFO] [SWARM] [BTC/USDT] $61343.2 | RSI: 58.8 | CONF: 0.40
[2026-06-25T11:42:48.330Z] [INFO] [EXECUTION] [STASIS] BTC/USDT - Confidence too low (0.40). Holding.
[2026-06-25T11:42:50.674Z] [INFO] [SWARM] [ETH/USDT] $1632.61 | RSI: 62.0 | CONF: 0.70
[2026-06-25T11:42:50.674Z] [TRADE] [EXECUTION] [PAPER TRADE] BUY 0.153129 ETH/USDT @ $1632.61
[2026-06-25T11:43:00.987Z] [INFO] [SYSTEM] --- INITIATING SOVEREIGN NODE SCAN ---
[2026-06-25T11:43:03.334Z] [INFO] [SWARM] [BTC/USDT] $61326.3 | RSI: 55.1 | CONF: 0.40
[2026-06-25T11:43:03.334Z] [INFO] [EXECUTION] [STASIS] BTC/USDT - Confidence too low (0.40). Holding.
[2026-06-25T11:43:05.758Z] [INFO] [SWARM] [ETH/USDT] $1632.61 | RSI: 62.0 | CONF: 0.40
[2026-06-25T11:43:05.758Z] [INFO] [EXECUTION] [STASIS] ETH/USDT - Confidence too low (0.40). Holding.
[2026-06-25T11:43:15.987Z] [INFO] [SYSTEM] --- INITIATING SOVEREIGN NODE SCAN ---
[2026-06-25T11:43:18.330Z] [INFO] [SWARM] [BTC/USDT] $61333.1 | RSI: 56.2 | CONF: 0.40
[2026-06-25T11:43:18.330Z] [INFO] [EXECUTION] [STASIS] BTC/USDT - Confidence too low (0.40). Holding.
[2026-06-25T11:43:20.750Z] [INFO] [SWARM] [ETH/USDT] $1632.41 | RSI: 60.1 | CONF: 0.70
[2026-06-25T11:43:20.751Z] [TRADE] [EXECUTION] [PAPER TRADE] BUY 0.153148 ETH/USDT @ $1632.41
[2026-06-25T11:43:30.987Z] [INFO] [SYSTEM] --- INITIATING SOVEREIGN NODE SCAN ---
[2026-06-25T11:43:33.328Z] [INFO] [SWARM] [BTC/USDT] $61333.1 | RSI: 56.2 | CONF: 0.40
[2026-06-25T11:43:33.329Z] [INFO] [EXECUTION] [STASIS] BTC/USDT - Confidence too low (0.40). Holding.
[2026-06-25T11:43:35.675Z] [INFO] [SWARM] [ETH/USDT] $1632.11 | RSI: 57.4 | CONF: 0.70
[2026-06-25T11:43:35.675Z] [TRADE] [EXECUTION] [PAPER TRADE] BUY 0.153176 ETH/USDT @ $1632.11
[2026-06-25T11:43:45.988Z] [INFO] [SYSTEM] --- INITIATING SOVEREIGN NODE SCAN ---
[2026-06-25T11:43:48.337Z] [INFO] [SWARM] [BTC/USDT] $61331.2 | RSI: 55.9 | CONF: 0.40
[2026-06-25T11:43:48.338Z] [INFO] [EXECUTION] [STASIS] BTC/USDT - Confidence too low (0.40). Holding.
[2026-06-25T11:43:50.767Z] [INFO] [SWARM] [ETH/USDT] $1632.11 | RSI: 57.4 | CONF: 0.70
[2026-06-25T11:43:50.767Z] [TRADE] [EXECUTION] [PAPER TRADE] BUY 0.153176 ETH/USDT @ $1632.11
[2026-06-25T11:44:00.989Z] [INFO] [SYSTEM] --- INITIATING SOVEREIGN NODE SCAN ---
[2026-06-25T11:44:03.372Z] [INFO] [SWARM] [BTC/USDT] $61331.2 | RSI: 63.8 | CONF: 0.40
[2026-06-25T11:44:03.372Z] [INFO] [EXECUTION] [STASIS] BTC/USDT - Confidence too low (0.40). Holding.
[2026-06-25T11:44:05.715Z] [INFO] [SWARM] [ETH/USDT] $1632.11 | RSI: 53.6 | CONF: 0.00
[2026-06-25T11:44:05.715Z] [INFO] [EXECUTION] [STASIS] ETH/USDT - Confidence too low (0.00). Holding.
[2026-06-25T11:44:15.990Z] [INFO] [SYSTEM] --- INITIATING SOVEREIGN NODE SCAN ---
[2026-06-25T11:44:18.332Z] [INFO] [SWARM] [BTC/USDT] $61331.2 | RSI: 63.8 | CONF: 0.40
[2026-06-25T11:44:18.333Z] [INFO] [EXECUTION] [STASIS] BTC/USDT - Confidence too low (0.40). Holding.
[2026-06-25T11:44:20.688Z] [INFO] [SWARM] [ETH/USDT] $1632.11 | RSI: 53.6 | CONF: 0.00
[2026-06-25T11:44:20.688Z] [INFO] [EXECUTION] [STASIS] ETH/USDT - Confidence too low (0.00). Holding.
[2026-06-25T11:44:30.991Z] [INFO] [SYSTEM] --- INITIATING SOVEREIGN NODE SCAN ---
[2026-06-25T11:44:33.283Z] [INFO] [SWARM] [BTC/USDT] $61331.2 | RSI: 63.8 | CONF: 0.40
[2026-06-25T11:44:33.283Z] [INFO] [EXECUTION] [STASIS] BTC/USDT - Confidence too low (0.40). Holding.
[2026-06-25T11:44:35.709Z] [INFO] [SWARM] [ETH/USDT] $1632.11 | RSI: 53.6 | CONF: 0.00
[2026-06-25T11:44:35.710Z] [INFO] [EXECUTION] [STASIS] ETH/USDT - Confidence too low (0.00). Holding.
[2026-06-25T11:44:45.991Z] [INFO] [SYSTEM] --- INITIATING SOVEREIGN NODE SCAN ---
[2026-06-25T11:44:48.272Z] [INFO] [SWARM] [BTC/USDT] $61331.2 | RSI: 63.8 | CONF: 0.40
[2026-06-25T11:44:48.272Z] [INFO] [EXECUTION] [STASIS] BTC/USDT - Confidence too low (0.40). Holding.
[2026-06-25T11:44:50.702Z] [INFO] [SWARM] [ETH/USDT] $1632.11 | RSI: 53.6 | CONF: 0.00
[2026-06-25T11:44:50.702Z] [INFO] [EXECUTION] [STASIS] ETH/USDT - Confidence too low (0.00). Holding.
[2026-06-25T11:45:00.991Z] [INFO] [SYSTEM] --- INITIATING SOVEREIGN NODE SCAN ---
[2026-06-25T11:45:03.339Z] [INFO] [SWARM] [BTC/USDT] $61331.2 | RSI: 60.2 | CONF: 0.40
[2026-06-25T11:45:03.340Z] [INFO] [EXECUTION] [STASIS] BTC/USDT - Confidence too low (0.40). Holding.
[2026-06-25T11:45:05.688Z] [INFO] [SWARM] [ETH/USDT] $1632.11 | RSI: 47.7 | CONF: 0.00
[2026-06-25T11:45:05.688Z] [INFO] [EXECUTION] [STASIS] ETH/USDT - Confidence too low (0.00). Holding.
[2026-06-25T11:45:15.993Z] [INFO] [SYSTEM] --- INITIATING SOVEREIGN NODE SCAN ---
[2026-06-25T11:45:18.337Z] [INFO] [SWARM] [BTC/USDT] $61331.2 | RSI: 60.2 | CONF: 0.40
[2026-06-25T11:45:18.337Z] [INFO] [EXECUTION] [STASIS] BTC/USDT - Confidence too low (0.40). Holding.
[2026-06-25T11:45:20.769Z] [INFO] [SWARM] [ETH/USDT] $1632.26 | RSI: 49.1 | CONF: 0.00
[2026-06-25T11:45:20.770Z] [INFO] [EXECUTION] [STASIS] ETH/USDT - Confidence too low (0.00). Holding.
[2026-06-25T11:45:30.994Z] [INFO] [SYSTEM] --- INITIATING SOVEREIGN NODE SCAN ---
[2026-06-25T11:45:33.345Z] [INFO] [SWARM] [BTC/USDT] $61331.2 | RSI: 60.2 | CONF: 0.40
[2026-06-25T11:45:33.346Z] [INFO] [EXECUTION] [STASIS] BTC/USDT - Confidence too low (0.40). Holding.
[2026-06-25T11:45:35.778Z] [INFO] [SWARM] [ETH/USDT] $1632.26 | RSI: 49.1 | CONF: 0.00
[2026-06-25T11:45:35.778Z] [INFO] [EXECUTION] [STASIS] ETH/USDT - Confidence too low (0.00). Holding.
[2026-06-25T11:45:45.994Z] [INFO] [SYSTEM] --- INITIATING SOVEREIGN NODE SCAN ---
[2026-06-25T11:45:48.259Z] [INFO] [SWARM] [BTC/USDT] $61331.2 | RSI: 60.2 | CONF: 0.40
[2026-06-25T11:45:48.259Z] [INFO] [EXECUTION] [STASIS] BTC/USDT - Confidence too low (0.40). Holding.
[2026-06-25T11:45:50.598Z] [INFO] [SWARM] [ETH/USDT] $1632.26 | RSI: 49.1 | CONF: 0.00
[2026-06-25T11:45:50.598Z] [INFO] [EXECUTION] [STASIS] ETH/USDT - Confidence too low (0.00). Holding.
[2026-06-25T11:46:00.994Z] [INFO] [SYSTEM] --- INITIATING SOVEREIGN NODE SCAN ---
[2026-06-25T11:46:03.337Z] [INFO] [SWARM] [BTC/USDT] $61331.2 | RSI: 60.3 | CONF: 0.40
[2026-06-25T11:46:03.337Z] [INFO] [EXECUTION] [STASIS] BTC/USDT - Confidence too low (0.40). Holding.
[2026-06-25T11:46:05.840Z] [INFO] [SWARM] [ETH/USDT] $1632.26 | RSI: 49.1 | CONF: 0.00
[2026-06-25T11:46:05.841Z] [INFO] [EXECUTION] [STASIS] ETH/USDT - Confidence too low (0.00). Holding.
[2026-06-25T11:46:15.994Z] [INFO] [SYSTEM] --- INITIATING SOVEREIGN NODE SCAN ---
[2026-06-25T11:46:18.349Z] [INFO] [SWARM] [BTC/USDT] $61331.2 | RSI: 60.3 | CONF: 0.40
[2026-06-25T11:46:18.350Z] [INFO] [EXECUTION] [STASIS] BTC/USDT - Confidence too low (0.40). Holding.
[2026-06-25T11:46:20.786Z] [INFO] [SWARM] [ETH/USDT] $1632.26 | RSI: 49.1 | CONF: 0.00
[2026-06-25T11:46:20.786Z] [INFO] [EXECUTION] [STASIS] ETH/USDT - Confidence too low (0.00). Holding.
[2026-06-25T11:46:30.995Z] [INFO] [SYSTEM] --- INITIATING SOVEREIGN NODE SCAN ---
[2026-06-25T11:46:33.336Z] [INFO] [SWARM] [BTC/USDT] $61331.2 | RSI: 60.3 | CONF: 0.40
[2026-06-25T11:46:33.336Z] [INFO] [EXECUTION] [STASIS] BTC/USDT - Confidence too low (0.40). Holding.
[2026-06-25T11:46:35.681Z] [INFO] [SWARM] [ETH/USDT] $1632.26 | RSI: 49.1 | CONF: 0.00
[2026-06-25T11:46:35.681Z] [INFO] [EXECUTION] [STASIS] ETH/USDT - Confidence too low (0.00). Holding.
[2026-06-25T11:46:45.996Z] [INFO] [SYSTEM] --- INITIATING SOVEREIGN NODE SCAN ---
[2026-06-25T11:46:48.356Z] [INFO] [SWARM] [BTC/USDT] $61331.2 | RSI: 60.3 | CONF: 0.40
[2026-06-25T11:46:48.356Z] [INFO] [EXECUTION] [STASIS] BTC/USDT - Confidence too low (0.40). Holding.
[2026-06-25T11:46:50.735Z] [INFO] [SWARM] [ETH/USDT] $1632.26 | RSI: 49.1 | CONF: 0.00
[2026-06-25T11:46:50.736Z] [INFO] [EXECUTION] [STASIS] ETH/USDT - Confidence too low (0.00). Holding.
[2026-06-25T11:47:00.996Z] [INFO] [SYSTEM] --- INITIATING SOVEREIGN NODE SCAN ---
[2026-06-25T11:47:03.344Z] [INFO] [SWARM] [BTC/USDT] $61331.2 | RSI: 64.9 | CONF: 0.40
[2026-06-25T11:47:03.344Z] [INFO] [EXECUTION] [STASIS] BTC/USDT - Confidence too low (0.40). Holding.
[2026-06-25T11:47:05.768Z] [INFO] [SWARM] [ETH/USDT] $1632.26 | RSI: 49.1 | CONF: 0.00
[2026-06-25T11:47:05.768Z] [INFO] [EXECUTION] [STASIS] ETH/USDT - Confidence too low (0.00). Holding.
[2026-06-25T11:47:15.997Z] [INFO] [SYSTEM] --- INITIATING SOVEREIGN NODE SCAN ---
[2026-06-25T11:47:18.341Z] [INFO] [SWARM] [BTC/USDT] $61290 | RSI: 53.8 | CONF: 0.00
[2026-06-25T11:47:18.341Z] [INFO] [EXECUTION] [STASIS] BTC/USDT - Confidence too low (0.00). Holding.
[2026-06-25T11:47:20.681Z] [INFO] [SWARM] [ETH/USDT] $1632.26 | RSI: 49.1 | CONF: 0.00
[2026-06-25T11:47:20.682Z] [INFO] [EXECUTION] [STASIS] ETH/USDT - Confidence too low (0.00). Holding.
[2026-06-25T11:47:30.998Z] [INFO] [SYSTEM] --- INITIATING SOVEREIGN NODE SCAN ---
[2026-06-25T11:47:33.359Z] [INFO] [SWARM] [BTC/USDT] $61284.8 | RSI: 52.7 | CONF: 0.00
[2026-06-25T11:47:33.360Z] [INFO] [EXECUTION] [STASIS] BTC/USDT - Confidence too low (0.00). Holding.
[2026-06-25T11:47:35.827Z] [INFO] [SWARM] [ETH/USDT] $1632.26 | RSI: 49.1 | CONF: 0.00
[2026-06-25T11:47:35.827Z] [INFO] [EXECUTION] [STASIS] ETH/USDT - Confidence too low (0.00). Holding.
[2026-06-25T11:47:45.999Z] [INFO] [SYSTEM] --- INITIATING SOVEREIGN NODE SCAN ---
[2026-06-25T11:47:48.340Z] [INFO] [SWARM] [BTC/USDT] $61268.5 | RSI: 49.5 | CONF: 0.00
[2026-06-25T11:47:48.340Z] [INFO] [EXECUTION] [STASIS] BTC/USDT - Confidence too low (0.00). Holding.
[2026-06-25T11:47:50.761Z] [INFO] [SWARM] [ETH/USDT] $1632.26 | RSI: 49.1 | CONF: 0.00
[2026-06-25T11:47:50.761Z] [INFO] [EXECUTION] [STASIS] ETH/USDT - Confidence too low (0.00). Holding.
[2026-06-25T11:48:00.999Z] [INFO] [SYSTEM] --- INITIATING SOVEREIGN NODE SCAN ---
[2026-06-25T11:48:03.346Z] [INFO] [SWARM] [BTC/USDT] $61268.5 | RSI: 48.8 | CONF: 0.00
[2026-06-25T11:48:03.346Z] [INFO] [EXECUTION] [STASIS] BTC/USDT - Confidence too low (0.00). Holding.
[2026-06-25T11:48:05.705Z] [INFO] [SWARM] [ETH/USDT] $1632.26 | RSI: 49.1 | CONF: 0.00
[2026-06-25T11:48:05.705Z] [INFO] [EXECUTION] [STASIS] ETH/USDT - Confidence too low (0.00). Holding.
[2026-06-25T11:48:16.000Z] [INFO] [SYSTEM] --- INITIATING SOVEREIGN NODE SCAN ---
[2026-06-25T11:48:18.350Z] [INFO] [SWARM] [BTC/USDT] $61268.5 | RSI: 48.8 | CONF: 0.00
[2026-06-25T11:48:18.350Z] [INFO] [EXECUTION] [STASIS] BTC/USDT - Confidence too low (0.00). Holding.
[2026-06-25T11:48:20.699Z] [INFO] [SWARM] [ETH/USDT] $1632.26 | RSI: 49.1 | CONF: 0.00
[2026-06-25T11:48:20.699Z] [INFO] [EXECUTION] [STASIS] ETH/USDT - Confidence too low (0.00). Holding.
[2026-06-25T11:48:31.002Z] [INFO] [SYSTEM] --- INITIATING SOVEREIGN NODE SCAN ---
[2026-06-25T11:48:33.351Z] [INFO] [SWARM] [BTC/USDT] $61268.5 | RSI: 48.8 | CONF: 0.00
[2026-06-25T11:48:33.351Z] [INFO] [EXECUTION] [STASIS] BTC/USDT - Confidence too low (0.00). Holding.
[2026-06-25T11:48:35.696Z] [INFO] [SWARM] [ETH/USDT] $1632.26 | RSI: 49.1 | CONF: 0.00
[2026-06-25T11:48:35.696Z] [INFO] [EXECUTION] [STASIS] ETH/USDT - Confidence too low (0.00). Holding.
[2026-06-25T11:48:46.002Z] [INFO] [SYSTEM] --- INITIATING SOVEREIGN NODE SCAN ---
[2026-06-25T11:48:48.350Z] [INFO] [SWARM] [BTC/USDT] $61268.5 | RSI: 48.8 | CONF: 0.00
[2026-06-25T11:48:48.350Z] [INFO] [EXECUTION] [STASIS] BTC/USDT - Confidence too low (0.00). Holding.
[2026-06-25T11:48:50.699Z] [INFO] [SWARM] [ETH/USDT] $1632.26 | RSI: 49.1 | CONF: 0.00
[2026-06-25T11:48:50.699Z] [INFO] [EXECUTION] [STASIS] ETH/USDT - Confidence too low (0.00). Holding.
[2026-06-25T11:49:01.002Z] [INFO] [SYSTEM] --- INITIATING SOVEREIGN NODE SCAN ---
[2026-06-25T11:49:03.369Z] [INFO] [SWARM] [BTC/USDT] $61268.5 | RSI: 49.1 | CONF: 0.00
[2026-06-25T11:49:03.369Z] [INFO] [EXECUTION] [STASIS] BTC/USDT - Confidence too low (0.00). Holding.
[2026-06-25T11:49:05.717Z] [INFO] [SWARM] [ETH/USDT] $1630.68 | RSI: 39.1 | CONF: 0.00
[2026-06-25T11:49:05.717Z] [INFO] [EXECUTION] [STASIS] ETH/USDT - Confidence too low (0.00). Holding.
[2026-06-25T11:49:16.003Z] [INFO] [SYSTEM] --- INITIATING SOVEREIGN NODE SCAN ---
[2026-06-25T11:49:18.345Z] [INFO] [SWARM] [BTC/USDT] $61268.5 | RSI: 41.8 | CONF: 0.00
[2026-06-25T11:49:18.345Z] [INFO] [EXECUTION] [STASIS] BTC/USDT - Confidence too low (0.00). Holding.
[2026-06-25T11:49:20.733Z] [INFO] [SWARM] [ETH/USDT] $1630.68 | RSI: 39.1 | CONF: 0.00
[2026-06-25T11:49:20.733Z] [INFO] [EXECUTION] [STASIS] ETH/USDT - Confidence too low (0.00). Holding.
[2026-06-25T11:49:31.003Z] [INFO] [SYSTEM] --- INITIATING SOVEREIGN NODE SCAN ---
[2026-06-25T11:49:33.354Z] [INFO] [SWARM] [BTC/USDT] $61196.2 | RSI: 37.6 | CONF: 0.00
[2026-06-25T11:49:33.355Z] [INFO] [EXECUTION] [STASIS] BTC/USDT - Confidence too low (0.00). Holding.
[2026-06-25T11:49:35.795Z] [INFO] [SWARM] [ETH/USDT] $1630.68 | RSI: 39.1 | CONF: 0.00
[2026-06-25T11:49:35.795Z] [INFO] [EXECUTION] [STASIS] ETH/USDT - Confidence too low (0.00). Holding.
[2026-06-25T11:49:46.003Z] [INFO] [SYSTEM] --- INITIATING SOVEREIGN NODE SCAN ---
[2026-06-25T11:49:48.369Z] [INFO] [SWARM] [BTC/USDT] $61189.8 | RSI: 37.6 | CONF: 0.00
[2026-06-25T11:49:48.370Z] [INFO] [EXECUTION] [STASIS] BTC/USDT - Confidence too low (0.00). Holding.
[2026-06-25T11:49:50.718Z] [INFO] [SWARM] [ETH/USDT] $1630.68 | RSI: 39.1 | CONF: 0.00
[2026-06-25T11:49:50.719Z] [INFO] [EXECUTION] [STASIS] ETH/USDT - Confidence too low (0.00). Holding.
[2026-06-25T11:50:01.004Z] [INFO] [SYSTEM] --- INITIATING SOVEREIGN NODE SCAN ---
[2026-06-25T11:50:03.361Z] [INFO] [SWARM] [BTC/USDT] $61189.8 | RSI: 38.2 | CONF: 0.00
[2026-06-25T11:50:03.361Z] [INFO] [EXECUTION] [STASIS] BTC/USDT - Confidence too low (0.00). Holding.
[2026-06-25T11:50:05.714Z] [INFO] [SWARM] [ETH/USDT] $1630.68 | RSI: 39.1 | CONF: 0.00
[2026-06-25T11:50:05.714Z] [INFO] [EXECUTION] [STASIS] ETH/USDT - Confidence too low (0.00). Holding.
[2026-06-25T11:50:16.006Z] [INFO] [SYSTEM] --- INITIATING SOVEREIGN NODE SCAN ---
[2026-06-25T11:50:18.352Z] [INFO] [SWARM] [BTC/USDT] $61189.8 | RSI: 38.2 | CONF: 0.00
[2026-06-25T11:50:18.353Z] [INFO] [EXECUTION] [STASIS] BTC/USDT - Confidence too low (0.00). Holding.
[2026-06-25T11:50:20.779Z] [INFO] [SWARM] [ETH/USDT] $1630.68 | RSI: 39.1 | CONF: 0.00
[2026-06-25T11:50:20.779Z] [INFO] [EXECUTION] [STASIS] ETH/USDT - Confidence too low (0.00). Holding.
[2026-06-25T11:50:31.006Z] [INFO] [SYSTEM] --- INITIATING SOVEREIGN NODE SCAN ---
[2026-06-25T11:50:33.343Z] [INFO] [SWARM] [BTC/USDT] $61189.8 | RSI: 38.2 | CONF: 0.00
[2026-06-25T11:50:33.343Z] [INFO] [EXECUTION] [STASIS] BTC/USDT - Confidence too low (0.00). Holding.
[2026-06-25T11:50:35.685Z] [INFO] [SWARM] [ETH/USDT] $1630.67 | RSI: 39.0 | CONF: 0.00
[2026-06-25T11:50:35.686Z] [INFO] [EXECUTION] [STASIS] ETH/USDT - Confidence too low (0.00). Holding.
[2026-06-25T11:50:46.006Z] [INFO] [SYSTEM] --- INITIATING SOVEREIGN NODE SCAN ---
[2026-06-25T11:50:48.272Z] [INFO] [SWARM] [BTC/USDT] $61237.6 | RSI: 46.0 | CONF: 0.00
[2026-06-25T11:50:48.272Z] [INFO] [EXECUTION] [STASIS] BTC/USDT - Confidence too low (0.00). Holding.
[2026-06-25T11:50:50.624Z] [INFO] [SWARM] [ETH/USDT] $1630.67 | RSI: 39.0 | CONF: 0.00
[2026-06-25T11:50:50.625Z] [INFO] [EXECUTION] [STASIS] ETH/USDT - Confidence too low (0.00). Holding.
[2026-06-25T11:51:01.007Z] [INFO] [SYSTEM] --- INITIATING SOVEREIGN NODE SCAN ---
[2026-06-25T11:51:03.443Z] [INFO] [SWARM] [BTC/USDT] $61237.6 | RSI: 38.1 | CONF: 0.00
[2026-06-25T11:51:03.444Z] [INFO] [EXECUTION] [STASIS] BTC/USDT - Confidence too low (0.00). Holding.
[2026-06-25T11:51:05.872Z] [INFO] [SWARM] [ETH/USDT] $1630.67 | RSI: 39.0 | CONF: 0.00
[2026-06-25T11:51:05.872Z] [INFO] [EXECUTION] [STASIS] ETH/USDT - Confidence too low (0.00). Holding.
[2026-06-25T11:51:16.008Z] [INFO] [SYSTEM] --- INITIATING SOVEREIGN NODE SCAN ---
[2026-06-25T11:51:18.348Z] [INFO] [SWARM] [BTC/USDT] $61237.6 | RSI: 38.1 | CONF: 0.00
[2026-06-25T11:51:18.348Z] [INFO] [EXECUTION] [STASIS] BTC/USDT - Confidence too low (0.00). Holding.
[2026-06-25T11:51:20.689Z] [INFO] [SWARM] [ETH/USDT] $1630.67 | RSI: 39.0 | CONF: 0.00
[2026-06-25T11:51:20.691Z] [INFO] [EXECUTION] [STASIS] ETH/USDT - Confidence too low (0.00). Holding.
[2026-06-25T11:51:31.008Z] [INFO] [SYSTEM] --- INITIATING SOVEREIGN NODE SCAN ---
[2026-06-25T11:51:33.384Z] [INFO] [SWARM] [BTC/USDT] $61237.6 | RSI: 38.1 | CONF: 0.00
[2026-06-25T11:51:33.385Z] [INFO] [EXECUTION] [STASIS] BTC/USDT - Confidence too low (0.00). Holding.
[2026-06-25T11:51:35.750Z] [INFO] [SWARM] [ETH/USDT] $1630.64 | RSI: 38.9 | CONF: 0.00
[2026-06-25T11:51:35.750Z] [INFO] [EXECUTION] [STASIS] ETH/USDT - Confidence too low (0.00). Holding.
[2026-06-25T11:51:46.008Z] [INFO] [SYSTEM] --- INITIATING SOVEREIGN NODE SCAN ---
[2026-06-25T11:51:48.354Z] [INFO] [SWARM] [BTC/USDT] $61237.6 | RSI: 38.1 | CONF: 0.00
[2026-06-25T11:51:48.354Z] [INFO] [EXECUTION] [STASIS] BTC/USDT - Confidence too low (0.00). Holding.
[2026-06-25T11:51:50.831Z] [INFO] [SWARM] [ETH/USDT] $1630.64 | RSI: 38.9 | CONF: 0.00
[2026-06-25T11:51:50.831Z] [INFO] [EXECUTION] [STASIS] ETH/USDT - Confidence too low (0.00). Holding.
[2026-06-25T11:52:01.010Z] [INFO] [SYSTEM] --- INITIATING SOVEREIGN NODE SCAN ---
[2026-06-25T11:52:03.356Z] [INFO] [SWARM] [BTC/USDT] $61237.6 | RSI: 38.3 | CONF: 0.00
[2026-06-25T11:52:03.356Z] [INFO] [EXECUTION] [STASIS] BTC/USDT - Confidence too low (0.00). Holding.
[2026-06-25T11:52:05.703Z] [INFO] [SWARM] [ETH/USDT] $1630.64 | RSI: 32.7 | CONF: 0.00
[2026-06-25T11:52:05.703Z] [INFO] [EXECUTION] [STASIS] ETH/USDT - Confidence too low (0.00). Holding.
[2026-06-25T11:52:16.011Z] [INFO] [SYSTEM] --- INITIATING SOVEREIGN NODE SCAN ---
[2026-06-25T11:52:18.358Z] [INFO] [SWARM] [BTC/USDT] $61237.6 | RSI: 38.3 | CONF: 0.00
[2026-06-25T11:52:18.359Z] [INFO] [EXECUTION] [STASIS] BTC/USDT - Confidence too low (0.00). Holding.
[2026-06-25T11:52:20.702Z] [INFO] [SWARM] [ETH/USDT] $1630.64 | RSI: 32.7 | CONF: 0.00
[2026-06-25T11:52:20.702Z] [INFO] [EXECUTION] [STASIS] ETH/USDT - Confidence too low (0.00). Holding.
[2026-06-25T11:52:31.011Z] [INFO] [SYSTEM] --- INITIATING SOVEREIGN NODE SCAN ---
[2026-06-25T11:52:33.356Z] [INFO] [SWARM] [BTC/USDT] $61237.6 | RSI: 38.3 | CONF: 0.00
[2026-06-25T11:52:33.357Z] [INFO] [EXECUTION] [STASIS] BTC/USDT - Confidence too low (0.00). Holding.
[2026-06-25T11:52:35.702Z] [INFO] [SWARM] [ETH/USDT] $1630.64 | RSI: 32.7 | CONF: 0.00
[2026-06-25T11:52:35.702Z] [INFO] [EXECUTION] [STASIS] ETH/USDT - Confidence too low (0.00). Holding.
[2026-06-25T11:52:46.012Z] [INFO] [SYSTEM] --- INITIATING SOVEREIGN NODE SCAN ---
[2026-06-25T11:52:48.365Z] [INFO] [SWARM] [BTC/USDT] $61237.6 | RSI: 38.3 | CONF: 0.00
[2026-06-25T11:52:48.365Z] [INFO] [EXECUTION] [STASIS] BTC/USDT - Confidence too low (0.00). Holding.
[2026-06-25T11:52:50.713Z] [INFO] [SWARM] [ETH/USDT] $1630.64 | RSI: 32.7 | CONF: 0.00
[2026-06-25T11:52:50.713Z] [INFO] [EXECUTION] [STASIS] ETH/USDT - Confidence too low (0.00). Holding.
[2026-06-25T11:53:01.013Z] [INFO] [SYSTEM] --- INITIATING SOVEREIGN NODE SCAN ---
[2026-06-25T11:53:03.363Z] [INFO] [SWARM] [BTC/USDT] $61237.6 | RSI: 32.5 | CONF: 0.00
[2026-06-25T11:53:03.363Z] [INFO] [EXECUTION] [STASIS] BTC/USDT - Confidence too low (0.00). Holding.
[2026-06-25T11:53:05.707Z] [INFO] [SWARM] [ETH/USDT] $1630.42 | RSI: 31.6 | CONF: 0.00
[2026-06-25T11:53:05.707Z] [INFO] [EXECUTION] [STASIS] ETH/USDT - Confidence too low (0.00). Holding.
[2026-06-25T11:53:16.013Z] [INFO] [SYSTEM] --- INITIATING SOVEREIGN NODE SCAN ---
[2026-06-25T11:53:18.362Z] [INFO] [SWARM] [BTC/USDT] $61218.4 | RSI: 32.5 | CONF: 0.00
[2026-06-25T11:53:18.362Z] [INFO] [EXECUTION] [STASIS] BTC/USDT - Confidence too low (0.00). Holding.
[2026-06-25T11:53:20.705Z] [INFO] [SWARM] [ETH/USDT] $1630.42 | RSI: 31.6 | CONF: 0.00
[2026-06-25T11:53:20.706Z] [INFO] [EXECUTION] [STASIS] ETH/USDT - Confidence too low (0.00). Holding.
[2026-06-25T11:53:31.014Z] [INFO] [SYSTEM] --- INITIATING SOVEREIGN NODE SCAN ---
[2026-06-25T11:53:33.375Z] [INFO] [SWARM] [BTC/USDT] $61208.3 | RSI: 31.5 | CONF: 0.00
[2026-06-25T11:53:33.375Z] [INFO] [EXECUTION] [STASIS] BTC/USDT - Confidence too low (0.00). Holding.
[2026-06-25T11:53:35.715Z] [INFO] [SWARM] [ETH/USDT] $1630.42 | RSI: 31.6 | CONF: 0.00
[2026-06-25T11:53:35.715Z] [INFO] [EXECUTION] [STASIS] ETH/USDT - Confidence too low (0.00). Holding.
[2026-06-25T11:53:46.015Z] [INFO] [SYSTEM] --- INITIATING SOVEREIGN NODE SCAN ---
[2026-06-25T11:53:48.367Z] [INFO] [SWARM] [BTC/USDT] $61208.3 | RSI: 31.5 | CONF: 0.00
[2026-06-25T11:53:48.367Z] [INFO] [EXECUTION] [STASIS] BTC/USDT - Confidence too low (0.00). Holding.
[2026-06-25T11:53:50.709Z] [INFO] [SWARM] [ETH/USDT] $1630.42 | RSI: 31.6 | CONF: 0.00
[2026-06-25T11:53:50.709Z] [INFO] [EXECUTION] [STASIS] ETH/USDT - Confidence too low (0.00). Holding.
[2026-06-25T11:54:01.016Z] [INFO] [SYSTEM] --- INITIATING SOVEREIGN NODE SCAN ---
[2026-06-25T11:54:03.515Z] [INFO] [SWARM] [BTC/USDT] $61208.3 | RSI: 30.0 | CONF: 0.00
[2026-06-25T11:54:03.515Z] [INFO] [EXECUTION] [STASIS] BTC/USDT - Confidence too low (0.00). Holding.
[2026-06-25T11:54:05.857Z] [INFO] [SWARM] [ETH/USDT] $1630.42 | RSI: 20.9 | CONF: 0.30
[2026-06-25T11:54:05.858Z] [INFO] [EXECUTION] [STASIS] ETH/USDT - Confidence too low (0.30). Holding.
[2026-06-25T11:54:16.016Z] [INFO] [SYSTEM] --- INITIATING SOVEREIGN NODE SCAN ---
[2026-06-25T11:54:18.360Z] [INFO] [SWARM] [BTC/USDT] $61208.3 | RSI: 30.0 | CONF: 0.00
[2026-06-25T11:54:18.361Z] [INFO] [EXECUTION] [STASIS] BTC/USDT - Confidence too low (0.00). Holding.
[2026-06-25T11:54:20.718Z] [INFO] [SWARM] [ETH/USDT] $1630.42 | RSI: 20.9 | CONF: 0.30
[2026-06-25T11:54:20.718Z] [INFO] [EXECUTION] [STASIS] ETH/USDT - Confidence too low (0.30). Holding.
[2026-06-25T11:54:31.018Z] [INFO] [SYSTEM] --- INITIATING SOVEREIGN NODE SCAN ---
[2026-06-25T11:54:33.359Z] [INFO] [SWARM] [BTC/USDT] $61208.3 | RSI: 30.0 | CONF: 0.00
[2026-06-25T11:54:33.359Z] [INFO] [EXECUTION] [STASIS] BTC/USDT - Confidence too low (0.00). Holding.
[2026-06-25T11:54:35.822Z] [INFO] [SWARM] [ETH/USDT] $1630.42 | RSI: 20.9 | CONF: 0.30
[2026-06-25T11:54:35.822Z] [INFO] [EXECUTION] [STASIS] ETH/USDT - Confidence too low (0.30). Holding.
[2026-06-25T11:54:46.019Z] [INFO] [SYSTEM] --- INITIATING SOVEREIGN NODE SCAN ---
[2026-06-25T11:54:48.371Z] [INFO] [SWARM] [BTC/USDT] $61208.3 | RSI: 30.0 | CONF: 0.00
[2026-06-25T11:54:48.372Z] [INFO] [EXECUTION] [STASIS] BTC/USDT - Confidence too low (0.00). Holding.
[2026-06-25T11:54:50.715Z] [INFO] [SWARM] [ETH/USDT] $1630.42 | RSI: 20.9 | CONF: 0.30
[2026-06-25T11:54:50.715Z] [INFO] [EXECUTION] [STASIS] ETH/USDT - Confidence too low (0.30). Holding.
[2026-06-25T11:55:01.020Z] [INFO] [SYSTEM] --- INITIATING SOVEREIGN NODE SCAN ---
[2026-06-25T11:55:03.365Z] [INFO] [SWARM] [BTC/USDT] $61208.3 | RSI: 18.4 | CONF: 0.30
[2026-06-25T11:55:03.365Z] [INFO] [EXECUTION] [STASIS] BTC/USDT - Confidence too low (0.30). Holding.
[2026-06-25T11:55:05.847Z] [INFO] [SWARM] [ETH/USDT] $1631.04 | RSI: 14.4 | CONF: 0.30
[2026-06-25T11:55:05.847Z] [INFO] [EXECUTION] [STASIS] ETH/USDT - Confidence too low (0.30). Holding.
[2026-06-25T11:55:16.021Z] [INFO] [SYSTEM] --- INITIATING SOVEREIGN NODE SCAN ---
[2026-06-25T11:55:18.367Z] [INFO] [SWARM] [BTC/USDT] $61208.3 | RSI: 18.4 | CONF: 0.30
[2026-06-25T11:55:18.367Z] [INFO] [EXECUTION] [STASIS] BTC/USDT - Confidence too low (0.30). Holding.
[2026-06-25T11:55:20.714Z] [INFO] [SWARM] [ETH/USDT] $1631.04 | RSI: 14.4 | CONF: 0.30
[2026-06-25T11:55:20.715Z] [INFO] [EXECUTION] [STASIS] ETH/USDT - Confidence too low (0.30). Holding.
[2026-06-25T11:55:31.022Z] [INFO] [SYSTEM] --- INITIATING SOVEREIGN NODE SCAN ---
[2026-06-25T11:55:33.747Z] [INFO] [SWARM] [BTC/USDT] $61190 | RSI: 17.3 | CONF: 0.30
[2026-06-25T11:55:33.748Z] [INFO] [EXECUTION] [STASIS] BTC/USDT - Confidence too low (0.30). Holding.
[2026-06-25T11:55:36.087Z] [INFO] [SWARM] [ETH/USDT] $1631.04 | RSI: 14.4 | CONF: 0.30
[2026-06-25T11:55:36.087Z] [INFO] [EXECUTION] [STASIS] ETH/USDT - Confidence too low (0.30). Holding.
[2026-06-25T11:55:46.023Z] [INFO] [SYSTEM] --- INITIATING SOVEREIGN NODE SCAN ---
[2026-06-25T11:55:48.296Z] [INFO] [SWARM] [BTC/USDT] $61190 | RSI: 17.3 | CONF: 0.30
[2026-06-25T11:55:48.296Z] [INFO] [EXECUTION] [STASIS] BTC/USDT - Confidence too low (0.30). Holding.
[2026-06-25T11:55:50.642Z] [INFO] [SWARM] [ETH/USDT] $1631.04 | RSI: 14.4 | CONF: 0.30
[2026-06-25T11:55:50.643Z] [INFO] [EXECUTION] [STASIS] ETH/USDT - Confidence too low (0.30). Holding.
[2026-06-25T11:56:01.023Z] [INFO] [SYSTEM] --- INITIATING SOVEREIGN NODE SCAN ---
[2026-06-25T11:56:03.370Z] [INFO] [SWARM] [BTC/USDT] $61246.7 | RSI: 34.8 | CONF: 0.00
[2026-06-25T11:56:03.371Z] [INFO] [EXECUTION] [STASIS] BTC/USDT - Confidence too low (0.00). Holding.
[2026-06-25T11:56:05.712Z] [INFO] [SWARM] [ETH/USDT] $1631.04 | RSI: 24.8 | CONF: 0.30
[2026-06-25T11:56:05.712Z] [INFO] [EXECUTION] [STASIS] ETH/USDT - Confidence too low (0.30). Holding.
[2026-06-25T11:56:16.024Z] [INFO] [SYSTEM] --- INITIATING SOVEREIGN NODE SCAN ---
[2026-06-25T11:56:18.369Z] [INFO] [SWARM] [BTC/USDT] $61246.7 | RSI: 34.8 | CONF: 0.00
[2026-06-25T11:56:18.369Z] [INFO] [EXECUTION] [STASIS] BTC/USDT - Confidence too low (0.00). Holding.
[2026-06-25T11:56:20.777Z] [INFO] [SWARM] [ETH/USDT] $1631.04 | RSI: 24.8 | CONF: 0.30
[2026-06-25T11:56:20.777Z] [INFO] [EXECUTION] [STASIS] ETH/USDT - Confidence too low (0.30). Holding.
[2026-06-25T11:56:31.024Z] [INFO] [SYSTEM] --- INITIATING SOVEREIGN NODE SCAN ---
[2026-06-25T11:56:33.290Z] [INFO] [SWARM] [BTC/USDT] $61241.3 | RSI: 34.1 | CONF: 0.00
[2026-06-25T11:56:33.291Z] [INFO] [EXECUTION] [STASIS] BTC/USDT - Confidence too low (0.00). Holding.
[2026-06-25T11:56:35.633Z] [INFO] [SWARM] [ETH/USDT] $1631.04 | RSI: 24.8 | CONF: 0.30
[2026-06-25T11:56:35.633Z] [INFO] [EXECUTION] [STASIS] ETH/USDT - Confidence too low (0.30). Holding.
[2026-06-25T11:56:46.025Z] [INFO] [SYSTEM] --- INITIATING SOVEREIGN NODE SCAN ---
[2026-06-25T11:56:48.369Z] [INFO] [SWARM] [BTC/USDT] $61241.3 | RSI: 34.1 | CONF: 0.00
[2026-06-25T11:56:48.369Z] [INFO] [EXECUTION] [STASIS] BTC/USDT - Confidence too low (0.00). Holding.
[2026-06-25T11:56:50.790Z] [INFO] [SWARM] [ETH/USDT] $1631.04 | RSI: 24.8 | CONF: 0.30
[2026-06-25T11:56:50.790Z] [INFO] [EXECUTION] [STASIS] ETH/USDT - Confidence too low (0.30). Holding.
[2026-06-25T11:57:01.026Z] [INFO] [SYSTEM] --- INITIATING SOVEREIGN NODE SCAN ---
[2026-06-25T11:57:03.302Z] [INFO] [SWARM] [BTC/USDT] $61241.3 | RSI: 32.9 | CONF: 0.00
[2026-06-25T11:57:03.302Z] [INFO] [EXECUTION] [STASIS] BTC/USDT - Confidence too low (0.00). Holding.
[2026-06-25T11:57:05.666Z] [INFO] [SWARM] [ETH/USDT] $1631.04 | RSI: 29.5 | CONF: 0.30
[2026-06-25T11:57:05.667Z] [INFO] [EXECUTION] [STASIS] ETH/USDT - Confidence too low (0.30). Holding.
[2026-06-25T11:57:16.027Z] [INFO] [SYSTEM] --- INITIATING SOVEREIGN NODE SCAN ---
[2026-06-25T11:57:18.367Z] [INFO] [SWARM] [BTC/USDT] $61241.3 | RSI: 32.9 | CONF: 0.00
[2026-06-25T11:57:18.367Z] [INFO] [EXECUTION] [STASIS] BTC/USDT - Confidence too low (0.00). Holding.
[2026-06-25T11:57:20.831Z] [INFO] [SWARM] [ETH/USDT] $1631.04 | RSI: 29.5 | CONF: 0.30
[2026-06-25T11:57:20.831Z] [INFO] [EXECUTION] [STASIS] ETH/USDT - Confidence too low (0.30). Holding.
[2026-06-25T11:57:31.027Z] [INFO] [SYSTEM] --- INITIATING SOVEREIGN NODE SCAN ---
[2026-06-25T11:57:33.391Z] [INFO] [SWARM] [BTC/USDT] $61241.3 | RSI: 32.9 | CONF: 0.00
[2026-06-25T11:57:33.392Z] [INFO] [EXECUTION] [STASIS] BTC/USDT - Confidence too low (0.00). Holding.
[2026-06-25T11:57:35.811Z] [INFO] [SWARM] [ETH/USDT] $1631.04 | RSI: 29.5 | CONF: 0.30
[2026-06-25T11:57:35.811Z] [INFO] [EXECUTION] [STASIS] ETH/USDT - Confidence too low (0.30). Holding.
[2026-06-25T11:57:46.029Z] [INFO] [SYSTEM] --- INITIATING SOVEREIGN NODE SCAN ---
[2026-06-25T11:57:48.297Z] [INFO] [SWARM] [BTC/USDT] $61241.3 | RSI: 32.9 | CONF: 0.00
[2026-06-25T11:57:48.297Z] [INFO] [EXECUTION] [STASIS] BTC/USDT - Confidence too low (0.00). Holding.
[2026-06-25T11:57:50.636Z] [INFO] [SWARM] [ETH/USDT] $1631.04 | RSI: 29.5 | CONF: 0.30
[2026-06-25T11:57:50.636Z] [INFO] [EXECUTION] [STASIS] ETH/USDT - Confidence too low (0.30). Holding.
[2026-06-25T11:58:01.030Z] [INFO] [SYSTEM] --- INITIATING SOVEREIGN NODE SCAN ---
[2026-06-25T11:58:03.368Z] [INFO] [SWARM] [BTC/USDT] $61241.3 | RSI: 32.9 | CONF: 0.00
[2026-06-25T11:58:03.368Z] [INFO] [EXECUTION] [STASIS] BTC/USDT - Confidence too low (0.00). Holding.
[2026-06-25T11:58:05.869Z] [INFO] [SWARM] [ETH/USDT] $1631.04 | RSI: 29.5 | CONF: 0.30
[2026-06-25T11:58:05.869Z] [INFO] [EXECUTION] [STASIS] ETH/USDT - Confidence too low (0.30). Holding.
[2026-06-25T11:58:16.031Z] [INFO] [SYSTEM] --- INITIATING SOVEREIGN NODE SCAN ---
[2026-06-25T11:58:18.375Z] [INFO] [SWARM] [BTC/USDT] $61267.1 | RSI: 38.9 | CONF: 0.00
[2026-06-25T11:58:18.375Z] [INFO] [EXECUTION] [STASIS] BTC/USDT - Confidence too low (0.00). Holding.
[2026-06-25T11:58:20.716Z] [INFO] [SWARM] [ETH/USDT] $1631.04 | RSI: 29.5 | CONF: 0.30
[2026-06-25T11:58:20.716Z] [INFO] [EXECUTION] [STASIS] ETH/USDT - Confidence too low (0.30). Holding.
[2026-06-25T11:58:31.032Z] [INFO] [SYSTEM] --- INITIATING SOVEREIGN NODE SCAN ---
[2026-06-25T11:58:33.373Z] [INFO] [SWARM] [BTC/USDT] $61267.2 | RSI: 38.9 | CONF: 0.00
[2026-06-25T11:58:33.374Z] [INFO] [EXECUTION] [STASIS] BTC/USDT - Confidence too low (0.00). Holding.
[2026-06-25T11:58:35.751Z] [INFO] [SWARM] [ETH/USDT] $1631.04 | RSI: 29.5 | CONF: 0.30
[2026-06-25T11:58:35.752Z] [INFO] [EXECUTION] [STASIS] ETH/USDT - Confidence too low (0.30). Holding.
[2026-06-25T11:58:46.033Z] [INFO] [SYSTEM] --- INITIATING SOVEREIGN NODE SCAN ---
[2026-06-25T11:58:48.290Z] [INFO] [SWARM] [BTC/USDT] $61267.2 | RSI: 38.9 | CONF: 0.00
[2026-06-25T11:58:48.290Z] [INFO] [EXECUTION] [STASIS] BTC/USDT - Confidence too low (0.00). Holding.
[2026-06-25T11:58:50.633Z] [INFO] [SWARM] [ETH/USDT] $1631.04 | RSI: 29.5 | CONF: 0.30
[2026-06-25T11:58:50.633Z] [INFO] [EXECUTION] [STASIS] ETH/USDT - Confidence too low (0.30). Holding.
[2026-06-25T11:59:01.034Z] [INFO] [SYSTEM] --- INITIATING SOVEREIGN NODE SCAN ---
[2026-06-25T11:59:03.374Z] [INFO] [SWARM] [BTC/USDT] $61267.2 | RSI: 38.9 | CONF: 0.00
[2026-06-25T11:59:03.375Z] [INFO] [EXECUTION] [STASIS] BTC/USDT - Confidence too low (0.00). Holding.
[2026-06-25T11:59:05.803Z] [INFO] [SWARM] [ETH/USDT] $1631.04 | RSI: 25.2 | CONF: 0.30
[2026-06-25T11:59:05.804Z] [INFO] [EXECUTION] [STASIS] ETH/USDT - Confidence too low (0.30). Holding.
[2026-06-25T11:59:16.035Z] [INFO] [SYSTEM] --- INITIATING SOVEREIGN NODE SCAN ---
[2026-06-25T11:59:18.369Z] [INFO] [SWARM] [BTC/USDT] $61267.2 | RSI: 38.9 | CONF: 0.00
[2026-06-25T11:59:18.370Z] [INFO] [EXECUTION] [STASIS] BTC/USDT - Confidence too low (0.00). Holding.
[2026-06-25T11:59:20.715Z] [INFO] [SWARM] [ETH/USDT] $1631.04 | RSI: 25.2 | CONF: 0.30
[2026-06-25T11:59:20.715Z] [INFO] [EXECUTION] [STASIS] ETH/USDT - Confidence too low (0.30). Holding.
[2026-06-25T11:59:31.036Z] [INFO] [SYSTEM] --- INITIATING SOVEREIGN NODE SCAN ---
[2026-06-25T11:59:33.384Z] [INFO] [SWARM] [BTC/USDT] $61267.2 | RSI: 38.9 | CONF: 0.00
[2026-06-25T11:59:33.384Z] [INFO] [EXECUTION] [STASIS] BTC/USDT - Confidence too low (0.00). Holding.
[2026-06-25T11:59:35.732Z] [INFO] [SWARM] [ETH/USDT] $1631.04 | RSI: 25.2 | CONF: 0.30
[2026-06-25T11:59:35.732Z] [INFO] [EXECUTION] [STASIS] ETH/USDT - Confidence too low (0.30). Holding.
[2026-06-25T11:59:46.037Z] [INFO] [SYSTEM] --- INITIATING SOVEREIGN NODE SCAN ---
[2026-06-25T11:59:48.377Z] [INFO] [SWARM] [BTC/USDT] $61281.1 | RSI: 41.7 | CONF: 0.00
[2026-06-25T11:59:48.377Z] [INFO] [EXECUTION] [STASIS] BTC/USDT - Confidence too low (0.00). Holding.
[2026-06-25T11:59:50.916Z] [INFO] [SWARM] [ETH/USDT] $1631.04 | RSI: 25.2 | CONF: 0.30
[2026-06-25T11:59:50.916Z] [INFO] [EXECUTION] [STASIS] ETH/USDT - Confidence too low (0.30). Holding.
[2026-06-25T12:00:01.037Z] [INFO] [SYSTEM] --- INITIATING SOVEREIGN NODE SCAN ---
[2026-06-25T12:00:03.386Z] [INFO] [SWARM] [BTC/USDT] $61281.1 | RSI: 41.7 | CONF: 0.00
[2026-06-25T12:00:03.386Z] [INFO] [EXECUTION] [STASIS] BTC/USDT - Confidence too low (0.00). Holding.
[2026-06-25T12:00:05.727Z] [INFO] [SWARM] [ETH/USDT] $1633.49 | RSI: 65.5 | CONF: 0.70
[2026-06-25T12:00:05.728Z] [TRADE] [EXECUTION] [PAPER TRADE] BUY 0.153047 ETH/USDT @ $1633.49
[2026-06-25T12:00:16.037Z] [INFO] [SYSTEM] --- INITIATING SOVEREIGN NODE SCAN ---
[2026-06-25T12:00:18.387Z] [INFO] [SWARM] [BTC/USDT] $61300.6 | RSI: 45.2 | CONF: 0.30
[2026-06-25T12:00:18.387Z] [INFO] [EXECUTION] [STASIS] BTC/USDT - Confidence too low (0.30). Holding.
[2026-06-25T12:00:20.740Z] [INFO] [SWARM] [ETH/USDT] $1634 | RSI: 66.1 | CONF: 0.70
[2026-06-25T12:00:20.741Z] [TRADE] [EXECUTION] [PAPER TRADE] BUY 0.152999 ETH/USDT @ $1634
[2026-06-25T12:00:31.037Z] [INFO] [SYSTEM] --- INITIATING SOVEREIGN NODE SCAN ---
[2026-06-25T12:00:33.307Z] [INFO] [SWARM] [BTC/USDT] $61318 | RSI: 48.1 | CONF: 0.30
[2026-06-25T12:00:33.307Z] [INFO] [EXECUTION] [STASIS] BTC/USDT - Confidence too low (0.30). Holding.
[2026-06-25T12:00:35.753Z] [INFO] [SWARM] [ETH/USDT] $1634 | RSI: 66.1 | CONF: 0.70
[2026-06-25T12:00:35.753Z] [TRADE] [EXECUTION] [PAPER TRADE] BUY 0.152999 ETH/USDT @ $1634
[2026-06-25T12:00:46.039Z] [INFO] [SYSTEM] --- INITIATING SOVEREIGN NODE SCAN ---
[2026-06-25T12:00:48.301Z] [INFO] [SWARM] [BTC/USDT] $61300 | RSI: 40.3 | CONF: 0.30
[2026-06-25T12:00:48.302Z] [INFO] [EXECUTION] [STASIS] BTC/USDT - Confidence too low (0.30). Holding.
[2026-06-25T12:00:50.658Z] [INFO] [SWARM] [ETH/USDT] $1633.05 | RSI: 58.8 | CONF: 0.70
[2026-06-25T12:00:50.658Z] [TRADE] [EXECUTION] [PAPER TRADE] BUY 0.153088 ETH/USDT @ $1633.05
[2026-06-25T12:01:01.040Z] [INFO] [SYSTEM] --- INITIATING SOVEREIGN NODE SCAN ---
[2026-06-25T12:01:03.400Z] [INFO] [SWARM] [BTC/USDT] $61255.1 | RSI: 47.5 | CONF: 0.00
[2026-06-25T12:01:03.400Z] [INFO] [EXECUTION] [STASIS] BTC/USDT - Confidence too low (0.00). Holding.
[2026-06-25T12:01:05.746Z] [INFO] [SWARM] [ETH/USDT] $1633.05 | RSI: 58.8 | CONF: 0.40
[2026-06-25T12:01:05.747Z] [INFO] [EXECUTION] [STASIS] ETH/USDT - Confidence too low (0.40). Holding.
[2026-06-25T12:01:16.042Z] [INFO] [SYSTEM] --- INITIATING SOVEREIGN NODE SCAN ---
[2026-06-25T12:01:18.459Z] [INFO] [SWARM] [BTC/USDT] $61227.1 | RSI: 42.9 | CONF: 0.00
[2026-06-25T12:01:18.459Z] [INFO] [EXECUTION] [STASIS] BTC/USDT - Confidence too low (0.00). Holding.
[2026-06-25T12:01:20.926Z] [INFO] [SWARM] [ETH/USDT] $1633.05 | RSI: 58.8 | CONF: 0.40
[2026-06-25T12:01:20.927Z] [INFO] [EXECUTION] [STASIS] ETH/USDT - Confidence too low (0.40). Holding.
[2026-06-25T12:01:31.043Z] [INFO] [SYSTEM] --- INITIATING SOVEREIGN NODE SCAN ---
[2026-06-25T12:01:33.446Z] [INFO] [SWARM] [BTC/USDT] $61232.5 | RSI: 43.7 | CONF: 0.00
[2026-06-25T12:01:33.446Z] [INFO] [EXECUTION] [STASIS] BTC/USDT - Confidence too low (0.00). Holding.
[2026-06-25T12:01:35.900Z] [INFO] [SWARM] [ETH/USDT] $1631.72 | RSI: 44.8 | CONF: 0.00
[2026-06-25T12:01:35.900Z] [INFO] [EXECUTION] [STASIS] ETH/USDT - Confidence too low (0.00). Holding.
[2026-06-25T12:01:46.043Z] [INFO] [SYSTEM] --- INITIATING SOVEREIGN NODE SCAN ---
[2026-06-25T12:01:48.415Z] [INFO] [SWARM] [BTC/USDT] $61240.9 | RSI: 45.1 | CONF: 0.00
[2026-06-25T12:01:48.415Z] [INFO] [EXECUTION] [STASIS] BTC/USDT - Confidence too low (0.00). Holding.
[2026-06-25T12:01:50.759Z] [INFO] [SWARM] [ETH/USDT] $1631.65 | RSI: 44.8 | CONF: 0.00
[2026-06-25T12:01:50.759Z] [INFO] [EXECUTION] [STASIS] ETH/USDT - Confidence too low (0.00). Holding.
[2026-06-25T12:02:01.044Z] [INFO] [SYSTEM] --- INITIATING SOVEREIGN NODE SCAN ---
[2026-06-25T12:02:03.386Z] [INFO] [SWARM] [BTC/USDT] $61236.9 | RSI: 44.4 | CONF: 0.00
[2026-06-25T12:02:03.386Z] [INFO] [EXECUTION] [STASIS] BTC/USDT - Confidence too low (0.00). Holding.
[2026-06-25T12:02:05.818Z] [INFO] [SWARM] [ETH/USDT] $1631.65 | RSI: 44.8 | CONF: 0.00
[2026-06-25T12:02:05.818Z] [INFO] [EXECUTION] [STASIS] ETH/USDT - Confidence too low (0.00). Holding.
[2026-06-25T12:02:16.044Z] [INFO] [SYSTEM] --- INITIATING SOVEREIGN NODE SCAN ---
[2026-06-25T12:02:18.394Z] [INFO] [SWARM] [BTC/USDT] $61236.9 | RSI: 44.4 | CONF: 0.00
[2026-06-25T12:02:18.394Z] [INFO] [EXECUTION] [STASIS] BTC/USDT - Confidence too low (0.00). Holding.
[2026-06-25T12:02:20.737Z] [INFO] [SWARM] [ETH/USDT] $1631.81 | RSI: 46.3 | CONF: 0.00
[2026-06-25T12:02:20.737Z] [INFO] [EXECUTION] [STASIS] ETH/USDT - Confidence too low (0.00). Holding.
[2026-06-25T12:02:31.046Z] [INFO] [SYSTEM] --- INITIATING SOVEREIGN NODE SCAN ---
[2026-06-25T12:02:33.392Z] [INFO] [SWARM] [BTC/USDT] $61236.9 | RSI: 44.4 | CONF: 0.00
[2026-06-25T12:02:33.392Z] [INFO] [EXECUTION] [STASIS] BTC/USDT - Confidence too low (0.00). Holding.
[2026-06-25T12:02:35.734Z] [INFO] [SWARM] [ETH/USDT] $1631.81 | RSI: 46.3 | CONF: 0.00
[2026-06-25T12:02:35.734Z] [INFO] [EXECUTION] [STASIS] ETH/USDT - Confidence too low (0.00). Holding.
[2026-06-25T12:02:46.047Z] [INFO] [SYSTEM] --- INITIATING SOVEREIGN NODE SCAN ---
[2026-06-25T12:02:48.477Z] [INFO] [SWARM] [BTC/USDT] $61253.6 | RSI: 47.5 | CONF: 0.00
[2026-06-25T12:02:48.477Z] [INFO] [EXECUTION] [STASIS] BTC/USDT - Confidence too low (0.00). Holding.
[2026-06-25T12:02:50.910Z] [INFO] [SWARM] [ETH/USDT] $1631.81 | RSI: 46.3 | CONF: 0.00
[2026-06-25T12:02:50.910Z] [INFO] [EXECUTION] [STASIS] ETH/USDT - Confidence too low (0.00). Holding.
[2026-06-25T12:03:01.047Z] [INFO] [SYSTEM] --- INITIATING SOVEREIGN NODE SCAN ---
[2026-06-25T12:03:03.442Z] [INFO] [SWARM] [BTC/USDT] $61253.6 | RSI: 64.4 | CONF: 0.00
[2026-06-25T12:03:03.442Z] [INFO] [EXECUTION] [STASIS] BTC/USDT - Confidence too low (0.00). Holding.
[2026-06-25T12:03:05.790Z] [INFO] [SWARM] [ETH/USDT] $1631.81 | RSI: 62.7 | CONF: 0.40
[2026-06-25T12:03:05.791Z] [INFO] [EXECUTION] [STASIS] ETH/USDT - Confidence too low (0.40). Holding.
[2026-06-25T12:03:16.048Z] [INFO] [SYSTEM] --- INITIATING SOVEREIGN NODE SCAN ---
[2026-06-25T12:03:18.437Z] [INFO] [SWARM] [BTC/USDT] $61253.6 | RSI: 65.4 | CONF: 0.00
[2026-06-25T12:03:18.438Z] [INFO] [EXECUTION] [STASIS] BTC/USDT - Confidence too low (0.00). Holding.
[2026-06-25T12:03:20.787Z] [INFO] [SWARM] [ETH/USDT] $1631.81 | RSI: 62.7 | CONF: 0.40
[2026-06-25T12:03:20.787Z] [INFO] [EXECUTION] [STASIS] ETH/USDT - Confidence too low (0.40). Holding.
[2026-06-25T12:03:31.048Z] [INFO] [SYSTEM] --- INITIATING SOVEREIGN NODE SCAN ---
[2026-06-25T12:03:33.389Z] [INFO] [SWARM] [BTC/USDT] $61242.7 | RSI: 61.4 | CONF: 0.00
[2026-06-25T12:03:33.389Z] [INFO] [EXECUTION] [STASIS] BTC/USDT - Confidence too low (0.00). Holding.
[2026-06-25T12:03:35.835Z] [INFO] [SWARM] [ETH/USDT] $1631.81 | RSI: 62.7 | CONF: 0.40
[2026-06-25T12:03:35.836Z] [INFO] [EXECUTION] [STASIS] ETH/USDT - Confidence too low (0.40). Holding.
[2026-06-25T12:03:46.048Z] [INFO] [SYSTEM] --- INITIATING SOVEREIGN NODE SCAN ---
[2026-06-25T12:03:48.316Z] [INFO] [SWARM] [BTC/USDT] $61235.6 | RSI: 59.6 | CONF: 0.00
[2026-06-25T12:03:48.316Z] [INFO] [EXECUTION] [STASIS] BTC/USDT - Confidence too low (0.00). Holding.
[2026-06-25T12:03:50.663Z] [INFO] [SWARM] [ETH/USDT] $1631.81 | RSI: 62.7 | CONF: 0.40
[2026-06-25T12:03:50.663Z] [INFO] [EXECUTION] [STASIS] ETH/USDT - Confidence too low (0.40). Holding.
[2026-06-25T12:04:01.048Z] [INFO] [SYSTEM] --- INITIATING SOVEREIGN NODE SCAN ---
[2026-06-25T12:04:03.319Z] [INFO] [SWARM] [BTC/USDT] $61233.3 | RSI: 48.9 | CONF: 0.00
[2026-06-25T12:04:03.319Z] [INFO] [EXECUTION] [STASIS] BTC/USDT - Confidence too low (0.00). Holding.
[2026-06-25T12:04:05.660Z] [INFO] [SWARM] [ETH/USDT] $1631.81 | RSI: 62.8 | CONF: 0.40
[2026-06-25T12:04:05.661Z] [INFO] [EXECUTION] [STASIS] ETH/USDT - Confidence too low (0.40). Holding.
[2026-06-25T12:04:16.049Z] [INFO] [SYSTEM] --- INITIATING SOVEREIGN NODE SCAN ---
[2026-06-25T12:04:18.398Z] [INFO] [SWARM] [BTC/USDT] $61235.2 | RSI: 49.4 | CONF: 0.00
[2026-06-25T12:04:18.398Z] [INFO] [EXECUTION] [STASIS] BTC/USDT - Confidence too low (0.00). Holding.
[2026-06-25T12:04:20.827Z] [INFO] [SWARM] [ETH/USDT] $1631.81 | RSI: 62.8 | CONF: 0.40
[2026-06-25T12:04:20.827Z] [INFO] [EXECUTION] [STASIS] ETH/USDT - Confidence too low (0.40). Holding.
[2026-06-25T12:04:31.050Z] [INFO] [SYSTEM] --- INITIATING SOVEREIGN NODE SCAN ---
[2026-06-25T12:04:33.392Z] [INFO] [SWARM] [BTC/USDT] $61235.2 | RSI: 49.4 | CONF: 0.00
[2026-06-25T12:04:33.392Z] [INFO] [EXECUTION] [STASIS] BTC/USDT - Confidence too low (0.00). Holding.
[2026-06-25T12:04:35.897Z] [INFO] [SWARM] [ETH/USDT] $1631.81 | RSI: 62.8 | CONF: 0.40
[2026-06-25T12:04:35.897Z] [INFO] [EXECUTION] [STASIS] ETH/USDT - Confidence too low (0.40). Holding.
[2026-06-25T12:04:46.051Z] [INFO] [SYSTEM] --- INITIATING SOVEREIGN NODE SCAN ---
[2026-06-25T12:04:48.392Z] [INFO] [SWARM] [BTC/USDT] $61235.2 | RSI: 52.8 | CONF: 0.00
[2026-06-25T12:04:48.392Z] [INFO] [EXECUTION] [STASIS] BTC/USDT - Confidence too low (0.00). Holding.
[2026-06-25T12:04:50.732Z] [INFO] [SWARM] [ETH/USDT] $1631.81 | RSI: 62.8 | CONF: 0.40
[2026-06-25T12:04:50.732Z] [INFO] [EXECUTION] [STASIS] ETH/USDT - Confidence too low (0.40). Holding.
[2026-06-25T12:05:01.051Z] [INFO] [SYSTEM] --- INITIATING SOVEREIGN NODE SCAN ---
[2026-06-25T12:05:03.391Z] [INFO] [SWARM] [BTC/USDT] $61236.3 | RSI: 49.7 | CONF: 0.00
[2026-06-25T12:05:03.392Z] [INFO] [EXECUTION] [STASIS] BTC/USDT - Confidence too low (0.00). Holding.
[2026-06-25T12:05:05.754Z] [INFO] [SWARM] [ETH/USDT] $1631.81 | RSI: 63.3 | CONF: 0.40
[2026-06-25T12:05:05.754Z] [INFO] [EXECUTION] [STASIS] ETH/USDT - Confidence too low (0.40). Holding.
[2026-06-25T12:05:16.051Z] [INFO] [SYSTEM] --- INITIATING SOVEREIGN NODE SCAN ---
[2026-06-25T12:05:18.314Z] [INFO] [SWARM] [BTC/USDT] $61236.3 | RSI: 49.7 | CONF: 0.00
[2026-06-25T12:05:18.314Z] [INFO] [EXECUTION] [STASIS] BTC/USDT - Confidence too low (0.00). Holding.
[2026-06-25T12:05:20.670Z] [INFO] [SWARM] [ETH/USDT] $1631.81 | RSI: 63.3 | CONF: 0.40
[2026-06-25T12:05:20.671Z] [INFO] [EXECUTION] [STASIS] ETH/USDT - Confidence too low (0.40). Holding.
[2026-06-25T12:05:31.052Z] [INFO] [SYSTEM] --- INITIATING SOVEREIGN NODE SCAN ---
[2026-06-25T12:05:33.404Z] [INFO] [SWARM] [BTC/USDT] $61243.3 | RSI: 51.4 | CONF: 0.00
[2026-06-25T12:05:33.404Z] [INFO] [EXECUTION] [STASIS] BTC/USDT - Confidence too low (0.00). Holding.
[2026-06-25T12:05:35.751Z] [INFO] [SWARM] [ETH/USDT] $1631.81 | RSI: 63.3 | CONF: 0.40
[2026-06-25T12:05:35.752Z] [INFO] [EXECUTION] [STASIS] ETH/USDT - Confidence too low (0.40). Holding.
[2026-06-25T12:05:46.053Z] [INFO] [SYSTEM] --- INITIATING SOVEREIGN NODE SCAN ---
[2026-06-25T12:05:48.397Z] [INFO] [SWARM] [BTC/USDT] $61271.5 | RSI: 57.3 | CONF: 0.70
[2026-06-25T12:05:48.398Z] [TRADE] [EXECUTION] [PAPER TRADE] BUY 0.004080 BTC/USDT @ $61271.5
[2026-06-25T12:05:50.885Z] [INFO] [SWARM] [ETH/USDT] $1631.81 | RSI: 63.3 | CONF: 0.40
[2026-06-25T12:05:50.885Z] [INFO] [EXECUTION] [STASIS] ETH/USDT - Confidence too low (0.40). Holding.
[2026-06-25T12:06:01.054Z] [INFO] [SYSTEM] --- INITIATING SOVEREIGN NODE SCAN ---
[2026-06-25T12:06:03.466Z] [INFO] [SWARM] [BTC/USDT] $61271.5 | RSI: 57.3 | CONF: 0.40
[2026-06-25T12:06:03.467Z] [INFO] [EXECUTION] [STASIS] BTC/USDT - Confidence too low (0.40). Holding.
[2026-06-25T12:06:05.821Z] [INFO] [SWARM] [ETH/USDT] $1631.81 | RSI: 66.6 | CONF: 0.40
[2026-06-25T12:06:05.822Z] [INFO] [EXECUTION] [STASIS] ETH/USDT - Confidence too low (0.40). Holding.
[2026-06-25Txœ¼K³äÈm…÷þwá…½˜óIrVÓšiI½pÏDwmY1+Kv(B¡Ù8Âÿx3ºÅ$. ›@‡RèqHÕw“'‰<â·Sý6ÔÛTòüòò§wï÷ãöOÿøñÓÛùåå›o¾yy÷þÝ§wo>½{ÿû—?þëÛoßýþýËûxûòñû7ïÛåþ§X¿™ê7±|
¨¸ÜòœzÅ{óaüÓo?}ÿ›Ÿ?þðé——¬!ÎáV^þïåÃÇwß¾”ù–¶ýýï÷íËtË“Föí¿¿ýþçOï~|ßñéÍÇwyy}ÄË7/ßÿú÷ÿúëŸÿò÷ÿüËËÿüúëËß~ýß—jÒÿ|{ùÃ¯ûó_ÿþß7æ)qº-qa^þí§?¼¾|¨)n?ÚëË×íÅº—Ÿ¹—ße?}xóÃÛÓÛÿôæ§·^îÿÉoþã¦J
K|y}êËwÇ2ê)lÿ~µd˜Ò-­ÜÏp!‘ua˜Êöcs€×î²s‡³%Ã¼ýÊ³9CugX¶³Ts†»¬=ÃùÛ)Ø2ÜÓ-‡Ud¸1Y×Ûôœ!#ëÀp{J¹ÍõCþåÏ²ÜË?€}éËƒ/®–,›M“È2­Ýx¬·Úý÷sÙ/b9	?X6g	²Å›eóÇ:Y²Lm ‰eX|OáçÈåðs°,‰¬Ëfd‰û¨Y64?Ä”Ï_þ,ûE,¥—o>Y£%Ë¬—aI·ÇÏ‘ç[~ug¹Ú\¸—¿Æ’È:°\À/-Y.hlÜgêÈr]oëƒå"ýŒ¬Ë¥Û’d¿cÉÈº°ÆãriÆVŠ=K•,ç2ËÍØÖ‰›|Ÿý2ì~%¿¼ËJ“ï‹~¹ _&K–máÅµÈ0K"ëÂr3¶9s–DÖ…%øe±dÙŒ-È~9Ê’Èº°cÓÔÆX‚¬dY®è—†,W06¶Üu\“ÔÚ­IÒ¡FÀ,³{Yå2{šò´„ïwÇrê›¡2,Ëm~Î‘ua>iX«[q(×j7-êO†Çx¼Æp{,£Þ~ìKŸÖGa£ø <}é&;ôÒ­¾™úN]uðEÃúÎŠ>¹&Ð>/oéz¨	$îg ²_ô-MÂŸr30ÅÚc”!È/†à‡‹%C0.¹Îš3pS3ÙËuV‰a+ˆ²“ì3Ã9t~8IwÙ†e8‡³z˜ÐíjsM1©¾¡iéf4Ï+swQçM{Êf[9*ÆÇŸ_Y…Í«¬¯nOin8K’`[òîcÄ
²¬B5‡“ua¹Ù×\5«Æ1–DÖ…esÇÙ®ÐÛ4Rf¹±YGXY–­ZìÇ%‘uaÙ\r¶« 4Å¶m(VsbNðàÏ1É?‘µßÉÚžÒìlÒT ÆXY–Ür¶ëðhŠÛ0ËãrŒå]Ö™ehÆVWk–Œ¬KðK»
@S\n‰-nf>éÖÏ}æçßØ»¬Tt¾ø`l³=K"ëÂüÒ®ÐÛ„“Û@¸Æd}«¬í)m›BÓy5ÆÒfWRb	~iWhŠ›±±î'–¹Û•T°YßÝí)­^1sÛã×XY–ýÒeÄ… \!8°LÒú’‘u`}Ö—Œ¬Ë`<.#›\1?°œ¤qÉÈº°ÜŒ­ÎÖßØ»¬ó76¢_ÚUîš¢n÷#Ô®V `Id]X¶2é¬©¾Ž±Y÷o,ø¥a/‚±)æ±1tsŸ c‰¬Ë¶\íYY–	ür±ë®kŠÛ Zä¹OÏ2-Bw'ëÀ2a»uï.ëÛù±=¥ù¥-Ë ›ÇŽ²_a›`!¸XÏ}Y–Í/ÃÚz‚vEo”%Èº³„vÍN×K"ëÂ²ùåbX[OÍØÊ$Î}Â:ísŸûœö)K"ëÂr3¶5uJÊvŒ¬}§dÈè—†,3¶Û¨ºÑÚ©Jã’‘u`™ñ8‡ì—=ËíË&lò0².,Á/÷I2,åÚzXc÷…]¤ƒˆºlË@Å,v”$‘u!	niXYÏhkrOÁÔ¿ÛV—"Ë&+¶æ_f	Ë@yæ3Ê’Èº°·4¬¬g\Ê•‚Q– {ùžôs´²é"aÃ-îV/VâdXtKC–lmt\JÇ,8Y––U—=Ë\/–ua	niXÁ+°Ìrÿäöà}"(Î|Y–m¨ðËQ–DÖ…%ø¥a¯@Ù4Ù³$².,ÁØä~æQ–MvqgÙür5¬ú”flI‘=0Ê’Èº°c“ÏŒ²$²,+ø¥%ËŠÆ¦è¨œº³ÎéÐæÍüŒ¬ËŠÆ&ïxX&i‹‡‘uaŒÇ%†è$EGåÚí’$iËÈº°„… Üí3Ê’Èº°l~¹Vc1L‡m0½ÆdÝY‚_~c,‰¬KðKÃ
†ê°›F§®‚©óË"c‰¬KhcµÿÆY–˜Ù³Vð0\')ÆeÝ»c7–ÂÏÁÈ:°ÄpEîR;f×:’øògY–à—¦,[X@;*ÃRºAúÆÞeÇ%„ë¬ìvÝ™eé‹ÉBï.ëì—˜ÙcË²-ÙF¶#Ë¹tçôÚé+Ìc!\g^åŽÊQ–DÖ…%ø¥amÃuØ£§„åÐg
dw¼f46yî3Ê’È:°ÄÌžÕ°‹á:òÜçÀ2­’_2²,1\GÑ…7Æ’‘ua	~iÊ
§b^óËÔù¥È’Èº°„Â©fÏkŒ%ÈºKðKÃÚ:†ë¹Cd”%È:ï“`¸NµþÆ2².,Á/kë®S™=s·&I«´¾dd]X¶¶– {¹sëùËcf%ËUí—=Ë ±ddX®¸ç±q½-•ÜvÆÈº°l&Ãz,†ì°l×XY–ÐÆ*Ö
†YÆ¯ÐW Y>Æ,›±U9¯p”%‘uaÙŽIV±¶>Ì’Èº°l¡“a=ÃwãòžÏ?G”2}^e/cŸfúß‘÷¼†YY{–²},YFˆá)lËÌçY¶.ð§?'k?.#Äð¬r>Ó‘e6Ò9Y–à—v5¼ˆ1<Š5É(K"ëÂ²…Ó•Áo¬‚%ÈúÖÖã„~iÊŒM®Œ²$².,›±Éù¾Ë²v±>5ˆWÙËßØ§'ôK»D˜1<,AÖw!†gf#Ã®±$²,ú¥]m=BÏ±.³ÛŸ8Y–Ã3¯š5ÉÎ2ÍÒ7–‘uøÆôK»zlhlòi’y½é[Ù8Y–:¿LÛÙÃQë!›’}y"ëÂüÒ”e3¶Y®û,}_Á,}cY–›±UEºÏ(K"ëÂüÒ.E$z‰–Kõ­­GŒáQ}ckì¾±Ï›"8Y–ýÒeÔúåKFÖ%ÆðÈgƒ,C>°dæ>Œ¬ÃÜ'¢_Úíy5E_Ö>q4KŸ)FÖ…ekÌ‘ïufId]X‚_š²„… xÎk˜%‘uaÙ6å|üa–DÖ…%ø¥ÝžWÄËzHPæ±Œ¬K¸tRScIdXBºOvû$cxŠ\[ï&IrKFÔ$†ð°GGŸŒ‡h†$#ëB²¹e0¬¬c{Áç’DÔ…$Ü?26‡Õ$².$›WÚ’„‹™åþ1’DÔ…$\"vm“$².$›SÃJlBKS¬,§nz‘YY–X§éYåª°HNÉÈ:°Ìè”†•Xà)ò¬çÀ²JmFÖ%ðè¾°#,Y–à•¦,›­±Í¥×XY–m	5ßØ1–DÖ…e2—íÈ»ùGND/ÝÊòyüØ«¬ó76ã"ÖßXFÖ…%ø¥aõ#xäËbW½Ë‡“$ìÏAdí;}bÆ#šõÈK"ëÀ² _²Äö:Â²¿•]øÆÞeW$ÁÅ“$ƒ,Y–Áx\bO«ê±íä>X®Ò<ö.ëì—Á³¬šªúK"ëÂüÒ°<‰Ýd8Ý´ì»Ð%¾±4z•“µ¿/(bOÔtm±$².,›_FÃê]AcSÜã:–á0.Y–DÖ…e36öB¹k,‰¬KHö1e‰<³âŽ™u¿}¶$‰%#ëÀ"xÖÉzMÂÈº°l~íÒ`"Fð(æ±1v,'™%‘ua	×6kºœÇXY–Í/£ag,Dðhjxk<Ü{ùüt;'ë0÷ž%¨ºœKÇ²H,‰¬KðKS–ÍØØ«°HÝ§¿/HX“0².,›±±Ê‘nÊG¡#”ÃG…eIdXÎè—†µuŒàa¯O:uÆï:
î²ÎõØ‚Š¹Ï£Å9H-ÎŒ¦H0KSÍÕØ´Î#È¸tƒ2
'Š9Y­jª™øŒ€$š. “ùˆ„% ¼=u+Ë,Å”s². áêÅ×u$h:—f´IÃ’:$ïù*¶õ	rœ¨F8iŒ41.è†=êºÃ^pÂ8í«1Ë‡“u ‰¡;šªÝcý$m0’.Á «¯‹Ò §¥»å2IÙ¢œ¬G03y‡«twW(PU”`‘†Å×W}2Ê9tC2ÊC’Èº „UŸ<×D	ªÎÓÖMÒ°vÁEŸh’Ó¼t=Iª0².(¡Hj>*‰ªJñ	É°ôŠi;rYàˆRºz–“u@¹bÔ%£ê‚²y¥-J05¹wrÚ?¯Eª	0¢. ¡@*ÏxAUÍ)“a	}ÅþñðÏ´.û–s0².(›§E¹d%QuAÙœÒ%Xš¸ãÜPÆ”DÖ%xšñ¤‡QµG™0¾'Ùµ¦§‰vß¨P>_Šp²ö(æì(6¶FPrª.(Á)íªu	cvØöîãå:ï“žr<);s?ÇÞûéÃ›Þž~ŸÞüôöÃËý?ùíÏ„?ˆ¼Í¬vºß=Ë¨77c¯;ßnPö—>^zÌ¾4È†—%Å¸îX¿{<–Qs4e×\Œ½°ãÀ®®q7Çùxš’ýS&²ö}’	cuä}¬Í†–Ã¹
ûËœ¬Ë8Ìæã°ÙÛš`Y¦®W ¯Ofÿ¤wÙqXËiÂcõ ßœ·¹õ£F<Ga_™“u`ˆ)=É®`ž N§Lâª#/yïu­éÀö{p²öý)àGq†“§[yüÎÒ¢‰“µOH˜ÒcË²õ?Èç	Ò\öok=&m³,‰¬KˆÓ÷•‡YY–à“v; 	âtò"öa¥ÜÍqj<ü,K"ëÂr3´UîAfId]X‚OÚí‚¤ \E¦yé|RÁÒ¦Þ*±„õž¸ôf	²¾éY	Sz,YbœÂð„ezÐ9Y–§#ßätd)¥Ú½Êº³¿´ÛÒJ§Ã^Ðzd¹Ì‡q™%– ëÛ·¼=E·;9ÌÒf{Rb	~iÊª£âZ$­iïàÙX
óXFÖ…%„Èk’Q–DÖ…%ø¥Ýþd‚8™m1<²¬Çy¬à—Œ¬Ë²½‰ÜÆ3Ì’È:°Ä”žlWAO¨#ŸÙ:²¿±Œ¬Ë{ Ž˜¸4È’‘uaÙüÒ–%Hå¹Ï½¥YN‡&5¦ÞÓËŽÔ]Ïõx,£±sâ·5m?Öþ˜­ìKï²êºkœ×å\wmeÔ›?fÃí„F&žÑJ¡‡e‘Ùí²#ìæ3»öXN}3°,³;ú€P2ïUõè–BÐñ¯ÜÜ0ÛüHIYe&÷EUV59(‡Ê÷ÿ’ÛUÍÉaîŽ%¹¬]+>!Çx#ëà}#ŸWNGß~~Sý"ë“Þ¬Ï°´zÏÇËäiNŸýƒf"ë‚²Õ@å@×Í‹bì,P¨Y0².,Á
MY6Ïbïi¸Æ’Èº°ÔÅÔ³ÙËeréåÁËq˜#Üf	²ÎËÈÇ™«²Yço,ÆîX²Ä|œUì0?²<^ÆÍLzÙ‘‰N:OtÚc9õ¢ü¶¦µcXž3dd]‚O–á0g•·­æÒm[)‚ìðd•2,Lkæá¨–ˆc‰¬CðGS†`dŠoê Ã]Öƒa»Áƒ­Mœ§«©ia®ÍÈº0_4,¡bŽfŽsd(,ÀzY†Í¸Ø[ù®1$²1VÇ’aÅ±d“KíZsÊ¡rÅüŒ¬ÃÜ¦*#ÎÓr›û—&fŒ¬Ëæ‹ÅîpGÂü›UÃ,‰¬ËVë”OÏ³Yç5ÆêØ²#ÛsšöXše–DÖ…¥rý8Êòk¬1V§ni@þ¦ýq”%‘uaÙzhäöÇ{üóë´UØ&eTPbªŽ%Jˆ¿©“XmÍaîPFiöÀÈ: ÜžRo“â[okì^~_þ,ëÂìÒ°r>kír”å×°ËY{Òc”%‘ua	viÊ²ù{íK"ëÂ²ù¡w%‘ua	vixâ’p2[)¹Æ’Èº°lë@¶V|%‘u`‰;–,1‡½~óÈ²®·¾úÜŸ`J½ìÈéó¾2<–SßÖUþ¶®·ié¦¯E|é&;vŠ.nÿ8o,·Ç2êà†§<’!SGÙìhyGÍ®éÐlwìèÄž€»jlÄI3mÄáÈnr`Þ|`˜\zDJzKªsV­@GÐí²è–HÑ%î¥Áýã®ê}©ÇsÇ"»ü%£nÎç¢jåÎc²¢‡j”Ý.kÏƒr,Ù­Xõ¿˜©tç6J•ÎÆÝeW«²õCþåMúP¥—÷3,Œ¯hSbn˜%‘uaÙ–q‹fu8Æ’Èº°l~X«6˜j£èõe	²Î›+.ã43š1– ëÜÀi9¶,ÁÈäÍÿQ–DÖ…eiÝö,‰¬=ËŒq9†,3äÚöïqžswž*ç©8Y{–‚möÂË',¥†NÖ…eóËj×ûŸ!Ø¦(*pS¹éûÌ8Y–m}§Y{|¦dC'¯¯š#3îÖGèä•‘‡4¥×Åû£ôˆ¬½¶Ä[ŒéíšæôÀíªßyBó’›8FéYzm‘Ç`¸@o×4¦‡é8Õ®Fšï16ò	Žµ=–„‘u 0ÞMQïV»9MÄhœj×óŸÕÑ8£ ¿B4NÆM	g$hú®ý3æâT»ÊwÆ ›,¯ýGAYmawá{Ê¿yÓtž”b(Nµ+„ç€¦‘ñ`ŒÂã.ëþi…U¾14}{52&âX‚„èš*ÈûÎ*ÍpY]³²1[çv¸}?q–¢ð9Yûþqª]•<CtM	âœa–DÖ…%”@å
Î(K"ëÂœÒ”e³´¤¨à²Y÷q©ì»eiÓw#±³´ÛñÈ]Sä#9Ã,‰¬ËflY^‡Œ²$²,1Ç’%D×ùhÎ‘å"M|Y–]Ã^s…%#ëÂ2Ë„ë?ùÈê:uÇ¬Ž7y25’^v¤# ž;ÚcuˆD•w GY†É|<CûÌ®UŸt‘„ëƒì¥T£Â„•dÈ°ÑìpŒ2$².­ý1¡‘É‹É\i¹Ï3r²×’©˜ãŽ9ÑËmÚÜùøœ!¦åÌvÇªrFS¤‹u[|ÖóŸã.ë{Á\Æ\öò¦Ï³L«Ä’‘uaÙ|Ñ–%,ø ]ª|še–DÖ…¥.Yu˜¥ÍÝÈÒË7œ;0×&+:tYY–P«ïhXY–Í'gÃ½dÌµIò7v”%‘ua	-Ææ<–DÖ%ÆåX²,Z¿ìYæYú9Y–˜oÃÞÆud9w‡U¸Œ‹SuA	vi¸Í\¾Ä.5(¿†]bÌM/îEIT]P‚[n4cÊÛÞ{%Èú^Èš!ífa¸.¡$ª.(Á,MQ6W+ra åýÀR–nÝãdí¯*ËzÃq]BITPb”Îl¸GY•Ý¬G”õPãa~Ž»¬ó¨„Ì›YÑC×£\„Kç8UûË2&éØ¢„®S¹Ô3Š’Èº l®¦(ÔÛÚßò,²$².,Á,ËvySØ¡×X‚¬ó¼"oVÅQäùVúµÔ*±$².,›[.†%Œ¼‘£ÒÔ•Ñ³t¿î«¬ór3oØÓçqY§Òñ´Ë’È:°Ä(Å°ä™7EQò9°\$–Œ¬Ëzoª<óéY–*$—s²íY¥cË²›¢a2v‘%w˜p².,›±±9@ŸgYƒ´WÎÈº°l~¹&€Ì›’äCÌ£,‰¬KXjJ>µŒ°$².,Á/k>yS¢Ü:p`‡%Y–DÖ…e36UùnŒ%‘u`‰Q:–,!ó¦$Åe­ußºÌUbÉÈ:°„ì›•½‘ýó,Ë,±dd]X‚_0€MÕg”%‘uaÙŒ=ýd\féÌV/«?³Ué½;í±Œ:ø¤)CX ÊßÖQ†DÖ…a34ÅÕIë-Í#wY=ÃL/,keÔÁë<˜ŠÃv©]c²îã°èZFî²ö1tg1¬ï@:NU”]O…íæ»¬3ÃL®	ôç(M¶Y‡:†î¬†õHÇÉléòK"ëÂN;ÊGCÖ}®=§C©Ž}w¢ê‚²ÙãjXXÑÇvƒ(‰¬Êæcl€Þ%”DÕeûWÃ&ÈÆ©ì-}¤ýQ„.RºÛ«ìð]-\zbÔ›Íò,u!QµGX0iÇaÁHöÛôy„âD‡“µ#qÖ¡ÑX!ñ‰Sµ_;ÚYíê qØËNûYƒ=yþ®9Q­;Uq°g$Qu	i
r³²“eO¿Êá°‡À¢$².(aQ³€BIT]P‚CÚuñ”	ÛmäZÀ(J"ë‚²DÙä®K(AÕ·4W0Ç%Ææ°9(WP2²(zš1JFÕ%8¥]…®`pŽbÒ3Š’Èº „íCãI£ê‚¼Ò.g @tNaÃ‰¯¡$².(a÷ÐxÚÃ¨º ¯4EÙL=‘x%‘uA	ÅQãi£ê€SyV»Òk‰hjraà€R:éÃÉ: „øœEqÒ§/d¡‡žSu(`(-ÊpÞ²àQ.uŒ(Ix•‰ÑäïrmeÔÇ=RƒÐÆ#%„É|4B‡|¥ò=Gã*4Ôq².£±­üfóÑHT]Pn'»}¦¸¨!£(‰¬Jp3ÍqØeß—,ƒg?%»ìÀõI9Ÿ÷%Ûc‰:Dð˜2Ä¬œ*×'‰!#ëÀ0a«&6â³™‰Î]ÖyÎ
<Æ,aÉ7øiU°$².,!@Y7Æ’Èº°Lm\n…@fN)rU`”%‘ua©ìoeùú[KBŸ4e©\KŽ²Yç² dè¬QÓ¿3÷mÏ·U²ý;•¹fp¦SîŒ>iÈ³sØ»ž0Âù,NÖaÖ/"w†³¸ÇÈ:Ì[3ú¤ÝÙ’µç@RØW‘– ëÎ2X5«É1–ñ|¿KðIÃíÉŒ†¦(î²$².,ÛÂoÒœ›\÷[×CeŠñÉ»¬ÔxÑ'3ú¤)ËÖj“äµH(ûòú¾Ô~Ê²ÉŠ·…_fÙMñeIdXôKÃ]-ÌÎQô,‡²ŸgNRg'ëÀÃs[!ó-ì}HåPfä_Þd/DzyðKS–›±Uv;áKu®ó`zŽ*ýcŒ%Èúæ+•‚~iÊr3+º$§yßÙþ'Âf#ëÂ2ÕÛ¤:Ÿ5Æd}›—KA¿´;R0>gç±qÞC&™$ˆ:Ïb!=g)ö$‰¬ÉŠniH²*Ý²#ëá"¹À‰Ú§+•Š‡8¬¿¯Œ¬IðJÃ¾ÏYä1Ãž¡aId]XÆó½;<ËÜç¸©é‘ua	^i¸U‰á9Õž%‘ua™Î›6,‰¬Ëæ•ÁpoÃsŠØš5Ì’Èº°„E =K›µås–ÉƒÝ¡­á9•½ŸúÀ2Ìl\$’Œ¨Éí)ÛTs‘ç=c$Y’Í-ƒa%£säQ9H²‰z_gÜX´“Œ¬Éæ•Á°v7ÓTV’6Q¯É¶­Èž½F’Èº§4<Z€±9òéæA’DÔ…d34EÝn”$‘u ¹ O’ÄÐ¹‡ Ü¯ÔzóÌÏYÞe/×zž³\´5Ø|Ì”Î‚2².,Á)ëvšš<*GYY–ÍÔVyŸk”%‘ua	^iÊ€b¦ä0K"ëÂ²- Ì£,‰¬KpKÃÊÝ=DGÜ³f™¿Ê¸„œ€ÁÕˆ‚%‘u`¹¢_Öî L§°¿Ÿ°\u†%#ëÀr…%  }…%#ëÂüÒ°v·bÁTì×fId]XÆ°ýèrÿä(K"ëÂ²ùe4¬Ýaš[4¹Æd+>§³²“ðk,‰¬Ëæ—Ñ°vq:…
žê°¹û1„#ê°g‰©:$AÖó Wúv‚°;’¨¸vöY’Ï{µvQÏs#ø”ÍÔçc{’5ŠüËŸe]H6¯ŒVUXTlÃGìOK:\Ôô¬‡’—ua	¹:bß]žnûâ‰å¹?ý!‹·Bô§‡ùÔŸeÔÁ#­ê¯¨¨Šé‰s9Üòìã´ËzöõàS¶£ˆé™oùÑ\_’üHd]Æ#x¤)KÝÎ±ö7N<óH^Ô…¤2íu”$‘u Ð#­*°¨¸ýc¼O$k7*'‰%#ëÀ2`Ž\­Ûô¥³…g=»¬ç®3<\Òªj‡ŠÛò"ÈÝ %ï«´>í·Ûe=ûíà)mé§HðÝ\}—ÓÓît^Öº;žniUµCÅ¶Ù/Vâöç¼Ï^—§Æ¼¬ËfkŠ@£,‰¬KpKS–íxG«Ã,‰¬Keþë(K› Øç,#ú¥!KÌÔa“áŽ,ÛÊ¬[b?ØàeXF46ÍÜ'ÌAÈ/–uðËˆ~iUMGÅ¶ü“W$£,‰¬ËfllcÒyî³'Þ§*}TY–à—VÕtTL§IŠK"ëÂ¶57Ž±$².,Á/MYfÕi®XÖÃšD¨0².,ÁØ4ßØå1	ÏùéVÀ.ëy;eKÄ¿LV;#¨¨Ú‰µ?™'þi3²,“vÇrÙ>™–Aú¨0²ãÓ{’a==i«°£,AÖ3%žÒÊ¥Šó\£,‰¬Ëæ—É°¢1;•½D÷ô;¿,O_vY÷q	qtšjlìoYYY–Í/mYÂæ¢\÷©k·¾+ëŒ¬ËÒ¶üUµ‚åE½MÇÈ:°ÄŸdXYÏx]–¼&éYnŸ)a\2²,!ngUäˆŽ±dd]X‚_ÖÖ1ng;ïâÜu…äç'Ù_eÝkëM•²vˆÂ4#ëÂüÒ°¶žq!¨8ÉÞ³œ¤­FÖ…%‰°aéžJ O¿4¬ûdõú²;i©aù5Ö—·ãÀÒýB®ZŠ~iÈ²àF£ÜãSæ[“à—wYç.Ÿ‚…SÍ<v„å]ÖÙ/1ÅÇ–ePÝ7Ì’Èº°l…SEÇÖ(Kug™ÌÇ%,e¿l¿G·DÖ$Œ¬K(œZcY–à—†õØ‚Æ&×ðFYY–! é+c	²ÎuÌñ±d‰‘;lðñ‘eÈ{'eÛŸî²Î½[
§lüâyŸ¤¬AÍJŒ¬Ë`<.«¶;ÊòktÅbäN•Çå(Ku—Í/³á>IEc“Çe^»Ô»EúL1².,7Jmp¹Ædý“|²á>IÅÆEïÖ Ë¯Ñïƒ‘;ìu×XY–˜ä“­RÕQq@Šolé®_O«´çÅÈ:°ÄÐÁoì6Gþï²ÎßXÌò±e©K(ˆÛO°÷ÇÎ2K›„éçhÆä>¼Q–DÖ…%ø¥á>ÉŒ¬rÝg”%‘uaÙŒMq“Ì(K"ëÂüÒ”%l4ÊuŸQ– ë<÷ÁèªéÃcIdXb¢O6Ü'èM¯sÊê›dxY–n4júðº¹¸‘~—uîÅD[–pðCÕ;Ädë±NY³¿Æ’Èº°Læã6åt¦¥o0IQ’pHRî¨%™Î“c’Ù|TfÕ)¯PCg7ÂÞåòUÖ–»SÇæ°’DÖ$¦ùdÃ³$+n2ŠkËžä"u‡¬tCÔä
–6Z%I2².$Á)MIBKŽ"—iˆ$u!	>ÆÖ"’DÖ…$ø¤aM"wýwaYÕ·uí²ÎsŒÜY¬¿¯Œ¬KpJS–`jròÝ(K"ëÂ6íY‚¬osÀ,Ÿb·?&l`cY¢ÐòÍÉÚ³»£èóéYVé 0'ëÂ²¹e±Û	»£¸E/ÆG“p©BÁ„u!ÙlÝÚ¹Fd}+ê3}lI6[c¯}¸B’ˆºlË?ö*òk$‰¬Éæ•Åno$Lhjr­gŒdö¯ôlOiG=ÙLå¶ìùZ“l ëÛy0ÑÇ’$FïDy÷9L{Õ®H‚WYß
AÀèUî$cy—õ]Lô)v'»Fï$yÇ²t÷Í–õéÕæ'YetÜ4åi	;ÞïeÔ¡eU®×2$².Á#ív·Â=rGÞe¸Ëz0l6¦¸“t”!‘uaîhw’+jd6wY†ÊNžQ†_¡“'`r%Ãˆ-7òªã	CdÄÉ~‘/>2jO©§ÉÈçN¯×ÇòwŽÒl•‘uaŒÇcÄ#Š¤»A–DÖ…e3²¬I•cId]X&óq™TóÕ”§½‹¹–C¡‹eId]X¶Ò¨â Q–DÖ…¥µObÄŽ‚å6ÎöEu>XËd/¯=$–PµÿÆY–	ýÒîWSTå5§Ð%Ã–õÐÌÌyzÙ9Ï<Ÿæ<ðXN]w÷ÏÆpíö%š¾ÄÉÚ§/Lì±e¨óÉâÞ‰®aÃüÃí±Œ:\šeÏÈº0lþXw>0R'ˆ'C†î²a¡§ú–1$².›/Ú2³g¸Ëz0ãRÍS‡’M†˜ÌSëªÚdž#Ã*ÍS­’yžÏm0Bg‘k=Ë€üËŸfíS|&óTÃº*FèdÅ<µë8/åð§Íþ ë<OÅ¶q%‘ua	þhX_Å,Öæ†YY–ÍÐØÓ–é`üË7ÙËûÉÒËƒO®1BGN½f	²îã²m²1	g–saIdXb2%KŒÐ‘Ó\,ëtƒc~FÖeÁÖÍ¸ìXÆÃ&*ÿògY–à—v=ç#täû€S,ûÜGÃ’Èº°Œá‚|d”%‘ua	~iXÀ,³œÖÃZäù…œ¬ËflŠþ«Q–DÖ…%ø¥]‡k(x	³Üµvi¡åxá#³®¼Ë®£ëÊå¼/ÙË¨—s³›C½¼ÿñœ!&òX2„èœZä~Ã(íe1²ã¢sÂ$÷	ô,·E±0ç¹Ë^î¢“^¾ùälXç©ØX#§EŒ²$².,cÜþbä¾Q–DÖ…eóÉÙ°ÞSµ	£,mÄŸ£EçŒù¤†%	úqaÙ|Ò–e^·y·=K"ëÂr3¶Ì~TŽ,û“ÇK›ïUõ×Ç–N×Ç¶§qÌá™+v˜3Ë™Jéž…Ž¿Â"½î²Î³VÌ	ì¹fG3a/«GXs<#leÔÁ+u3.÷ÄnÖVØ»vŠÔE×Ë^Ûáºèfh«QeÚ§ýÙó;ÕyY‡® ÌÝ™«:Ã½Æp—õ`HÊ¡6mª¬CpC«jÎÿ  ÿÿ¼K’,»D·¢¤ñÿÑHjkÍe²îAï#¢*IT:ãpÇïšW¾<I:	‚NVÛ;}†$ûÄQ1âFöçS†C6ÙæyxÎÙÑdÈ8xEi¦O~N#Y?ld\[o¾L,Qf’$kÂ’|Q±"Ç8âU´ß±\dMXnÞˆ|Êr‘5aIþ¨Ê’Ê ú,Y–›¹tOYþ\:ÏI;º,Ç±aÂëÕ§,IÖ¸Ë¼có[ï<cI²Æs,gíTÅ*+ÇâˆÅ­ŸY–„N–Y–Ž·*æîÚüºÿ.kPÍá´¦Xeå`1Ööw,ÿÄi$ãÄŠy¾®çF´øže”sêRVP>©Ëp³kç)Ã?ÑµÓù¸p§»õC’mV‡?6Åª*áà“«ÇIÖ|Ò‘;ãÐ_€õ›?
Ý­‚¬~wkà|E–ƒp<¹Š!Nò:<¾dm÷“ƒpÄkòïYõ›eÎà¦«$«¿Ö	œ¯Óôjå£pÄ†o,ïÝæŸ×­_²¶skà(œŽ÷ ÓÓ)ƒÌ.IÕ%Ù¤^É<pNÆÏ‚t]Ž<~ÙŸ/|É>.Õõ¥Áãø³’ú^SëC„‹ª	BrI½Šy œ\qvÀS„—¬ÂqI#me<A8T³ñ„Ê‘:M/Þ3pöøm,€\þÐ×!ÈêGêŒ¿2ª¢ØçWï?¿Èü¥i›Å8O§éUtßdÜ®‘èð—±ˆš`¤®ç¤WšßÖþáý%k[Ï	œªÓôê9ão2NÕyFr5!IF†û¬Ò«µiL~¾gþ%kìœ­Óõ*CpðiäC’‹¨	I:“Ä§$Y’œ°ÓõÒ EádñÒÄO$‹‡I¢$9GŒ
þIAÖ„äðÉ®X›Ö§ž³·+†â×±Èš°–¦>¿
²&,‡SvÅj áÔžä§,Y–ttˆ+­OY’¬m¾Nà|]–ÃÖêFîÕC–$k>.ÇÑ¡Á¸$Yc·ä|®XÚá œ¼‘)xïë+AÖ€eÜ­¸>c)Èš°$¿Tey[ÝH4Êr‘5a9.2Š—üŽ%É¯}8o§ëuÖÆÙ¸S÷”%Éš³Æ&†ÍþŽå"kÂ’üR±ÞÃ9™ŸµL~éÁýÈ›ì“ÜV÷^{VP§‹ŒÚkAÖ€!çîh2¤€œ*FŸþÌðíþ‹pš%Èœf%*”Šeª,Z°²ÆÇYœ»£Ë’6€xÍSútÒP@5˜[ÓZ*Õaù'*°œ»£Ëò0´Üð^äÆ²€IÖd\Ò3÷",Y–ä“ŠÕô´ÙÉrù¤øe,¢&£ò¯¸åI’5®pêŽ&IŠÇÉbÐÛ[öz±·K2’¨ÉLar¯dÍ$Ãý(`íÈ’d:²(s':ÅsÇ©øÅÞž§×—òJAÖ„%…‘?›_wX.²&,¯ŒN±žžÙÔðû OY.²&,GùF/ÈS–‹¬	ËT´YŽÆ<Ã>f¹Èš°¤¾žgµž–‹¬KÊÞ‰N±ž^6oQ>d)È°äœˆ;%Ÿ±<e;˜û¥*K26ÜG§·vX.²&,é¹äg;,Iö×u;Ä2ªË¸5.UìÕÁZÔ²&,Ç&PKüËEÖ„%ù¥âÙHÙ=³S/éË?qfYøpQ{O"È°¬ì—Šg#•×ïn,+¸T*É°¬´Ì×±î3KAÖ„%ù¥*Ëal;o÷æëÆÏËEÖ„%¾½õ”å"kÂ2ªK26|Mä)ËEÖ„%Ûãµd¹Èš°$¿T¼l@1:e£‚Ó4ÇvTdMXRœÎ³jìËEÖ€ec¿T<#9ãtð¸Œîº82nœ~f)È°¤8§s¬¿ÿ–‚¬	KòKU–£'Ÿ=f¹Èš°Í8[·Gž±$YóqI~©xJÂq:{’§,Y–tÈøl¹Ã’dÝS€X’_ª²¤ þ»Èš°Æ&^H{gyÝ\÷÷;‘å"kÀ’Rz¢W<óâ81èæKØ{'È°ä8qsü–§¬q­€Rz¢W¼Äq:âSœ¿c¹Èš°Á÷¶Ÿ²\dMX¿ÔeIÆ¦Ïr‘5a9ŒM\¸½ße÷ßÅäÑžD5a9üÒ+ž_žñ:½êîz—)EtNÂ²Å¸¯€ãu6î<eI²¶}Ñ±_ê±Œ¯SÅ»ýoç$åb;¾‘dõYFŽ×éØ/ËÕ?P “¤j‚’ìRïÈ+rºŽ˜3þÚ3_&pÒ Éþ%”èëûÀ#¯ïCôXÀ;±’¦	HòJ½¼—ÈÙ:â3òo^Y§Zl^)ÉšŒIÚn¤†>¹hš€$£T9:rúVsH2A-²&#rtät<"ãñY¾°éæâ‡_dXz6J½’HQ;ÕÁ¬ïé2Êc¦?mAÖ€%§íˆ¯ßY†é‘X_KAÖ„%9¥*Ë±ÑÚw–®N,3þ:Y–ÃÕpÁg¸ü÷‡÷ÿY–d–zEõÈ‰;¸iËÿ½o–Ô2%Y–dl°¡ Œ§×¿>üý2“üÙßUMP’]ª¢¤FŒÒ÷«Fà;ZÀž²¿îA_ÇÞ¹e¨Ó¾²ƒmå—ªñ¨ì–Š()s§@·t½´kkO¾dgØÀ÷= [ÞPÆÏþ®j‚’ÌRït$räNG×}¿º	|…Ì/Ù_Ÿt¡¯ƒR[1Ê«>€\^4á8Œ2èŒDŠÛ)Xºž¦W›F`3"Èšp¤R)ž]Ÿp\$M8—z•ôx÷‡ªÏ9.²&Çî¯À[]Á_·%6H.¢$)¿G•$íÀõŽëqÚ†x¸dHrÐ~ë7„Ãô.”	~öòv‹Áå0É XFçœ‡'×ù‰ÕàÑJ^5AIgŠê(U”ä“ª(‡¡‰K†;Êæ¯êëÊEÖ%mýpqà!Ê?±¡Œl•ª(iç›´\nSmàžx,~‹¬	JÚúÁBúS”‹ªÊÄ^©ˆ2möÁº®Q™ˆ4ú’5>IJ‡w!í®CVYYý„‰˜Ø,õîsEÛÁç[þ,¹n³\dMXîÝ³õå®9% 9E5—ä–ŠG\‰mO±ó|L·º—Èr‘5a÷Ö°£}n²zÈr‘5aIv©x,Âq;°ÒóÆõõ|Éš³\*¥:,ÿD6³_*²¤Àqéëµ!yÌŸYž²¶ývã¯Œ‹W˜ešŽE|AKpAÖ„%ù¥Þ}®˜ù‚®ÀÖù>—÷Ÿ%Y–ã°=Wá®“€„Ž+Y–ä—Š#™×|ÞX‚¥  kÂ’ŒË§,IÖx{É9>º,‡±‰—¿r¥«š¹Ã’dmïDÜÁw³\dXrŽ&K
Ü©¯}Î>f©sM`)È°äÀœ¿ýå)k<.9ÇG—%-â>‚ËŠÖ>‚¬	Ë°uŸë1ËEÖ„%ù¥âé3îlìI\›æØˆÖ>‚¬	Kª›nœZ>d¹Èš°~Ï»(p§ŠÓÔïX.²&,GàÎF«ÖwõÑWtæ*h€äMœ¶ƒxw-|NYc•oCÂ¾æ' MÃ)£bU£vÄ4¿¹Èš€$KÃ$@.š& ‡MFÅ’:çìà»?ÎùHP†dM@RÎŽ2ÈEÓ$y¤*ÈafacD>¹Èš€ÅRœ¿¾WÝ>£>AAÓ $÷h‚¤„
ß]wýø~_¹ˆM­‚¬HJØñânøòø¼yZ¸‚ÃçSÖø`„ƒ{¢b1½±ŸáBÏS–‹¬	KêÃ,GSýu÷'¢®zAÖ„%9¥*K²44ÁºVÓuÉ TüÓ^dzBÚæ†ò1Ë?±¡äàž¨Xè¡„™uíX/\YqÐrNYã[”°ðc@þjýôä¢i ’S{4Av¾	O¸jH8(Yg¼¬Ø®äÃ>KAÖ„%™¥bÅŽâu¾úSóE²`’$j<$)\'à·‚“$Ys’d•ª$GC€C×d]åvMlÍNYãþt×›ëÇr‘5a9¬2)–ì:IQfÏ1*Ó4*ÁMAÔ„$í áIå±—u"	†‹¬>ÉÄ‰=Š$Ó­ç×Òãkn@üÌR’Õg™ï añõX³†«³Ç{dMX¯Lzõ×ÄÙ:âãžw–g£ÚWØñç¦5IÖ„åØzXí9ð]“J‹ï/UÛ%lâÐž¤—¾”(]§Š¯ÞPæ^o—×á×±Èš ¤j)<Ürí•ú…òóçS>÷k”ä•z¥»Dù:U|éŽÒÇÛËÏÇ¶’¬	Ê±›’î(	sŠ”øl–’ªJNíIzíééŒ×ËžTÛÕ
â+B)È ¤x'æøßQŸ·\(?¯`%U”ä•ª(G»ªÜx•%NaZ(¸Q’5A9ÚUôÊ7”ðg¸¨š $¯Ô«Á&Ï¦—=©Î^¹1*Y”äj;£2†%X²	ª&(É+õ*w‰Âuj‚åôtü³ùøös«¾$k‚’Ñ‚õž§(IÕ¶Ü“8³'é•{Rà \öÄ¯£gxëâKÖeà^U¸±tiº–×9œª¶ÕžÄ™=º(‡©‰?ìÊPÊ”Ùƒ¢`%Y”ÃÕ<š`soSüRÁŸ}Q5AÕGå0µ ½2†Ù+3òÊSÖx3B;ÞÃÒÝ1•ùï5êí‘TMP¯ÌŠ•;ŠØ)â“æ¿C¹Èš åRñwø+”‹ªJŽîÉŠ…;ÎØIØ+K»¡~#È ä±§þg”(¤YR5A9¼Rå05±Œù†rj"ØA¹Èš ÕÒ†÷•Q.ª&(‡WfÅlä º`ðå"k‚’NÑf$÷2Õ`3Zöª&(É+k°‘7€pTŽìUƒEN’¬	ÊQ-…ÕžÇ(U”Ý“w‰[Vá²çŽÉÉX&>YDÍ=åÕž÷Ä§ªñf„“{²bá.q±ž=—Ú”‹¬	Ê±lhÙsG‰Â¶%U”ä•Š…;JØ©ðA®cm^&àÄï5®ÀR¾Ž‡“2\cö¡j\¶ãÔ]dip+âz¢¶rAÖå¨•ÂÞÉÜÃ+NN	ÍU”Ú“k=”®S#tJïÊ-LQ‚¬ÊÌµRtð|GYP@P5A9œ²è¥m'×ŸKþeè—-Èš ž&¶˜ÝQ[§4M)ÀæY–Ã*‹bÝŽÂu6fØpö1o³$Yãƒ
×ñð­çÜû+\÷]žSHÖød„3{Šbµ‡ÃuÄküw·¶"‚¨	Izb{å¯o/{UØSk=œ¬#þ®'¹·éóˆ~Õ‚¨HÎÕq°¹µW¿Vlý
Y’d•ŠõÂ§Š …à éæÃJè6‚¬	KÚþ¡k¹Ýë`P
ª&(É)UQKkxPæôd/"Èš –&>7~G™_ý	JR5>áâ°ž¢:™8U-`s?fË©jP-]5A96€Ê<nüÙU”×S+•]”zr/WëaB‹WAÓ€#åêxøÀópÊ+ÔÿYä”ª i÷¯Ç˜¬ñ:unÈ(U”aoH>EI²Æ‡"Ø£‹’6åñKýþ:ÐÕJIÕe|?½ÐA¹Èš Lê£rXJzyŽ’T{í*÷ªêO°$k<*›ºSrºNw”±¿¦&'Ð,¨ äp|*Òê+M§" DP5!IV©XJ§l5OMþª¿¢çX%U’äið ò ™§Õ+ØDª¶áK‰{ªb%’ujÕ×ÜÇU®é’\TMHÒ™",¾Ööòùúìà¶³ jBreU¬½6¶4X—ñ®7œðïzQ5!I{?h”ÇG¿Š°uWP5 Éy=U±øÊÁ:è5®ÜcñÓNÈ'OUã%åêxÑãï$Ý+×í_¡ jBrø¤.Iz9$kšÇ$$¹¨š¤óD¸¥¬e
«5AÕ„$ù¤bÇ$Çêˆë¿ûìê§'×Ñ3Ý’ª	ÉáhâkE?“„Ù¡’¬	J2JÅ2zßºTy,ybzÍ1 Ð#Èš°žæp¡Ç¿RyÂr‘Õg™9®G‘eæ\¼è¹³D9T_²¶ë×Ì¹:0à%2ËSÖøªHæ¸žª×þšÝfý5µùLÄƒ½È)k\ÈnÝÿá½lù”dMX’]êoeÖÁU»œý”‚*_’¬	KÚâ5ìS–$kÎ’üR¯l—9Y'Ãq™³{íW1%Y–­çØÇ,Y–œØSõ
w™£u:.øúªûsì)kì—”­ãžc]ˆß÷KAÖ„åðË¦WºËœ­ƒ×>ñêWƒY’¨	Éak¸š^ú«¥i	Få)kÛm—9±§é•î2Eë4ñFÛdhSÁç`ùyG"Éš°¶Vñ¨ô¯V'–pJ!YÛ~»Ì‘=M¯ä“9[§ÀÝ¥ïS~ÇsÔ¢j‚rìqëdi/77˜}®ùH²(9²G%gëˆÞ‡e.·ÏŸËÒ’¬K×Ûê?°D¡Ä’¬	K¯<,)\§mTbC¾±ü\7‘dMXŽˆó o<W÷šÞ3Ø`¹Èš°$»Ô«ÅfJ×)âs¿cI²Æ‹XŽ×ãOÇr‘5aIv©ÊrïÔ2¤t+€e¬ kÂ2oÝäWïã´ôù|OB’5`É±=M±Kù:eˆ,].XÂåÃ)k<ÇRÀÎFªDIs¡ ¢¢ kÂ’üR•åØâ3èPûk®Mî»û’µ=ðÊ‘ŸÁkŸ<¯}6>ü"kÂ’üR±7{|\šcš=òKAÖ„eApŽÍuºøï/I²&,É/‹±±ÓÄkŠ3ËÖÓœr‡n·I²&,óûS=2ËöŠñ	ËEÖ€%G÷4Åb,eì4qšº±l­Þ®æ*˜ kÀ’CvÄ„“;Ë2¿¾Ž®mK²&,É/UY’±¡ýeë1O~Q­à”µm‰Íœ²ƒ)sž÷$pá&Èš°~Ùëœ³Ó ËVÊ¾[ž¢æ$‡­Á÷)ž“$Ys’Ã-uIŽm`E;’Ö\»µ‡€E½ kÂ’Ê¦ðú˜aãÒ
ë‚¬KŽïéz9!™sv2êÀk-†‰%j÷þ’5^ùä5’î§•OÓ‡•–æ,‡[ê²¶w$Ç¸Ì·ëÏ`ƒ&Èš°¤VÌ²¼æB˜bU”d–Š…uÎÙß¼¡¬1ß6$À.Y””³ƒí2NQ¢Ø.Y–d—ª,GÒf™c»u‡€É)k|ÿžÝ«‹sÊåñYòÜ¦ýa‘5`É	>]±°Îa;ðZîÓ=ÌR5`Éa;ðé˜Ñq6}P¬‚$kÂ’ìR•å8e„i!­Ô~†?mAÖ„å0¶Ž‹>Çç½ÆeGEAÖ„eT—T5…slÉé½–>§¬9Ëe(³sÑ§âIåOl/9ÅG—åV6A+.Ü–‚`U_þD8A.›‡—©Oo:íüÿÄá%ÇøtÅ¯Ê§Œè ºŸnÛK°dXž‘;Ø/ýËÍM ú(Èš°$¿T¼IÂ™;’ä¦~ÊŒ,G5a¹×{Ì½O,Á+Èš°$¿T<¼¬{7IÚxrw~,Y–c#(~ø÷96ÏþÁâ"kÂ’üRñð’Sw`SAK!OûË„§©EÖ„å06ÜP9ö—þ‰A¬mHAæ0Ÿ®xàE±;½Èž[®b¢$9u?Uq¸Ãtû …©Éß#¡0Ÿä‹±»ƒIBq¯¸?*Y–£'ßmÇŒ2x°dMXn™œâMÞÁÇÐ¡•©ÕNY–[ïYæØ_uÕ&¨š LcX*c9y§ Œ­S¿=WÖ‚¬	Êájøª^:„ò“¿È°¤DŸägöféÜTôA]}Éo.)|'â§GÆ¡À¼¹çÐ§¬qÑ§³]*n.9}ÖÃ1Måýu  kÂrøš¸¿³,¯¾ÿH®$kÂ’ìR±èÓ÷:c›/}ßpQ’£fê°Y†—°—:eÍI’[*–	ú¦[çnw‚Àš^5a™ßc–\Äæ'?D’µ,ù¤¿;Çn©Å’GÍo-ãÔµüÇŸ¶,«Í’ÿÊVPìÈ¸ý^÷‘¥,kÂ’ÜR«LÀŠ;÷.[)~zÝ©tËKÖr\Ò_¡’¸=äøí}ËènU'}x’ýõÊÇOn©Ê’v°PPâTŠ=X~ZÔË²&,7[}ÒÔMïÝ”"Ëå0–I}\Žž1{ì~DÒ¦PŸP?¶È²&,ÇAVÞ9º¼žx
Ä"k0ÇzöKE–œ¾ÓpKA¬WÑç`ù©+Ë°¤ô€_Ð­>—A4ÄR5a9üÒkcYñXpŠõÌû¸ô~šc—‚¬	ËalÖß¡Ÿ~ˆ%ÉZV}è¯¿ÔeIA8Ç–6å‡ÄûRP°Aö/±ül9œ¿ðí?ùehxRYdMX¿ôZ…uVl;w‚ê1Îüd9Ÿ
ë—¬ñ:–xÊËë’–$kì—”ë£Ê’xðÚ§ºiíï¥a\
²ã’xÄ4Æ÷¼kí3šTYƒul`¿TeIÆ†ïC÷éð2Ýocˆ_Éš³=9·mÕéyËän“ŠøáƒÊíèÃ“_j’°âÎ½Ëîz¿æØ”0ËEÖ„å06ñXàž9á§6çt•?ü»¬	KòKU–dl°VÐëtÃ+´ÝdMXÒIœâ§· “GuAÖ€ed¿Ô:ñbÅcÂÜÈñýªáÅvÛ“_‡ kÀ’xÄTñåæežüL*‚¬	KòKÅÚ:ðàµOÏSÈúyÝëã×±Èš°AñîÄ}\º©Ù'V4©²&,É/UYŽ|W±ÉâÎrnöÙ—‹¬	Ë¸DV‰ã²OY0±l|øwY–ä—Z­±¬84`vš?ó_¾,ÔÖYƒý%ðD÷—Ç¸¼Ö±±à9v‘5`™Ø/ë±ÀƒßiwÇ„Ð¦e=Ø¢	²ã’xBßÉÛJ3K°ödMX¿Z	"¬x›Ø“øæ—S®ÏËEÖ„%maÞÁÒÍ,ÙŸ²æ,‡_ê²¤<tÌ²Nox~	¦©¤³¿Ž÷îòS'f¿ÌðÃYs–Ã/ƒbÝ‡#x:Þ_¦8±ìh)(Èš°uøüò˜Sr˜XÂO²ÆgÑ”ì“‚V§3+Ž'ì÷é¡Üjxà§-È°Ì¼„µ‚cÙýß¶‚¬	KòKU–´ÄõØn5<°|dMXcK¸Û^®M,úð$k\Íì—ZÝ±¬8Œ¯c[™Ö>mÑNYãºgðT;QÒôèåšúaCuÊZÆ4Ñ_!¿Te9ŒÍoÔð¦ºOÊh)xÊ¯c3Nñ9I‰Ó3	6+	²,û¥"Ë²÷ˆWëeŠiJÍ±‚¬KÎài;ûËë6IÊÈìOYãµOa¿T¬­sØbú–ë®~|l$Èš°¤Æ¼öé¯tùeÃ~‘5aI~©Ê2îËæokŸO¥.YËû$üWFÃÜËk^PS„ kÂ2©KÚnÔðúu!}N•eMXR¦ <ó*~^ÇVlC“É²²_*ÖÖ+¬­»à®óË|ÏæNë×qÊþúœ$¡¯c4æàu¬›ü2ßß%‘?ü»ì_b‰>üðË¨XÃã£uyªäûÓâ×±Èš°ïY?ž“Ô‰¥C~‘5a9ü2*öÇÖÍg/]Î×»ÃR§¿Ž±Ü9¿œX†[­ Šþ[öþóÏÿþ×Û§ÿ÷?ÿý¯ÿüíü/ÿõ¿ÿ÷·ñL˜‹Ñ_xÿñýgõá“º7÷•Oêì+Cêx…=[^²ú)ÊG•aãÆUÈ0ºéŒ«ä‚¬ÃÆ…R<§KÕïEw¾Ç¥É~Èþºï}x¯<9u÷PF×/,÷gYÄ¯Ã«ô©£¯ƒŒ¿§7GÅæ{J¾øáY–äŠg\ÕzrÓÝÙã»‰èëXdMXRã*f™5ô4.!ËEÖ„%ù¤b?,Çîˆm÷qY§=H¹‰_Ç"kÂrlüîm.ó¤¢uë)ûëúëçÏi>š,9vöôä§xÑêÑ¹ˆ kP³£Ø·q.’§xÑ_
²&,É/ké}ïþHOiº£Wa«· kÂr›xp~g9¿ñ]šTNYs–ä—Š5»¾¹ŸL5^ëØêÑÑ‚ kÂ’
¥x\Öé-alö‚¬	KòKÅÞfÞ­ßæØ|›c!ËEÖ„%]ŒÄ~Y_±M,AÍî”µõKÏy>Q¯Ö»õgÌ²tP#dõ×>ž‚w62`Æ¸¬ÓÂíó¸”dMX¿LzûKÏÁ;ðÍÒ>Îò4.?·;}ÉÚ®}<ïàTÊãóÖk\PèdMX¿Ôe9Œ-@–µºo’ŸÉ–EõO¸<Çî4¸ò9>ï•cX*žRY’Ã-“^¥À;.—ÂÓÊq²Ð•"ËEÖ„å(—âÝåc–‹¬KNóIz”žbwZ€»Kêþú:ZZ’¬ÁË±;þÙ¸¬\—ø’µí ôœæ“ô*žbw|ì©ç6=öÔþ:HÖvGâ9v?Âö˜%Éš³$·Te¹ç–9ÖkwÙÐeš/YóqI±®°»§º[•ãsÅJR5AIv©WôñœºãaÑ'ÏÍ°-ã¯c‘5AI©®ðÀkl†¿?| IýKÖ6hÂs˜&KJÝé¸!$¥6K”ë(É°¤ÔPñ°ôÓ²­"”‚ª	J¯<,oñyW×IC×/$Y”ÃÖpJþS”‹ª	J2K½R¬§Ìæ7Ž.§X¦†â_¾dm[Ô}`[ÃŸåç·+dUýÛž“|tQ¦­QyìG~Xõˆ_Æ"j°³¤ÀŒüÃý<(?gqK²$9Ç'éÕÔ=îàó‘™$ºý,‰IŽÛqðt¤N­¶ šÓ¿TmC|<‡ø$Å‚:§íl¬_Ÿ\DM@Rv Œû}
rQ5I6©
’¢vp'ÁÕ"ÓÐ]YIÔä°³3_n 2IAÕdjMê#røYÀmmz=¸¡«²_²Æ»ÊÙÙx=¸ŽºÍÄTY–ß“õ®øÄ÷:ðŽ²¶«XÒPä‹$kÀ’svÄ¬¾ŸYV”¥ ÉL°ß“¸ïýàÁH:ãðùë@7%Y–ÃÕðÛ–Y.²&,‡YfÅ¬³#·P¶v•Ž}ØSþ‘øÏ9;¸Uë1ËEÖ„åðË¬¸©¤œ&¾ðÖ¦Þ¦6X8em£}Ú#¸úA
è¹ûÒ´íÓòœÝ“÷”²á µ\Y¥£öAÖ ·çÙÙèíùþäÜ”4M@’Sª‚\Î¼lþ¶}¬ ÈŒHJØÙØŒ<¹hš€$›Ô»íì9^ß\7®ó!¶Ø‚¬	È±ÿÃZÏ@’¦ùˆ$TÜSR¶N+džžu*÷[üâ×±ÈšL­£Fw®\]u–dXrdOQÜSR¶N—w›<;º÷nC}Éþºf¿Žqžkv%L‘°©£2º kPàÈž¢¸§äl	Û]¨S\aCe;AÖ`‚-kvëOñK~Ž+ûòG
°ÙS'(Â {JS”VA«AÖ„åØü‰Nÿ#z=5›*T	²&,‡_ÅÆIÎÖIhÛú\ëI	Õ`Y–”­ƒŸ©HÓõø$kÀ’#{Šb­§²±Ág*Zœâ}aÄ$kÀ²òÝr{
®ÀY–ä—Šm=”­ÓÄd±·èÉ9FE5Éû%gëˆy¶ïÏ­…²?Ç
²&,É/ëvœ­q,Z˜Žý²CËAÖ„åØnÅ½ø0ýÁÁù)k\ƒåèž¢Xñ©\,…g–®†ëœ+;ä—‚¬	Ëü~Gù§8üë{‚·$Y–á£É²ñí‡ß§@Ù£u¬ kÀ’²v6zB–¥O?Dà—‚¬	K¯<.)kgãº¬Kó¸„[4AÖ„%Ý…ÄûËË€&•SÖœ%ù¥b³và¸ìÎõkí“a¿“ kÂ’²è°_¶)v‡å"kÂrøeU¬á5nÆÁuŸ§,Y–KvÀã²Ns,h„dXr„&KÊÚÁuŸÁrZ‚Ý¥ j@²³­á‡€æ©òÆgW59Ì²*c;ã7Òü0 ü2HÔ¸äÓw_ç:¬ý"ñ‡_dMH«¬Š¥XŽÙUß^5˜î=§†–=‚¬	Ë±Ø*–é	ËEÖ„%Y¥*KÚn½“'«UAÖ„%ÕLw–=u.€eÏ)kk•Ó{ª^Y=pÌŽxü~tÝ´ì)à$W’Õ?ºŽŸÁ/yßÒÓÑ™€$kÂ’ÜR•å¸ã»µb
Ë:,$Y–azàWòtt™H.<eá“¿k)œÞ£Ër|É»§˜¯>Ÿâ0ËEÖ„%ÝóØèó™Úaa?„$kÂ’üRï¸+pÐŽbý–6·ú8ÐE)Éš°Ì[-Ç¸,m—ŸSµ$Y–œßSõŽHíÔK>7–9!¿dXRÐÎFÓ%<«“dü’ó{tYRON¡ì}ZÇfôÓ>emÛ¶‚ç nŠmó¸D-x’¬É¸$¿Ô+«
Ú©²Ìi>º,È/Y–ãù_ÜêSú\Vß`¹Èš°$¿Ôëqžk¦pŽ}Ìr‘5aI5SœJà^½<a¹È°ä ŸªwDoñeöËÚœ%Y–7‚xÛ^}>"{AÖ„åðË¦WVµƒ3ÒFÓuÊàÑO;¬E^–ãŒ×}Êü’÷K’µÍáÓô*ë³vp­ ¥:Co°\dMXRëNwš[
€A²&,‡_6½zlà¸ˆkÅOuÉ%Y–yëôˆ„Y~¾qù%k¼¿äM–qóÆešž»ò¨R ˆ<óvð[]ÉùüY’ä–Š¼È984ä"™è`“DõÏHBä'šñÞ2Ý_dÿ|Þ%ÉÔ	8ÇG—ä0µŒk>s-ö­ƒMüa/²&£r/ö1Ë?8Ê§)Öb)s§âk—ŸX®BÞd7…t.W.¼ÿøþ³‚úò”–Ãlß¦8Â§)ÖíÛ®ÛÍSÝN’¬ÁÜšxó‡k=yº
;2AÖ„%¹¤bÝ.íºäS–t}Ä¶…2œY;x\æW¹šZP½$kÂ’|R•å04|6{ºö”	EøH²&,‡¡5¼zýnð‰(tñKÓø`„ó{šb–ƒvÄ=Ù¤ïÓ½Ù{s½.ÉêÇÂÊÚ		O°@’¦ñj‡ó{4ArÐNÆ S¸_‡ k0"9kGìâ}&p~ß)Y–ä”Š•tÎÚ‰°ú[¿ÒÆÌ€¾ŽEÖ„eØ{c6Ý.üÂÏ¾¨š FÙéœ¶³2û›Q~¾Ï%Éš ÜË%(qÎñ ûS’5a9FDW,¤sà¾ÿ|_ÀV<Å&ûûÏ!s•TŸå"kÀ’s|4YRàNÍY´€dXRàŽï¸hw,¸ç¼Ï˜$Y–Ã.»b!w~–ôX1„‰%ü:HÖö¹‘PøaF-Ÿ°\dMX’_*í8p'á‚O™—±MS‚¬	Kª”>+øì°\dMX’_ª²¤SEÜ¨ÓkŽKAAÖ„åf!ö˜SâôC„ñ'
±œã£É’w`&SOµÞòBÀ×!È°¬ë«“?6©×ýý” kÂ’üR/Ç'PàN£åïãÒÍÍð^58äªll[±\dMX’_ª²<Œ­‹¹w–ašcq kÂ’Š¦¸ìó”å"kÂ’üR±¨Î;!Íß,Aßš kÂrs9_êJ	­}Y–œãÓË±¸#Æ§¼•ð¦ÃP3ì)k›ù(p'ˆ§;X¢r%Y–ä—ª,ÇFp£´Ýä—­}YƒµîlBÇ—{PK>eçXÎñéŠ¥u
ÜÙh
yÌr‘5a9
§øÅà’¦c’„Þ&•dMX¿ªìkë¸“`3lÌsRœaQ“vœ2ŠåÇ¥à
®ià¥®/YÛ-¥ød§XåÀñæé[;Á”,úvÕRhÕšeŸ´jõ·V-ú³’úØþýT!ø   ÿÿ¼M²äº…·âdˆ¢Ø#ÛÑž;ÝƒÞÿFZ2¯ W‡z	Ô¬"ªêd†¾¤@àÎ÷
*²M°dàcÌ„`†ELuºìxT†‡ì†!^öUÔi6Î¾&™IGcÅ>²Îm=dÝcÌÒ¤°Eë1C’m^ÓuøëÃ{¿!MÖ…!EEÃj{ë¨M1g†GWLI§´Jð(}>!®W_™¸Þ+“ë~ƒ¬=¿´p,´kAOì§£º‰]yŠ˜Ž‡LT5YûjZxhÖLúQe^3Ø^k².,)&š²¤#Þ„MÏrT³*rÙþÈúV@ÒÂAlæ½*X&ß²ÎY€´pl4eI~:ÐÚ%-b×Š&d}+ ‰ýt
Þ«^XÞ—U5Y–#íªY‰ýtÔ[¥—®×|T³VäŽ¢Éº°,sô:î›Í°dXŽ—v8°áuyb‰†¯k²,ÉO'6/%ËˆŠ¬KŠ—v×}ûé¬0£·tä.ÃæÔÇ1Èº°ìMõL8³b’AYÑºTd]XR¼4eÙKˆêkê2)OÌ!Ýÿ|_DøÈúve%òÓIêAøÚ¥W&|©².,)^ÚU&ûé4˜Û‰«°a9Èº°ìõîeŠe~Â’d}ó)r¼´«€$öÓQ‡œY.²²¡w¬"ëÀ’üt"ž³ÿK˜Ç*².,{¼vD~:O2íl7	~ÚŠ¬Ë=°å‰óåS–]Öû|I6=%Øå^ûé¨.ç}l“òÞ]°¿—4YûzV"?<±.‹xÇî7Y™ÓŽÙ'‰ãPZË÷ï?«¨÷8iË°4µ¡éÒ%),ÐÖsã„úÙ'u¬|µè«¨÷ƒ_éÂjrÂsF_úg—s¸²ë;¨“);vÎQ‡W;é¶&Ö_9åê”õ§È:¬¿ÄW7`—GÝ·,EðòPdík‘)q\4ÌïwNC“·Öe)IäÐÏnñcyý#ûõ~õ¶¼žÈ;'á[[V„kÃ,Y–MYö †º•×%-U°\1ËAÖ…%Íý€{œm?,÷·4Øl+²{œÄñÑ0WGÞ90¿³î±«·aëÐk².,ûw_µð
ÇÖCÞ²¾7µRæxi˜ß!†,B×%¦|œ=*šn¨É:œ=ÈC'áÞ-‰±kž˜š¬Ã;6s¼4eI	R/c9ÖåŠìÑ?²_ÇKô8Èkn&^á2£pùVý:íŠ¾;…K»få®˜_º¤þP’¬¯so"Ëý”ƒªJŠ–¦()¬ìÎŽ2åãÁZ@‡«&ë‚²ÿ¬R>E9¨: $wžul£³‚¤kGY_²f‡"ë€’mtðÈÑºoÚŽ»ŸÌøùÈ~tE_¾K[–¡½t­yg¹„£©gè«Èº°Œƒ½ø/,³v÷ó#ëëÁœÈž§DÃ¤ûè¨?íË"XÌruaÙOØþlgYeóÀ}¯çIv:q·ÅR/‰;úXE½‡Éh×ðšÈ?§a+—¶-'†ðÝ:Èº0ÜZÁèûÃs'6”|•²¦22liP_9>6×‘oN+0ùÚÖ$¶:hÖÖGÖ™!ùæd5s|f¸Ê90pCÿÈ:Ÿ@VŽ¦,û©_æÙŠ¼ÆÜPˆQd]XR·¼úZOYÜÁÖd]XR|4L¾²oÎ†Y®á4›EY–=á¹iµ_NyÂruaIqÒ”%UaCV]…á¥×P}$ëÎ²gIñ\îž`lOX²,+ÇKC–ä›ÓÔÑy]±ç)í[Y–ì›3/ã+_ÍŒÕd]XR¼4,ŠoÎ¦¦^XÆ'ñò-ë|©ãm–$ëœç©/éuò’HMb;ó8HÖ%6x¯³,¾üUÖ…%ÅKÃô+ûæTØŒÞBä¨NøŽ¥xéÜE¾91âK•Mî}Ð0FMÖåÆñÒ%ûæ¨£qN,×UTEö#øi¿eSéä›&âå".e×‰ï~UuAIáÒ°™lsÚ]%£d]Pö¸¦ÚÏ|…rPuAIÑÒ%…5ø†í(Óü.V‘uAIwq´\^i_œHY–=Z&ÃL:ùæLœHÖ,-\&X².,{XSû’¾cI-°Î™¶ã±dÙ8m
³>kŒ/ycFžH”¤´”oc-]Ú˜éc5õuR8CpbXP&]ÊÎ·1‡6TCúÇ*êÁx6îQ…;ZäÔ»ŠZÐ¥ìvÛµ>VQïåC5¦_Ù‰*È»Cö»¡>VQïñ0V²È'§©cp†¬N[›{ûlyÊn¹°£ÕÔûñÎžÝ!ëÁŽâŸ);
Tp/SEz²â7æ!ú„Üõ¹¨¢Ýƒ“šÚÿŽÛ!kÎ-³ÝŽ!·L¾8k®æåëî³âš¬ý¾%“/NR½‚†ÒÍò¾ô­ÉÚï[2ÛíØ²œË¤®²a®$p¼Òd]XNfR—W{‚ÒÆm}w
…vEä¼pÌÂÇ‰RÄ-eÔ0§Éº LSŽ~içxµ¢ª©&ëÂ’B£)ËÅÔñ—c¾\–ÈÝó$ûä8qÝÖÐÇ*ê½2˜±×î©¹j‚á ëÀ]v’]Á1®ÂÂÆú¾y5w¼×dÖ#ÛáL4=î{‘(¶:÷C4Y–&í
Ž™ípÔ.ûsa£‰Û‘]~Ñd]XR®;¶¶x™Ü»|d}Ì2»ìØ²ìM5v;¯ËE¾['~Úƒ¬Ë~1#LÍXzÄruaIqÒ®xœÙ'À´ueŠÇqïüù‘õõ¦Ïd‡ð%¥hœË ïô‘}ä÷ãd¬×FVúØAÝu’SRf|3©‹®‰:dõæØ™àöZ’8Ü7ÕdV#{ë$»’qŽ|êÃ~i-Vðå¤Èº°¤cÞ½ÖWÞž°$Yß»Ê™½u’]¡1³	žrÿ˜å ëÂ²ûpÍø1K’u_—%MYRÿ<M–eùy?õuˆÌl‰3áÂ[åå«	’ƒ¬IvÜÉv¥ªÌÖ8Ø…7× Ê8h²,É'ªC¡®,¼QU”=XfÃÌëÛ);Êõ	ÊAÖeœKõ<DIªÎ±’ýv²a¦‡ŒqÞ÷ä|NDƒ—Ô[Ö××#“1Nš˜?°¾ªl{¼7i×d]XöXiË²§HÕÛLÃ²¬O–å ëÂ’ºgðv“ó•
˜vö‘õ’ÙoÇ’ež–¿ÔC”‡¡ˆ:Ì|ÄNŸ’÷ÎIš¬I
–†9»Ì­¦0Ï“«p¼ôf«cuaç&×XÂ¸"ëÂ’¢¥aÎ.ópbUžYÂŸö ëÂ’zMg¢e
óáA‘uaIÑÒ0ã“ÇDé¯ÑòÑ;öOä_3'Jñ…nèù„%ÉúÎ_Îl¸cÉ’qÌäu{Éî&KWdX²3¶Á:³¬è¥¢Èº°¤xi˜ñ)\XÄÙ» ¯ÔUùuŽ–ä‹“âT– <!I²Î{X¶Û)vÖI¹ðð¼*S>µ!ËAÖ…%…5¼‹í×ªæÏ#Š¬Ë-mYöC öËÎ¡=I›(².,ËÜºÌÒ²%£<Á[Öy]²ýN1ÌÄ²ON|Æ2ÃŸ¶"ëÀrå6œ©œÏÏwG#'5U”=XÃf;¶ÉQ]Š¿C9Èº Œ}·‰›{¢T]PR´4Ìø¬ã¨+åÒŽØŒ&Ûi².()¬áªåC”ƒªJ
–†)Ÿ•/ràáèûFðç8’aÊg5º‰GÏ˜N4†”WúIªgx´TdX²÷N1Lù°IŽÚµvyÃnG$„ËÑÄ^“µ7±Ï•'zàôÎ2Š/?MA“ýK,Ñ—§hiØ®U9gŠ‡‡Vqã.ÄS´TÉ~¾Cƒr¦ø@R^!<a9Èº°¤piÊ’îvàÁé›$y?ZBu!Ùë‹ÞýÙIæòä•2Èº¤hi˜¼Û[¿«aLru!ÙO€ê$…ïH²$ÙwÇ’$ä¨çì_I¢1Lš¨IöÇQ­¼nHž‹–ú—¿ÊºÆkrÖv'Çztø„óØPõqØØî ÇA!íáªœ`I²_§{Ð—Oæ«’N€¸h¹³96ízÞ²î,éäÔºÌOX².,{¬\Ó°l£½]’Âq0¬x]².,û°Íœ,Ã*ˆ–oYg–ì»³¦aÙ g"wwxHÄˆ†"ê@²±ù* +Þ(±œ
;úwïªÎG6á±Ù£ÚDŠ 	«åxž%ª>Žp½Hí‚²Gµ	”õ~‚eL˜%Éº³ìÁr5lmf÷4K´³wG"|Á*².,{TSö¾c9Èº°¤`iXa?|Ã2·*ÖåËAÖ…e™»ùü”e1¹ù|ûå÷²,ì°3³.ã±ñI(á~d}«#eáVœ™.Ê#¥žPýY“µO©6îYí*]eá{0^–÷-~”G>²¾}!…,vRÂFZñµå‘:b5Y–/íJ]…,v¶ï¬²<’~ƒ¬ËÔ³33vöÏX².,)^Ú•º
Yìl	ßµLb[¿¿¦îÛ×>²¾·-ËÂ=°!h|•£|^A	Z“u`É>–,ÉjgS/aüÎ2ô8XÖ¾dÉV;ªKßï,K324Y{ŸÂ>«]¯ÕN‹ñ2eËŒn|dã%Yí$µâ;–ƒ¬KŠ—¦,©ÂˆÍ–±Ípï£Èº°¤ƒàÌ(Ÿg,Y–/í:ÕKà¬)<“¬›¼€§êIö‰ìvuºë«¨"u†õu˜Ö¬çd•ú¥Ùù”yFPöÔÙ¹§Ú%ÒKœì=³+ÀqR“µwÒ*q2ýZ·W<Æm¯`¥&ë°Ù»Ç–å\þµ†zrE»w+Ôd]XöD)ÎÙ=f9Èº°Læë’,V>f9Èº°$“|éÿê‡e ö|š¬Ël¾.{NžX—òÎH&q'Ù'ñq½Ú¤÷UÔ{„V€ß1$Ù¯ó®÷Ùµ§ÚÕ¶J¤˜aFWÚ>²¾­Ì…ýuÔëÚ7,‘«¯&ëÂ’â¤)Ë!AúËžG¸lÃ¶tMÖ…%´™±ÛÏX’¬sN€}{lYÎÕ)×¼	–È˜á#ë|ŽL“uÊš_Ë:¤ìüd‹Ã¤¬¢žÍ×ãäùq‰âš¬i)².ËÜ¾5Ê"	#¥ì<Ã–Ú•aTŠöé©vý%s¿Î³61-£;Îš¬ÃÌ÷8°SúÙ/
œU‡W*õØ¢ìqLwA)omM d]PÒð«™Ô\=Rsm[ß²Îá‘zªa»À®¸¿Ä±õÀšÓiÛ
¶:oYw–i½ª6a9Èº°¤0iØ.Ù# ÏùyÊruaÙ¯rà[[Y²,Ù¨§¶ÎâuÙÄEáÒÀ0
MÖ!½ÃŽ:SÛÖcË³A@nJ‘uaIñÒ°ÄLž:—˜«ðo(o©ˆºìÕÃ‰$ÏS’ƒ¬IŠ–¦$û©/ÃUYå‘Ë$Jõq².,ûµGµþ;–ƒ¬KŠ–†frÔÙ*¼M¹V‘€£›>²¾ã~
9êÄd¿.Y–lÔcÉrån<­2Äc]®EË·¬3K¶ÔQÝˆoXf0eû#ë|ºd§žjØ,°+îÛ˜‰‡UXÎ°d]XöÀ61õ÷)ËAÖ…%ÅKS–C–ô—]¬¸ð³ž]—”Ü—”ýªñ£¬¦¾4‡õ8Èº0ìqr3,N²™ŽzÈN•Ç»5€1•'Ù'c*ã•aÿXE½û&¦Þ?eH²Îë½y6Ã:›è¨VEçŒ]¬b¤H¦„š¬Cf òØeÜäú›ù°RÑtÙƒãf˜z%óŽÄä ë²—ñ‹µÏŽ•c¹ïÍ‡5Y‡Îs6æ±e9gÌó˜¥5|s›e·CÞgšªÊl¾,{0S‡”‡ruAÙƒZÃ–„›,PÂêª"ëÀ’½y6ÃŠÙè´‚/ÃîÇé$~Úàq¼eyÈF'©žW{ÉMŽç% EÖ…%…KS–s(ó–^ò§"Ž"ëÂ²Çµ63f9ÂeDeVEÖ…%…KÃêÛè¬Ød‹OH¢.$iò2öæyJru!IÑÒ”džª‡”RÅ õˆN”RöÉ‰òš UÔ{8Swk×˜aŒ\‡5Y†ìÉ³Ö'Ù>O6,K;ø8Y‡õHþ9Imz¸eyo®Éº°¤(iÊ2\K6,Y–4{øyÊ’dw¯lËcË’J‰øP™“˜8º¢î_EÖ!{Þ¸”ˆ³v‹|Në_þ*ëìa[žÍÎ¹·°ŽúÓ¾œ*åÅ;pÄVD]V%YÍá‹w‹p#œ!9ÈZ“,ÿµ°)ÏfUŸdÅ~ø›»ÕŽ:H‰·»×CÖ³ËŽ?¥OyÅgÊ&w¯åö@|ÈzFKú”-›U=„{;»È¾åÖ0B—uaImª3£Öã“ßá ê‚²ËfUaÅüª8m—Sí<÷Þº¬ÊT_abzìC”ƒªÊ+mQö°¶M8jçãL¹ÿø’d]P’ùÔ¨&9¤þY–lÉÓ¬²v¬Ø§INLŸˆ¢÷u¹ÝÒë²,Ã¬ãëúŠó¯EÕ%KS”=ª©µ…3Êý{¸¸Ü·¤ë².({×¾Û'nOX².,“ù²ìw:"^–[Žpã£Èº°ì¹RÜÒ—¥,X‚p©Èº°¤pi•‚eÅ~×
Fâ1€"ß-uQ’=ªe\®,û>æ	ÉAÖ$ûóX’d#œL«h}ÍËmmA—u`¹®ˆ#ý˜+n‚¢"ëÂ’¢¥ÕõVì»M¼*Ëv¤	v–wº¬Ë~T_)W–kxÂruaIÑÒ”å\¹2&‘& ~¯‡¬çe<þ”}Mxj?e9Èº°¤hi•ˆeÅmŠe<{÷ÂÇ1Èº°¤áË8Oð”e—…ÆÃ_²dŸžfÕ’ÎŠ=˜ÀvæXDÞ$/·­Zº¬ËÄ9S\„>±Lˆ¥"ëÂ’â¥)K
lx]† üÑ7t"Qd]XÒÌòÑ¯pÐt¹Ëu1Ì©³›^”ANkJ÷Ó¹uY“ÁrßtWÁ¤ß²Î2ëYÃL,»êl°j¹´õè&Hÿ´Y–=ªá›ë¥½šŒôàpÉ²Í9X’iÏº¦|vÅüZ*Lß…¥ˆu	3`Š¬ËýSú#|¸\^Û:ÿC|Ë:obÉµÇ˜%Ùëàwl–,zM)².,ã”;Hg™Ÿ°ì²«ûºLæë²OýPÇ•ŸY–E Hè5¥Èº°œŒ—û¹?‰`Yþ‰x™9^Zul±âT¼ŒYßJJà)².,‡ÀfÃ’d÷±…ã¥aÒ§P`ÃSGã–Ë‚X¾eã%Ùëdlxß‡MìÁáR‘uaIñÒ”%ÀÄzzÏmàÇ±âÇÑeámÅ¯Yö¬©:=ãZ$YÊ–ƒ¬KŠ—†	¼ÒkŒûƒ¤ Ï—pû Èº°ì¿*µKi`ùóŽÛí¸x]ÖzÀ!}
ÅKÃ¤ìleLÂH4´}Ë:'}Êäð­ý+†¯˜¥Íð­{–äÛ³Ã¼ÏÊ³<ÆÏ'˜SDH’½NR·à7$·Ûyë‡ì×>ˆd–Áê4+îamÁeè´YŸØÐ[‘ýK,Ñã Žœ)èÁïçËWÌruaÙ£e0<]²½ö›½·ÓºTÇ ëÂ²nY^-‹7ìÝ8`]Ö…e–Á°=„mvp^\³(CÃhù–uÇR+ÞÅ>e9È:°¬-Y²ÝÎÆžYÞßÓÓeXÖñºf‰SÉŠ¬Ã‰¤r¼4ÌúT
lxÄHLQœ.ïGŒè².,û1PÝ¶}ÇruaIñÒ”eƒïÄm;e
À>V‘uaÙ;XW|ºŒâv˜e¬Ëº°¤xi˜õ©43k™ÈlOZ
Y–eîvW|Åò„%É:¿c7Ž—†YŸY'Ÿ3Ë€Ö¥"ëÀrãø»³”›ðx¿÷Qdö>ÇKS–=°M¼c›Œ—,Y–ÔÃŠÏ$;Ëð·é\"ëÂ’â¥ámh6ÝQ'”]2ëëKsÁ™D‘uaÙ#·º	¿¶à¥ƒeÃëruaIñÒ0»q`Ã—‚1)Ý{:ê².,÷ÀV–™vJñŽ`9È:°l/×%›ïL´S¾§\xM)²y2ßÉÎÑ…+Ê(².,{¼Œ†™õÆ=¬gqµ=Ýû¥é²ë²q[ÎÇF²!ƒ¦Èþn³Ù£ÚÄeèåœÀƒ IÖ¹m‹wf6±O@š. ³ùŠÌsÍêÛö*OV$ÉºƒœÌÄ†ý»<aI²¾»ž@~>k´ëql¼3‘½«Âïö†h²ö,ï¨¥ºå±e‹ Ù^“µÏ„…#¥]å²+ö­&Îª÷»èÙºOš|d}3>aá8«^Aöù@–$ëÎ’‚¥)Ëî%€c–Ÿ?ŽAÖ…eCLdb¹.QV]“uaIñÒ®
ØzŸ,cj¯ôd]².,ËuZú¯,Ë–ƒ¬ËÀñÒ®BOiÆ§‘wS?ŽŠÖå[Ö7Âä4Ë>^MûûÔ£&ëÂ’â¥]…$„ÉK—¡­b]®è§­Èº°œ<Yî,Ó–6‡Kôå)^ÚeÕ»bšyÇ†´ˆì]ýêš¬Ë¹ÕÇõ®Þ’Å—¿/¡k².,)^Úeï»ïàDAHùÔQpo8¡Éº°ì%Fuèß™e}%/áqu`9^²ŒÔÂº@cÊðžG:—ôÑdXFN™âuy$
Hhš‰‚ÈÁÒ®<ÒÛÈz`Œ(M ˆº`¤˜[ÕŸa4]0ö¥ìrw]w°1SØ¶Ó}K°mPd]@ÒÅHxy’4}³éœ|Öd˜¸cËÕ—ür	Z&{PV“uIÙRüb­2	;Áru`IN>k2L¤É ¹È$l<;l)C‘µ/W¶Ü)°U«äW=Xp_B“uaÙãd²kmi²\¹4QzÞßò Ùó–uN°ëN†IØÇ,Y–,“=ìºÓ&`±y]ÐAD‘uaÙûVÞõHwÑ@ÁGÖ}]R¼4Lö¼]wàÆgiÛ©½l|Y–en]>e9È:°d3Ÿd˜ìÉ”-ÅWÎ,3:c¿e]™ÛËíhÕBWô4Y–/ìº£ún\ö>ò8I¢.$ãµæÿ+IÙ¨µ ’ƒ¬IŠ–†‚LµE|á`‘²tüÈ:§íòd3ì™eÆ«ò4Ã¶òÉ†iöÜixû”å ëÂ²çJãÌ‰DØL$´‹UdX²•%ËÂµEx¡}©I4©£2oYgû—P¸¶ˆw±I”‰ÜàþÈº³ìÑ2f}
6\~^Êr*Y‚Ó¥"ëÂ²O¢ToKÜ°<{½©,Y–=^Ú²¤œ)Z—[‹ídI	×å ëÂ2Me}öÀÔ~~ˆ¡a–ƒ¬KŠ—†<òÜijÕïÄrkr]ÂÓ¥"ëÂ’zq`+A.¯ú rÉøÈ:—HØÊ'fðØuÀl­Ö“ÅØû(²,Ùuïc;Ë X‚L"ëÂ’â¥)Kº‰²>ÛVÏåg/Y–=µZ0Ëî³ô/ôŽUd]X&óuIiS”)Ø_±2ë1ËAÖ…eO›bë»Ç,Y–/³±+ßŠDÕËmÛŠ8_N°d]XR™ï}öwl|òŽdX²™%ËJ-àu™™°?Xu Éž;+lˆí»Ø(N— ë£Èº¤hi˜W¯œ6Evi[KMŒžEó4Y–sÆêû¢É%ÐDYÿ„±z`+[–i¦§`kk>¢e†oXEÖ…%a´ì	¹y"MÖ…%EKÃÉÛsÕ¡·v¤¦á¨$MÔ…$%MáuËý_‰ÑÿY’läSs±ÛìÙ2ÉÒ()¢}>ä·“&šÔƒ\ƒÃ[Öd•Å0{·QP‹(»µZŽ“%t5Òd]XÆkjFg_ÇØ\ÜªÈº°ì±²fïØo;X¢˜'É:gïÈo'6Ü[…í]†öoYç‹@lãcË²‡5xiqG&6£i¥š¬KÚ51Iïµþ¼TÊylnÖ¾ü û—XæÛ/Ï6>Å0ãÓØÿ²LAdbËyØò8Ù¿Ä>Žõ2ùå·í›œîÆŠ¬Ãºd[–4„äË!$å|¿_e9Èº°$Ã ×%d9Èº°¤xiØÛèèÀruaÙS¦¸ÿ®;¨OX².,)^fï¶	3Ÿ§,IöëœbÙyÆÌ'GãÝÆWdíYF6ó)v9Ÿ®Ø¼”’Øû”s.vd©ÉÚ³Œìº3aN Í|Ê¹Bÿò«ÅÀRôå)^š²¤À6aæS^rûp_0ÒdíÏ—‘]wp…dÝ·®A¬Ëûû]š¬}^=²™O±ËßEvÝ™´ïØŒÜ9?²¾v”‘\wÒÄ%èý··ýr Ò¿üUÖ…e—«]/²ë¶âîC.Û–ƒ¬Ë~œ°U¯ZÄ;Vž/«öåÙÿùÏ?þû_—oÿïüû_ÿùÛûoþù¿ÿ·«„uYj=ðþýçcu6ñ±dø 8aÈ$Æ½‡	ÿ¾mÐdís1pœœ1d:ºµ2r­ùÈúæ{"›ø¬vyØ®Ø¦X.Iä{2H}d}k–‘ÝvÔ‚ëw,IÖw€pdŸÕ.w×{K>Ò.»µ2­Éº°¤€63®ëK’õÍD6ñ±eI	Ó‰w¬Ò>ó8HÖ}]–¹|Ï"Æd4Z“u`É&>–,#_õ€wgSÝÍ%žÖ¥r4SdÎ•d¸§ò°GNý²aSX*².,)^Úåîbœo™‚¸uPÎN>*K›ñ–ˆ%õøÌŒJÇq9±Tö¯oÙíáþ5û×þ±Š:ÅIS†tðƒë1¾´>ÇëûŽMÖáÝyžÖÌˆÒc¼AFóU?²¾·"ûøØ²ÌsûWÉ², Æ¥Éº¬G*,N'±dX²Ïj˜³cÃ™=O;hQ‡UÉv;u†dŠ‚ä}Ÿ–&ë%ÙÅÇ–$¥Iñ6Ša@µ­i².,©¬ˆO•éd l×Y‡L:»øØ²¤²"ÎØmçì+Èö(².,É@`f°Ó3–ƒ¬Ël¾.éø‡ÇU<e9Èº°¤²âÌÀµŸ°$Ù¯O•÷,³y´ÌØð;¶‰ÛåÜu§læ³¨VNnæ—%Ç°xÿþó±šúÜ Ã„ŽOŠ¬CŠ“†•­ÌiR<dömÏ£œ²<*ÃCö	ÃtaH«¨Sz¿S³ÈfÐd§©º ¤ðhŠ°ÏÍÅáñ1B’M^ûioÃY¸ß—‚—á ëÂ°‡ÅjXÐÊ¿<xô‡™ž0<d¿e8æEÈO'5Üð‘ÅÌÊRðûŸf</O’9¥mc2§ì Îö<Õ°€U¸jˆ.ÝµTÓqÔXÐ€¥É:$ 
w×àp˜_åxy´ÓUXýËwÙ¯‹‘èË÷pXí¦6uÅ· =OJ‹x—n(´(².,{ ›x§–×ž°d]Xö¸Xí–»b_@SGG,Y–”ÅG}]–',Y–“¬ì£S&â£0òa9Èº°ìqRý!~Çru`Éö<–,×ÉxyZ—+º#£É:°dOÆK¢1rˆå:ÞÍtaŒ×%ûè$|Y«n¢	ÚoYçx¹ò¿c£°Zêcòî÷¯oÙ'gß}ÿÚê6#kPÔ)NÚ] ˆìŸ£Îr83ì_H¼[!C’ý:½Šö<hš¹Ø³¶'Ù·02\Ç3ÛñTÃTûæLLŽË1´ œ§ «dÛÃócŒ×T\ÿXE½ô&Ö_xÔ!;’}Än]–¶ŽÍ¬eÔÙ~Ç’;å¨ÎR—†aïºÂ²"ë°þÈ)'«ùük<\~®°³H‘uˆ‡lÀSsqµ®ðùñ)ËAÖ…å¸JÅùœ$&ßÍ°d]XR\´³Cì”3±.c8íSAŠò-ëÎ²ôT/÷ïX².,{|Üó«U2”_mbÛrtŠ¬Ë~ÐSý¿‡<ëñCL˜å ëÀ’-x,Y²[ŽÚv);Êýêù>“ò8Y–ä–“§Z;ŽÈ,¸$©Èº°Æër£ƒ^Æëöç!st TÊ>©{l×}kÿXE½û¯ª·ç¿c8Èº0ìqr3¬lÐT—ÛK ‚+"xˆ~EP9B“3NQ“üßñd]øQl4å×ƒXÁçÿ’D§žÎÿ*A’O	¶+Áþ±ŠúÜ@­ÇIÖ9&²ÑŽ%ÃF71ÔÁª¿3\Š‰Š¬CLdGµèw–ÛŠn½e}="íl†5ÈFr1±3³5¡|œ"ëÂ²'?ÕðÓù9 ohª­&ëÂ’b£)K
c8?þ¾ùa	joYç3$;â¼WÝÏI?_¾"'6MÖ…%ÅIÃKtìˆ“qœ|ÊruaIV»3æ,1	–÷–çš¬ýEÄF;†,9â„‰=O£VTóÐdíY&rÄ){Ÿ =*ºê¡ÉÚ¯ËÄF;›]ŸGbG5myaÙŽÚÇÚ@zD“uaÙ}ëŒÖ‘Û©ˆ—š¬KŠ—¦,{`«¸ŽÕâ‘?¯þi²ö×9âd<ºç1K’õ½tžØhg³ëHìˆ£ÎfÞ±G-¤‚òÞ[¶>i¥šär=WöUÔËÜå§K°î{Ïv,²#Î„YRýkEqR‘ux·’#NVï6ýKd¡Éº°Æë‘qp¤ß›ibÏso.¨Éº°ì-Í<c9Èº°¤8i×³“ØGmCûŽ%É:ï_Ã¬À…å½û&ëÂ’â¤]Ï@bG8è…X¦',Y–äˆ3s®¬GŽ ‚Lš¬Ã¹’v6»ž®Ø‹ˆæ‚M\;Ïè5¥È:ì_#¶©³ÈáøTÁÝ\MÖa]²ÑN³Ë©'vÄ)¸O9‰wp¨„&ëÂ²¶©Á3–$ûõºD_¾ÇK[–”023{ÄruaI	Ó™>å(-îk]YßzsbÃ[–=°©ÇìË|ä{r6-š¬ËLQÝ‚†Ü]ëò>§®É:¬K6Üi†yXöÆQorß°ŒÀdP“u`IÞ8sFXQzÌ€—Š"ëÂ’â¥aîŽ½q&ö>OY².,'Ï—û2;\h7ÌòOœ/Ùr§æ
ØçÔƒ´öHçr‘ú8Y–½g¢_ry9ù«¬KŠ—¦,)°Áóå‰e^ÐVP‘uaIF<~²½69²dX²åN³»+’ØGË0ÜÕ’æŸ÷}>š¬C®€=rò3ãÈ’AöGÖ·÷5±õŽ-K:NÜ¬bpO^þ'Ù'}wuèœÜ?VQ?.7š2$Y_¿ˆÄÞ;¶Ó\¾ç)C’}Üý:Ë°üT—ök|lÒ±¾DHÖù<ÉÞ;Í0ÿšEAÑ”!É/†Ô¨Š‡†61 vr ¨+²q‘=x,²YNÆµ­ÂŸŸ-8{(²{œ2y‡²ß›_Å°Td]Xîq±.vwB›åL¬Ç§,IÖ9'PÆ©Ë?‘w%žºæêÈ,'¨³Ï÷îzúJìWÛ}¨Qdö«eöžÈ%ï
â¤"ë'Éƒ§.v½Ì]±Íô‚¤EœŒ ÿU“uaÙaÁžå ëÀ’<xêb˜w]'ïPžY®h]*²,É,'—™3È¶‰ýëý%û¬ódåxi˜ßa³õq\X6q‡²‚{êš¬K
l3y×Mn¾!Ë¡üéÂ’â¥a_ÏÊE¸Í©{ŸËÝå,"eœE–«¥2}¬¦Þü3¶ØÇ°¥†ƒ¬CŠ“†92Í	öä ö¯ë•!É>™ÑH¯7bécõÈV|×'Ëø8Y†•ã£áy’ÍsÔ¹(OW1Èn ïU‘ux§²yÎ:ã7(X&Ô/ Èº°¤øhÊ²_|T-Î,[8ù›þ:EÖ…%]|œY—Â#¾[ß²_×%Ñ—Oæë’~°÷#­âÞV)x]².,÷€¶.¸¿.íïˆŸÜ@Cµ5Y‡^ÉÊqÒ°W’ÍsVì¯ÔÄ€É²áŸö ëÂ²'úxž²dX’'O†9;6ÏÁûÖ´‰»±Ý}Ëz³dóœ‰¡ÚÒÃ.ÔP¦È:äìÈ“Ç˜å\OÊÛKÎÛ­0Š¬Cþõm¢3“çiå	ËAÖ…e—Á0ÿÊ6:¸_à4› D´÷yË:ç_7nPÅ}<Qö~d”KWd]XöxiË² Õcöe]ÊU	ª"Š¨ËªìÇÀ‰ÏS’ƒ¬ÉÆÑÒ0ûÚ(¬©³/n„²‹§ š"ë°*Û˜&µ`©Èº°¤hiÊ’Â>]É2É='Ù'Ýå:¹§¬¢Nálæ¦ú&«” Ä+².)Jv.7²*oxÇ³üv½B%H¢{x®9×ýC5íõrü·žòó£Kç±½*¿AÖ…EFÃ
Yè„ßÙOò0.U(²±‘-tð-‚Þ1p´ZWÔáªÈÚ³ÌÇF;–yá 6q»g{ÉÆ¦{†¬ïM­L:Yãö;Ë¼€âGÖ×1+/í*!™-t6ìd—ÅdÂ–ƒ¬ËxÊjÃ’dÝ×%ÅH»ÌkWÜÃ™Úˆuy=ö9ðüñ‘õ}Çæ…Û%+ðÿ   ÿÿ¼[’ë8ŒD·2+pˆoi¾fÿ«-JD)Ép#úóFÚíS$H<’Ë}Où•äÂ
l…$Y–/õ2¯UqrYšeÙÉš°¬-ŒL„4”pdX:Ž—Š,ÉJÇáûÇ•%2F‘dX’•NÂ¯ií,›s,:ûH²&,k¼ôz™×ÈV:ï±¹eéPÈdMXÒ¨#>û¬Ÿx²D®.’¬	Ë/½^¶.²•Îñxß¸Ÿ°üNv‘¬t‚Xš»³t¿+ñþÅð—¯²Æñ’zŠ×ë|d¥ãÄ†Šw,;Y–{`Ë¸º•šîÀ€E$U”dÐS¼^ª'’“ŽÃïÝ_Q9ùÊ_/=;´Â´]jÌ…òt‘TMPR´TEIa£tÍ›>ûÖ Qv²&(kXÛ†vX×DKpòdMXR´TÌú°‘ÎÈŒz¸Ìü€Sì!k;óÙHgàFR>~m¢åsÍY’5aIÑR•e½®ðFâÜúi/Û Z
²&,ë5PlÞíXæ†%È²,‡K½~ôÈF:+ôçqK<½	Ã†þ´Y–¡O›Ê,ë3!M¼7AÖ„%ÅKÅl,éàžÍœsô˜e'kÂ²6<ó³³Ì¾ÙT ËNÖ„%ÅKU–uÏŸ »±l|™÷	È¬²&,ÉÐg
n,ÁÁí5_—/3ëd¤ãÖ¥ßš~;‡ÿ´;Y–µgÀŸ'·¼–U¸½d9^*fcÉHÇ-øì³,¿# š j@’lt¢Øñ@2 ’‡¬ñí’ÜyJPÌÅ’Î@Oó¥¹lÃ¼‰ kÂ²>¹ŒûCêÉçÜa‘ÁWÖ¶s2’KO	Š¹ØØÛšë°ÔqK‡?GªC—ÏÖî°àFrÈçÕÉ­G™e½:¼Ãnéâþ
ŽNÖ„eµ×ÈúÌ²ìdX’kO	Šyõ4-/,Ê²,Ù^gÈ™0ºæËƒc› kÂ’â¥^lLØ0Ëvb6t#dMX¾Âµìh~_¹¿J²&,)^ª²¬MÜ¦ºÌzœaÙÉš°$›Ö¡WZwç'Å¿²3í¼./Î§ïÿý>VP§8©Xa[€«#[ãÆœ"èjþÊ¦·]Íô±‚zdìHÖˆ»óÅzæ Ï«Áµî	8º|em–"Ùè$qô‘áóÈ™$«?±Ù'(fÐÉFg àBÓ›2xò+kë´ÙFç¦Yv²&,).*f]ÙFgÅ®Y!_\A ËNÖ„%•áÝcš%ÉÚ: Evé	ŠYW²ÓY6<ƒ·‡ŽÖ5ëyO’5a™†ª!Ó,IÖÖ-²[&Ë2øŠHðÍyõvÖ~AÖ€%ÛêàÞôËËå‚¬ÁÝƒÝz¢bÞµP9Q4Ý¼M9§?Ï­"ËNÖ„eµÕïX’¬ñ=’ÝztY†±s¬/g÷ÀËNÖ„%•çâåK’5_—5^FÅ¼káaHìðr]¤ŒIv¢&$k1qàmŸØxõ¤k7³p«<d×™[eÚÖ°Þo•õc;uöè‰ŠÙV2Ó¨3ïg¢¤ kÀÌt¦nÀŸP’58ñ°GOTÌÐ±™Î†Wã,ËNÖ„å˜Gú4Ktôå)Jª²Œ’[h$
ÊÔµ²3~¡ÛÝ ~¬¤^—úë±“5aHÑQ1c7ìÍÚSkB‰ËVv&ÛîëÇ
êô–þ:ìd²+&C¶ÏñØÉÅ·Ów°•I5¨z}N‡Ï8KAÖ„%ÅGÅ¬ëÆeC|ÖqñÓ>Í	:>Y–ÝuO‡¥Î-±¤ø¨Êrd!TCâç¯'s{«MIö?±|´ÚŒd©SÞÚšeÙÉš°¤8©˜AgKÜ·ìËy¥¾Îª‹$;Q’ôÔÇˆ«öÉNVŸdbŸž¨—sM_û^M;I¢7E%Qýý5-ƒ®’qí’¬~f'±KOÔëYNd§ãGÞÛJÍ\ˆn ’¬	Ë=¨Ñ¨ÿËNÖ„%ÅJU–õÒçñ¤z^/p]v²&,c}5TŸe'kÂ²ÆÊ¤—=Ol§3àÝ{<mô½<7‹J²&,ÇÞm®>Ìç—Ï—–>ÔK²úþè‰]z’^ö<‘ŽíâY>ß-%Y–l§3ðæï…%\—‚¬Áºd—]–t	x;-]î#e'kÂr0÷:Ëò¼O™Ø¥G—eê@¡í’DïH²úyôä8YŠo$³,;Y–/õê[‰ìtü‚ßY×OÛóüžˆ$kÂ’ÊÒ_—¬K¶éÑdÉ~:â37–KÃ=aõ•µ­U&2ÔéhYÞº˜å/—5È°OOÒ«o%6ÔÁ™‚àSó‡ý<&#‰DKß›µþE2ÅæË»çS¬ kpŠe—]’Öðä|æ1"/¯¨ñÝ’Ít†ö×9’]“	IŠ•zÓ!ÉsÊt¤Ö5C²5!™ÆfµfIv²$Ù¡G“dà¡Ž×sóÂOÍMÙW•çú±’z=bŽDÈ“ááj÷!ƒRÏës„dg]†õêWp7OñMŸd¯þ^dgº;Ãú±‚z5À®gÓ;Y†õª”‰¬sÑlê¶ÿzƒ[$H¢³oþ
«ÐKÚù6\™œå×Éšð£ˆ¨ÊZQñ>Z–¦k<Ùwkpé»°Ûä`ŸÞi†¬CvßÑd{Ö?³¬íÜäsCÓWÖ8›CF9ILEýÍ2Ãô… kÂÒ)¯ÇØ8þÑyö›¯èþ/ˆš¬!LL¿#ÙÉšÔŽŒqÐ«.lK“c`©ãUŽj_5òžèËp7Û2aIQR¯'‘MŽÛð¯ùò}ÓñMÀ?G'kÂ²^ñ6œ/OŸðûCÌ]•ZÙñ9²l÷9ú±:»îh2d{qøo†Ö<YÛ©¬”¸Éf„¡;¿ü
&_%YƒõÈ®;I±ßƒíqðs<ó89€–´¯¨íë¾‰ÌqRÁ;ë,ÉNÖ„$EIU’5œáûc\}³*3fI²Æ;+›ãˆö½cÙÉš°Œê«’Lrà4HLÍ«Ûù·|eO<d–ÅAÏw,;Y–ìÅ£É’Ls¼hIt[—áÌÍ­ÈiY’5È•³iŽ8&xe™?Ëåº¢ÖN’Í°$þ²ªÌ^<Y±£ŽMsN>kó€Ê¾ß‚Zä!këšØ4'àx9Ë²“5aYã¥.K
lpMn;óu+²+þÊÚ: '6Í‰8w^š7·k‡€PÃdjXìÅ£Ë²ñä]vÍôäšðÏA²¯Ï>èçHµ½æ`‹û„_†`»¶\‹_¾“5`É^<Y±£®p‹ì@Ï¾éÜYêZ>d_O¦?¯K6ÍÁñòÎl*‚¬ÁË^<º,)°Á=6/þìt-³$Yã=¶°ÉÎlM¶gEÏH²&,)^*vÔ±iŽ‡5æÖ³6RÐ[Ü’¬	ËØî$³,;Y–/û°Ø6OÄN³$Yã;	Ûæˆ£ÙW–M—îº c¬ j€’My²bëÇ:X²¼¢èJ"È <ÜsðÛ ,8dIª&()ZêùG¤u°b™RãQ"úË>d»êØ<g`Žre§j‚’‚¥bÉ’½sð…de'k‚’zRq°œDYU­§›Ù™'+V»˜¿Ë®\~Ð.*ÈÜ-ÙJg ¯>‰²S5@É=YÑr`ã 6‰7²«rãw=æb%ÜQU”+UQRPƒ'Øš%øeÕ‹Ç?G'k‚’®€¸¿ge§j‚’b¥b„|t<‡FÙÉš ¤X9·Á $UãÉfvç)ŠyX6Ò?¾å{Ê™‡-Š7‚¬	ÊzLpUîÁ‡˜I²ÚyØü¿ûó¨±dÅ¸(^–7–O©ÌSÖ’%Ê~ŠyÇRþòUÖò…Xú”-‹V–·?Zõ¯×‘õwÉëã«²¨v7}ÊÕV¼ÁN“ìdMHÖ`Y´²°¬¸Ÿ53¾X®å¼XæíqÒç&;>eà¶t›2 •Ôó'eXyžfØÉš0¤(©Êpg{½æ¥©p0<eß0¤ÔSWPúO:K9Ûå¤sŽ²¬Atd?ž¢•AgÅ}ÁàC²kz`kÕïùOZ5ˆŽdœ“Es„–	…vAÖ`=²OÑÊ»²âöñ#§Ö–å‚Y’¬¥O}ÊÈ2~ÝwÿÛ[\³™<yEÈ²ÚÝvô)µ¯¬¸ßúDK›[|\O_ûý¬óÔ9yÊZúÚó§ì(á=v–%ÉZvÁÒ§PœTeYÛoÄŸã–D?O:é±Ÿù5>µ’mNÆs•Ó$;Y’ìÆS´rè¤èÂÈûZ)´SOó[²¨ÉýSÒ~}¹ÌdMHR¬Ô%¹ÿ¿e8‹—ÂÒì¯#,ï²&,kP+0…>Í²“5aI±R+ñÊŠûaS ¹²Œ±¹KÆÇ9®SÖÒ#‹?¥>çŠÏ=ÍLh¾^)…;Ô¡:ó:±K›[ïýÖOÄ)Bª¬‰ÑçuÂz¦ÎÁü–,kBpÌ±n–à©ªNÝw4	²MŽ¸%ÝºÐ›BíÐ&(È$»œ÷ˆš—hþüž,/n²ãÃÒ½¶]?VPwÊ«lr¼hds
ÙÚUøü––,kÂ°/±éèC’I(N1¬±pU¬vQŽ¸77<=)Ëš0¬Q+Œì¤ak¾ü†ž²[é–û­4ôIavàÑeH& Ê¥™š,x/ídMÖ¸%>óþŽá)«Ïx4²UÎ@}ciOË£,kÀ­r&×aq]æ²¬A^•xVÅª#›å¬Çè.wEp¿`Ùhé§LŸ2æÁSÏ‰¹aùÔW-Ëš°¤ø¨Ê²2q¦‹çÇ£² kÂ2M1O³ìdMXFõuY~$…Æñ3¼Ç’¬9ËÐú–ÏÙÌ ºÅNYËŽ«ýSØ‹gU¬%“iNHCæ±Y—Ëó±¡•©%¯÷~€ú±’ú~pÁwŽâ›Î¢ˆêm‚ª	B
“ªk<Ãöæ)4C’7‡0á);ƒðþ|/}¬ ^ã~í‚0 “Ž j‚¢£b7 ™ä,bCï-‹Ó¬Âtí°ž²3/0ß½?éc%õêhŽo;ÿm†a'kÂ¢¢Ö +Öð…³á‹oü[W¼“ž²¯ÖÔkAPœhxÇ°“5`È^;«b'™â,V§bûêGvèÆ!ÈœlÈgàe¥+Ëø8”+Ëš°¤°¨XýgS1¹üŽe'kÂ²²Ù½u€e'kÂ’â£*ËÈ²«ÑCÊ¸ÒxÈgæØg [.|Övˆ²ìdMXRœÔš¼bÅ±¬Î/™redMXÒ”?^—³,Ó?Èê°×ÎªX¹bS±ˆ~aY–æ%Â¼¡Ê• kÀ’LqÒÀÙ§|rhX>²Æ“ìµ£Ë²6¼Çf¿6YˆÖå!k¼.?Ú÷ØY–¬	Ë/7Å*›â„Ù«¶+ öu”Þ"Ö„eóÀÊ7]	st²¬Á¤ {íè²s<Ï‹köXÿèx.Ëš°$kr/Ó§ü5›+²ìdX²ÙŽ&KrÅèôH±é~LUAY–l‹ƒßë©,ÛÖx°©¬J¯0£/_ãå¦Xa[œ‘=6}Ú§oàÏA²Æ{ì:è °³LS,u,Ð—§x©Ê’Úlà$Ÿ‡‡ìP[¯ jB2½Ú³Ÿ|Ê™IvŒ”eN>ì¶£KrÐA \³>`~G5aY¯+>ùÌ²ìdX²ÝÎ¦XØb_ì2X¢oj“|Y–?{…O>Ûç|@ª<[}Ë²&,)Zª²¤k ì4/[c3ˆ{yY–Ôt½éV÷Yˆ%>ZxÉ²§X6ÜÙ+]ìŒã`´œfÙÉš°¤aF¸.§Y’¬±K;îè²ëåY];ÃÐD5a™†^ð™fÙÉê³tì¸³éU/YãxÑ´æÂr‹©aéÁ9V’ÕgéþÇ{¬oœÏóóK¢²¬þÄ±ãŽ.K
l°z¹yé—„,;Y–5°‰üïXv²&,)^êÍ¼:6Ç`™×Kõò9³þ•µ=Ç:6Éñx]ÆkïÉ‚_–Õ?Ç:öÞÙôª—ŽLr`•$/Ë²5w’„×e'kÂ²63xkkôýÜ5)i€džM¯ÜåØ)g ¤?OÏ&ð²¨¾e‹sƒ®çÆëÞ*skÏsú”=N®‹^¾Ç9h0ß³¥¶:ruWî»î¾²“ïÞ»²Üºîècu*+ÂÊó@Ò4_‡{pTXo}8a·¶O¦ß’<"@’Xn éc%õýT©4ÍÆºõz—Šˆû/ÙNƒ¤í’èÆ_ßÀÀû}¬ ^Tqvn?¡®9y÷7GIÖàæHþ:ª=Ç-œi­¿GS—'TAÖàTã9%:rÛø“¥°Yƒõè9"*ÞÙ
'ÂÛFYÚ³¥½¯¬9Ë:ö?0²~–vé¹|#ÉÜ=GÅ›ãa…ƒ>·tfFXv²&,é1HÜ/0Ë’dmûœç8©Ê’R¢8kî›']Ê´²ð™Æ×,É W™gYv²,ÇKE–l³ÁCkYÚx@eR’5`Éö8ŽŸ–
ö‚¬	KŠ—Š²Ép1+îw˜O¥*QÛŽ,G&9I|ÄäI’}=½…¾|–N¯»Î±YŽh1}½‰,m´Ì ]’5a†N±Ó,IÖòÕ{ú”-uYV›Uq“ºÝHr³Ã"÷VIÖ„%5ÜÀœù4K’5®'*K6Ï)°Æ\Z§¾sæ‚¬K2ÏÉ“{lZQ¨dMX:åuÍJn¦DR½’¬	KÔgI²Æñ2r¼TL½æ9¸'k–e'kÂ’lpó,ËNÖ„%ÅKU–”.Åñró—=¶—BötpëÝ}€>VP§€6waØÉ0L'¦á8ÙLm%Ô”/É¬ÇÄÄÉl·—dMXRœÔëwu‡{ìÅ*Ù7{ëŠŽNÖ„eM—âòÖ4ËNÖ„%ÅIÅêÙè¸Þ+Kl×eA®Vvfo÷½µ~¬¤>Gþ‹ø˜8>ª2ÜÙ"^É®Sóa*Àõ"ûŠaýXA½Ž9F}†¬ÃÌñQ‘aæ@†3è15{j¾ƒ’¬Ážš9a–y?o5l"­ì°?ïš]¼ûóÖÔ).êõ›×ÿö æð9u–a'kÂ°Ž7T'o#bxÊZ0¤x¨Êzk0C›<+òÉ–dMÖ6›‚+Yyß×gž²½ë.}0Ï»rÓ^£Ê0Ú»c9¶Ë7‘wOY}†…ã¡ž+–c›\QÎk{ÇÈèxÀ²ÖåÃ&gš!(‡²g›ÂqQ•em¯IØåc–%É÷•“MN^ð}q–e'kÂ2¨¯Ë±7–óº^ºé@ZK5aY/x¸¹|š%É×!ÇIÅî ¶É¹sÄ³¿ŸWYÖºÞA69#ïIÌ²ìdX®/G>VŽ—¸?À5³8Ý,È°d›7äó‘ÿg8¡(Èš°¤x©Ê’lXçüðºdMXúaŸ)–¬	Ë/½bM™rð› ë²^ÜÏA€ kÂ’lp¯GÙÀË®È„e—º,Çº\÷×ç¯‰øst²&,ÓX?Ý,ËNÖ€%ùï¬^±ÉF9Þí$Á­I¸f²ëÛš2}¬¤^/€8Gwc:Y†5NzÅœ9äÔ”óÖÜE6ð²ÄEv†a¸×=êÇ
ê5¼c?Ë°“5aHñQ•áØ}²”mn†ßòžaèïëÇJêõÂ‡ó;³;Y†Q}Ò…w™çÒLÀ)ÉVöÝ:,ýë Žp†\•çv²úýÂñP¡_ß–\}[»Š`æ+kÛŸãÙgÁý9ù³ýfGîï)IIVJÒ/õjXžpðËçõÎñ{… ¡7ì$Y–4ë?R‡œcÙÉš°¤ø¨WËòl„ƒß@¯wŽØ¬Ëçû£$kÂ’IÆ÷ÇY–ÁÞÏÃ/'õ&ë<á,øÐu‰Kä\/Éš°¬5¢Â¥ÿÅËç§$kÀÒq¼TdÉn8=ÁÆÛ{%Y–nô-æ–åÎéÙ!H’5aé”×¥Œ—Ó,ÿE¼$oœìçÖåËNÖ„%ÅK½š–goÑÒí6½|Í?[ºI²úæWžlrFÞïeÙÉš°¤x©Wñl“SðëZW\Ý$Y–”Õ_—$k¼Ç²&K?Úßzô}ðÏ±€ë¶$k°ÇúÑùËÙgÞõ’¬	Ë/ƒ^Ä{lð[¶«ÛÇsÝWÖœ%]q­95ï„cY–5^ê²¬MLt¾g®À£\ kÂ²3&×aI²æ,k¼z5-ØåàÞ,ËNÖ„eØtX¦÷aM–l—3p'Y›¼O\ÐÏqÈ¾î€?GÊ­_XÂ³Ï!kûò¶gž 7/éÃèýr–¥Îýý5°‰–{ïXv²&,)^*ÖI?äë•³,;Y–µÀ80“>Ë²“5aIñR±N¸Àˆï$³,«ìöºÿý5°á·^¦Yv²,Ù‡G“eÍÇúÐüÏOäJ¢$#‡5\%	Ÿø»N¹åòå{¿Þ¯ìëÞ£_¯gž Xñ:ìrðëÜ§e	²>‚¬	Ëš6uøä3Ë²“5aIÑR•ekâ ~—bÙÉš°÷ã¦ËNÖ„%EK½ÉÏv9§ØZÍý±Ì(à²&,éˆ£eü”ßÕøhã}dÙÉ°d7ž XñbÛœŸ|Z–^¶YÖŸ|È6'8µ,ýÞP—dMXR¼Te9x»¼°¼Nˆ,IÖ8SFo—³,IÖœeP_—5°øõæå¬’Œ°ìdMXR`›ÛcGXv²&,£úº¬Mž¹U¼¶sZd„e'kÂ²¶åŒí±kÃ² –¬Kvç	Š]‡®xµ,l~ÒrçyfÉ6:WIZ–ør,Èd
Ø¥'(V¢ÉNÇãw'¦Yv²&,©-WIfYv²&,ë7‰ŠU’Ì6súë²“5aIbÅË)–$k¾.k¼ÔeIiSœ÷™eI²Æñ’íuÄgPß±ìdX²{OT¬x‘ÍÎõA¥?Xº³Ï>‡ìk7øsìmÓ^—‚¬	Ë/£bÅ«°mÀ@çVóˆa\QG¥ kÂÒ½…7Í²“5aIñR•%6}–äŠnœ÷a›ñ!¿w,;Y–/+^l³ƒ§IJ<wXØ{ˆš¯ÊÖ"î%ÙÉdïž¨X%a“9’{Qc’l±30Í>GR5!I±R±FB;~Áõ®èšŽ‚–$k\»d‹Ñ6óÖåÜôB€êkBÏÌ× )Pª‚¤Œé€-z3Òá‰ k2Ú1Ï€ì4M@Fõ9Øã3²“5™îïž+€ì4@²aOTL§o}mñÒHhš›š%d@’ÃNÜðÑu¤ i’b¤*ÈÌÄ?êw ;Y5žmn°3 ;M#‹"ì±³Ø/M‚ìdM@Ò­Oõ°#hš€¬12)Î ‘ÑŽ_ðÖzÜ¿³y ['Èš€ìŽT ©óåã7lâ£2ÛŽç.@æË Pÿs|emO­aáüèÌÖŠ’$MNwE²Úñâ“äW—íÜ¸Âü¹$k’¬Zñ„¥ÿä³3=‚#·$kÂ²†É¤W	BÂœÀþgÚôMnxQv²&,ëµ/ÃÝµZþþý
zz$Yý>À>I/ÈjÇ‹òW–î$¹‚œ«$jB²½ÄŒÆd.É‘ìdH²OÒË¹7*’þê°-ü‚è"	ŒüÉâEÉ_¬tWç{ùËßeMHÖX™÷W²ÙñfxRh^úœYhŠûrU²ÍŽX\½ÆJ÷	i|U
²&,k¬ÔeYÏb«Úe9ë“ç%Y–{PN»îB?–®àuI²¯Ï=ˆeT_—{XøV™Z7ŸÁøŒ$k²ÇÖ°†ûÒ÷=64[¬Cß½S5@Éæ=YñØã9®ÁGâ~¤ÿý> p)È d—¼,óŽï×Sï2:Â²ÆË’Í{tYR¸„•­¸6ã">¡]ê}~E?•á¨ìÎò¼Zº³ìdMXR¸Ôk	ä²ðc•)œ×‡’‚¨A°dü”Á¾Á&×l)Ï’¬	I
–ª$ëÐáƒoe”3dMXÖtiÁ’æI8¿ `y¨¾®8?£dçž¬x³$‹$Öún‹riî#È˜A’5@I;[‚ç,[–Ïs²’¬	K
–zÝ!ôQíƒOs·ôíR‚¬A°d‹ñ±+Ëô9Ë\AÁR5aIÁR¯îØbß-ã%ã6)AÔ„d-,âŽôi’¬	I
–ª$)a
wØ|C`Q’©yà5™?>Ž_,Y’ìÚ“õZBä Ì´$7ôc¢$ãà”È$¸²&$)Rª’¤t)Þ]ÞºïpYƒSÙë¤‚/#¥½Œ8æY–A}URPÃéß¼Yéþ´ÿE¬ŒÔFvØuŠå¿ˆ•ìÚ“õ¦Ùëxq`ø‘%ˆ–,k¿ÇÖ|)vF›fÙÉ°LêÑ2¦a÷–– £.È°${$ÀßY.­;`)Èš°tÊë’ìu¼8ÌöŽe'kÂ’ÆGöØ›u	n‚¬	Ë/‹b·Ùë8ÑRþËNÖ„%6Ø­5Í’dÍ÷Ø/‹bÕ2q¼Äå‘ã'øžcóó9öµíN‰ûVGòM·ÌÞ²Æ™Xví)Š¥®Ì6¨Ç¸ü~ŒˆŽ j°*É\'‹Vþ÷Uyºûz©íÈ_þ.kB²FK]’d®ƒo—kã‹†o$‚¬	ËÖð‹–ûíòL©Ôâ#¨š ¤`©XéÊtLpQ&—ÏŸ#xÔD)Èl°™½upå$ÊNÕ%ÅJÅJYë¸ûÆÒ8öàs k²*ÓÐ´ó,ÊNÕ %öÅB—à¬#£¬éÌæØz	Yãc9ëŒ$Õ”ash_U[—À~=E±:Rø
ˆsê³(;Y”ƒ7Ë³Ú
ë‚¦Éš¤H©
r0ÚíuC[” k°½²«Î6°½Î€ì4M@FõYÍr=á'#ú9:YÝåOdRåzþælÔS°ä©ÄŽŠ[r ½“*¼ j€‘u
6Íu.«é·ƒ‚¬	I
’ª$É-` •Þ<2R«yèçèdMXú±4Ï,ËNÖ„eP_•5 á.ØãgÜw\’5aY'!ÓH¢gŽe'kÂ²†ÊU1•N¾:÷i–¬	ËÖ†JÏs,;Y–ìØ³êú†/pXöÊþ‡ìkë%øsÔÛßôº'ŸCÖ¸,Â¦=«bYäp×Á,×|™ ‚,;Y–tÄ	ØY–¬	Ë/WÅ,ìx1‰yeÛ¦æ³ìdMXÖ\iÔ_—¬	KŠ—Š)XöØÉ°ô<Í²“5aI]«Ø\b–e'«Ï2²{"ËH6;AôR}Áò+k{¿Œ_•÷XIÖ„¥Ó]—‘vð£\Ó,;Y–5°iï±’¬	Ë ¾.©´ˆï—³,;Y–5°-ú,;Y–Êñ2’×NH°d–¦K²&,kßªXxÇ’dmÛ{"[ø¬z5ËèÛ{*Ëvü¹ü,É°d·u>ëÖ|ùçî$IÖ„%ÅK½É®èÓ'à‡œöãQãJÑ+Èš°ôå³äÖgYv²&,)^êåc#»íd|ŽeI²ÆgrÛIÌ²ìdMXR¼TeI‰S¼ÇÎ²$YóuI‰S/gYv²,ÙÅgÕ9ˆl·³N®KT¿üÊ¯KÏ«ø~yaP°dMXÖx¹éÕI"ÙíÜä3Í²“5aYg´r³,;Y–5^ê²¤À†sxûqà¬“ Z´$kÂ’.‚“{ì K’5¾“°Ï¦WóŠl¸#v•¾cÙÉš°¬‰Ów7ûOù%:œ]ö’¬K6òÑdIŽ;wû„¥y:Æ;tödX.4â;ÉKAÖ„%ÅK½úedÇüžÓ4ËNÖ„%%Náë1Ó,IÖ|]R¼Ô«_FöÜ=ªÞ±üùØÀuú,;Y–/UYÖÀV`kì4ËNÖ„el×/gY&•ÇØŸ¿<›ùlŠ¹uöÝÁw_mªš6gp'dX¾;sñšJ²&,)^*æÖÉw'ˆÚïXv²&,ëE0Ïí±#,IÖ8^²Ï¦˜[gßï$ûk†gº“²&,k`è™eÙÉš°¤x©˜eßüû4ËNÖ„åˆ—#,;Y–lç³)æcÙwgˆ—aÂjB’ÕÔ‹‰_ÁõËË 
$Y–{¼ÜÅûî°,kÃÒû;IÖ„å¸_Ž°ü÷K²óQfI4Ãš—×¹Kp¬döXòÝ)çcgYv²&,c]—Š9<öÝÁ9<·µÑòy‚V5!YÃš8¢v%¹|âø3O’¬I2óÙÅûîdØ…×¬{çó!ˆ$×2Wß…Î×d`äµŠ™c¥*É1ƒ·.§_tÎýÊç|2?ÖWeÚ>î\•ÀY–+õŒ™"Ùî¸Xé¶&Ã kÂ²6åˆ/‘¿cÙÉš°¤X©Ê²†5qÒÿÆ²­]Ât¦ kÂ2õ¬ï×Ißì±e'kÀ²p´TÌ«“ñNÈù8×Ø¡Ç×$Y–ä¼Sü|öøÐŽ‚< kÂ’â¥b^wÄ7x¯,—íò8
²&,kÒÔÁ»eÝcÏƒznL’5aIñR•e½fœ'Ø÷Õs]"+˜¯¬ñÙ§æb§Yþ‹\láx©Ê²}àgHü~Ž=ß_ËàÍ.IÖ çSØÚúL³ìdX®/ë]+_ñÙggy¾¿VÀ#í’¬Ëu°×çÊY«K²&,)^*Ö»È„ÇmµËÐ<À– $kÂ²^ñlÓ,;Y–/UYRÒt oËgŸˆ¼%Y–äëªÏ²“5aIñR±v¹ŽöÆî{æ:ÃR§7±¤"#ÎÆî`¢X'Èê›ŒÆã¥bír%iY†Œ~AÖ€%›ðˆ&S,Áâ!ûz]¢/_ã¥S¬w‘	O˜?XŸ¦šâB?ÉÚ:rÇ/‚x^o–e'kÂ²ÆK§XïbÑðÆ2\Ö%dÙÉš°¤À†{ðfYv²&,k¼ÔeI‰SÌrg³5ñòÙÈù+k|'a–¬>ËDÞ>›ÓËÇ&6á-È:–íýòùQhIVŸeZxH÷mµ,á°$«ŽMÇK½¼Obñ¹óËÜä}
xÁB’5aY›rÄâëeÉËçÜº$kÂ’â¥^Þ'-ƒ½>–ÑmJ’5aI÷mÍ²ìdMXR¼ÔË¤e4^–xæ}v–ÏwIÖ„eMœ:l³>Ë’dmë—Éq¼ÔË$Çû4…xÎ„ír–‚¬K6áxZæÂ2ƒBú!›÷XÇñR/WP÷‹àŠg¼b8Ï>Ña–¬	ËzÊÌ±ìdMXR¼TeYs6|ŽeÙÉš°¬7]qØðËNÖ„eT_—4$‰=·fYv²&,é"82p>
ö‚¬ÁýÒs¼TdéÙäæðêüÁïOæÖ%ÙQ–ÿ  ÿÿ å$`xœ¼MÏí6r­ç÷W¼ƒ;HÞ¿)â¸O’3ˆØ§ó‰%‹ A{rLòã#Ví½E‰uT,«Ê£6Ðî%õ~^j‘Åââ?þÿ/¿|ü×/ÿýñgËcYþüññ·¿ü×¿ÿçŸþßãÿü«_|þfÉßøôÅåo“ÿvÉêü¿üáã_?ÿð×?nÿñó?~÷ÓßmÿùéËßþÅïþÝ—?|ü_—²ßþ­ÿùøéçÏß~„ðÈÛ?ÿãýíG{ÂŒì§úôýï¿|þñ‡öˆ/ßýüùç?|¼ññÍÇ÷¿üé?þóßÿø§û£äå]~¬ní_þŸþòi{ûo¾ùæãóŸ¿|þîËçþæãçÿáÓOŸ>ÿÍ?üø»O?ÿÝí_¡×‡/+ñsüÕ—ï_?GZ}®ÿþ9ÖGå~ŽA–ú9^øÕ?‡w©—¿Ç²É¦ÅšepÕ/š,C|øUŸå kÂ2äÓ®Ãr5a·qé&Ë¸>Bê,Y–É=Š×g9È°ß.m\z=–›b@EÄ2:øç‹Ÿƒ5`š±åªÍ’5aÙüÒGM–® ¨Îr5a¹[uÔâ=–ƒ¬	KðKU–`l‰cœ”7ËüˆÜÏ²Ùše36òñ’eb_þ,kÂü2i²ÜŒÍ/ìÜGÌr5a¹["ÍþÌ²	ËAÖ€eD¿Ìz,c3¶e,ÓÂý([8Ë¹É26c+ÇŸC%!kÂüR•e3¶…ÇŠY‚¬±_FXN}ce,Y–à—E“%;÷³dMXÂBPûKÈš°¿¬š,›±ñk1K­Ö,S@ü7v›w‡×ËûõðòzùAöW±—/ŸÐ/kx©›ãë>Ç¹OâÖ$„¬ËÁà&Xºü—Ûh`_þ,k0.ú¥*K06êç¸Çr5a	…SÞ/¥,Y–Í/ƒb=6±9ªtr¬ÔüxÿÑsßXBÖ„å&MÔ}¤,Y–Í/uYÂB—g–÷s²&,ÛB°ðßØeûd¾Y¦‡ã^~5`™Á/ƒbm=cá”¯­§µ«áE®FÈ°Ì`l‘ýÆnïžsÇ’ù³¬	Ëæ—A±¶ža£±²5<Ý#Ìc	Y–›±¾î#f9Èš°¿š,›±U~ÿRÊr5aÙ‚‘ýÆŠY²&,Á/ë±7õÇå kÂr3¶º°sŸå²vµfó•5`YÐ/Y46!ËÂÍ}Y–Œ-We–„¬	K§<.›ð;Ár5a9×ï“°QX'_¾û j‚ìR±´^À×ÕÉvDYÜ¡„Çþƒ¬	ÊækÛ†'E9¨š ·T¬¬,›ò]uÙŽf&ÜÏ1Èš leÓ8ó…¡TPV4KÅ^…]Frîp’-<evù‘å¶0fŠ„ª	Êæ•Q±æS±hJýak±›W¾§©J`‘ú9@ö¶WFæç€MF¾ÏÙj,JP5^ZVðJ]”`jü6´å k‚²ÕLÉ½º[(U”Í+£bÅ§Âpá»¶¤(Y”ÍÕ
ë•R”ƒªÊ¼2*|V\ò—=Ê|œ:(×Ñ‚P®°œ(ªw(SàöGU”à•ª(›©yv1"F9Èš lÓ©Q¹öŸ”…{ùAöW±ä^ÌR±/vÅFþëèŸD–ñP»#ŽAÖ„e³µ4c–2– kÎÜR±Þ³¢­ñ=[R–ƒ¬	Ëæku¦Ÿ@ÆrÕfY¾]´K-–¨¸ùZà{¶,ýå7––Õf‰OÙú¨\°¬‡=húåÏ²&,æ¸DÅu{(ßç#e9Èš°lÆV'ÎÐJ@š& Á,µJw¨Ø–€l½§5l½êÛy¿ïW¨Ÿdä—Ÿ¾ûÝ§Óïñ÷ßýý§Ÿ>žÿÍ_ýþŸa67wÝÙþåû±”zëZå'<áQ×Îö¥ß²“/íÒZSÝ±þåû±„:˜£V,*n.§ ‰Øí²ìZáw¢‘YÊn—ÕgçÐÇk®E÷4yÿ€nŸ¡|ý"d> ÛSÊÃ'¾ùÀpå¾¡„¬Á7Ô¡*ŽC×\+¥‰:@~ø¯°$þ¤{YÉ8çqØK¨{ÿp•_hH²&ÁU†8uÐ'¼O#¦_ÕK‚»¨„`<ŽÒn'gÃæ_¸\\Ð²&ü´½Ðá^áÄ!‚~79&¤$AX(.÷½p{,¡'6f§Ë²=z¢ÖÞ#*n“FÏoX¹cGÀUiœ–5ðDHÐIäàyXÒ»6¾>!ç‚êK6›6]ÁSš'&­+TÜÆ#9E?²\ÊeäX²&,Û6a©ËX²&,›7&­†sTlˆ/Žoÿ÷Þ?GòÜTá)k¹ûˆOÙ›9l'c9Èš°l>©Ëú9.X.‡Ÿƒd9Èš°cÓ—ƒ¬KæIZ[É¨Ø*Ÿü¡ž°î,Ãz¹»ËZvÐáS¶´NœÜ›uÊå¡ž]Ö²…ž~©Ê²íò›VÞwsŸPx– kæOiÆVfšud,Y–à—Z¨ØŒo‡ta?l®›”wYË†s|J›ÇN‚±dMX‚_*nt@‚NXÙú¸[û »tÙÚJËš°l‰süfrZegé9¿$dXb0&KLÐq¼_.©c™¹Ÿã)kì—Qpä]¢Š×‰»¬åéxŠS—˜ ãy–>îõs¦m›–5a	Æ63.e,½u<üRë$*¾7¯Yö-ø+ÿs²&,á„ãÌ!XËAÖ„%ø¥*Ë87.û=I~KÈš°„FT}–ƒ¬KæÑd		:œ>œæ>¾—•cIÈ°„BnÊYÖ®a‡Ÿ¸²&,Á/÷›ÓäúÒ•"Y“²&,ýTÝGÌr5a	~©Êr®gGÌr5a		:üÜ§>âÎ2rßXBÖ„eT—mß’ìÝ¾Ç2Z_` OiÁÀ‡¹HY‚ìí¦Èë—Ç`ž¤¸™1¡•í!p¹Ÿû°~IÈ°ÌxÊqÆ/%,	Y–à—ª,›±vŸÄåå0÷aÊ`„¬	Ë¹!b–:B¸—êã²™95°\;–Ì7–5a	…S}–ƒ¬	Ëæ—Y±¯ tø½h—B·çU.ƒÒiY–sÁ¯b–:Á¯×/_À/5Y0¶‰qy`y BË°,xrC<½
Ì¢eMX6¿ÌŠ} È’æ=–ƒ¬	ËfldÍ=– k\÷Ád]–sõX—q¾óÊœbæ>„¬	KÈÐ™©ÈX²&,£ú¸œ;@éréÆeàæ>„¬	Ët¾Én‚eæY²,1›'+öˆÔÉ‹E„,«ýÅ"ø”©‹EZï½a÷Lq»~yë‹Eà)à—Z¨¸žš¬¾²Ý¥óëKBÖ„%4²ò½ÎË#íiÒå2<‚–5a	~©Ê‚ü¸\—ù®BÔ„ädw¬”äoÑ‹á<Y±sStÈŸãÉAÔ„d+šdHb6OVÜ»Ä	’ûm9‘]<EW#ÏþdWOòÔnO¿üYÖ„$8¥â	fèð×PI‚¨ñZt"¾KJr5!	>©J2Lïò1vùŒ+÷‰zÊ;å:¹o)fù[ì[b0OV<o‰	:ä=ô÷X²&,a8s&hÝYf.½„Õ?wé0˜'ëí¸Ù`ºçÄµ	S²ú,Ý‚>¦B–Þ,ór™µËÚó8æÑeÙHþ[J—+˜3´/YËÐWxJ;uÆïu‰Y²&,›_½ý‡!:ä÷X‚¬e(!>¥m0Î\À%c9Èš°l~Yôê°Cu<iÓ‰%ûs²&,¡Uæ—3,Y–˜ÝSôê°Bv<9­?±ËÌd÷P²,æð~™ºyl.ÌÁ|JÖ„eóË¢Wñq¦9Lé‘%,Y–sçHÄ,Y–à—zg‚Æíð,£÷]ˆ¯çŽ ršý9òÔ7VÊr5a	~©W¿s˜çCÞÊqå kÂ²—˜å kÀs}4YúÉœ‚íûþÂrI0/QãQ‰ñ;I0’qâåÏ²&$Á-õ*xâwyØí”»ë·¸]KJÖ Rà±}U8ó™`	²Æ•LõÑe¦f±b–ƒ¬	KXòqÌùáÞ%«œ˜ÈÅ—,|ûæSDsXÎ)¢í±„zT`gÉ“±›½ri>”¬É·uÒ%¥wY}†˜â£ÉãvÈÏÒ‘á~·uJL %j@0`³*?g-Û´›çxöåÏ²_TÌð)z{"Ãv<?e$a%i\À¨‰Ht)I½ÝË½<x£*I01þªÉAÔ„$XŸ¯}"É	Y’àŠû!´ã+Ÿw'#9ˆšlF6ñu­Œƒ¦FŒî©Š[!˜±Cž4=b¬}ù<N€s…^Vï»œã}Ûc)õÖ›ÊÅàñâf ¡i°ycUÜÿÀ`‰C¤ wY€Í¾¿Ê4M 6K¬Š›¦3"¸ËZ Ü\«—-Þ 8hš lNXõº”]œ¼-$.{—pà[Ö¾í¡„vk=ØAÁMãÂFñTÅ­ÌÌ!¯Ã=ÁsÝ}KŽ›È²ÌÌáoØî@®\ÕÐ4	>¨
4²™èÊ~¶.{n+ý)ky9!<eó®J†A¾wdŠ;€Ô›ƒæíi`Þ<¨Èf\| R|~D_Õ«ëÂ—¬ñÒ"á® »qÜð½e9–ÞH–ƒ¬	K°FÅ*HË‰döÉe»ˆã=(×Ûû”õÆ¥ð4y¡–˜å kÀCxªbéÓrÈ3£_gY=sfô%k{`À=Órd,«g‚Î^²¶áËCxªbñÒr<à5ÅuŸõÔcßñ§MÈþ*–ÜŸv[èE¶¤*f9Èš°l~¹*Vp2.ôØ@Šu?0Pnú@Èš°„5[Š³dMX6¿Ôe	érú,Aööj„c	%P¶¥ccYß+á[äË²~‰!<«baÓr2ÛÒq`Y
wøƒ5ðKHË©ü¡×Ë53‰{”¬Á¸,à—º,a¯õË¸†nË…/?e­[: -'¯3kËAÖ„%ø¥b¹® ±±W±¤= ¢pÁ ”¬	ËflüaI1ËAÖ„%ø¥b“9¦åK´Ó¸ÜÇ1G˜)Q’éÜÝ¦Cr5 ‰<«bÕ²r<ù‡}tËís°Ï|?HÉ°„¬œ‰å²­†SÇ’©²3ŒàY«>˜•C¦1Y.ÝÜÛ¸dª>„¬	KÈ–c#xŠˆPê$p(Á,UQ‚«±Uu1ÊAÖ%¬ùBå j‚¼R±Òr|æ¿°R”ƒ¬	JHË™™÷„%»¶$dXbÏªX‹]'w-“_»Zláj±ëo²¶\gÝòÀ’¤df>Ã³*Öb!1'’÷Yºî@ÖKµoq˜³ò—b– kÎ2øí_Q¬ß­èkú,Y–`lüÌGÊ²É:ÛP¥í)q[¢/Š5LÌ™ØïÚ>û76p«KBÖ„%Û"f	²¶A’~ùviãR¯ÇÎ?søC¯©¯ùp•JVŸ¥_°3•?Œ¾>Òþ‡˜˜JÁKÖö¢‚í)®h³œkô	ÏCËs'*(Yýþ¿àêræØk×´U™.¥—ìí5	÷òA}\6cã×$qYºººc>S/Yóq¹[]ø.t)KµüØž~©WW÷˜ãùc­ÝÜga–Û”¬þÞ¥ÇÄœÌ·Ä¶µngö+÷òƒ¬þúÒ;ôK½ººw“G'Ï,¯k”¬Á¸tØÁÊï9±¼.%S²~éÐ/õ*ës"9­?íwí3ŸÊìBS¢&$!€wËuŸµ%ùî jÛè³=ÌR¯€ç1.‡¿/»îÖØzìÜ'¾Q„¬Áâr&n‚‘¢TMP‚WêÕï<¦å¬üIÌ‡^Ê…C9Èš l‹À©õˆå j€Ò£U*¢Ä¸2^ê%»´$d>°=OnéQz¦â¥j»½=¥9¥Ó«ÞyLË)|U}Yö•eánC~ÉÚVÕ=¤åÌ¬F„(U”Í+^ñÎ{\òÎR”ƒ¬	Êpî*WA	ªæ£²y¥.ÊÖ„NþauØw£L)üv5AÙ\-É¦=(AÕxTðJ§Xîy†çðíÍ=ÊçOóõ³²YÉYYw:+¥Ô[T†]
¥¸!x¤b•Rs&ú´béNŽîä%k0s…ÔœDv³•þSrÝE@ÉTyš¤*Ëæf3»øèž²?ÈÚžñ›Sø+Å,AÖö´Áö”¨>.!9‡ï„­áPIgV”„¬	K8â13w•±dXF´IE–žã'ª¯Ë¼,‡ØX dv¸"ñà¯0,õ½óü¼þúåÏ²»"ýR±’±‡Î–²dMXB„ ÿ•²dMX‚_ª²„ÕŸþ¸dMX6c#?*÷X²&,Á/wE"–Jù]‘ƒ_²ÓzBÖ`U	a;u*TÆdm¯'ð	ýRqcÃvÈ›7†bÏþs&	ç%kýâ1o§ò>2–„¬	KðKÅrzïüÊ¸ô2–Nåú;îç€û=øýÊö£½^>eî£ò”5ÞåJà—^±ž‘;‘lB<Ë®ë.gÎ/	Y–ÍØÈû{,Y–Í/½b"wÂ2qzDÈr5a™ÎH‡å kÀ2ƒ_zÅ2,DîD2ç‚ed" )Y–oø˜©,¡cÉ¿|“5žÇfðK]–m!Hn0œÎÍ®]ZZáÆ%!kÂvg:	d,Y–à—ŠuˆÜ‰d¨êi{$’ïú¹±=ò”•Ü½ñ•í‘í±”údªv'c²æã|R•!l+ò>y`¸ê°$Ã]Ö‚!„ð5;)ÃAÖ€aATdˆ;äm¹G†eé¶)+·$#d¾©±“„,ss%kÂüQ±f‡;•ÿ¦ÖÐ­'W&M”’5a9yZDÊr5a	þ¨Ê2œ2_eé$,Y–áªÏr5a	>©,á1d‡Ê=}cýÁ'™y+!kÂ²J—™>ËAÖ€eE¿TdYÇBéK.ÿ ;?çqk9ÏyÚc)õVˆÑOYã“x}R±îZÇ¸€¯ÔºudZ¹µG/{kÞÚK¨·…ÞTk–[?èºùÒ»ìüEwÁÕóEwí±„:ø¢*»f`•?©.e²÷Ûê¾Â.Ì]q'e·ËZ°‹êã®y?Ü=v»¬»¶°#oq;Ý;ñH;;Ï!dê©+ø_PÜçÀØ¾÷*9·÷ÑEöD!k°—±9eâZ»ž¥?ÞVKô^²½W+ø .K8¬Áû ïY²a„¬	K/—3,Y–ÍƒâžÄæÄÀ¯1¤,Y–a®/@Êr5aÙ|2(Öä06‡¼/þËÁ~MX6c#/Y¼ÇrÕg0'èÕqÄæ¤‰µÆefNô<e‹m²R€Øœ•Œø:&+-µNÿ!R²úsŸ€i<A¯.@lN¬|ïUî\¶?Ûëe4%«_Ç	›3sÃ”å kÂüR•%lòëÈmýQ;–þr-ò’®#‰:N{,¥Þ
.|¡”!ÈÚ¦}Lá	zµ¸°à[üZ$w)¯É3ûÙ[Ûc	u¸KŸá kÀÓw4BLÎñz³	†ÜåÚ”¬Á7brª×fIÈš°ÔëM”C^¤rb™ºoj`ö’_²¶û“rÈÆêáŽ‚÷æiZ8CèeçktK<×èà±„:ø¢*C00~)e²¶ý #røÞG1Ã]Ö‚aT‡ÐhÊïQI²&ÓÜR†»¬>CŒÚÑd™83óÓÃÈ­5Y†ŠC^ŠqÁÐ3=V”¬þ~cÀ¬ —z XfâF­”ÒÞcµGfŽƒ²÷oÔâ~¶Åž‹³dMX6Œz5ó ©81òkŽÔÿëõÇé)*™$ÀŠ£«FêÓ«úüY~Í£^<@ÎÄys!?woÌñ›;ÏÑ÷gÆÈ¤SªKLÕÑÄp]'Á—“BL‰|H1‡o¤êAò“2BÕ`b¶NÔÛã‚3óõ®ë¨Ì1%JÖ .ðÊŽ™Zª%¨š£KTÜâxfàLmqˆPZ”pöb¦„#B9¨š wTEÙŒl¢‚ã÷5×§J‰š|^ÓÔyd)ÈAÕ $Æêh‚Œx>‘/t ¹&)Qƒ±›fÆ'ÝN2rs´§¬dŽæÒê}8 Úc	u0HÅ*H½™9˜»TÏ”¹?hBÖ`0Fì¢™9˜³†n4^G’R²³VÓÑe	V6q…]9lr\ÓS²&ãq:|NÆr5a	©X˜‹¸ÖãÇeðIvT¢&£j 3mÈ2’ƒ¬IŒÒÑ$‰™7äiÞaT¾ŽÈ]ŽNÉŒÊ„gø…,gñOYÛ¶ä€Q:º,ÁÖ&ÚCW&Y¹?mBÖ„e³µ©c¬2–ƒ¬	Ë >.ÁÖøõdŒûÖÇKˆÒ1^ObæÍT¶Œå kÂÜRqë3o<ÿ•²dMXÂV3Kæ½ßoeò¹^²¶ÇËFé$Å­ŒÆ6±­œuf‹5˜û@æM!oùºÃ’5aÙüR—%ûÍi=\,Ùo+‹ì^V²²œ6Bà±„º?_@3Ü<þÝK×ÐËNWêº•öXB=¨Ãfdü±\Ãá8ùõ1º§,ž¬°«ë™]{,¥ž•]³k²¢—±k~˜÷¯òäêQÌn—µ`×kåK«Rv»¬>;ŒÊIzñc¡`ù“mÉ9°+l·'!k0—L›’ØãrG†¬y²þ‡Q9º,áNGv£#Çîòúíç¸¾X™’5˜Ë@¦MåË"(üaœŽ½ª CnŽDE(è‚ª÷ž™K‚¾cÚãQ~Í´&Ž ùíªüÀ	  ½&þkZrw!Käªo„¬É×t³®5ªÜUÕ	bNRÜc¬h\ü7ô@Ðsk{BÖ€ ‘]Ãäâµ(U;ÄDœ¤¸A…Ñ5|yC:”Ì)UBÖ%¬ßf¦6©HþYƒ’&äè²„ò)[r+.ì‰Çü4•5a	uÎ™%¾Œ%ÈÞ.Óp/&©X
‡h›ÄŸähKŽýçÜÆ1!kÂ²Iä:Ä,Y–˜œ“ôÒÂŠG/Ø&€#K.Hˆ’5`‰7‘_rX.ÜG…5a	~©¸­±N.Û7¶Ÿ¼²,u–ÜÏÑŒ-ó'¤,Y–à—ª,[û*¹û:°Kæ3EÈš°„+©fJs©‰­×+‘^v¾4Wë2–æ’#Ô›OfÅ’8FÛð[S9×îši@&DM¶*(Šwà.«N0bNŽ"Á¸àª_äð˜?Úñ’µ½Û!.xÕ-†ôËŸeõW“sr²Þ&G„@›Dî›ŸXöÅUî^+JÖ„%œÂ˜rGËAÖ„esG]–mÙGF\Üc9Èš°„ƒûS…r×½üõJÖ„eT—q®Ê#e9Èš°„e¿,e	¹9Æãss²ÞöGt³~êcþ¬%kÀnæ6@,Ÿ²¶ù sstY7:,ƒÜœˆ7EŸå kÂüRoS$bÐÍ:QåÉÝQ.'ó/Qi"ÑÞ‘)í|ºW‡ß kÂ<R•ßdƒNî³fÇ4èdo5ÆµÇêíÆDÆƒ”á kÀ³s²^¦\Ä²(rjð‡æFæç d¾§rS'Î±nË‰Ò±¼îÌ<È
ö–CóÖB¨ƒ'ª2læE^wqdØ˜|åg ‚¬í½Ñ£yÍ4ŽËî²Áõv<"ÆÚðab†ƒ¬	CEÕg²Ò²i†à‡ª›qe}†ƒ¬	C0°™,9Ã&ëdMÇÓ14'ëípÄg¾ß¨s`è¹Ú*!kÀnÖ8“é¸3<ÅÐ/–5˜Û`nNQ¬“CÀMB_œ`9Èš°lÆßg-f9Èš°lþXëq˜p3±Ö²ÙÛ;ìÏÑ6'f2e,Y–Í'‹bBn¦ÖË›ddNHD%«Æp^5zJ»™Xæ×ýR~ k\ÇÀœ¢×Ž1ÛÆó5¸¥ëèH™‹„¬ÁX„l›:ÑÑ!cù”µ?ŠSk8qÛZžªô)×™‰”¬~?@ÄŒõï*!kÂ<R¯›5bÆ?w³dMX¶"(¹xºÇdkãSk:˜r3qG™”å kÂ’àôÇå kÀÃs4Y&46>Ø¡gÓsõ’½]¸f™ðÔ>¿gu`¹0§?(Y–à—z]æ1ah*ß\Ì’ƒ¨	Éé[;d$AÖœ$¸¥b¥3n"ï–2’ jü}Mó9å2’¿ANyÄà]’ÍÔÈ‰;$AÔxÖù6ÕÉª®3$Y’›S«<o'bæ:’Éƒz‰û$¤ÛT'Üq\/$!kB²ùdU¬ñ@ºMš˜ó,ép÷5Ër5aÙP§îd‘±dMX6§Ôe	ó1ž®¿a÷úð9%jB²•HW™SÎYãjFêTÅÊdßÄÄ_	!#9ˆšl–F#»Gd{¯0`§*Öí0	‡<üûU’•«¢$!§JwšY’(k}j ãuªbu spÈÌèÉX\ûÈVzY–°ø“í8Ï°dMX‚Sª²ScÏGŠY²&,ÛòLÑ?Æ±æÇúîŒ™9¨KÉêŸu½R±ÒSÀÖøs’±”nþz}ð÷%j¼ª,hjú$AÖ6$9bøÎª¸ªÄ”¾>Ð“dÇ$!j@²NÞš|$Y˜°JÖ„dóÊUq%‚!9dbô’ƒ¨	Éçø°ëv #™¸—dMH6§\W"‘Ã÷J
I¢&$›¡‘íÖ÷H‚ìíÎ,îå›O®Š+È‰dtÍ™äaÎÃ~¢@Ö¸>€9üEƒb–ƒ¬KÌÝÑd‰9|} ®=Ë…«Ú²,W\W²]Z–þ˜ÓÈ—?Ëþ*–yyðJÅnÈ)l…@Ìr5aÙJ¥|¶™˜å kÂÜRq]	9Õ1Ëð›ŒK06Ù7v†å kÂüR•e3¶Êw¸åà—Œå²&,›±‘t÷X‚¬-Ë„I<«^ ad™ŒzÚåÊ;KsŸñçxÉÞþÆ²?G+ÌðW)õ,·—wìËo‹Ñû]ÜËƒ_ª²ÜŒ-“¸÷X²&,½?7“,ë£¾GøcùòþÜ£jÂ2¨ËÍØ
™9}å kÂr[`„•ÿÆJY²&,£ú¸Œm ñßX×Eg»ãmäÏ1Èš°LCáD…å kÀÒ©û%FæT~ÿyÁ+Ï‘e:Ì}ˆŸƒ5`	‘9+™Âÿu–+tP²úµ‚„I<«Þiç„‘9¤åœYJH¢&$Û2ï%“dMH‚[ª’„e ß	+#9ˆš„–U}’A¥æÃ‘lm¨‹Þ‰çÑ9‘lñ>Õbó~JÖnÞCÈš°l‹ÀÂ×Õ¥,Y–Ìã½]Ë„:|2è‘¥ãÆ%!kÀ#tÈc…óžÀMÚž²·ûî¸—wm\êív%ŒÒ©{$]ž½;&e‘?Ç kÂ²ÙÚÄ´”å kÂ2´q©·G’ R'¬¬[ŠY²&,'¯\–²Ô¹r™{yðKU–qnDÊr5a	ES}–ƒ¬Ë€~©È#vÈƒý,ýáþâç dX†ÉÓ#g–L-–5a	~©·G’ b'‘·6Þc9Èš°lÆVÅs–å kÂüR±æƒ;dxÊqu–½~ç+³eô’5gÙ‚ü½Lb– k>.Á/UY‚±ñ{$R–ƒ¬	KHEû%Ër5`Ñ/«>·“ø¹ìÿ½—Û•¹Ë‡’Õß‡N·³òëËây rÌ¹Ù—¬í¹®Ñ/õN@'ˆÛ	+¿ßµO[^7|S²&,áòHþd—”å kÂüR•e36rúpå kÂ¢Ìgnž±dMX6¿tŠõXˆÛ‰Y\²&,ÛËä%Œ÷X²,!ÅÇ9Åz,Æí¬|ßÖefNÏR²,^÷¡í—OYc¿„çôÎ‘$Ü©ì9=1ËAÖ„e;òA^Âxe“½'%Ç²ù¥S¬û`äÎÄ<öpNY‘¢+Üá»)Å$Y’à–zë)¡­ñ«KI½=&9’P4¹FFr5 ™Ñ+ëw¹Cnå~•dâf=„¨Á×wV'“ÇkÄ	’„¬	IpJÅŠîUwH¢&$›¡Õ™Û¶d$Y’à“ª$ÁÒøueéÏ$&'’5aÙŽ§ó§g,·¿¿6BÖ v—Ñ)k¹“&Î\®}í®póWBÖ„%, ùsëc¿‚::®ðˆ²÷ó_®_’|œW¬`èßO£A–+Ç’5`‰¡;‰ß·”±|ÊÚ&M$ÈòQfÙ€+¿×•S÷…½>Õþµ=	Êdæ˜¤Næ÷òA}Tn¶–ø“]ÙaæËkB¿\OYý;RA[Óg9Èš°lné+wº“þ¾ýâìúŽCJÖ„e³5¾Ë§l‡±›Å^_*ö’5^TtKE–»Sø»G,s÷%kÀ²Ží«,	Y–à–ŠUXÞ™¸ÿWÊr5a	åR>M]Êr5a	~©ØáÑ;‰¿GFÌr5aÙŒ4ˆ{,Y–à—ŠõŠÆ¦Ïr5aÙJ¦dØÛ=–ƒ¬ËýR±Ñ;iawG6–ï£&‚ã]kQÉ]kñ|×š‹”v»l’ßÝ’ñ#dMøG*VíV,•Îx¤„ˆñkFnÇùÅîÞ¢|Ø!ßxW¾F¶–êÎ×ÈnO%ÄÁ{ëV\æ±Us!µ]TŸZ³*20á5PÍFÔÀ÷T©µ­B2@ìH-vé½ù˜²Dþ
»¬„›?sk%ÔÛ6¢þxÛUuÉm‹•]N«ŽŠmšÈßÚ\ë~^ —KÓ eµg,ø”íy¢gîëéw?«j<¥^Ð*¼¡âúÈ‘Ÿ°lž¿Âã©¦óôIV2Ýy¶Çê~¸3ŽE8ñç7¨š lî§‹°?}DXRwWsºô¿]Vêu=#l¥Ô§Ò°¶ÿ±ÿÝ¥zùñÉ>Ó°ÒÅŸ?¤í±„zóÀ U_CÅvÁëeû2¾w£r½ô“]¶JÙ•;x,¡ÞŠ™dkæ™]~¿tZ/¯”>ÉÎ³Ë9ŽìòøÒ®£Êbp&ö,Š‹ûžEI—É‚´¬öþ>¥lÿ
?í–õÐ­A¿üYV{Ïž6¨UEÅufÝ^Ò;'©þÇDMHBŽ>ÉAÖ„$¸¡VeãÌ
^Hr5!ÙzFøä1ÉAÖ„$x£V]×GáO˜—´ìóš–ƒ¬	Ë´ýaO¬¥,Y–˜®£ÉbpâÁ2s?!kÀÒcÄ*¿'|by•”DËš°¯Ôªq£âúZpu›÷¼'{nú×ËÞ­ÛxB½U4ÉV¡s;½7YÊÂ­s{Ùù9k-Ãz£=–PwTeí£üZQÊn—µ`×uË})»]Ö‚]Tw7q"®KéHÇË3ÈŸa—•°K'vðXBâàôÙí²úì0-'hÕºQq äÔîÔÞ€K‰+wô²vùÌ®=–Ro±Œüæ‚Qg#dêl˜’£Ë¶ñøª÷âeGfü=eÅûÃ>S{,¡;y·|d8Èš0êã°-ä¼>C5cõ²&cù_   ÿÿ¼M’ä8l…¯âTˆII;Ûaï{áû_ÄI ³D%Ð8ÂëíLÄKµ¾¢@âçñ»Üò”!Y‰ÛûÏY†§,‚!%7=}¥s…,€!»á”ÀÜ)ÛÖØ÷Õ·%ñp»ÄCåu(²€
bá›<ì^Ä—ÐïMµÜ^¤ËÎƒì†Ë²7€:fz©¨Þ]J¬ËBXÒÕÇög–%ÉÂYöøXóà…Y<K!aÙtêh×ŸY¶dåiÞ²Hwrú•'cYRÐþÆ–ßLx=.³Ä*I}ìMn‘ìÇ;õâŠïh¹×?T^È¢%{á”ÀšFå°æÉÚ9cM*¢ ’dYsdÛ	gŽ¤"!I±2”d?ìÙyðI’BBÒ}’œ#ù7N’ìƒS+•Ûc¾qc×þÕ›S9…Œ²Ï²qEÉè°U}§Î–~Rv;w“Šº, B²N,Cß¤b=–ó~¤C#>Ê>cøúYEF#Ìði†BÀ½o"6Ž˜óü{14ö9Š,à›J65»jÁô„¥"aIÑ1Ê‘ŠûÂ±ï¸z±\gX
YK%´3<³,…,„%ÅÇÀjUã–û$¹ogÅÿëÛª²²–ÔjgfY
YKŠ“Ys6ª±»ã¦Y–¿².{ŠTzÆRÈX²ÿM	Ìžo<d1¹.Ím¼"`¹qËÌËÒ.ˆ
KEÂ²ÇËØùOV5-ÛNC†§Ú$…(„d¶P›ûž‘²’=ZÆ’ì4vÞu’¤…ì—Q©›¶g$IÜµÊî750ëÊ65’-]ª“FÃË(;s¦\¾«“ýguJŒÚ™óY†$Îœï##öT±çnú+Ãzë`¤ËÖãN#“9›å[|a×›˜Ø½ýy<Sfkïº3ýH–ÙuGë4K!aIQ20?Àö4ŽýÎ,K!aùÎ”–ãLÉ®7±,{@³}8;Ë<°4òç£ìLœ\¿ãdÿYE½úŠ§›u97j‹5®9Êú»YUŒÿ÷ŸêìrSs;2{®ƒ·ñëHmÄGE°
dÏêÿ-¨c±ãMr¼aÅ¾±´Ý§fY
YË>¤X=5É9–BÂ’âc`n‡,kšÃQ¥nÃ®ÕÈž+¢’4Œáéhc80ŽM£ìÄœ@;ä—µÉpÀž8±ÏÁý@‚BB°ãp9ÁÍ<eÃ	&öÆiq™œäöÆ©ígl“¸ÿžj²ñû¯ôÍ¤§KùdØ¬.eM6þ{šØ§Åu¶&r±©ê…A‚e™a)d!,i4qî‹êa)d!,{llq9Äv6öÖ…¥YÃúÈÂ×ecŽÖ,K!aÙ£d,KºÀØîùØË4ÝýQZ“Ÿ&O.zö¬s,…,€%»è´¸ŽÈÄv7ªI÷•åk]þnáK5œ>²Xg€þ+¾]ëàjP²Ñp®©Æ§t›è´¸Tkb¿›b_(×¶¥•áÒd!(û™Ï1¨<‰R¨BPR´ŒËÎ¥·áãnÀÁÛª4£iâ#‹¼‰Œåõ$»k¦g¥P… ¤`—¬Käwã8Ô6~^Í—!D! iºÑ>RN‚ª ì¡Óâ2u‰Ínª£;rðî(»)Y Ê·Ù½ë¹¢¼»ÙPW… ¤H—æIäuSÔô×¦Ç{².
I÷1z>®yHš…9d4Ëzø(·Àt9ßÔbo_×}øÃ.Ö7J‘…°¤ì¨gQÎ±²–=RÆ²ìAM½“ízÍã¾;ÅšÕd!,{TS'Ëž±² –l¸³¦îVŽjfÛÇ…eÿ³½Š,€åÊaÍqÍãðäFtP4! {¨Üs=lSÌúdiëù]Í¿kE’LTÍ`9RhB@®Â¿ò)ÈÕU)y°/[³•Pd! éð¼"…&$…ÉPÝ(GÎ¿‚LíìÂZ³ý:„,d/'ªŸ“ …& $›ðlù:rË)¶Ánï~X³a`®É@v p\ºúûäÉŠîoMðÆ•x¶ÀYå82ezxòqÉÖ}_×~Ê>®‡Ü\×N¿ÒãY2!'È¼Ý^4¯kþ#Ö“SŒŒ´Kä“Sª#F.gŠ'_M[Ô×A²[xÌ×ÑýäÌl]«?Û6ÃRÈBXR˜eÙ}Å&ójK!aÙ}öPÏ4K!`É<‘,Ù+Gõ\øb9„äëUóÊëPd,+»ØØ9–5ÈdÀzx
–¹WvËÙÍ­²´!X^+"êë²–}¾Ñ¶f)d!,{¼Ü³<ä–STÿq¦Üg^ÉÂYR`³"³,…,„e—±,©ûÆl¶+eâånÅË·,8^²{`]
Y K6åÙSìž£öÅ|±´ÖÍÊ¤+²€“%¹ç‡ëy-³ßMøz½Yø.‹5HlÊ³f	È=§Ø—ëN³ì²x–½¬h_©4ÍRÈBXR¼eÙg9lSžRóÀr·`Š,„e¿ÇJ=?cI²à¤›òÄ²,¾¤Oig¼\7+{§ÈBXöƒ`²÷>³,…,€%›òì	¼ÍÙÚSÚ°÷±×¥"`Éî9ö`ó•¥u=ÖGÜÂ¦<{`›ùçlö@eiÛ™+XwûuYËÜg'÷>–BÂ’âe(ËÕÝEðË²,öë²–½ŸÁ‘XŸe)d!,)^æðØA§ÙçËcÈ­¿X5#EÂ’[üº² –lÐ³æðÈIÇ“+ØŽá[­ötEÀr§Äé:Ç2×K°WrŠ, W°S¼<»îvîÄ±k^G|6«/D‘…°¤iHs0ïë‡úåq¹>De)d!,{¼ŒeIm«v_órÝÇ&‹%É>®_Z,{`³MÐ¦Y
YË/À|,9é”fY.ƒÙÒº[G4EÂ²'N›Ö–}e¹ÿìgkK±^Èâ%öM”ä¬Sí^«ËçeÔÕ°•ÐD£Ïì«ãØùŒ$K²ÒŠ,„$EËP’Ô“c’Ü^¦Óeãº*U–BÂ’ZWíË×.,Í<¼Œ>³]O,ËÖš™õiGX6ûuYKq+VË˜Ë¶¬‡/áë’Ò¦¶íKíìŠý²–¾Óå4Ë˜ÓåíÃg¶ð9âª—™½vì‹¶¯,«ñ:4Ùx–™¼vŽj[L±üÈ>ÞùXOñ2®J’ÙkÇnVo-ÿŒ–Z÷j²–½-Gõ’~ÆRÈBXR¼Œ3%ÈìµcWI¦Y
YK_6¶*´å½—”&aIñ2”¥7^N²üñ2/ì àY—s,…,€%[øD²d¯Õ:å†¥åh¤ÉX²ÙŽÝµ>Éò-‹=“döð9â*Ñ99GI:Ë4ÃRÈBXúFI¦YÆL“XOñ2®z™ÉmÇa“Ö–ýìŽ-íò:dBS“ï¨ì¿²ý,»=Ï>ËRÈBXR¼Œ«^æä¬^N³$YlwlfÇÇe?³,…,€%ùqÕËüvÜ±³±Ë>aäó–Ï]ö_y- {¤ýÊrµÎ$oYìÕÜ™œ|òWñÊdºãètî¾£¿ÖýdÐGöq®à~]’éÎá8_.?Ûù‡X.¹uõá…l|Å+“—O0KJœÚ¯Y–$ûxk¾Ž~ôx¥Í±$Ylõ2“—O^âª—ùmº¿.…,„¥ÛËgŽ%É>v¹xòòyý·8–lº³Ù[–«QÔdñr•ž–ÙhUúÈbë—yåx˜[gß{[·u yßÆ¦‰BHæ°*$…,„$EËÀÌ:ï¨í2OH
QÉÔJ<I!!I±20GÎ;›šû2ÍC—³eÁ­ÉBXÖ~C²}ýè,K’ÅNxåÂ±20Gæ;m1÷=-oküýþx¦Èòwì¿£ŒÿÌ².F]“œ-ÇÊÀüûï¨öœW–©WVãŠ¼‹ìÌyåûŠ¼þ³ŠzgŽ¼]úÙÎûÄÖË úÐ$»N<tªÇRë÷5@ýguŠŽùºÂ‡>{¦ãRßJÖk8e]oØVSwM>O³;eì(†²ë‡<õÖUa´}~C¯–“êk8egØÕ/vô³Šº8ÜÅ°#Ù‚aGN=9æpØRG}â¬xîeöK]YÙ(²€½Luú¾Þ1TâŸ"ˆäÔ“Sà¹Ÿ-ul?fò4ža)d!,{“zGê3–BÂ²ÇÃxî'KÇ^†R–÷Îš,„e`«}Æ˜e)d!,{|L'ÿÊÌ¬_õ+¬ÒÀò~¸B“…°t^áœ~–óñd\û‘÷4Ž—,ß–:Ž³ÿ0OÐÒe¯£¼ŽöWzwšl²q°´îƒ×d!,)^æqÈR§5sßÚÏþãu•ÆŸ¶"aIÍ>ûÏ²²–/CYR"ÔîÃJÛe]}XŠ,„¥3¿:Ë2&¿j=<ÅËÀœ[êvd/®ÖË¢’Ôbc“;;›Õ¸óV}\ˆ¼öƒe`b€ýtÔë‘ÿÒºAV€d7Õ1áÏ +4¼UÁ;Ø#e(È~´'|.È¶bÜU~‘}”áé?«¨÷hG(T!{€Ì‰öÐñ$é{íf&Xß²3yæ?$é^?«©o?‹#I7‰P¨Bö¸‹°‡°ÝÎ	\nV}c”E ì±Ë1_×¯ùexµÃTú”È³æã;ÏÚV¨“OÎ¹9²Ê©ê…8®3¶ÃjUdÁp§fSÇÌÇÈðõðÆæú->7’O0K:àÙuÆRÎÞòÍº÷î#‹½·9ïtÀ³/ô™f)d!,),žwgWN+CˆÙ,»MÂÒynœeù7Î;ÇÇÀs#Yåxz9Úàðº™­-oY¬û`Þ9 Ùµ¬Y–BÀòàxÈ’ÌrÚæ˜«ny×(oX*² –l–c»h_YnV_Î[/Ž—¡,é˜g¯Ë­žyÖ-YýrŠ,„%÷ìºäú³Ôa]÷û×QÖ½Ý¼}ï_ûÏ*êkøzìí0×ã¶÷ÃnÖ…äš,„a¿âC¸þfXËð1¹¿ÂF“Ìáq’Mrìõ¸½þDÏ8¹Z³Š,`Öã Ë#µåY–$‹½5m]¢ãäº8Ï•[.gmùõnîÝ@5ÙøuÙåû ø'–mdyßä ÉÆ÷"¯Ktœ\g–µÃÌòW~Gn4ÙøÁëW²oÿ:ËRÈBXR¼ŒëE^Ù$Gµ<ùÚó”3^¾XÞ÷	°,º¯¼ÿÊk{ÿ:ËRÈBXR¼eI	RÛ¢}u­íLš,„%Y°zâåK!`™8^Æy	¬d’ÓÔ6Ã¯<ìpžÙ' ÉX&
láßXEÂ²ÇË5®²²IŽÚ~ÿå1œ+¿ÊCòhö‘=fë!bÞ£ÿ¬¢î>OÎ1²†=N®qsçkâ€fW–õtÍ®»Íð”}VÓzý¬¦Þ~ÕøàC!aØããWYÉ§©ƒ¾brÞ×%/²Ïf9»óRï>û¦i†BÀ<vBfXtôµ¹s³ÍW“ÄÅìƒY¶jä[5Ùø|ëÊ;±,)€ÙëñÍÏ7; Ér™
‰uîÛêa)d!,)>Æõ›¯d†ÓÔK¿:¯F§Hãä¡ˆBV%1ÚÕÉY’BB’¢d(É~ÜSï_S e˜´;Œê¤&Y•½Œ¨nÓž±$Y0KvØY3ul…ãèÄzO~|®»Ÿ´ûÈ‚³®l…SìB.÷öìÆÝÛš, ƒÎ;±,{Ûã’Ç{{6c:K“…°ìÇ>»²5ÍRÈBXR´ÌÔ±Ž=9Pß×P}XßXEÂ’.V¶ïÞže)d!,)^Æõœ¯«s
¤¾]’>÷i™,cæ@,–¾9i–BÀ’]vÖÀ¬kqÞRóA_7+^*² –…Ûnl–mØûäf”Ë5YË/K`Ö•íp3SPŽv¹Kô¾ä#^—l‹£¶î>c)d!,{¼,ÙW¶ÇÙÍ*e¿Gýd¹ZßXEÂ’ÚTí»DgY
YË/K`Ö‡írë²¶³²µ®F—ÝG¾.«kV«Ï”ýû¼wü~dW)ïY²+O‰sÿX«3[òÐm·V+ƒ§ÈX²}Žzyæ•åïi*'£=KÓ„€¤`˜ô©|
4%å­µXXE’î½²$S …&$EÊPTP´oÝ^a=ÞOüh¢Œ= U{ÿ:…QhB0RŒ÷YÙ3'›mÌ¥å!Hš	E²÷Ü8’=S …& $ûð”À¬æ´lfÓ/ ËbívY H6ÌQÍJþ²×¦kš!Svì–ãØê´áR_H!Iç¾™é IšðI20ÇCV9M5îÿ98c•díYYHgîuý©'ËÝúº*²–=LÖÀ¼ ™å´d»‚.ç·µ³wš(„$]
iW·fIÆÜ5yO’-x"In|ä3{$ë2fëÌ,º"`¹qcª­›c¹õ»Z,{¨¬Y²Ëiêu×/ì¾^²èÆ¬"aù:ø¥äØóL²²–=ZÖÀó$ùæ8úÐË¾³êü–÷hm|ú‹_—$_—-CYú¢eiûÙ;ùú§[XEÂÒ×Ù3Í2¦³çž%ûôÔÀsåÎƒ6Ë¿ñkT·Y Ëíå&÷>ÅÊ¢+²–/CY&ßº,Û°.‹å™Ê’dÁÉžv=ÿœ›ðž[µX
YKŠ—i‚JŠŽÓe<´×ÝÊÀ¾eÁûØâY
YKŠ—=l¨ãØûäc8“˜Ý Š,„eðpT/,¯eV•¥°dŸž˜õ9¼yØËb}cY Ëƒ›g{z»äbeðYKŠ—¡,û-G‹Ý²ŽfÕ™eœeÿ`ÚsÎÓ,…,„e—-°K‹Œušj'ö>u8“¹EÂ²§M]¹‚9–BÂ²ÇË˜Ã;xÒ.ZÎ²²–”8µ;{úõ‘þÎž·,–ea¿ž×¥UØXG-Æ}cÇÎždäc5Ùx–…uì;š.,“µ.5YË/[\>¶±NËö>öÂ2yŸ,œež_—–BÂ’âe(K*3Úý=eœèr°üÕËÂÆ:®óåK!aYÂ×el«ýÍÃýÌ«ÕR ÉBXR`³+Ñ³,IÛUPØ¯§ÅåÖëÔÕ>“Œ,óf¤§ß²Ï§fÍ×ñ:)ÙÐ/–õ÷áÓf±Td!,)^Æ5ß•ÄçË¹uéa)d!,{¡Ñ•÷™c)d!,)^Æåcì8Î$³,…,„e/4î¦~ë­‘Ã7v7¾Ë‚÷±ìßÓâò±…vÔëž±$ÙÇÝÍÖëè‰SGÞ,K!`É>>‘,Ùpgv]Vã¸ý‘}ÜNi¾Žïë±þôÝ7áép<|È­[ÖÃ§àu™'Î—iX—÷CÄYp¼Ìl!`×¢gY’,8^²O‹Ë­¶ÜQ-UË±YØ|BÂ²UÔg,…,„%ÅËP–d¹cöT–RÏ:IÞ/ý±êë ÙÇS³Öë91,ÿB¿Oa'Ÿ-®NRVl–C¼LæÞG‘°dËÝ“=YV|PT!({¸ÜSëì¸£Þð5 Oó—tXËò-þÄ²ãŽêvò¥P… ìÑ2%µ±ÚÝ>u¨xåÅ:l¿eá«’l\çv>”B‚²„¯Jª2:æ»–ÊÃzB‚²G5ÕãÛ– ¯Ct0^ÈX²O$ËÂQÍÑ„WÏK,ójKEÀ²PXs/çX*²–-ëÅ-óé·‘­XYþJ¬,Ô“ãHÌ’²’,Óêä¶ÓÔiŒ¯U9Œ’˜Ý2š,„e?ªóiÏX’,üKÑ2®e½ÛÎf[©—5«Òü¾
QÉ×¾:«ÝöÏH’,xU²…ÏX a¯ÕáüR~üîTš,€eí9Ií}ÂR‘…°¤X˜ˆe»GsÈ%©nÍÕh²–±‡Ud!,)Z&ïØsÇ±ïIÃ°ž½‡Ud!,W×Å²Ó,×‹e­‡ïÑrLÞU®0ÚÍ!i°n~±4v±Š,„%uäØEèY–$>°¡Ï×ä\ØyG½òkç³m±÷ãÐQpû]ãþÕè=ì[ü…eGŸ=0KÀÖ;ŽRWY.F”&K!aIS{$h–¥…°ìÑrl¥$÷-;F‚ÊÀ2V0š,„%Õíœú,K!aIÑ20ãÃþ;êÍs_,ÇÚlŒ‘h²–t?³]¶œe)d,ÙÖgÌ°ÿŽ}™LIíÂò~ú#fÉþ;inûú`ˆoYìµÏ…m}bYú2±ë¾ù»Ã˜(Öd»XòßYö!³,…,„%ÅËÀ¬ûïØërm)ófu#*²–t³–§Í§GãÝJ$+²o,ÅËÀ¬ûïT{]îŽ’BB²‡µäiVŸ#)d$ÙÔçÌ°ûŽcúÝ¯ÿ14¼7)ÐdÑr§°æØÅŽ,_ká~*_“|aÙÔ'–%AåÌß•jHYK
kñ,…,„e–G`Î‡ÜwZ³O$u^†1
­ˆBHRÊÔÓz7GRÈBHöXK²øVå×•³ÆÈ¥"aÙS¦Å3
=ÇRÈX²¥O$KöÞiž«–Õb©ÈXÖV×yä·TW-Ÿ°ìã<õð)x]’÷NÝl¼þ§:¬Kãxö–ÅZ‡öÞ9<}>å×‹±6K!aIÑ20¯ÎÞ;ÍfyÝwõ:é¶i¯ƒdéuüÏÿÛüç×ûø¯û¯ÿüïyÿŸÿßÿ£—Z^"'ÞýýYM½{-{r°s…,„!ÅÉÀ|úá<S–=¯C×a1$Ù:ËpýfØVQ§c_ü:²ñ+[øqyôºð±ÏÞëŒ_ññ¾¾õ–­X›´úöÚ±÷:u`Ù½&†‡—yk²ÿˆåíEÞ•-|bY&çzlCf V”š,„ed«ÝAðúÛû-´«µ–ÊRÈBX®áë’V–êÃXž‡¥…°ìIÒÕ³.çX
YKŠ“q=Í•½vŠ}™e)d!,{`sŒXŽ,ë5ûª²² –lásÄÕ·jâÀfï[G–-Y¯C‘ýG,Í×Ñ2ž½Ï–ý,YKŠ—qõ­J^;MMF+Ê3^†=¾&X—‰<<uç9–BÂ’âe(ËØÔ‘Ó¯<Oò<–BÂ²›^ìž~9–$Ž—lásÄu5WöÚ©öû,K!aY}÷ÌÎ²² –dá³.q®Ê^;ª“õŸYÖdäì4Y ËÌ‰ROWó6ž/Û=KEÂò/ƒYR`‹g)d!,»7Ú˜ôŒ¥…°ìî¬K\þµ²×Žã{,çÞ§]mEeîî#{<Ï¿¾~VS÷Y©Ï2Œ±R·–-šahêèðõ:ÄœÏz»Z©«OÙ†ËCúYE½²Ý3_0ÇPÈ®²·Ž]ÓªuÈ¿¶f¥0ß²¿©æëx-u8âÏ,·l%ß²ØzH]9>†²ìÞ­Åœ’íW=¤¥ñ§ý–}¼oµXö@6™ð°²–ãj[•ÝuÔöÑ¯u9\ça)d!,ÉëÜ3÷3Ç’dc-–'CYR@3;&ëûº<fY¬tô[œ³[ù.-OÍyŽ¥°,/ë"l¯£úQ]Y–Á­ÕKn@a©ÈXls{›¥"aIñ2°.Â;ê­_ërö>ÕÚ¿Ž²þýk:ŽïýkÿYE½'HÃã¤"aHq2”¡¯ëµŽn_Ûy•!Éæˆ3ˆÆÐyÅÈ,Ã˜+F,†sçE²†§,‚!ø¢ÏŠ,€aå¸È­tÔrÐÃ4ÄÅl¥ß²ë÷q‘¬tõ±–‡1û‘Å^ßT+ÇÅ¸Y­JV:›ÝÇSÓ0ÒÒ%7§²$YðÙ£ÒÏá9°ýÔ4Ã’d±Ž¡µr|eI	QËcX•ÆÉC…ìáLMg<#)d!$KøªìáLM\~<†KÕÚu8Xe)d!,«Ïer–¥°l-Y’•Î¶™“ÍW–f´Td,ÉJ'©nn–ÊÎç-ûx]Þï|GËÀn¶Ò©ö)r–¥…°¤aÇGßX•¥…°¤hÊ²¶Í>M–Á=¢ekç£ÈBX®ß(†¥…°ìñ2ÅMkU¶Òñdê&Y
YKj·±3u³,…,€%9ô„²ÜÜY×+Kc«ÈXndj®¦¨nXZCöš,„e
^—l¥`)d!,)MÏRÈBXöx™+[l¥ãÙÇN²²–Â¨5†eŒÿ«Å’âe`e‹Ít6³ƒ¹¦á‚¼z½ˆKe)d!,©œ8/,IœQß9^²$3­Ù #Ë–¬î·,ø»óA0šå[Î2¯K6ÓqtÌ²²–=mêpóe)d!,)^No‘Nµ§D¦Y’ìcgf‹eTGÏž±²–/CYö&ÕBÃ3–BÂ’¬Zí\Áþs^Y´í—¶O%û–WIŽ—ùX¶ÓÙí
tÜ@Z½¸(,Y Ë·Î#–ÊºTdëòàxÊ²6õ¤g,…,„%ÝÈlŸIF–v{Ù[ö1Këá)^æcÙNÇ¾´».uè¹vN*!oÙéîžôÝÒVS-uäìÊðö&ZYCŠ“¡çÊY†§,‚!2{¯3ËPÈF3|}¶ŽQY±·ÛgÃ|[{Öe£¿©ü+¯˜cJd‚¥.aÙãcŽÊ¿²b/øÛŽKÛÕ5ënŠR—ž¢¤_é‰R5±ñ}içXÄuºùûcò%ëü˜¤þ†¶ï¿þþ¬¢Þãb,Cã°Ýyòp¥s]oÝ^uYC§‹Ý,ÃSÁ°ÇÅ•;gÅÃóM-¥œ}/†wÎ §ìã3‡ÅðõEH®Þ¬9†§l<Crã	eH¶9›jÃ°YßREÀ0ñ’ž¸X÷áÜh?ü·lô¹‘~%¯G¶Í9ÌsciÇe"Ý|$gÙ¢—¬í§ŒýæÃYKŠQS!¬X~öfßèÓöa]î·Íùº,„å+eWÏK’EæÌéW(NFåYYñx}íðú?ï—eµ_‡…°ìÍ•3Ÿc)d,Ù'GM‰°blöº¼°¼¿ï”ï[³¿.YÆúÇâ)‹¬KÒ¯P¼eÙ[²÷¯¹]ÜÐý«"aI	Q{o–¥…°\Ã×e¿BRÝ><cI²à³Ùç¤j»dÍ²²–/£ê¬x@X’,œeOªòg,…,€%»óD²\9°Ù{ŸËdåyY K¶ÑÙ'÷±«ìYKŠ—9ôÕy¾\õœª\ïË´§,ø|É6:Žú,K!aÙãååDÈŠ¯`)d!,{`S¯>¹²|=ûïá¸4ÇÃËBXöxË’¦æ7vš¥…°ìMMt<c)d,Ùg¬‹Î¶8B×Á¹wµ¶Š,€%Ûè¨ƒ7,‹õUd!,{¼ŒeÙíÔËUž±²–=°5;È’‡ui$ YKŠ—QÎ„¬èÛÇ.iøÂš$IéÎ¿²9}îçH
YIŠ–U’ÂÇ@»ò<GRˆBHö{ùwÿÎ’² ’ìØI’¬u6µÿµïigÿr1{Þ²û—Í×ñÚl®­–,k^ÿ˜%ÅÊ¨V<¾>…1,…,„eo¾qä	ÒÏ>nÀ}Ï[¼ïaÇž5°vYÎ¯Ó,cœ_Í×áËùÌ²²–-k—l®£^ÆñÅ²÷«¯·—=ê²–ÕW#™e)d,Ù³g¬‘°¹ŽZþ»²ìý2Ÿ×‘–ËÞç{dF—ýG,oFføW¶/û²–Š,„e
^—d®³©—q<cI²×¥ÅòØ²ZDÆ’d‘ô+køºôÕ.§YÆÔ.-–t´ý$fY
YKŠ—õ.6×Q[Ÿ¾X.çí†/–wc‰º,„%])/Y6Ï$ìÙSóê›³vùÍ²Þ³Td,7
láßØ·,x]²gO,ËØì¼úú®‹Ðë8.§m¥P… ì9S‡¹ï,J!A¹†/Ë~T§…¡ª”d­ca—åýeñ¿²ÏïÃ³PöhY+$d­³3;‹’T7àY({«#XÎ¢² ”lØS$ì¬ct]PÚ›Ø·,˜%9ëdÇ0ÐKEÂ’‚e`b}—91,c},–4	i—»–Ÿã÷4µ¶Ë´¶ÊRÈBXR´eI§@;é3ËRÈBXöŽGér–¥…°,áë²¶l6L³²–t/ˆm*1ËRÈX/YÎFŸË«ï¤‚RQ <¸Õ®C(_ßþÕ|ø‰õðÑá’uT«G(…*ekŽgQ
YJŠ–¥ËƒÃÚÜÎÇrýƒ ¤”i<J!AIÁ2°BrpT³³ê—`y<P_‡…°¤LlüVÈÆ³LìÞSâ*$iá£½,»óàoó¾‘T«šY“g(¹ì,j7Ä”š,%ËP”Ô‘cgï&Q
UJj^õ¤	æP’,Òs’~…‚e\­+-Þ`9‰R¨BPö¨vØå‘Y”B‚’‚e(Êâk¿«Û¿x‹–š(„$ íPùúëÿ0ÌûíÅ\º,€$ú”¸!½ÄÎ;öeN#ÉtqkP^‹>·1_F÷ð´l¿Ÿ›ãá¿e!$)R†’¤^;£^Ûiçãa)d!,Ý-±s,…,„e•5®f™ÈwÁRÈBXRPó´…Ì±²–=VÖ¸JWzûî˜0Ó,…,„%ùîxÚBæX
Y K¶ó‰dÉ¾;öÅÝß,m "`™½#$–æ¢"aÙãeKÃ¦ÌÍ®tåaÜò¸tª«oC¨BPfŸkÈòSËp1Q
YJ
—¡(W—+å,J¡
AÙ‹‹®¾tvîFS‹&AIÑ2n°+‘ëN+v´\Ö³‰ò02êš*%5®Îµø$Çß¡ d/ŸH”lº“í’å2xRF;¬¦
@Éž;‡§8r¢ìi9óáÿB–­|j\+‘çÎ–«r¥P… ¤ fOÍ¢²”+êl¹ÓÌX™·|~`wk«¨BPö ¶zj#éD¹XXE‚’be(Jª-š¹äsUnöª$Up–w~!uû9ÎÌãfô&i² ”ìãSêl¸c7©_Pšå…·*ø0B~;i·Qîƒ­zÞÿ-AI±2ejvF=×4ä²µ,YKò§3ó=õø)S,…,„%ËÀœ:;î›å+€´sYÇlE‚’ò¥æ¾g¥… ¤`Š’ò¥fO.iDi¾¡
AIÅE³Ò5RÈP²‘O¬ŽãÎ>ÒÈ˜(ª ”l¸cÏ?_Q®ÊQöÿ  ÿÿ¼M’ä°n„¯âTˆåÕ{{ïxa/|ÿ‹¸T—(-€#ä¬'"ÕQßHI`‰²™¥/Êæj†ì$ÊA‚²åèWL£d!(›W®~‡óBáæ¢a72‡rP… ¤j©Ú~žF9ÈBP6¯ôEÙÊ¥b§è‚2&ÔŸãoTa—KÕÒÝ4ËAÀ’S|VÇ–%ÇíèÉ/W–JÍD°ä¸q(ûÊríP*³Z‚*%™¥+ÊvÄCÌ$†r… Œ¶°å¸'®Êx½¤
AIféØ±ä°ýŽài”ƒ,e»­([š#S(I\ïá_”¶ëº¦Qú\×¥ý”{îþVª ”œà³:v,·±^j@µ¥ƒ @ù‰Ú™z+“v‘Œ¤ê^6p€/Jê-Ú\Ûq‘L,Ú  AÙÊ¥¦"ÁQQOZŠ¦$aIféØ}¦¬Cpó4ËAÂ2™‚µ¦Y²–ä–®,)lGßŽô,CÔJê‚,„eë.ŠÇ^ž±d,9Ãgõ;28lÇRñéš–j¾„$`YyÇÒéX%%M’…°$¿tìZVž[5”|&Y²–ÍØÄ›S®èõ»n‹jŸN,c9ÃguluQØŽ±?Ò³T–±Yð”ú'lGÿÆÎ²d!,›_nŽ’OØŽ¡|N>*ËAÂ²í7½|W»uÛ®í.U JŽðÙ«ê¶“ô×2†.V=!ÈPRØNÐ&z”ïÝå~ï–‚*À-wrK_”¶³–åÞ¡TÞÊ,%M®êÍ®I”ƒ*er+“é ô4ÊA‚²ÕLÅ´¾G(UJòJÇþgí}ˆrå AÙ6úé¼Y”ƒª?ÊÈ	>›_Q=RÖŽáîà+ÊûiIÖe\øD¤ïVR… $¯tEÙLMœô>£\ÃQTÚ˜º$AÙ¶€bGàZ%¨ý}ä÷UuIÂ’ÌÒ¯ª9lG<þŒå aI%SËOÝ:–Ic9ÈBX’[º²lÓ8«¾³œe9ÈBX¶= xoÊ3–ƒ,€%§øx²äÀ¤wHÒÒ9Ø”´$`Æ;B,‹Æò#‹½¯"rŽÏæ×!‰¸S’Y–ƒ,„åÛØ€å aI~éwB/ràŽe©¯¾˜©,cYK³_æþ^Neí#ÈBX’_úuHb0^>rey_¾û‘ÅÖ|"î:$³,Y KÎññdI;µXn3,?²`–¸õSÐg–QÛ_
²–Áù½¤Ä*Îî_ü²žfØ”o¬ aÙ{˜œ4Ê•»%YËäþ^ý2–Ž¥6éó#®D.›ZÞË9–$‹í‘DNòÙüºÐ‘2wª~}pÜŽqÄ|JÝŒAôHj?F³5ýî‘Fr›!9ÈHrOõëAGŽÜ1ÒëH.Ú’^¤À þé×¡Øcš W¥ý‘çFÎññ%I!z-vŽ$‰>®h$[ÉÔ*:Kr…lNYýÚ–‘wªž“÷|DÞ¥M_“d!,›¥™FÕçX²–Í)«_ß2râŽa7²ƒˆUÛš}DïE4’¥-4õþHû\v½.õ¿á pJŽñ©ŽuXÜÑka[»¶¥–®%ÉÖ¯¸c¨÷”.‰2­! ÈÞJÎññeISµ¦>Í’dÁûJ
Ü‰†¾e9FÍbÕê‚*er-©¿èÿZ²”ÍÕ%‚¥:§þ£
®ÜqŒOuìŽd«W¾?L›}+ÈÜ2óeÍzv}å}†%É‚÷•œããÉ²pì¹a^ëÌRYù² –œ¸#Î^W>[èàQýã¯²–Áù½äÈÕpæ ëŽ´½†ös²–Og9?’Žoì®ÿñƒ,„%Ù¥ß¹®XŒ{ËôZãí™ÚdvI™;Éå3Ër…°$¿teÙÆqªáZËI–$‹=)sÇV'ý4ÒÚdËXŽòñd¹rBánöŽe97þòøs²Ä2k?ÇÛüªåôÃ7­! ÈÞKÎòñeÙ¶†$µ¾úŸCYÇ
² ¿¤ÔË5Ÿ.,YKòKÇ®¥5Ì'}Råù½§ŸC|/}Â|´÷²ãdKú¸J&¯Ú:V…°$¿teIã8úO³,YK:íaÊ™b9ÈXrœ'ËÇqôHz–ëù‰ÀR°¤à˜Mù_–eÕÖ±‚,„eóËÝ±s¹;—)vÓêï5~?²I?Ç!û?ÿúçþ×å÷øïþ÷ýëß>ÿòÿûô£æ÷ÚñÀûïcuŠrµL„”Ø1¼Ï‘d!›OîŽ=KÜYõ[-—å(eZ²3×+ÃöXI½µ/ô:ÏþŠßµN):ÃAÂ°ù£/ÃlšNŸfxÈ"¶Ÿ¡¾3Ëp0äÜžÝ±ßÌ;ú9Ù+Ceó‘ï#+‡·Î½ïÿ\ÊÞC…°$_teÙlÓßÇºõêùj.‘å aIÇ -yZs,I¼äÜžÝñ¤lå1U}ù~Ïú5Ž²^d!,›¡Õ¹o¬…å aI>éØá€±DòŒå aÙ6|›ÿ7v°äàO–œ°SõIæZ»ÅC½')ˆHrÀÎ¦W]·÷ßò%™OË5¤ !œßJØ1$„Ì‘D!$iPU¯íÌ’d!$“û;I¦¦“Ü»S²å\êY²–ÍÔS“}2«	!‚,„%y¥c/„vªáòÃY–´§|ÜoÖX¶M á¬È,ËAÖŸeâàžÝïÄsZxøÆ0;°,×xúL,%Y–‰#vL}­¾­µÞ¢”T!(É,]Q6_çŒ²ìÇxÖš»”d!()ë\ï/æ÷›r¾HüãÙ?b©ýñÉýµ¤^¢ÞÖªÝÁÊµ(£?²Ø2Aâ„ñžãëH=X.JC’…°$»ôkk%JØÙÄTÕá½3ïå aI½DË”gX² –Ü³û’Mœ°£ßÆ~f™5»d,9agWGÞ,—oÎt	ÚDAÂ’üÒ•%›Þ¢|3¿ãY«ú_û#‹-ß¥ÀÆæÏr…°|ûe^üÚÍ‰vôÑôi–ƒ,„e›3ßÕ¢Ï4ËAÂòí—yñkY&JØÙÅ[;.,ÓÑîZm)(ÈBX¶} ^ö™f9ÈXRp+KNØÑÃ^Î,“R*d,)a'˜.[ëXF¥ï*ÉBXç÷’v,ïe9­c³ös²–¶8‚Óõ1o–›öÇûÄh<ù¥_:Å‰##S,}ŽŒ¨?GË0iM±d!,É/ýÚÐ‰2v¶ÕpÌ k]®çÒÉ8âs’ñI×ŸöXAÝŸ>ËÐ'?ýžabŸô;ñœ8]g×ÇBn
?‡ x?é:sWsé,YKòI¿VWâ|K ¯¨?Æ 
!I' ç.Ì³d!$É%ý]‰Òu6±Wôì­d!,é-Ë€ÏËAÂ’\Ò±¢Îù:úç´ìÝåùœ©à’½ìŒK–avaSb;3ö™b8ÈfvIÇJz6\*ÕWAð>r®Ž)ÿ`™«2Ô,Éº•™]Ò±úšybUïp-ëqéáeàNxs7ûì}|?VP7Ì2üÁ)³?º2¤íž¾óˆ©X´G/ûìÏû±’úöJÑŸá aØ|18VÎ9IGœ:ÍÇ§(DN²3—+ÃöXAòææÖ©†ƒ,€!óäàX™û$èè“µâQ«9‚,À9A'Î]¸^­b.ÈÖ8Ì“ƒceŽtª¡0Ë’dGjk?GK¨skËAÂ²ù£/KjêßÖ-wS<A›âaY5Cã1Ëd»o–å a™ÝßK24}­3Ër…°lÆ¶Lî#,Y Ë•ýÒ±b¾òYý{b¹hÛjAÀråñTKØ}Ç2h›`AÂ’üÒ±r¾raTïJnénAÕÚÏ1ÈBX¶ŸØR}Ær…°$¿t¬·~tôoléB–JÕjt½ìÌ^$^÷"í±’úf™œf8ÈB’Oº2$C3L¡O2<dË|]ÇÂp0ÜØkåoüôojÏpÓîS‘dýÃÎ'æL~S«–8ü#®³nì®,© ªO¹Î²d!,›‘–ƒ,„%ù£cÿƒ“sªÿ{9ÈBXR‚ùÜÄ‡…e“MØ£ÍicŸteÙMÌ_xÆr…°ü¿´°ôñËû?¾²_:²ä$C¨KÏrUû’‚,`ÂI:in?ùþxB(ÉBX’_:ö´8I§¦w&YÒ©pÍ®þÉüŽ…¥ÏüŽÆ’üÒ•%›¾‰Ý¥[ë9€YØ‹ô²Ïú“oI½5.æjuÛ¹Ð8†hÿÈ>þ¶Þ†h'
æÉÑ±?É	:bõ3†‡,‚a32ý¤]86ÁZ°«$x)'GÇÚù';ÇÒÛ1ÌUÉB‘dkÎÎYõþdíBí£v‘$x)’Ç™¥1Àn–¥O€ÆÒ`7Ër…°lþkç;Ú^gY’,ö˜ö”í•×ßÍ²d!,É']YçxfY²–tÓ²ÿ7–dŸš¼e™öK¿™Ós{µ»ÿ®l§qÍs’Yó„ëš§=VRoÇ5,óáHã)JAãG’•öI¿>H¦Øœj˜UžexÈ"¶¤òbÙ{Ì1d!É]Úö9ÄÓéå 1ü£ýãR/é±’z»1ÀÒœcH²Ø@^Øýú™cr YC*„ú¿‡ƒ,€a`?ô«¯fŠÇ©úÚ¦ý˜Ç¼Î¦ÄÿÈªËƒg5¹Lñ8É4ßÚ±¬KAÂ’|Ñ¯&—)§.úžc§“ç÷óæ'Ù™÷q¿úb{¬ ­ós!wï“%YCòEW†mƒt†kvç|ÆUdxÈ>]Ûgwràƒ‹¦õi6o$YÃæ‹É¯®š˜!™¥v!®†‡ì³Ô€:žÝÉƒcšµZŽ˜§ KY CN×I~ç>ò'ÇpV`9%%ÝõJ² _ŒÆýb›ÕüA\O‘]«øÇ_eÿˆåªüñÍ“_]5Gn?—‰™dIÂòmd%[R¯â±Ù­ÚÇ¤—5~LÂºÄ¸xÿñ}¬ Þ|Ñ—a2¦]mÝùä¬¤]ýÈbÏdŽ¿‰–`ìµ¿yøþ	Iòm%ô;#9þf7¤êô,£þmd!,ÛFO;¸²¬a†å `Éé:É¯6žï¾nÇ·5×S-Nø9YÿÚx¦œhÈ€x³üÐÍY[ó|d±³V™Óu|YÒFÏÚºœXª?Ç aÙ…âa•ßY–E{/YKòKÇújbcÓ÷‘³,IÛÌ„“ßØ½[¿^X
!ÈúŸÈœ¯“kt„c˜Mže9ÈBX6c+–ÝËAÀ’sv’c}‡qv}z–IóKAÀ’qVË<ëÁ2gå‚Iðåœ_–F¿kÇ2+£Ú’,„e+šf¯Öï\@ÚµŠ aÙü2;Ö{(gƒÂŸ±d!,é@£å­£FÔú« aÙüÒ—e¾^ðkþÕÚ}cÕŸc…°¤‚©~–g–å `Éù;ž,9(G¯Ä=¾zË¹÷ý‘ÅÎ^eÊYõ³<'–»fö‚,„ep~/LÕšz¬]Æ zo£$ai»¤±ìýR1AÂ’üÒ±†Wx#¨®}¦Y²–Étû@Ùº¹”•Œ3IÂ’üÒ±îCA9†Úú4ËAÂ’nRÖ/ƒ]ß‹ÿ/Ë¨Õ}>²à÷’ów<YrPŽ8sÃ2i[4AÀòý”õµ‹·eíÞKå?¢ aI~é8«¼çyN,uËd!,)@Ÿ	™e9ÈBX’_:Öc)(§êsçñýqßgX²–4 jaY¶Ž¥2£õ‘ï/9‡';Î½®llú:v–å aÙ6‚†>ÉÚÕ×>‚,€%çñdÇÚ:çˆ¥“ßYæ ù¥ `IÁ9!è{’÷7öx/U³ÿÈ‚÷—œÇ“ë±àPë>Ó,YK*œêµõY–ƒ,„eóËâ8CIÁ9UŒôÆr…°L¦Û`§Y²–Í/‹cÝ‡‚sjÒ×±³,YK
Ðçbß,×–ƒ,€%çñÇ9<
ÎÙ}Ù³T“þÈ>fyœ”‚s¢í½œ`)ÈBX6¿,Ž5<
Î©qnícaI²÷$KºÒ²'YŽul<Í8‹,YKòKÇºOµúåRŽžWÌJ´$aI=ôþe9Î¼$-òLR… $»t,ûP~NO
?C9ÈBP¶}`ÐKë“(éöðT§óÇªÅèÔ W
–îI,§â´€R Üw4¿¿°ßÎk*Za]P… $³t,úì\5Õ7—³(ƒK“DCI®¦ûL¢$ÕÇ JòJÇš‡è};‹r… $W³¬a§Pª”ä•Ž%ŸL-êmèY”ƒ,e¹¾?.(U”…“yQŠÐ©âåqg”©vÝ®¤$J²þU‚ÂQ:bÆpúàˆˆÚ”Ýˆ$a|_ËÂQ:bÐæ¥sÙŸ

úÏ1ÈBX6[«¦SAS,YËæ–«_%¶,¼ôg™þÊ{ÙZŒUßYn¯õH&ÐFA%YËf—«_%¶P´În˜ÚZó‘L´“$’,„eÛŠñ˜W–é:ËAÀ’“{<YrÄŽxxñÂ²¾v;KAÀ’"v,Õ»úZŽolÖ>*Yð{ÉÉ=¾,›±éu‚Ò«?ˆz_˜–d!,ÉØ,7•Ø÷ã~û#/É/ý:$åµ£Ÿ
zÿW];–÷ë’,„e²ÞðÓŸ4Ün·S?ªØà×ÂA>¾(Û‰ñ>Àg(YÊ¶\,—Â,}(ÓýÖX’°ä@ŸÕ¯ÙU¢µ»÷/‹2Ã&ÉXròŽ¡RÐ³,ÚÍÅ?²ØÑ…}|YÓ{ùfÙ‘TÖ‚(„ds5qÖ~¸¾àûß°,ú?ÈÌ’c}V¿^Wáü¨†Ì‘D!$[É´êƒ!³$I;HY8ÔÇ—$MãèÛ‘9’ƒ(„$Ýµl)löI@’#}V¿¦eIÖåIA@2q½ÔòN>zéN…$Ÿt%IõR½g9G’D±#”%Ù}rÛ~Ù‰ˆüßðIŽóYýºÏ…swÜßI—`§ÔYÂ	æH²’ä“®$>)ˆBHGaO$_×¿0
[8Êgulre¶4}Œà w­TòÅÂ–l÷É%tÿ•Ú± !I>éJÒv¡È$ÉABòmhÉ-ÚUy$IN²ùäæØ¬ÌliÞ$QÉfh†!Øíµï3$YÉæ“›cí5óŽ7É|x‡$C³4DÂ±ŸÜµnŽ  É>ž$)kgoÍ9WÑKè®OS+¯‚,`ÍCY;ÉpÄòÄRmT
²–Í)7ÇÊ+gíÃÎéÕÛò_[…°Œ¦:Ïºt×†åz”“ª=I=¬yLR‚Ô÷l~EJ1î$Sé.mÒmF…¤â¨…àqùï¥Õ,Ø‚ èiqpÏæXså„}µ3Í’d±‡×'ìˆ©¶ÏX² –ÜãÉrå9U=¿gYÎB‹ï#ûøËzßâ[é¤8ópe¹—r—Ó§Uþã¯Ó€þ$÷lŽuWJØÙ-ßØnnàýsÜ_Py’¹ (^/ jÔß>–õŠë4C’}ümÕ’Oº2l†&Þ»òŒá!‹`Ø6{âéìgYCòGÇZëjöÇtœ°¸|SE†‡ì3†i¼¯p’Ža{Ø®1d9 Ç“!'éè¡¡g†U¹øG’ø"%é‚³Î,ƒrÓ$aI¾èwð®l»Ç)–>»Gíçh­Cý²ÑuéBCßï\Òþx’}|ÄGûãÉkæœ¤£gY®úíAÂ’ÎoX.UÊû;)$UJ²IW”ÍÏº¸w…‘tªq‰?É>ÎÍÒ~ªŠZJS(U JŽçñDY¹}¨»å	¥v³$@É9:bÞé0|¾u+å+ÈBX6·¬Ž½,ÎÑ“‡«ÕjÇr¿_½ö²3«×|]½¶Ç
ê­ô¹Y†$›KVÇƒ=œŸ£Ï¤”Oï£Êð}vpŠÎœc˜óØ_%v»H•á aØì±:ö¯(8gÏúJ'•î:gÃCöÃ2^ç\(1'é¹ö®Ý{¨œd9ˆÇ“!%æì–÷0ußRuç!È|qç|9Ójõª´nZE@…°$_tì`qdÎ¦ï"—ýÕ†Q>O,[á,›‘å¹«×¢m›YKòGW–¶]dÜû#ÊàýGÜM¦Èœh¸Üg?6ë¢Õ‡?ªy®›œò~é&·§
âÙý]l{<qhé	¿AÂ¯D«e¥º|Ï\¯éd	"ÀCv`¹ŽÐcOêqù÷…cwªSßñ£h»˜ #XïN¸þ"êLðó”í•õ<uß¾xc¿È:Kù)ä‹N•òbÛØéeœ~¾e]O3sâÏ1È:û"?¥˜kÖ¾ ¥cyÓþîdá,É*åÅle™gX²–äaz×#¼Ö/Ëm¹;ññ‹¬óÌ?…<Ò©&÷Q|¿@âòýÄ2¯ñ`¹å;—üEò%;Ó';fY² –ºãÉ’ÓqªºÌÇF[º›díDÁ$)'‰[à'$YÉæ–»Suõ£¸¿öMýÂ–¼SÉ[½K*þEÂ²ÕD5Ûcšå aÙÜÒ—e2½•kªÇ¶Få aÙl­ès³,YËæ–»SÅü£ØbÊÕ™5‡c_]ÃÝLk'ÜSòSZyTŒ³xÆr°äÌÝ©êúQ4­bÏ,«æ—‚,€%…ãD±•zÃòö"î_d!,É/]Y6cÓóÏ§Y²–mhè/½«çAÀ$ýñƒ¬ó¬9?%¹¿—dljÕn]ÂÑyûåÍ)ž_d!,ßÆ–Vý;Ër…°$¿t:‘õQlåµ~7Ír…°,m8\ß“Ì²d,9yÇ“%‡äèó‘eìÖ>Ê7V°¤œ(Ø½aiùã¯² ¿äìÝ©3òQ4½—¥vçm?UÖ…ÿÚ,»/™à§4c3¬}fY’,¸êÃé;¾,Û¸†ulÜ[ÞßXå3%ÈBX¶±ýF¦i–My%?…üÒ±ßÅQ9«z6kš%É>ÎRÒXÒ=XþßØAÀ’xv§3ZÅl™<³TAà—™mrOr{¯Â/²–ä—ŽÝËO\ŽzýË4ËAÂ’ŒM¯áÍ²d!,É/»—˜St–ëzÚ“(5<AÂ’;ú³d!,É/]YRáTí^®{×‰®çèiÁ/Y€_f¾Rï^Î²d,9‰Ç“%Eæ¾±[,Iå­Do%æl“oårwÉÄ/²’ä–Ž}hÌ1t¼öµ«¨UAÂ²yLúÜÖ,ËAÂ’ÜÒ•%ÙšÎríXn·÷§ü"aÙlm÷/I¼#¡Dž²8v/9:Ç°#É¥c¹j«XAÂ²Ùà½d,)‘§,Ž]’ÕÜ½ìYnš_
² –ŸèœÉ.É®­|>²ÀÜ:~Jhï¥ce}5ÎÆ®ïÅ_šaé3«ý²»4°ü»KJæ)‹c5vµNûÌ²üÓ>¥#žµÆ’dá,É/]Y’±©çÕ·÷¡ŸÂSÖ±‚,„%†œôKËAÀrc¿td¹±±©•‚I–‚,€åfM°»°TÂ²–ä—Ž]’Mï’ìµc¹ê,YË^nXû¼÷ºßQ¥=h-A0U°±_:VÖ9RGáÆr…°lc9z¾ý4K’}ü^j,É/+x”©³‰e°ËÚ§ŸZ/úgj…°l¡:YïDÏ²d,+û¥#KÕ¼Ý°¼½›üY Ëjö9±\´Jý+ÝËÊ~éXÃãPª®c×»Óàë]ÒäUÖžökV=VP.ùðaˆ¾;„ŸB>éÊÐzŠ$ïãZu†‡ìÃkZ(=VRo	ø¿‡ƒ,„aóÇàx¨òÆOŸl.]þÙvþ9‹©NÓ°šÅÛ”ú,ËAÀ’2{Jp¬¿îÖéž–ÂÏ!Èü‘ÃuSê–JÛü#û¸þzÿ‘2{œY’‘éS³,YKÚø©ßØm™9hB@6“Ž…tÎÖ±}`SR)¾
²ÍÕË$EžUg9ÈBX’Yº²4™eù7ŽŽpÎNÔCfY²þ,ÃÂféW|mŠ×–’¬?Ëö”vVY/¤_XÞÒ%Yÿ…OXØ,ýŠ¯a±šeŒ¯>×è&ùYÿð—À‰;†ãì³,YKòKW–©¼15þËAÂ2ó1.,I;DöKW–-±Uì+\Žç}ÇAÖ¢D2I¢’ÍÖ6K}Žä  Ø-ýŽ„À·èoeGrÓH
¢ ’”·&½rÊ„Ù,œ$y¥_s+„ñ<¤IŸC–IÛ¶rš¤ÏÎR#INé×	ÁJðfÙ•Ð·»<Î«ìLùµ\Ê¯ôXI}3Å£Í2$Yðj'°Cº2Ì¦‹ÔË^‘Éu½‹Jïd¾+¨·y›2·“´0d#{£_$PºÎ.N5]Æc'©FOJ²€o*§ëˆÙà·,•uŽ aIîèÊ2˜â™K-¯Ò±¼¹¦“^¸ÅO¡Ló¹¤…å aÙü1úµ¶§ëìz0Ú²üñ>íX’…°l%Rñ6Íg,Iþm>éË’M˜e9ÈBXR‰tz¢²$Yð„B{JôkmN×™|/· œšù‘ÅvDBâôÖÉ=HQ’3%YËæ—¾,©DjðËÔ­_ëÝM+,Ø/)]'Ž‰Ì²$Y8KòK¿îV tªJ–ÏÚõç{sÒ/²–”Þª£Í²d!,É/»[œ®SÕQÉi–ƒ,„e36ÓØëË&‹f™Ù/YrºNÑƒ·ûNe©§ý¥P#èegjÛµFÐ+©Û®91Ô²~dÁkžÌ>éØ	¡TK`–á!‹`ØŒL<ÓòŒ!É‚»Ì™ýÑ•!FuœexÈ"&ëØùÃ„;™}Ñ±E):ûâÿ-ÍßPfC2.Ë˜ëÃAÀ°°:2¤üœ}Ñ÷=Ã¬Nî²€ý#åçL÷?T–‚,„%ù¢c7’òsv1ÿÿÌrë.ÌI¹êG’…°lFfcže9ÈBX’?º²¤Â¨þme9ÈBXÒFÏ{­ó‘¯u8–':ö%‹ñXÈ4ËAÂ²›˜‘ðŒå `É±<Ñ±§µ²±Â˜¿ãø%h:AP	 ôœ$Þ$~3…U´Ê¹ !InéJ’îþÐcBC‘sÐ¦zÙ™Õëõbuz¬ Nw~Ìí@,YÃäþ66;[Ýžáyõ*2$Ùé‰áàë"3lÙå†iÈúÊÇÉkí º$8;À!<É±Ii9»˜ûöŒá!‹`ØÆk}…Sß?Ö—¡–ã.ÉrøNrìvPJŽaç±Æõ˜ôh¡÷Ÿ%A°Â¡”œl83pÃRþã›,ø›Êá;É±B¾YÃfY’,xç±YCfYþ…PÀá;É±ÊJ)9ûb˜ô¨GzÖÂê$YKºqY_¯Î²d!,É'+uÕÐ+æ[íÞË¬b–d!,›±‰-Ôg,Y KßIŽÕÊã¨s,Óª)I² –”’“g@æX
²–ä—ŽÕNÉo8zÆ²É>?c§ý-µ|·ìE–k>¥@	‹ï^Ö¸øeOµxÿñ}¬ N>é¸¤”ÄûH²§[5†É6u¾½ö2Ãðµ3Ì9_¶Ç
êÍ³ã>’RrLÝrì#SÑüQ…0¤ŸþÎ2<dýrèNö°;˜>iÕ3Ô»‘‚,€!§ãTÝo
ÅaAö|ñ¾8Ì¡;Ùqšuçq=`0t×‰fõ}d!,[AÔPß™eI²p–Í³c}‡rö¨gµÌ²d!,) G¯	Ì²d!,É']Y’¡ù³d!,›¡‰wH=c9Èú³Œœ»ãÈ2R@Î.ÝÿÎòýÎÝw–%Y–‘r’¸`3³”ÿø«¬ÿ>’ŠÞ,ƒ©¾³.åÈjIIy/d±{H9É0‰U_ÛÁò|‹Ô¸~=ÉNì#×4î#·aý9o'ûÕÎ›¢i9Íp…04úä,ÃCÁüÑ¯Î9ÇÒSžd8ÈBÒí–zNÇð|TEdH² †œ°“ýê«M±¼KO¹g¸i?²Ø¾G¤0œ,†vóß?>žO¸Ž½eIÖ¿·9cÇ—eøƒ÷ÑÀr…°l>1 èËAÂ’üÑ¯V7õüÖ°týÈ¤œV–d!,©qh9I·cœU™½’dëUNÛñeI>½·üñF3ËAÂ²šá²ÉýU–›¶÷d,9uÇ“å'G¯	œXj5IÀ’âq’Xú„¥ aI~é×ËŠÑºœe9ÈBX¶ŸéäùËAÂ²ùeñë‡ÄÈ?}Ú|–å a™lýY–ƒ,„eóK_–4ª÷C–..kÁ5’,„%HýßËAÀ’Sw<Y&LÕßËËûIÀ2qCÑ’Ôr°,E9Ä"ÉjèœºãËÒè—±»-gåßðKŽÇozÆr…°ôöKŠÇÙ“!ï|’å aÙŒm÷/YKo¿L\0Õ÷$³,YK26–ƒ,€%§îÇÞÅãìúåÌkî.M/çù:áçdýÏMFŽÉIsûK¥ aI~éØãâ˜ñZ†g,I›†3N½ßKAÂ’üÒ•%àèkŸY–ƒ,„%Ýi©ÇÎ±d!,É/û–›ôµÏ,Ë¿pCHäøÃYŸY–ƒ,€%§òx²äøœ¬×Ö/,ï/ƒ=É>º¶=VRoSKRÄCAÂ08¿›#¾]îDëz]eWÎ5Ÿdg†+ÃöXAýmd9ù3d!“û{H…Rý=,åØƒX²Ï–ñRæÈ19btÐ3†cÉé;Åq~€cr²î‹%tù»r³ËIöÃ0æDŽÇ1ÌŸÏ2,øùóÈ©;Å±?É9–÷°g¨%ÖÿÈbswâjOoa)ÈBX’/º²¦ÔÈi–ƒ,„eÛèMö´,,YKòGÇ^óÊFf¨t}²*	 ?²Ï×8Y¸q)®Ü@ô®™²ÿ  ÿÿ¼M’ä°­„¯âTHü)¯ìÏ{‡Ã^øþ±T·¨"Z GÈ^ODVM}-%	€IÃæ›ß¹ÉðÊÑk µvéæZÖEv‚a­ŸÛÇ
êtðß»&'ÈrþŽ'ÃwPŽ^+ï–E9¿,Éjå…¯·òÞû²–«óóX¸q¨¿SgY²–úª aÝŸË$7ùnµ°d!,) ÀÛ'YKòIÇ~$åTýLAY—s«å"IÂ2·@ïý¤ `Éù;ž,ë¸ñûá¹Ü.·f)ç&Y KÊ‹ÃOX¾e±ç™çïlŽ½åjL=ßŽ÷êasÍ8ŸÔsíç Ÿ÷ÚG…°$¿teIÆ¦ŸÛše9ÈBX¶ VSÝ5œÅâõ2à)l¤zÙ‰³wëòyö®}¬ žÜŸG:À¡Ÿ×êk[Ôê;‚,„!æò•»!WÅáMÀ+‡ñlŽÃœšc¦»€\•¬I rçéÃp€$k&ð´2'ñø‚lV¦ßy6r…€Æ“Z3 I{ù@àžÍ/Î5P^NÝ&_­ƒ,dó1KÉnä 	IéØ“Ü­g'gAúœÔ@6?Û_­‡f_Ó9€gókfENÊo×@žëw-H’õ9)'Šßß¼*GË$MHòHWÍÌWÇSx.Þ7eÕ*ÉB@6?£ö€$Mì1»È<›_K2rVNÔ;7 Ç]ØEv¦%¹|¶³ÚÇJêmÆmâ•j8hB 6o,~5óÈA9Y_äÌ<e ›'fCMnà 	 Èá;ž W6/C(]ºxÜCH²þÅÕH)9ÑRÄ±ƒ|k>î^iß¼ybñ«’GŽÈÑï°ß–å‡¥øc¢ŒÍ½Ä¡¿MÆæˆ¾£íyœÃH¢Øø¤HÙ8Qüê0šŒä‹~yÊ‘ƒq’žo¾ÅnßuŸð%ŠMˆ‹ö‰Ž#i‚Ý‘£vŠ_y<cU5ÇýŒ3{ó¸ù9Þ²ØñŽøŒ¿¾NM¯xÆ™ÅË<Ãg&ÉúÇ™EŽÚñeÙ¼L,2_X¦}í®¨J\½$a9lð|Xúì5–Ñý¹Œ¦+ì¦Y’,ø¬W€Ì²d!,É*ý‘2qªÞð˜fI²à¥k`cÓGfY² –µSüzM1¿Øä;V»zË®ØHùì¢¾™c)ÈBX’_úµ="gâˆç+ËÚÅ™ÅU[Ä
²–tG²÷;V…°$¿teIÆ¦ŽêL³d!,ÛP<›ûŒå aI~éX3çLýÊ×i–ƒ,„%eâø?—Ù%ëž%Gíx²äLœ¤–Ï¯,ƒV}}Ëb#–#gâ®‘èY®Û¥V °d!,›_VÇJz26%óû'øZÇª,I;¦ÓŸø¥…åoø%Gíø²´EÓM³ü…hº˜x#¨EÎ²d!,›_VÇR,gâˆ7Æ?c9ÈBX¶ ¡U9Ër°ä¨êX÷áLqùpÃ2jýAÀ’³qÄBÇÏ,—ËwP¾UwH4”d—ŽeŽÆÑ‡±¦Q²”­nºÏ½b(UJrKW”±•gt”¹v]íàä[|©vÌ<y£OºN¢T!(É,ý2”Å|üßô¡åi”$ÞP`NžÜ\PæÏÕ% %ÇðTÇšÏFEÓM­ù\QjW¾H² ””—“WlO¡T!(É+ç]7ëÖråol-7ë¼ë$ÊA‚’¼Ò%m'½Ò€r… ŒóÊA‚²yåîX$àÐœ¬£Üú»™£Vˆd!(éœ£î•ùU¾ÏB„åÒuYÒÝ“`–œÉãÉ’Ãs²~.=ÄóhÈñUîY
² –…GVu³œcYÆéZËÕù¹äðœÝŸå aIá«º[Î²$Yð gòìŽÅ;
ÏÙ‹Ø½žãé)iÃ!oYp³‹Âs¢XE~Ær…°$¿teiœ‰e9ÈBX§bgYúÆÞ³äLO–ž#þOX
² –ž³éƒês,ß²àògòìŽå»:n}XþÆî²rÍTÀ›e9ÈBX’_º²Nzø°ü$žÿçr…°LîÏ%mõ&t>oß^´“‚(„$í.½Ýò-vKçÙÇb9EG¼Œü'’q×ê,ªF3>$ùŽæñ^Ã
²’ä•ŽýŽÑ)ºW®Û™y7­?"ÈBXR’ŽwÍgw:j©±$¯teM÷ö´á»“eÔÞ°‚,„%]ðá]'d!,É+Ëê¦Sõ7ì4ËAÂ²mggY²þ,Çôì~C±‰ótŠþ\DßkØ°)?Ç—ìãw¬úsßÊÓ3ÅòK[¿K”Ô³-~µØCñø¿-ú=ê)­g»ë`™µŸc…°<Œ-‹—M_Y®ÇŠú{øNV—d!,¿Ü¿h‚¦h;Ü5Ë2ºîR[hÏ,KŸÜíË§âÍ²[ÑÍ²d!,›±îøeI²ØµO¢W–”µSÅ+9nYn÷?‡ `Iq;–µÏË·,¶›VöK¿çÄ;âÕªËu†å aÙšŒâÅW–áðîŽ¥²öd!,É/]Y¶`5­}¦X²–ÍØŠþŽe9ÈBX’_úUðGïlzàDš"™>/…¤³ú¬ú,ÉA@2°[úU}gïV>±tOe½Ü&"ü‚,€e°¥_X&mÙ&ÈBX’[ú8'ÎÞ1T}R:ã&Â®ÿƒ,„¥±;Ëòª±)°[úUðgïlzÌ,ËAÂòx[$ñÊÛg,I;—»¥+Ë„y.YKaÕ'
fY² –é³­Ž<ÎÞÑ§C&Y¾eŸUŽö y¿cYËæ—«c¥€³w6SÇë»²~¼?ûuìØ%‘dý»$)büR…°l~éË2~¶3~ˆÚZÎÓ1+·â}Ébµ§wöŽ~z–eüìƒ°LîÏe36ýXû4KŠôÁNˆ$ÎÞ<—ƒ,€eb¿ô›ŒmŠ­Kbˆ¦ìYeïK›–8{Çý¹d!,É/]Y6c›FÏX²–ÍØSÎ³,YKòK¿iÊÄÙ;bÂÑ3–ƒ,„¥1/¾â÷—–¿—û¥+ËÖfÔOxåþÒŠ´hëXAÂ²›xæËAÀ2³_:VÖ3g»r`z–ÚeoYpxHâðÃÀ=Ë”›/Yìm@)³_º²$c›|.,YËflâàg,I{ÇZÊì—®,iÚÇ0éœÏºÏ{"ïöçd!,#æ¹d!,É/{^¿c8á5Ë’dÁµ‚Ì7Xê{’Y–ƒ,€åÆ~éÈr£FcÕOxõ,ÿêý¤³$`¹qX^+˜c)ÈBX’_:ö/9€GLê|Ær…°lc9«e®`ÿ;‹»¶¡d!,É/{^[T'·¦Y’,xI<IÌHý|.—>öM1AÂ’üÒ•%ÕcýY²–ùsÁéÃr°,ì—Ž§I8‚g×OÑ.]LÖ®$ù’ïIŠõ4Ièü2nKAÂ²ùepìE«_Î²ü¿¤žõ3Ñ³,YËæ—¾,iŒUÏ4œe9ÈBXO“Ì²l²ûãÙ-íË7¿ŽýKŽào‚xÆr…°<¾I2øåú*çñ|íè¨$`IÉ>[pìyqOÕãò{–©*'Ü%Y Ë:†¡{°|Ë‚÷$•ýÒ±OÂ<ëÜÚÇÂ’dÁkŠà	¢A|²Œý]rê—d!,É/]YÚû—gÌ¦¤J²–tìCOY_ë9x¶j~)ÈBX&÷ç²NƒivkŠå aI…SË¥t,Õçr°ÜÙ/û$;æL²T·Û‚,€%ÇðˆƒÚÃ;öìE_vB/Zô¢wöKÇz,Çðˆar³ÎýulY{.YËÖh,êÚ'ï¯ôýåÃ¦lzË‚Ïyíì—Ž5¼cô«õfY²–­pª­,·Ø±,ËAÂ’üÒ•e2Í|²T,G…°¤Áµy°,¹{Ç®ËAÖŸe^Ø/ýê±M±=@º_Æz&5…¨\" ÉúŸ'ÉÃc¸¾ô`ùýw¸n†ïþ©
AIvéŠ²¥ðˆ)ÃQÚï•`Êåt’,eó5}Dä@ù½5^“r¤ûKŽ²¹eô«Æ6Å¶Ô³
fQ²”TU+ëÊxN:gý±$YlÚh^È-£_56/<–ãÏr…°¤m Z½²Ô¦c¿d±ùi™³}<Y®ÜfT«±W–IYJ² –«qÚ'×W^í,YvÃ®b3gûD¿<˜C1Øª>³,YË6–³¨Ó>ËØ§ˆ¨,YKòKW–ÍØÄ¨òg,IöñîRý9Ê+v—õµ¥î¹¼O„‘d!,“ûsië^N³$Yø;6›î:üò¬Æ®»¶öyË‚ý’Ó}¢_5¶)~“4°¬JAS’°V¿Ü_áò[”
ž$aI~éÊ’öj÷ršå aIÇ$-UŸõ\ûTí+ÈBX’_úUÖ3ÇðˆQºÏX²–ÍØÄ@êO¿<'–ŠA¼eá,É/]Y’±é]’Y–ÉåT´ösP¬€Þ%™e9ÈXrºOô«¬çø'~«Ò%‘dý+ë9òFÐRÂ©[û(5¼øÝËÌé>¾,ÿÀ/-,}üRcÙ6‚†.É±'ÉËû`IÂ’üÒ±´©ÍüY²–tá–^­¯uïÞ±J­à-®Çrº/ËV8¼cYËfl†Úúñ}C÷\*f/ÈXrºOrì“pÏª¶¼âÞ“¼/•D$)„ÇpÆ+—ŽdØ•>´$!ÙÜÒ—$]!¢Î‡ë‹³xì6î¢~Ébg}râC’z¯¼jù¯¬bß²Ø‘ÌÙ>É±K’ÈÖô›…E]7’”ó’,„eÊ	úî²t·7dý±T!(›Y&¿ã‡"¹šá±œD9ÈBP¶ªiÒxW”J-–UÕ+;¢ädŸäXW'û¨5Ÿ+Ê¬½aß²`”ÁcèC—W>Y&mÝ#ÈBX’[º²l#¬A_÷Ì²d!,Û‘]ï]Î²d!,É-ëêïuo·årWâ}zš$aI‘þ,I›Î9ÙÇ—eó5Ë;vé,YË¶	4ÔïfY’,¸~ÇÉ>É/Ù§)6cÓW±%\žËû{¢%Y KŽà#Ÿ°d!,É/{$Á£ŸÖ›fùµØ#ëôšÏ,ËAÂ’üÒ•e3¶]_ûÌ²d!,ÉØôul}-gÕ§jÛË·,œer.[“QŸ§œf9ÈBX6c+þ,Y KNöIŽý®b<y÷ë=ÑJûOô¡9‚GOd)ÈBX’_:öH
›>SëÞÍd%É‚g

7-=’ýLHZ[@õ?9Ù';VcoÕdŸi–ƒ,„%E¢›f}¦X²–Í/³c9¶ðFPŸõYûewùÅfNäÂ¶fšô™"™]ÎCßyÎõÉŽ¼Êné'ÉcI¯Ø 
x&)~'‰«ŸI†¬Í² ¯äT_’´	ÔçÕçH¢’´œ{&-$YIrJ¿˜¦ØÆqôÉ9’$
>>[‰±Ó$}cµ/O>éJ²m ƒžP0Gr…l9‹âÏH² ’œç“+ê¼³ªÏdÜ÷óž °jƒû‚,€å;xÇ›¥ aINéÊò0µuÑ3Ó–¾B´1AÂ²mÿô;ŸÚIèóËk•K²–ä•ŽÝÞ1œ¸œe9ÈBXÒöO¯öÌ²d!,É-]YÀu·œe9ÈBXÆ–ÅpøO–µß¯÷ûJAÖ{_¹þuá<7–¬ØŒM¿S8­—É»ŸC–õ®ð§a›%9¤coÇZNYdµ‡>…üÒ«¢ÎŠÇ‚S¿Ãbš%É"ë=ô)m¨Ÿ:Ø–î4øvÊÂY’_zUÔYñs¨ßwy¼èï:]²,„¥ñþ®Y–ðû»èSÈ/]Y¶‚©¸Ùþ`¹^îïRŽAÂ²›¸5~Ær°äDŸÍ«;ÂŠ­dª¿cçX
² –½“Ä‚ÕÏ,³PüR…°l~¹yuGH±mÅÃÄW–["—âmÒ–,ë½ŽåO9 ÅòŽýîÒ¥ûó/²*e³ËÍ«¨ÎŠíž-ÊØÅ8ßÇRÊ²”­jjˆäžD9¨BP6·Ü¼j±¤H1èzÕgå AÙ{èÙL³(U JŽóñDÉ¹;âš+Ê²v
o·§dY€YRîN*–Ié¾û]0ü©
ÞpšÏæU‹%ÅÖ`Lz÷Î½eJšW
²€§2pLÝœWPª”ä•®(Û˜„8ïôñTö[Ëí¶ÝuÊ"|øSÚD¹;ÊA‚’¼Ò±zš©­úÍÐÓ(YÊ¶¯ªz„rP ä(ŸÍk´™ÛRsî©Ì×‚OAöP&íçh®¦_&Ü¡Ì×ºüÝ?Uÿ¥öÝÉ+ë=Ñš[ëùsl×m¶øsø$Åj?‡í’Y”>×hß¼Òe«®!™E9ÈBPÒ}!j(Ó,ÊA‚²yeñJ!Å¶Œúf¤æs_Ù8´Ÿc… l;À¹å 
@É1>Å±›(ÿ\<5ì+c‡r¿ÿ9Y JJÜ‰bÇõG”eÑöÄ‚*`ÙÃ9>Å±pG;«žÈ4r… l;@}–`å 
AÙ¼Ò%õu¯œE9ÈBP6W+–6×ÊA‚’¼Ò±pÇy;â1šg(I¼‚åÀ±€üå 
@É1>ž(9oGßŒä5ŸûÊízùZŽ^ößÿúûÿÿãã÷øçßÿùýåý/ÿ÷ŸÿÒšÂ²žtÿöý±’ú±³Õcñ•öþý¥‹Úd½îèSVçÇ1óÎO]ºæ¼]þ¤ÕŸc”y2O¬êoÖY–ðAXúrIÇê+çìèCZÓ,YËhŠ	™fÑ±Zô)d“ŽåWÎÙÉªMæ5uÕk¬–øn=eŸ½[•Ô[ÛB/ðÌ2Ìè«€ŽOáØO†œ¯£âºc(,uÞ²àçëz”–áöfÕS¼™äØžâ8 Ëù:ú!Ùi–$ûx0]cIíÄÉ5å aI>éXyå|ôèÝ*²d!,ÉÐ&ß±–ƒ,„%ù¤+Kª‘ªÓYy)çÐä/?‡Èr…°¤»'-,k·^«ÊA€’S{<Qr¼Ž|ó3Ê’´ŸCŒôp¼ŽØÍùå®Ng	ª”Í-«cC¤#ÔóºžyÇ%k…A‚²ÙZ˜z*-(IŽ²™eulˆp¸Ž~gp>/++ùöòY°¥,ÜNÔ;[“ I\xåÀ_mòF?&›CêÜæ>M–… l[@=v%©‚¯œØSOTê&ŠÍ¡ŸQVu¾I¼^+_:iÙXž(‹f‚*%9¥+Jã¾rå AI@KÍn
åol+9³Çe›¼1”_ß¸_(•Ù[<’Nñ:ÙT"˜B9¨BP’W:ö›«q geþ•§’öúlÖ$ÊA€’S{ªcƒ‹ãu²þ‚Mñ<‰W‹¶‚dËžýOv•*Ê·*x
„C{ªc‹Òu–ÍÐ«ÌÝSYn˜dYJ[hÏ,JR/{8³Çe;Ñ!è?C9ÈBPFÓí²³(UJòJÇ.×níTÎ¢d!(³éº¼Y”ƒª?Ê•{Q®­£ŸùÉ9e»º))/’¬ÿ²gåhqFðå}‰àKûT®ØSýú•‡b3µl˜Ù/(ïUJ²þOåºü™Wª(Á+WÎëñEIÅR½˜¾•sÌîxÁÞŸÄû’…£¤¾¢ûS9¨BP’Wúµ¸VÎÕ1tžgQ²”t‡ålµGEIªØÁº’Wî~-®¦Ø6€êé‚\×^¯Â!ˆœråxó¹õ«êò‚*dsJ_-ƒNLú{r…€lGÅ{áT! £ûÙ-ë«×9ƒ(dó3ÃPzz•ïÕÚ^•ÁÉ/Yä]\ô)Í&w¿JúÊ:úõI’$ŠÍ])O'VÉœ:—TÖÝoY0IŽéñ$Iy:«ø‡ýA2ž3=µhØ‚,`ÁC:¹êÊô
ßÁ4{Tù$YÀû•sz|YÒÞO/¿ÖîFÙºÝf3Ë²–mó'¾R®,ãñÂüþò‹öRd!,É+ýº"+'êˆ;ì+Ë¸Ÿ,K¼½Èó”EÞ0ÂŸrØZÐß±ñÕ£¼d‘T!¯X2KW”T(ÕÍrå A9íø	år%í·×Rœ²ÈK»Oá¤O–©³éKØ÷ <Í|­GÓÌ_²Øiæ5Z#`Ã«ž,ƒ2Ê"É^±Õ³ûµ¸ÖhŒµË©œ±vÛ~yM‰,}bí4–Á6™_aë^*÷³Ø_²àºgõìŽ‘È»@½š^·Wÿs¨Ú$‹íY9U§è‡ÖãaÝÝàçý0‹$aI~é—†¶Fk¿r–%É‚«“w±óú¤ô+¿TÁ¯XëÙ;#‰}Í°#éPnU³KAðŠM<…£i;ãþïðþIÂ’ìÒ±5’xh¨ÞM²d!,idÕÂ2ÚKA‚’ÜÒ¥±aYs·Š­ÊùJI‚’Z‹úDH|m±sK¥Í%ÈBX¶û Ç¢:åê¬†Cy³,YKº	ÄTŒíY*<AÀ’òzÊâXÀã`ª®|¶ó†ŽR´uÏ[¼îáxqÑ6ìÏ†*O¥ !¹o’äjêv[Ë«?–§¬YËfk«¾É}ÍG$d!,£ûSik[N³$YìN+ÅëXêw¹»¾²hwI²–Éý¹¤:µ;ÍrÈÌƒ°¤©U};Ër°ÜÜÝ’bvVqMÃR]
² –³“L~ûh	åQ…°$¿ô;ÏµrÌÎìsi`~á¹ÜÆä€ŸXžu‚ m.UJ²KÇRìÆG<ôv×^»ŸcÕÚ]oYð%§ìˆöÃ2¶ÿòÊtˆ hwml—Ž¥XJÙYÅƒ4,óï(ñÇD!$Û0š^°ßo”m¿óù.²Æ|¾õøK_ó	÷oß;¨6IG‚®#f__¬K{¼œ”>‘ x±–ñlÇ‘o„›’Dü¥úxr_Ú(ì‘ŽÅt×ÃTŸ¡d!(ióg™#˜BIªÇ4”ä‘®(míÊm	]=úþ"zY‚’.—tG9¨BP’E:ÖÒ·u‹LõD©Þ#Éê¯œ¯c¸b¥Ï†òþ»SjOYKé•ÛŠ†#yç=+E)ˆ@Vn*ZÆA&@V§t;í»7§ôiÛMN‚D! ©¥hš™9¨B@6Ÿ\ý"ÑVŠÖYŠž2r…€l~,mÊ)ƒ*dsI_F—œùI¹:Iü|’TŸáºÿî;{¤#HŽÕoøyêrQn#“d(9WÇpÑO2h†‚*%¹¤cýü«c8¶þýcäª\‰'‰B@Ò©Ëƒ)ƒ*$¹¤ãPúÎ†¦?“s I{!Þº³Ÿ¹ƒT! É%'ÒÅýµWý‰Ü»{€½d?"Ô,{Yû"ëž?ïi+¨·““þh@8¨ú#û£Â@Q:«ø}ƒ0(O£$ëÿ4ÊÒÉ†ÛÓ®(ï—:’*%ù£_é<,|¤eè^£²Ôù’Åî#gé”¹ÊŽå 
AIéWoËhf>(Á#eéXNÆ¦×²v_þÞ.²¬´¬eèd……ÍÑ•as1qî÷ÃAÂ°m÷Ä)ÝgOY†+»£#CŠÏYõÖ•á¢1|Ë‚ŸÃ•}Ì2ð#CùËÊÞ©+Û£_ãƒþüŽ—ŸžZKwI“å aI[=½^>Ër…°$teÙŒLL¤~Æ’dá,[†¹˜þŒå aÙ|2ø5?ÂÊ'7üŸËAÂ2Û
;³,³K
Èý—§tžüª­!ðM’†Ã=S,Y KŠÑ±­[Ï#êm°î~ÍÓËN¬yÂ2®yÂ&¨7ŸôeØMœzÆp…04Zgž²†Ñý9Œ¶Qó¥»¸yÚò½—)Ì¥Â}¬¤^LW2Í²;eì’ûó×º„â	˜gìNY»Vþ4,Ï²;eýÙEö?¿UˆÆ‰œmÙÏjjÞµå€ xwFëôj:~´®sï²l\æ–G†e¨æ‡Èþçw´#pŽ~“Ä¶ö‘Iªÿ	²†‡QeC€ë,C’|íÉÿ\ÚæpÚñœÐ1¼¿ìþKv¦|EïÐøùm+©;’…±#ÿóë‡È÷?ŽÉ…Ë;TýNÙGþ×>VRoW˜ÎátöWÔïü­:noäA<±û9’ã˜›jHÏégm´ÑbIðæä˜ñÞÄ›ó7W„ò—ÿ”ìä» c_˜cnŠ©Â6År…°4^¸<Ër…°$7ô;áoÛqêÙ\ÍI[•
²–mû&¦|²ìlAýîŸª”dŽŽ=~Š¹±,NC:§y»ì³ÄŸƒd±Sp!ñÍ–#ŽS(U JÏ	Ž½ÅwÎ7JA€2ó¹}Ë~ÿeÒ %Uÿ#äÓs‚c;ŠbnVÃñ¸ÐM¯äM{Á
²”´·³,|¦Pª”Í+£c7ŠSnÄÌ’á©Œ? Vò½ì£cûXI½¼bµì§ª„Í#£c•Ãm=›£†gÉD„$;s’¾!¬û'Âö±’z«tZšOSU BŽÊ‰ŽuÔWèOa°„KÔµðs¼e±V3m6Ëîã\æd%wôK{¶1pRNt,ÅQ¤ÍjxSéÊ©Y0dÞH™6¶[¦Pª”ä®(iÃçr… leÐäŽrP… $t,ïP¦Í¢§N£d!(iÇ§—ú;/å
¨/ÕÇÕÛ˜ŸÀ‰9ž(9Úf×7=Ê¼kûHA€’²mrÒgá:”¥jËVÍàÍ'æø¢lÕQÃ²gëJÛzYö+×^vfó±|®\ÛÇJêÓO£á 
AHéXk-lfz$ò,Â?›¼±"Œ¶sÆ“UBòFW„TÕ_¨³IvG!¤q½¶:‰TÁO!'ãDÇ2yµF­n×Úª²¼džÈ)6bëíg”AIÍ•T!(ÉËäc£8l}kÝ‚r… l.&Þpùå 
AIÞèŠ2~&û‹(ËRÏë¥«2%ñ–ÝfsåãÅJ+©·csÞh@8¨B’7:v:(Âfs»>öâOÙg•Ôƒ© 7‰pP äDœäØáàèÃ|ñ¾u€AkÃ
²€*e×DÃŒxRK!—T!(›7ú¢¤"¨^Å™E9ÈBP[àñ$ÊA‚2º?•‡‰Cmu¿¾X•*Î[öq
¹†²¹Ùä2Ç€²©nà*§â$ÇæÕÞ5
]Q’,xó±[û“(IûTFNÇqD.‚ª^YÖ½›ë½¦ÇË‹ìÌrgû\î´•Ô[MUèèîI¹–KR… $ôkZÅ…7z:Â%vÇ©Òeÿ("<eŸ­Xãxœ*.ìbS+VÂA‚¼Ñ¯,)¶f³ØŸ!$Ù™ƒS©ú9µ¼± T!É]RcP­©N#$ÙÙšª!U?§6„¤Š­ÞDÎÂI~eñÈ¡5b…ùŠðx1~#T¯<’dýgr"‡ÖîÓ­¯p²Ì—šþØ3–dý{Æ‘³p’_}üP¤L7õ¤N9>ø¼)§(óU’,„%…ºéæ8Ër…°$wtemkÔ°tW‘íús]úÿKcÎÁra]«K²I¿
y\ÙÏ,÷9–ƒûBXÒUSú™€Y–ƒ,€%gád¿ŠNÜ,TW%ô÷Ê©,ß²sTîYkõã«¬}YÀÚ‡3q²ßHy¤ðšUoBN>—‚,„eÛömz=àã¹TY²–Í/}YÚ¦XKÝºñÁ ÿÃà„%[TËse}­ß/•½(wwJ²–Í/³c}.pßPí(×¥œu–C—Â’®ÔP÷$Ó,Y KÎÎñdI!7A\
^YnË9P“ös² –r“Åyê',YKòK¿$ˆHa7kT“5/ÝSyñ£$
!ÙlMŸ…,-®#YîW±‚,`ËI:Ù±pÙÖÔIÍûå©¼oI²–ý¦³\_)t,“Ær…°$·teÙl-¨ÉŽµlçTdMÊ Ì—ìãó;Ë¶Ìê-žÓ,Y KÎÚÉŽÕØÄÛ@µ ^S=w$5^¹
,Y Ëd¼×ê“¥â–‚,À-9k';Vð(ÇPY¯Ç³ø½x¨Y¹]W’…°´]Ü1ÍÒçæíË“_úHÆdôË}éF²êõ`ðšdÿˆ¥öšjÆ¦ç”ôZN–U+s¼e±±‘Ãv|YfÓs¹‡íì’ÔM³AÂ²mõ£ËÓ,Y KNÛñdI±8†Áå+Kµ&ÈÞ±œ‹cx.Ov–‚,„eóËÍ±²Î¹8–'É¢¹å[¼#áX}¤`šä !ÙÜrs¬ÅfãdÏ$És®I’&qÔ.ô4ÉAB²y¥/IŠWU«wW’JÅG…¤K©ôå,I’?“œ½ãI’Cr’þv­áœó©U[Ð² –œ’#1»²<þüKÇR)W	²–ä”Ž5õÍ8ç³oë¥z§Ìù²–mXõeû»²7êYKòJÇš:Çäèwëì}^d©ZÅG…°$[Sç|¦Y²–ä–®,‡’©Ëß¨Än\2õ.Y KÎßÙ«ê”#Îê_YÆÜUïÔJ¬ `II9qŸf©˜ý[ì—À³9VÕ))'¬zÅ'æKU]©Þ	²€ŠOá}í3Ë’dÁ;NâñemŸY–ƒ,„%µýŸËAÂ’üÒ±CRØØô:AÌ3$QÉfkâüI:EžádžÍqÂ™"t‚¥?ÒŸ<¨ZÍG¸%eèdýpì•å0nö?   ÿÿ tøxœ¼M·r†÷ùg‘E²p§ùÍÖÊ²=÷^7²!ÉIn/„X¹`k[F€ ?>¬â™éîÃšSäéªYÙ€¥·Ûýòe‹ÅìlãsüÂ†wÖ¼pùÅœ¦ÝþxúáÕë?}[þq÷w_ÿîÕ·¯Ë¿¿}÷òí«·?žîÞýå_¾ûÍ»Ó§¯ï?ý÷ÇŸ>|ú¯§Ï÷÷§ŸïÿçôOó4Ïÿ<þrÿóO?ý}ú‡š§˜4¥¸lžòöooßÝýë§/¾øâôêõ«w¯^¾{õúÏ§·ßþÛÝ›»W~}zýí7w§·_¿|„P´ódlØ*þûË7Eð‡¯Þ}ïúãéÃ²Ø<™ÓÿÞ¼}õâ”ÍäË¿ýíë?½8Á;÷ÈRŸãá7kËG÷ÄË?|èòò&¤0Íþñå]ÇËƒ,÷ò‡Y:;¥4K²ta2Æ‰³ldUXº2€|gÙÈª°ôIše˜'ë©Ÿöž¥[?†,÷1Q’ÁNÑDq’¬ÉåÅ£ÒÈ‘,Š¡k†5óÃÇH~Š×?!ª@rAS‹0É*gm’à•ÉI’Süü:F²U!	–¶q’¬
ItJ/I,ÍRfs„d#ªB²šÏ³8ÉFV…$ú¤(É MjŠÚ“œÍºæIŽsJBV…e€…¦´Sže“*K?W§Œb,A±sTšÝúu¾ú9duYÂS` Q6ÿ4Ë´L}ùKY–è•¢,ÁÖœ<K”UgYlÍ/”Ñc‰²Üòû0KtË,É-‰³ldUXB åÇe#«ÂýR.ßSÁØäÅL‘eJüç@Y.8;ÌŒm¶â,Y–ý2Ëå@± G-¯°ŒÌ:öA–[Ôdiª±­}x–„¬
KðË,—%(ŠÅØæ@ý´÷,Ëò/?~Ž°[Ç:ês4²7±tÌç cËcyØ–(«<ÇôËl%Y‚±96OÓ>&1ËFV…%‚ÒkŸ³¬òÚÇ _Ê²DcãçØQ–¬
Ëbl>åïzX6²
,mõK¹ü(–ä)Ë¹Â’]Çže•×±máY–ßÞ£ÙÇÍâáåùò²ïÞ¼üæîâí¿{ùÝÝ›Óù¿|õýßN¬,
·âýòñ±„:ú¤\¾§(C³vp<v0ldUb Èïq2\e5:ñqFæÙœ]Ëä7ŸaËÐSŸ¡‘½‰¡gBàg¨`xÏÐNËúòy·è&®²]¾d%ÔÑƒ$Ãb`sbó;ÃY†``–#Ýd×ÅöÌ-¶	Ù›|ñº©»ê‹‚,Xà}qÇ2s,	Y–7g~½z…%a„¬ÂÇUÌ»ºš esu9äÉ=²L;‹!Y6²*,1àë—>lX2ëUBV…%ú¤(KøØa–¬
Kø:vœGY¢¬:KôKÁºÃ€Üê»ÈÕ¹M®®ãs4²
ëV‡	ÒŽu«Ÿf»Yt3‰FBV¥¯~)˜C÷hl‘_û\°\®BV¥Gcsü¸cIÈª°D¿eÙç—‹1#$eÜ’ûP|“ø¬«Ÿò:ÃºÝ²XÅ²
«Xn¹î†øjkÒ$Q’üuÔôŒ’DÙÃc’#	^)KLÍwTL®$-®€®’lDUHBhø¬Ÿìvv]8’¬É€N¹îj°4ÛQå¶»Zf·‚%X²
,XZŒ|¦gÇræRgYåUO@§\wBši7ÇX6²*,ÁÔÈ-¹c,Y–è•¢,1UÊî6³DYÝZfx
„€=n9Æ²‘Ua‰n)˜Mx¨#°;"Å.×ì]ù6ÌÊ‡Ua	‡:_5Ê²‘U`«_
²ŒíV"Í2mNpÅ¼Ûm&2>„¬BÆ'Ö”iOd¹²Œå²/Ÿ$ª³¸—7Âã2Öƒƒ,#Ïe•w¹"›é©°ëNeàv*·²ý»\i6—»\ðXB}Rpg$‚¡YÇûdù_÷#Y†þuU11DY¯ÅýQ”!~üºu”a#«ÂR¤]ÕXcWYy†©ú¢àNH›e-ýº^-ÿî®3<Ë*Ã„%6×†ÌUðÅT}Q”%”ÚtÌ©®žÒÂÏ–Ý2øIoe;ÒóìM2+Þ/K©Ã‚²çÔÝÃFV…!úb’dèºv@†¢ìÈò`ˆagåÎ(ÃFV…!ú¢(C(µ!Æc¸Êj0ÄD¨<ÃFVa®¾(¸«œk`7Èp¿ëA|BVÁs-=[Û„¸Û§_þRV…%ú¢(KìØ
a–¬
Kl06.{X6²*,Ñw•kË¾ÚcÇÒÇÝ²Ø"dNÔ–9ƒ±ËFV…%ú¤(Ëp™py¢Ã@õÆÊ2ñ,Y–X’*?.Y–Ø‹'Ï‚û‘µmNÇ¸œóš(?Ûíš‡H7Ÿe•«jÛœŽqé'û˜P´{–Ä±Ê²Gî-c7ž<îaaãëùSv‹ß±d
	Y–`l¹ç$H\Yî[Ð,QöðË±tVše1¶9ò'BFY6²*,aãÐôTºŽ±ldUXzñqºÖ±Ã,Y–Ø
 ç4ÁËFVže˜«_Ê¶Ø:Ç’MŸfé÷§_[–²ºã2`ëœ8ó{Ë[–.2ã”¬üÞr˜«_Êíƒ„Ú:'öt¯[sè%&¹^dHÉÊ¯cÃ\7{N†Œ±DYÝú0W¿e‰ _ó6õ;Pq5w·“ÉÝÍ—¹;x,¥ëWùñØÈª0DŸ”Û	Ø2Ç’?é‹ú€¸Ö„°ÛÓ"®²c¾d¥Ôû:Ö2ldšêr9»€­r,ù“¾¨½
›q˜wk6¼¦dåsv[åDÏïi±$dUX¢?Š²ì¬×ÉgíBdÎÚQ¢*$ÑÆäI6²*$Ñå2v¡6Ê‰U;y“I÷<ËFV…%„}diî1–(«¼Ò1è’Fî,H¨rbGåÇ ËFV…%†}==[ÆX6²
,±ÿN6rÙ×Påp3lœçs@]7o÷Gõ‰ÏVvdÅv+žóc)õt"ðÃÂ¤3(Y†à’F.»l÷˜¹õ†k©Á°3zŒSXž`H¿ô£l](áÒE<–PwyZ2UññòÏ÷Ÿî¹ÿã÷Ó»ßÞúÓÝ§¿üôáôñÓÇÏßÿüñ?üDý@‘<ßõÝû_?üö(öËýO^œî^¿üê¯wßŒÈœßâçûû_O¿~ÿÛçÁ×¸ùGéÝ4s£oøQ¢ìh9R÷Ò—`náïŽþ(WYe	í—E0ÅXãäcð7°[e5Ø• .u4/e·ÊÊ³s/fw‚)÷Â˜Éq)ÅKvìâŒUXœ•§¸)‘«‘n†ôË_ÊÊo—§X'ÍÒ–Ã¥¥Ý•X_¯ dUXÚ|Y)ÂeÕå^Þ‰KˆÙN½e#«Â²¸nêX¬••m|âå‰¹u+Û?·–@ürn…Çêè‹rå¹Á¿˜çâãT(}ãòï¬H#Ë¿+2]Ë¿óß—;iŠ~²3?u¹M…V\v×¨?wBVáç^ž/.Ã¢îyÛ40§&)Y…©Ë¿0°ØÜÙª~È¦ÇX6²*,1ÛËWõ–nÃòú1¥YÝÊÉòWþHË°ÇONò,Y–pF³cwd”%ÊêžÚ*O)A ‚yŸÚå‡«¶»%Êêž¢µ÷OÇ	¼²"Ü¾ü|}Iq–\R¸ö%<¶QÇn<!Qo\ TE²sìÈàŠL×àü÷×»ÌŽ¾ïégrLsÅYÝ‹Pà)¹Lgüz÷Ê“YgYÝc0ÛÁ†| ¸LyÇÏ1–(«[Ö°|‰KÞ4=eÏ)S²*,Ýeñða–ÎO‹ããÐQ–¬
K(Jí(ÑeÙÈª°ôéò¾×£,ýR"_ù9eÕçØPPæ7bK³ayýØèYöxË¨ë,±Í(Ë‘m×¸ŒkÞ6í×¶D)(!«P
Šý€lÇ¾É–e
\M2!«°!‹m†‚`+7P,ÆÆ]vËFV…e167óyÛQ–(«Ûb1`»¡ ™ÈŠÝ~¹gÉ”h²*,‹±92Ú?Æ²‘Uaé›^IGYcëb¹i;ÔÃ²‘Ua‰~É¯}Êïp»Àìoneö7c0ÃcõT}RaBCãÚd^2äZS²
kìÔÉpí{e¸Ä2!«°æIÕ'Ë©Þ„É´+,M½ìö¡µ"“À:Ëê^XR½á‹+GY6²*,Ñ'ó=©[ïcÌ¼ñÉÄœÒ{Už[±_åYæ2…†Í¤Â!«pÄ0UŸe	†Æ…³ldUXCs[4Ì²‘U`™«_
îYg0¶Ì‡¿mEœ¸%àYV9w‡}ƒ,ôwÏÒ0½!d•ãÊ\mˆÊÝÝ¸YPãÑÍ‚³uN§k³àü÷“’EÑ_4}”ù‘¢¬úÔÆÉ'ù)ÊªÿHÝe»ÍÃ,Ÿl½°ciíææÂl¸ä!«`å)Ë”È£-{–Å¶Û=Ç²‘Ua‰u
[µ§oÃ,QVù|zyJY:ò§D†Y6²
,±}ÑœOmaO!Ïõ –ëVÁÂ…Í„¨Â[ž²L™ï²4H²Êï²Ä½<¸¥,I¹n½@Ò®wP¦Ì”UvË<9‘—cÙÈª°·Ì‚nY;
q·1••O^6÷Zî8"!«Âl-³Û>Ã,Y–à–²,ÁÖ»kò¦ÃäÅEcäçhdUX[KYzås–Õ¼Ö¾˜çê–R+Ÿªg³ÙUìž¥¿z	-+Í²>e¹l:Å³´Wï]e5»ºàSÐ/¥Ž³UEûD³ÿc,Va	ÆÆkf‰²š[xøôKQ–Ø3Ý20å{l¯å¼6Ç®²š7QÖ§”D^™qYVÖ’sõÍ*;XójSjk^ƒ!ÔÑ'¥¶}ª¢}¢Æž¡Ë›#Šéê¶Ï*«yD±>Å_^J%Âp••ghª?
24õ¦~ÝºeÈ¬ueÙFEÇ¡#K™ßº»Âøžeo\ÿq4ÕÈø9ÕúÍ­hËÕ#Ã´¬Âx4`d™l‡yŒe#«ÂÒ‰K02–¬
KüzÊîÇX6²*,¥}Òà–#_Þ;Ì²‘Ua	†ÖQF8Êe•Ç¥­~)µ[¡£;¿æÙ²,ëÖkù×UV3gWŸá|þÕLn½E4ïb‚e•U½iŸ‚~)Ê_ûX·Ù­tWÛOÑ²*,m_žg”e#«ÂÒ‰KüØ]‘a–(«yûD}J16¾ì¾°Ü”„.WP¬²š%høôK©n¡U±[`ÏÃ³ldUX‚±ñ7³DYåµ«~)URaÁÉ— •˜rÍÙí»ø^î<Ó²Ò;Ïõ)Kç»²L†3{BV!gçª_Š²ìôË4orvûÔI– {<WÀ±„@ÏÙ³ldUX‚_’knfùd+Üc,Y–û•£,Õ÷+ñ)à—bG«"[Ç;È²‘UaYŒ-:¾d{”%Êjv½/Oñè—’,}ï~åŽ¥»º}KË*¬}|›8•`IÈª°¿;âTíe§–¬
ËblŸ÷fÙÈª°D¿eÙôx—aÙÕ:þ0Ë&”a)_r/~)¸Oâqƒ‘o‹;Ì²‘UaÙ·o9Ì²‘U`ª_
²íFcKvÿ’U`ª±IÏ±gYÍJ|
ú¥ÔqµªhÇ×>,íe™‚
Ë¦G†åsÔ÷„ê—‚ùXlÅãCÇž—›¶~¶1	Q^q–m=ö7pK©ƒ¡õÔõÄeóÒLMÈYv´®',mMH\uôGÁük¨8|<9Ên•Õ`ºò;ÃìVYyv±ú¡ »Xrðs(tRü3·-DÈ*ì5G4®ŽöC[†ÝÓ"drç;ÉÎ‚9ºX«ã(¾Ûd6ÞÏ¢šÆëS|WÓøQ’(«\5ñ2²Y0«ÛmD	’2{“ìÇ€ÁÃ÷ê%ÙX­
Iè"+Kƒ<¾WïùTóÃÍ¢L-!«ÂÌÌñW«Œ²ldX&¼ŠL’eªAsÃè%KÏ-ÙÏ²šg)ëS•ý,=Çò,«ÙÚŸ‚^)uf«*v­Y‡Y6¬Â6çÁqÙÁe5¯ËÁ§ [
æt°ÝŽ‹|;©°eÉæY–`l]m—ÇâhÝv=ÙÊôCwþ2Çêè“¢Ãå2ó‰ön›[ÔýÂåX	Y†˜åÇã(ÃUVža®þ(È0× oÑgæ5–ô×»¹Ð²
3¥v¬[·ýÂ$dòq¹ú£`zF#ãjÐá6õ¼öð‘ÿ¬
K0236{X6²*,ÑEYbàÇÌ­7°lR¶*,1ðëi>Æ²‘UaÄÇ%¶ÐaÖ:À2­õ‘>pk³¬ò9Xl¡“;®yeÙÈ*°\ª_
î_-]¹×a–„¬Ë¥7÷º[ó˜]bƒ~y‘Ü+÷òè—¢,mGÇ¬X6²*,ÑØäY6²*,ø¸ìõËA–¬
Kl
ÐsíÍËFV…%ú¥à¾26Ñ	\ožX6²*,ÁØøóÃ,Yy–f®~)ÇÒÔ&:‘É¿–y]<xæ”Ïƒ¨nöÕÔ:¦ç£ÍÊ'1éFJV…$º¥Ü®³©-t¸]‘B2,kÆÎ;&S@Éª°Ä4)ŸI÷›Kâ<7*)Y–è–¢,Ët9GÊoiwü¨˜¨ñîvÇ«µÄ·;¾þ÷oÿTËå§¢~öyqk îòÕ{»VYÝC§å)ÅYèŽ…ûŸ=ÜKþøòSX#«ð³7pÑµ\»ãªXæÃ.,v,í~c·=DCÉÊ¢§ø)ò/v,­eNYR²Ò½òñ)F²u5*ƒ‹–ZªÜ8…UEòÒß‘)ì,CKèšÂ®üýÛ?Õe_G™Ÿ=Êjv†®OI“I|Žôg²‡×ÓÜËçŽA.ÎÅ<ÍV~
kdUXúòG:òO£,Y–a–fÊò˜¼1c¿¢v›>3Ž+'ÕÝ‡§„ÉwÔâ–EôãË[µÝ<-«ÀŠ~KÁ8¶~§…ëpÁÒdn\²
ã–t]W‚nYšxõ!ZV…%ú¥`tTÝ4>gÓÚ/Ñznš"dUX–ÙÞ‘Iíc,QöpÍ÷òè—rý,@±YªsŒe#«ÂŒŒ=±ldUX‚_F¹ZyP„Äï½¹Í™•2Ç&îs4²*,‹±¹ÀgGY¢ìáPüúËcÏ Ó*®¿'^,äqkîs²
,[êÈ&Ž±$dUX‚_FÁPÜ¡±Y~ŽeÙÈª°,ÆFoc	²l¡Ía–à—²,ÁØÈmåc,QVyíãÀØèbÿc,Y–è—‚yWe™—eã—Ó3èAVe¸\pÊ°DYå˜ÄW¿”«ÓEHÐŒ±´†[Ç²
,=›|Ù.W0ó/²‡wR¹—G¿e‰ [«2ÌýR9‡ç1äïfÙÈª°D¿Ìáy46òÁ1–(«¼öñÕØäY¢¬rLâ«_
æð<×÷û–(«¼OâÑØ:úñ²ldX†ê—‚,[G|9§Í>É¾ÿñ9Y–ŒÍÍcëØÄ¥Ö	U”VxXôµŽrÀÙ¬©uë¸eìYV9í0ì8ö9ˆ²QUA‰n)˜Yu›‘Ï¬o;—XÏ-êÏ²‡ë¹Ï¶Fã8„²QUA‰f)˜X5
ä®GQ6²*(ÁÕ’8ÊFUe¬^)ˆ2vÆ–;”fÙ•¸Ÿã,«œ'ˆèjilÝÃîïª*(­ð¨ŒÕÔø	Öùµt¾%Ê*‡#cÀ<–Ší@Ù¨ª ¯”,<ÕÔºªC†PºgÈøÄ[v.;P>ÇÆ%6F‰¦ÖU2„e7.a?¸ÚX"¶åsx%öE™ª©J»¿Ÿ˜øéYò°©&L…G%¡ª‚¼R²‚8Õ|)_NÒH{™CR‰ÙÒ±â»ª
HtJQ`i®ãdÒH÷™žTKWÇ2= Uè“‚–Øùgá./ Ó¼™\#—²*(‹£ÙŽv˜ƒ(U”¹ú¤ Ê\¥üä:†ò,«<½æý	JBU%ú¤\ûPì‹)GQ¢¬rÒ.×èol‹«åsÄ”¹:¥(J×7*ã6i·?YO~÷,£]­ç$ÐJTU^ôäê•‚Ïƒ?î²šP6²*(á”Ç`eÊFUåR½RpƒkASãúšÖºæµF=q+XBVå‚ÑŸC¸Í9BU%z¥à×Òn*>¹í¼lF%³íLÈª „7‰cQeÊFU%z¥(J05î¦š°ä7¬ãN²*(oˆ+;P¢ªr¦
Å,xpdASã.ª¹%Êª£W“Ÿ`Uy”û	Å,—E>|½]Î›­Èœ³|ÕõÊòpµŽ»‡FPRª*(Á+eQZ;-|+Åò&®Ì*ðAV7§”oWó”‡Žÿ6ª*(Á+³\»ªí†Q¢¬nAy
Tàð£(U”è•r‰;Pt“é84R¿ñÊëu=”¬
Jp5¾¶ ´vEÉ¿;¨êž}¶¦z¥ JS“¥lŠ`22q%%«€Ò`¶”/¹@y=½A©ª D¯”KÜâeŽÊg¨ë§tÕõŒ¢|†¬­|²\âÎb«c:F¥Ý¬`ŒP²*(ÁÕøN!£(U”è•r)‹vºFå ÊFV%žì`÷+¥@Ù¨* ¬ý{$QÚÞ¸r‡2s,!«€ÒbÈŸ‰i
›QÉü	U”VxTÖ>;Ü•š7 ldUPB¶”¯¶E‰ªÊlíÞ“åÊ™mm³ÃÝÞ(Í&Þ²‘UA‰ÙÒ”fƒòzÑ'¥ª‚¼r‘ËÁÚÚe§'DÙÈª DWã—=ƒ(U”µw$J×í•Ëšíq3Ó·’•ï[h]­Ves°c(ÏªÊÙžÚºgLÜÕ;|ÅÝ0J”Õ½šÈÖ;dÿÌC(U”à•‹`¶[ì+?*Y”˜-ek{FQ6ª*(Ñ+EQâÆb‡W¢ldUPb¶´'®\o5\‡bJVemÜ#É²vØé‰F¶,¹KR)Y–ØaÇñ–;–Î1—¿Q²ò÷ØÚ¸g‘kÜŠvZÈû¸±ldUXB¾Ô±•°Ã,QV÷.[÷,‚ußZ†°¹¼˜»Lœ’Ua‰Æ&Ï²‘Ua‰~)˜R¯vX6²*,!
ä/¢fÙÈ*°¬{$Yž;ìðÍÑ¶,]äæØ*ëu/³µÅ_v·ci3SþIÉ*¬}jçžE®°ÙÖ;uwÁ®…ÍŽ»ÄøAV÷²T{î±Ó³Õ5Æ²‘Ua‰~)˜U¯=vø6³ßäïœße¦I–¬
K06þ¼Á0ËFV…%ú¥(Kùuì(ËFV…%žòè©&c‰±Ê¹‚Ú¼gÜ"‰Øñ<Ëë7R²
,k›²µÛ–„¬
KíÚëA2¶giÂîB ëß>È*ûeí³³HKBV…eñKa–`lÏ¬²ldUX¢±ÉËFV…e€q)X©{ýr”åsäccõË±^ËFV%6ðI³`>¶vÚ‰ükÝÆ/#·ö!dXÖV;äÏ–gYåÜzª~)Ê²	eX>G|™j (“¤gÙ¾LÕ/EY¢±É³DYå˜$Uc“^ûTYí˜$U¿eÙyÞr”e#«Â2h¬cSõKe–¹ú¥àžWí¸Ó“¬{^Ž[û²
,s5¶±}ž%!«ÂýR0·^[îD~/Ú¸ÉÈ‘lDUH‚­ÙžUlÞ’dÊ	Y’è–‚™õ¢˜JHß]‘DQåý®Üï•c$Y’è•‚¹ØŒÍéÈ*á#$QT9K€ývú*
ÆH6²
$—ê”‚™ØÚo§#»!iw‡û	’U”­Ü?H²¶Û!Ïo!IÈªŸ4‚¹;l·c:Z¿Œ‘DQåH»í„®lÏÉFV…$ø¤,I´4é1ÙˆªC##ÙÈªâc‚?ñÙDµ£ÚkÇõdíÆH¢¬.I‡-|$I:ìµcÈÄ×ŽdÊawsÌõf!”¬üI ‡Ív¹­³g¹LÛß¡½ú;¤Tå‹µÜ,m” ã‡]¼£ldUPbc:~‚DÙ¨ª D§”Ûãrç^;ln`e#«‚MÏ¥¢lTUPú0-ä©Ù—|¾ÿtÿËý¿ŸÞýöþúéîÓß?~úpúøéãçïþø¿~zJ‘,|ÿîý¯~{ûåþ§/Nw¯_~õ×»oFdÎoñóýý¯§ß?¿ÿíó•×«ÙÅ¥,¼Ø~Ã¿Q”Uÿ–˜¼£©øèo´QUøšó\PÊ¥"AÑM–¿7w‡Òp÷sR²
(M]ñ)¬!”„ª
J£R.ƒŠù‰ö1”¬
JX‘ÍíŸDé²QUAéfi”®òœû1”¬
J×\"Lv×,Bé	–ôË_Ê*„Y¦š¥\:Ëø‰ƒksÃœ©¥dUX†yÊ³<ËFV¥­n)ÈÒ‚­¹ŽõyÙ\ÌÝqDÉ*°´DŠQ–ÄKÈ*Ì±¶Ú¥(Ëâkž´ò7í‰Óâ‡’Ua	Æ–ùÂÐeÊk¯ÔÌTvP²*,ø¸,Ææ|Ç`³iË˜¸9ö,«<Çb»¦ÔŒ±ldUXúXþˆ`Ä¢±up*?Õ<ÂdõçXÌ·÷$@ÆX6²
,Ý‹Ù”?"×Ö]×Ú§üï­s¬c:­?È*¯c]{RÌ#,	Y–&J³„8/¾OÁŸºS>„¨
I°5²»Ò1’(«<Ãº²\.D®,K¨Èw¾$‰¢êcL-ð¥.£$Y’è•rE¡ ˜Ÿ¸ÞûÉFT…$VpõìúŒ‘ldHúê”‚$}ÙR—IÇ†fgQÝR‡½šRGs¢-Éw&ïÉ—ÙÃkÏ¼<ú¤`FÝƒ¥ÙŽÍ‘1’¨
Iè<ÑQ¦=J²‘U!‰>)JÂ?òvï#$QT}LCË™oÉ¸LKÜÜžFOäËƒ,Î{ïÞ¼üæîâí¿{ùÝÝ›Óù¿|õýßŠŠ	‹õó
÷ËÇÇêèråÙ xôI”‰$9‚¡7Ã3Fp••'ª/
ÕÂøAË4®¡D†ZÙÜã‹;‚ËõÙ”U˜MCõEÁ=­PC=¾°e	›->Ï”R²*,msÞà‰Ü¹}<I§™8–¬
KtFQ–Î¸lnÊõŽ[¼‡gñÆPk¶äY6²*,Ñ#sçìÌ{Þ#·æèzX6²*,ÑÎzö'ÇX¢¬2ËXÝRe¬ÆÆbšÝº?é#7ÇÆgñËHô˜`YæÀœp¥d2ýR²¦7¢±E~OkÇrá?G#«ÂKœåY6²*,Á/%‹z#Ÿ§Ëçê4üÁpÓ!{KnšºÁ/{XÊø%ÇüÒîƒD06›äY6²*,Û†",Y–	ýÒî„¤jlü^óŽå¼;öK°¬²Ç›]gyîÉÄgÚ±L[¸²*,Ñ/3è©Xt”e#«Â²3¾´“4û¹b$BV¡Î.U¿<`ª±ñµY£,Y–í™ –(«Ûä¶<ýR0W0]ÚÑ¸f”%ÊªK-_39Êeuq»\ýReFcdé—%db’ÜyZäKúåŸá¸H®~)˜+ÈÕØøÖ5£,Y–ñ¥ÌºŽµÌåF”¬Ê¸¿´‚¹‚\¿ ¹<x-íöüçhd*A¨®L",QVyí“Ñ/­`|™ÑØÈ”æe>vS¸QÙˆªŒJ°5þøï0ÉFVä‚ni#’¥†ü¼•¤Ÿ™–R”¨ÉsW¦žxäI’ôË‹ŒIîåÁ+eIÂ¡>¯žb\çWùÏÑÈª°„JyþVòT„×=!íne"àgÙÃy‚ëð¥z¥(KÜdä+
FY¢¬ú¸S[ØJæa–¬
KôJÁ
­¥|MÁ(ËFV…%‚”gÙÈÊ³ôsuK¹JP„48Ç.Ìåq”¬<K_»3ñ•“c,)Y–è—ryP„Ä×¥/~SëÃÅ–”¬
K{™œ‘a‰²ºõÌå)è—¢,›¢œ'Ï<¯y‚´[Ç¶‹úYÝ³•þÜŸ©§>díWö-ßH–¬
KôK¹œ(æÉv\œ;ÊeÕYBVØ÷ìw±ldXôK'—óñØbÇ‘%Þ,Ã®ÖçúV.%«0ÇÖ;|ËâA–gÙÃ¹XŽ%ø¥,K0¶Ì×Œ²ldUXB ÈŸ“fÙÈª°tâãŒ,Ü?Æ²‘Ua	Æf{rc,QV}Ž¿tr¹oª±uôdÙÈª°Dc“gÙÈ*°´Õ/YÖ&;|{´=KîÀéƒ¬òk_3¥@•>ÝÖœò¬˜¨ ~ 9å5™žæ”_0^ÁNAž¼ûûg”Õçœ¦L[WÇl¾>f	Y•1kãå‘µ£,m	DÈ#TÇX6²*,ËÒ"Ic,Y–¾ŒË,WŠ~²dýc,Y–ÅÕc×Ù„1–¬
Ë¥Y†e2u@£,Y–Øæ(7ýaIÈ*°tè—’,‹¢/}, ×qŸ£‘•¯ÏóØ‚ÇmŽn\UÅ@-HFÖEg*w×µ.ª?
ziQô=Õ—œ·gÃÚå²hGÊçÙ›<¯è¿||,¥^¦.òÔ±±ÚÈªŒÕõš(WŠi
=y¢y½Ð3p×¯P²*ó®[¦%Ç£,K”U^a_!a–Lì¸˜~”e#«Â2„iÒk[BV%v2Qî(–Dn35½V–†©C dX–§,%8ìé¼awmR–„¬
KôIQ–ÖN,—º`7$™ŒßYTy†õàÅ™´øc$Y’è–‚?¶fÙÓ}ƒ$Q’ÅÔrÜë ÙÈªD¯”«óEûÄÍmGH6¢*$C<d‰Ú%É´Z˜>N;Ùþ>Ne¢¼èã„mÔCuHÁê® VæÝÈXôiwŸAU ÐÈø>N{‚–[ë²
c1TÌ¯´2òHÜ’(ªœ‘hd|§õa’(«¼jÕ«ZYÇÝOc$QTyÍàJ8ÓUs0F²‘U!	þ˜sx¬,X¾¦}ã\'JT…d1²¾Šö1’¬Iì-$J2Ö¯£#Å¼VèÅý¨$>G•µº)à)°¼tÊý•*ôËƒ¬r¶{™$˜á‰N9Ì²‘Ua‰¦Ö“c‰²Ê«ì-t±§q”%†}|åì(ËFV…%„}ƒëž˜w/OÄ [Yù$V—e†ÆG‘ÃY†ðutûìïÃU¶›a^bºdmÔSõGA†©_‘çÝzÓSÌÜ´DÈ*0L`dÙr¡›!ýò «œŸKÕós©¿ól—µ‹lÜŸ"~Ò[ÙÉ´\îHÂc)ußU¡e¦eD,7·²ýsiyíËq%ÔÑEÙãŠsÇI’´žÖãÓZ[Ùc»Éå±”:~e·Êj°âã»Ž]äAv«¬;Lxò'¹FÙ­²òìrõ?¹Îh XŒªã¦Ã+ì9Ë*Wëd4ªŽN/;†\ëÌYå]\ýOpW#ƒQEÛQÝ:È²‘UaYk!Û(cÙÈª°D?ÜßÈ`\ž¼bîK”=ÜU‚ýKÏNÃ,Y–è‚;¹7Ne‰²‡3ãìç(†ÖÑ­²ü   ÿÿ¼ÍŽ,¹q…_ež d’ùsW–aíÃ¿€ 	Æ ’FÐÏÆOoF°º3³]Ñç³˜ÅôÉšúŠyÈ`ðÐÎr°Ü»_²ÜÉØ–ÍP?uæ”Uë²dµñýGjÿ‰áÄó…å¤%²–ì—ûU;/ìf=!dÛ|,YÎ’x†Ú¸—å aI~y²gï…O=¹ÇËògtçì½ð©'‰zYrw¸cŽó‚Y²±n>ÕäJÒY²–dlúMyn–ƒl<ËÊù@‘,IqµÌ}Ö95¹gªè×,%Ùx–ôÛþ£‹¥$a™cÇ%)fSÿã²ûó®$PJ²–ß©³X²–Á~IŠ«iîãe9ÈBXRÔ@ée9ÈBX²_Æõb@ÅZèdÉ²ðqÙŒm¼cY ËÔý2eâ… ˜r‡åSì—‰§†3ËR•c+’l|ÊoMÝ/ãö–I1?Šáö­œÖ$Y›û²–™Þ|µuËAÂ’ý2n‹×——aËAÂ’4úÖ$–ƒ,„e—t¤ÑpºnÛNëËYI†•d!,y!?.Y ËÜý2p\fëúòÂrWîd—d,3/ïØé‘?ûwæE3û§,6¿=…ý2”åP8aÉ²Ø$uzJ1½c½,Yööþ¥öáÙ/ãö¢I3.YË2dv„°d!,Ù/CYÚö/Ý,cú\Õ¯ƒ6-½Ê>–,‹½Õ²ÎÝ/ãö/I±-µõ3Ëö¿ú¾¶.ÉXÎ¼Ñ(^Éù5Ëš•#f’,„%ûe(K2¶E?9éeÉ²àõ%çüìÎqia9ÈBXÎáã’Í°¾\ê¬œI—d!,i£ÑtæÎÇr…°d¿Œë+¨s76Ã^´“%ËÂYòß<ÖÂr°ìI<‘,{dN1$žg>Êbû)
~Ãr`În¸7xz¬Û'ÉE¹4E’…$·Üw¼Ê¸Œ ù3Ö–=0Ç”0é#9ÈBH’Wî{$=2Ç0&ÓéÖ‘—#ÞcëþEöÖ9z¬¤N›þ–„3ÃAÂ<r¬Á–¾¹¨÷Äz²†¼è‹£²ìí‚÷{ÏX¯ëq9ârìÃå²þ¶nŸ²Ø3ÌµÇå¤èñø”×Ñ{
O,Ëlê!ØæíèÓ²°d!,iÑg8Ëìe9ÈBX²?Æéª=2§r"N{•µ^î|Þ­gYÏ»u{}·Òc%uÛ2=êqx7>ô§¬ã<^ûÐÃy¼:Þ­=yg¬µrHÎbÉp²;dìÈÀÄkmî±;dãÙõ¬=îÌVí¡8b¸ô‹N§uR.È‘dïÐÅ~–òK†ò‡ÇŸ¥¬=kg¬ÇõPœ¢g	xY²–d\¦s>>–ƒ,„%ûa(K
 °d!,¹É&~\²,|\²?Öãz8ŽÞSçf9ÈBX’¡‰¡O÷X² –œ½“§ÀŠ\É=½ÌuöÓ\gÕÖ‚,€åÚqXzw–cÍ¡ùŸ²àÎÞ	fIÆ&ø¿ä(M§õãªœq–d!,yÓÐ²µ•Ó¤[ÙHí²êKå6Ë™Æe`-€Cs,ãÒË’oÁæÖž#†@ÝcÉ²à½HŽ¼YÄºÎ÷®úP¼y-ã;ËõC8©[é²ºÄÿHIöþ•aÚ´n}¶’}?ÒAð#ålŸ%rR·qŽx³á–‚,€e{J~Ì¦+¥N,'m" ÈBX6]#'M±>&1íK–Å†´§ÌùµÁìÞû÷©(½Ñ=ïß72¦÷ïóï‹Ìy´ëaïnÎƒ,†óöÅ¾÷Æì ³e}awY–ý1ïÑ^Ê²e{éö£Ò–Î	Ÿå `¹ÿ˜r,Ë¦XÚ7æd™µEu—M`–í)t³lô¸|Ê‚7òvº;˜ejÈ¬¹ž$›¶¯r–õlÕ×Í z¬ žiàXÂlæ£°\îÅM²»g÷‘6ƒö}Üš‡`é¦Îþ¸>iŠmÀè¹·}?K'åzÔY7»òÊŽ+©·b
Éð±cYO‚²‹ûaàFÞÎÆ%ö†ïÐóÕ¶ïƒ¤?d=Ù°ò&,=VP'ÃZ-A
>v‡l0»ùÇ4uÿ‹w]±XÝ_ØÑôç…²È.ý)‹qƒ`>Vz×¥zÈ"ç2üò¿5j-ÙÉ¨ô;/ËAÂ’}ÐÒác9ÈBX’†]DÔ‹%pÈÍ’e‘a‹ý)Œ¸@z—ÖÏ]Ç9½=Dø!»«¤Û,ÉÃ."êŠm X²,œesêlhŽð²d,ûeØ(]±<æMoÜÊã¸C¤¾Ý“–e£×‹ý)mbY,A`Ë'Ë¢¾cYKöË¨š\WlÈÐTïe9ÈBX6cÛÄ×{,YKöËP–´ÐÓjok9]f3¿mt9d‘MKý)Ìj	ò±d!,Ù/£ê8]‘¾&ñ²d!,ih¨•{Y²,Ø/s÷Ë@–™Œíz³ðW5¹O’«FRÌdk»iué!)ÈBH²[FUyºb›’Š/©É=¢‰×ôöÔˆ,˜Åf¶51îK’­àI¦÷ø"^ËðmÖOÅMò_ó6ë!#½.ômÖãïC¤´O³ªç²Ü?R–Ef	ô§4«–Þeß”eÁSºLµ„e	tÅÒÿÂd!,ëÒtñ,YÌr&‹
e9SŸî´©ÓóË=_–ZÂ×!ÈXÎ?RjÇèé¹ a™ƒÇeSœ»ž£äf9ÈBXæ6€²åÜ¤å aI~–òÑÛ Ò·ötºf¿æôÎÒ×1È~‹å¬|¥ ñr©!ÛõèÝ˜ÞÞIù"ëØÂ›‡;™é±‚:ùd,C:'¡Ÿ£t3d!›¡eÓ»ÕÇðgXØ÷ÀíN	šª“az›)ËÞ©…ÌpäCa•/ÈFŸÓâ§?†åítÅ6Á,j^¶›å aÙŒ¬ØîÖr±$YèÝZüöÇÀíÎJz)ÒÍr…°$#³ÝIàb9ÈBX²O†²¤…ŸØ­u%Ë‚×“…~âDíËAÀ²v¿Œ:s×›±‰;™oXNË§,2c™ŸBÆ6™îÖr°d!,Ù/CY6cKz–«›å aIÆ¶[XnŸ——ý²&ßOÙÛµ÷“ïÚý2p¶ö…Ÿa\¦#o`»æb‰_Ç X‹Ô¾ð³ä€øX²–ì—¡,ÉØô3ên–,{{«~T±Ì}|,Y Ë¥ûeà¾HSl/ÏEo¯_OÙçkÖÞ±OY°_.dl³x6àk–kÕ6Y@Íné~Ê’¥êúr[§Ã/—ýmçú!ë‰ãvûe8æ2½séê4p,wÝù²†ì“m÷‹Ñ'ÝYÖ}ÜÅÊ°ÙbºGÔÇeÁ­-K÷ÇP†T Õ"¶%m½Ëò6“÷EöCz¬¤ÞL±Ôê|Yü.]»/2\{T‡†ï3•YpèÊ>Ã;ujë Ï9Î¦íe	²–9x<r~PÚ÷X²–ÍÈªxùK’UÏ!ßfIÃb1ºb@‹þn­ûc=½[•‰ aI>Ã|ÕËr…°¤FÓX–´à[ôqée9ÈBX’±‰×`Üc9ÈXn|0#’åFÆ–ô»z¶5]Z³–‚,€åÆÆ&f°¼aùþRbYÂ’2N{Îo(Š×6Þc9ÈBXRTì+¿Ç’eÁÍÙ[÷ËÀ½­­/ü5'ËAÂ’Œm²äIúX²–ì—û!›xú•å‰dÖH²(2åµ?¥ÙšØx$Ë"ƒú¨“´»e`}çeàªÏ|Ös}@!)ˆHîlj¦ÈÅƒä<iMžOYðûµ‡ßÄ’Ì¦½'ÉAB’,mòIÉAB’2°z¾÷% ¡òê"9ˆBH’¡%Kt¦ä !É>XïÙûÐå“’,
öÉMNLºGr'™¦î“q'
Hqiø*Ùþó ~ÙßæØÉ²ñ»“í)liÁïWIÂ’2”%™šå–»zbY”°“Yl'3=e‰ÃJ²–ä•)®ÚCŠ»)œ8-§àšòörcYÂ²ÙZ5Ý>éc9ÈBX’[Æ²ä6UÝ-½,YK26g6ÏÊI6¾›'õxœwÂ€wÓÌç…åûnIÀ2w-:ÙùÉr»ì@,YKòËX–ùuÂÃ’dï_Ì ±¤ö±u÷ËAÂ’ý2®
KŠû#nõ²d!,ùX‡Z…u³dYø;–ý2”%/õ:A9Ýœ¦¯IYK^ÆËAÀ2w¿Œ«¨“¢­æãc)ÈXf2¶:Yæ±y;½TÞ0J²€ylî~Êr0¶–,‹=‘GOi¨XÖ—>–ƒ,„%ûe\U÷×Ø\•e{¾ß.ú×
roÇ±ìZúX²–ì—qAo)[×—K=N¼°»a/²÷ºaëk€W_¾H¼Çp0œ»OÆí"M4õåèÔªË…áXS—dãkêiî†f¹aô`9oË§,6q)ÍÝ'ë°s74C ª“e9í¬±ä6K7¬å aI>™kw³Õ'½,YK.˜êAÅ^–ƒ,„%ùd¬÷Ìdh©Ä¿cY»o™8VÇvœ%Ë‚÷-9µgÍ5‚¯³ê]wÛÎ5žÎ2½½øæEöÖ¥EôXA7-'cçcÎ³jµtAPà´ž5®'{¬Ž—áþöâ©CÖ=oµ2äc:Ã|‡/âÊúSÖ‘š5Õ×Ô,z¬ Î¾ÊŽL€»žP§ã›v‡¬‡]zaÇÔig¸PÃËîE°c\û÷Øœ¤§»zÙ±,ŒÅÊ.Ïô²;dãÙÕî{ký“#Ø|Ín™”Þ+I0‡á˜ËÔoŠ~OßIµû_(K2*C2¯—å aI:C—²—å a9‡K^ÐéIJ^–ƒ,„%-èÄÛëî±dYlŠdªÝkq=&gÕ“”¼,YKŽÐ×ü^–,{»~óþÃ/Ý/ã:•I± qkýÍ\§¼½0\–°ä˜œ"6Ýa)ÈBX²_ÖU{LŽªùÂr;­Õ)àYöÞ¼uÖ‹“S—kz²†ì“¡y§ßR¶Ó…ÅZrËEÖÃpzeHÔi7ßZ7ŠYCòÇ9°&¾pÁÓ°~ô2<d©Ð)^irá `Èé;ëX_ûÆ ž®|œà©»rfùC¼òè!9»óš/•pñÃ³,x†ÃÙ;Á$y¹§ÏVÛµžFãû«4?d±'$ÓÚ—{Î7«å aIî8îj¬ÖU¤—%»#öŠÛÔCr^–,Ã²KVYWc–À¾¬§ìíŠÛYpE€CrŠØN}ey¾´jEOÕä*¶nksø—bk
Ä=qg¬él}‘§xä2Mi?úª^R‚OY°KöhÃ=_?û 
Œ=pg,éôd1+üŠrÎÇÒÑ‚r… äS½%Ç‰rP… dEÙÌ,k9Xß@É²à÷êfíÈYËç‡o†yžx OYðé€ž·Ë’–|bƒý•eÝ/Y¼³Æ’eáÃ’J¢bÄÌ=–ƒ,€eOÜ™+­»©ÒÚXî§îªuVbß%ÙøÌúÔÃqw¼\XÎJ6¯$è®ê™;s`•®Çã X²–dlb`Ð=–,{»ËJcI~Yâ²ä$­jþ–ƒ,„%”r#½,YKòËX–llñãr…°dcÓ×”^–ƒl<ËÜ“wYæ©K}ãr›•Ót’lü	¬Ì95[XÎÇ1]&nãQ’Ÿû´§äµ½É%¿üÝ¿þùÛ_ûËoÿúÇ/ÿó÷?ÐŸÿòû¿þï¯ýÓ/¿þõ×þú‡?ÿúúãWŠ‹T=úï?üíOÿûËoüÓ_~ÿ_¿û÷ÿüýxdžŸâÏ¿ýö·_þñÏ?üýŸÎñíéLWXë?ÒzjÑ]«rLð)»c|ÒS¾J)»÷#d!?Ò’_÷þï²,åõàaK–…¿pÊúHâñËAÂ²¶q¹ÆmÁ’âþØ´¸2t°Ü²rD’°L?¦üÈâ™ª¯YnUÉ)ûÅýlOI9–eS,M<ò–eÒ¾–ÅF
ÑSÖÇl8.èe9ÈBX’_®“º¦Øv¡æ7X²–T25Ä¶yY²,|\’_®që¤Øx—È…eJÓQwot•%Ëb#øè)ë«þ+ËítäzY\vùTO}R·ËP”äkâÖô=”ƒ, e&_K»¾Öú¥ðÙŸªØÒd{
»e\‹)ÒðQß°)×Ó×Q”3”’l|	„ž²šÞ°Û#oØEg9ÈBX²[Æ"$Å6~Ä—+Ër
m³°d!,›­%C9ËËr…°d·ŒÛÊ#Å6€6Ó¸Ü‘ËY"ËAÂ²ùZtî±d!,Ù.CY’¯iAÒß`É²·íò=Ë™—†p(KAÀ’¾¸6ì›¥É§¢äÀžÒäSFzù›J“oþþ›?Rê'{¬UŸÓ¤{ÒJ OYð²™j-”£_8‚,äGš·Æ2®Ó®ý3'½Wò,Y¼lnO™Ûû7ž%Ë‚K ó2G³,Ò¦–&iR÷Ù5¹_K ‚y<eoohæQÚ*ªX–Í>–ƒ,„eÝBoìÉåÇ”ô„ìÆ²ÎÏ–î}S’ë%YÀ¸lO™M‰Ÿg–û¢-úY ËÒý2pû§).©ê‹-/ËAÂ2µObØþñ²d!,Ù/CY’±ii‘ß`9ÈBX’±%ßÂÙÂ’eÁEÒý2®×ŽÛ /n|™û”cË`Ÿ´mÙ§,x‹½±•¤§ÒyY²–ì—,+[UNÆËí4U¿Ž§,ø[ÙØ&½×ÎÇR°¬ì—5pÏ ’±%ñëæ±óéëPvÃž²àv‰ÊÆfÚþñ±d!,É/cY6cK“¾•·lÇ¹JËAÂ’ŒmÑO®Ó—vúðïÏH²€½<0ª‹´¾üfAë©(½µ=­72¦‚Ö›¿ÿö´M-fÑKïýHY¼ß\iy¾šŠ órúðYû‘²i-ÙÂqI»v­æ7X²,|"P÷ÇlZlùX²,öZæd¦Ù<ÀqI»•A,Ó±K¹ÏÚý)nXh_{6\A}a©6}
²€‰ÀBç…‚Yæ6€Äcï±dYðbk¡}í¼[&>–ƒ,„%ùed'Ç'íYŸ ×é´lV¶ž¢àéùB»ÚÙp8ßKr…d·%Y×Ç$Þý{‡$‹b¯ ¦§4S[âI² ’k÷ÊÀó"¢´‹I¢ß')ˆH®diYLý¼CR…Ìõ±‰—0~s™Õ«´pó,³ž2Òž”i™õæï¿ý¥î°Em·wþDQÈO”;©ã¢,®Ð­?ÊôXÅÃißþ‰²¢´¯âû‰~)cü‰~ù÷ßþ‰6¯b¶öŸ(‹‚×+m;l¶fe×Ot…üD+U›”VÚb˜m›®åóæŽ `¹ý˜Ú'1mÔXj÷ÖK² –ÛÔž9·Ùh‹!US3Ä'ËmÓXvÙ|æ®=¥>qÇøK–7)m4	f™7ýºÅo°dYpcËöcžU\øÞc9ÈBX’[Fv+oTàN³aÍádÉ²ðwl©¦0[/K–…KöËP–ÍØ’eæãd9ÈXîdle—‚,€åÞý2åÎÆVôZ«åSÎ²[1Äö{Y²,x\îÝ/W$;›Xæº²l+ÉãÔ]V‚‡>doo ¿ßÚÉØÛI­Ssù¤}öA°µw»E9øÚ—=JÇõ¤µ<eá(É×6S’%«‚S@öî–;ÙÚ¤]hû”ƒl<Êy"[›w=9ÂƒRRGÙžBf¹ÅmL’b>ÙRŽ†uR$Ùx³¤§Ô×SÞN”òg¯/çã½²=…¼r‹ÛÍ"ÅíåMøÅ¨<í1¯«þËfÙÛ}<Ú/»¹Ú½¬ˆrP… $¯ŒEÙL-‹—ý¾ <eø¯›röCþ‚m®öÒz÷Ußà™åûù·$aIf¹Å•bIq{iˆaÉ²ØCÍsâ5 Ø·2°Ìv–‚,€eênW¾#ÅÙ’™–+Ë¬}ƒ,À-ùÚ5¬]g¹mJo¶$aÉvÊ’|­Z%,Y[¾kO¡š©xÚ=–ƒ,„%ûeÜÙ_Rœ_æ(_±ôD!$¹bjiäñ‘dYlûG{J•\1µ¼a=$Q ÉÜM-š¤  ™»WŽÉÌ¦fØ9‘,IABr¨–H&äO(Â¶§°SÆÔI‘,M/÷øH¢’dhS<IöIðü5wŸ%9K#HÆT`Õ/£M3M
|$YIöÉ¸j:)Zg¯’ƒ(€äÌ†f:Nà!)ÈHÎÝ'IÎÝÒí=ù¨À.åRúï<¼È:n5®ËåVãçc%õ6lLÇî|YCrÈ=.J›Û$T»™úY¶ ’‰‰÷²†ä±ÉÆÄØž†ë±Õ¼ÔKû«Èð½Ç°=VR'û²™ô1d!É÷ÀÝ,N¢J–¶W'C–­†…Œ«fK^Ô‰ázéq
² †…ý0’!'PeÃõÂpUî/–dãïf¤§9×–ƒ,„%ûbà>Vé}©†V,'ËAÂ’ŒlsÎS,Y\Ï)ÝCYã<ÕÉr…°ärh<Ë¡xaYÃÇe3´l9.édÉ²·÷>Þ³¬llÞµ‡ÊR°¬Ý/÷—ëØ—j`9+÷RK²–éu›Bg©ÿÙo±Ô><ûeàîGíÆæœûX²ìí,íë`có­E,,YKöËÀýÎ?J†œp/ËAÂÒ|<ÄÇ2æxˆöáÙ/CYÖ×óU1,Iöþ¼÷_ÇBÆ¶ˆ—Ý¿²,ŸÅ©öžkÂ¢ø,k\§6›Þæï¿}>VPgŸÜûX¬½;†Ó¥f.0d!ihÚ[>¶_Ôÿ*K÷ÉP–ùuàÄ°dYðœgé›‡¾ñhaÉ²·ë=Ú‡gŸÜÿXØÐÃ}Ÿ;YeWB$QÀNÖÂeRS–$ËÂG%»d(IÞ>4\ÅTŽƒw–ƒ,€åÚ—–•ˆ‡¥ `¹’[nâõ=ßd¹ZÝòÂrºÌx–OYp×ÇÊ¶&ÆîÞc9ÈBXRòÐ
JŠdkñ,YÎ’mÍ²ªô±d!,ékŒeYla S=XÎ‹r>X’…°$cÛMý~^‘¯Ë(á(„ 8{Ç!=Û¸ÓµöU¥~™ú:‡žfÃ¸d,·Þn£¿c—Çö9§‹<ß³d,·î—,{šNQwž¯,³v€í)î­Ûz¹T¯öxY²_‚ÇåÖý2pw„Ót²Þƒîf9ÈBXR<ÀÏr…°d¿Üéi:zïòô¼¹úÃ/•5‰ aÉåR½3d9nÏUG9¨BP²]a{˜Ž~Òr ä0K#º¥ 
@¹w·¬ßq–NÖ»—/(ó®ƒ,àL,gé,†¸¥3ÊI¹<\R… d³,úô(±nò‚r:Z_ÛŸÌÚ×Á²àÔ½GÏY$.”ƒ*%{e(Êfj“ØXqå AÙ\m'à·Pª”ì•q	=óÞMM-ª»Q²,ö[8K§.ó üPÅÎ`'ôl)®[8JgÛ¿F9'å¬$?í)=KgöÍ`(Y{…X™z¶}(JZŠ·<ßC9ÈBPÒ
pÒ7»œ(UJòÊWï)Sß`Œ•,‹M(=JÇ°íD9¨BP’WÆ¢$SÛ|^iAÉ²`”œ¤S£_°‚* eê^W¹+=HG\š½™öìJÖÒ‡ìí¬úuTÊúHŸeÇ¤íŽH²–l–q½°¥é8ß°–C¢,„%-w½Fàe9ÈBX²[Æ•îJÒ#á®,Ë©_«ý Þßì(ÉBX²¯éu/Ë’›¥}x¶ËP–äk«^†õ²d,s76}æãcù”ÅV|Jî~W‡-=NG×v²d!,y¨—	¼,YKöË¸ê]é:k<ËAÂ’·£ç>‚,„%ûe(K66ý[ç#›PÝÄ•d!,9< zî#ÈBX²_Æ•bË3TGïòñ²d,9T§Öh–‚,€åÜý2eÕotxeiî×úÅn@—­“t’å‘?SÖìá)vË¹»e(Éfk“˜7~%™¶Ó¨ÔîšÿW
fŽ57ôøÌò¹}ž®75Š~…°$·Ìeõ±c•^–ƒ,„e³µÅp†ÄËr…°$·ÌqýÍ…£v²~îàÊ²(—H² –¹³*>–OYp¥€“|BY–¾TzÕë¾ï’‚(„$MõÆô¨Ÿ$'ÃgU…€$³Ì;$ÅÔããù:|
§í,†­.'ÈA’2p„Ãv²¶®tƒdQìM¥tCÓû{œ Y{Ü ”n“qmÍ¥ôj©²9âYB©§çìˆÙCWù±ÚA
ª µ{d È³#¶x2¾ŒA’Ü¬è'€œ UHöÈÀmÎØÉÚ—ä 
9ÓÅèú«Õ	’Uá Ù#CA–×rŒ²Ô£¥bÓ¿V…I®‘ê§œ$UI6ÉÀÝ­jjìñ“T${ºŽ¡\ç")¨H.Ý%÷CzÈŽx+ò’‚*„$š¾µå$ÉªàùÎÒm2”$HÅcÃ·Hª’Tžð<Uác’|r¬ºrÄNcÅn‘dUøÛ•>”x<âÉAB’|2–$9šØ¬ö5É¤.'Y Ê°Sƒ—“OUì¹ŸÒc{æÀJ]Ï×sŽ¯(çä¬m„¢ähb²É-ƒ*$ùd,HZùæ®y?É¬u¿>eá(ié'º¿…rP… d£,º®ýÖeÝ(ÊêA9ÈBPò­ËzýÜ‰rP… d§¬Ö­c…ô”ù±P*|‚, åÖK¤Á£RP ì=sàñ‚ž¬³F¥¥ AÉ‰Á£RP… d¯EI;‰Ú	Ù†2mG^OC©tØ	²”Ü¢ªO{¾Ù’TÕîÀÛ(Kø¨dSS§=ÛžOÓž¤£d!(9‡N•N”?!Ý®ô¸ž9°ŽÞsu6µÒ³mûék@9ÈPîãŽ ”‚* eë‰D¹÷ Z p¢d!(¹Rªq¢dUð´§ÇõÄ¢¤ vB¶yåtº©2mÚ#ÈBP’«e½ ëD9¨BP²Wnoq®NÚ”¶WBÙùt”êŸ§,xËÁ:–jåÏXWö¸ž9pW¤çêˆGfî¡dYl×kå`"v>|¥¤²ö¸ž9î`Aå\¼é%‚ÊEIdd!()„N¿fdÙ59Pª”ä•%n_¤r®ŽeÚ3ïG/zÃô¾p'ÉBPRT€ØHå 
AI^YâZÑkÏÕÑ÷E¶²±émÚóþ+ÉBPÒÆ›¾ñ¢T!(É+KÜÎHå\¬W{Ü(Y JÖYÄËo T({\O‰Û©=WgRÛzè»œ¼Rý:X{D¤r®NÑÆzQª”ì•¡(ÙÔÔ³>n”´®œ°gðjÕÑ{¼(UJöÊ¸M®Ê©:Y¼ÃüJ’Ýà(ÙÕôiÏÒ¾4ÊA‚’½2®œ^9T'‹!ÝCÉ²àlÕ/Ã½RP ìQ=%®pW{¦ŽŠ{E™ŽUeRò|%QHZÿéÏ^¬Šíì©=§'$;¥äyþªÓ?d±ÍÌ5[Ò‰òg8eé)qe»š{³ªZu£d!(ËëFÊA‚’2%[šZ¶s£d(9Ng#†n T({HO$JÎÓ™µ‰¥Rd!(›«­úÕ•^”ƒ*%ye¬ÀÎÝÔôù«å AI;ôC^”¬Š=øÓžB^Y+°s75½˜îE9ÈBPòúO=dàEY~Â¾HÏè©XÓI9þË²à,‡éýžgÊ§*¸l×#z"Qkg¥ A9ôàÈ(×Gú¬nh§]>TÁëÊÒ‹’LM<1|å A9›NqyQª”ì•ÅôÒ·£_°‚,e1õÛyQª”ì•Åôž©•ƒ, eí=8j“ÖJå³wU5Wñ&ÊÕ‰’SuÜ%í—$A™L1“^”é5”‚’½2p_¤çê6ž½(Y¼ñ\»«y§=*ÊA‚’½2°œ^ûPß­LÛ©¡yæûu²”Ü¯ª—œ(UJöÊP”T,Í†rºå @ÉÑ:U<¹t¥ 
@Ù{j\oz]º©éç¸.(“6d!(mÁvËò¨ëRù
ª”ì•¡(ÉÔ’ºY—|tÁj×pIª’djúéu/ÉAB²„Jö´p’¬
.Û-ý¼ˆÞmç$ÉªàUeOì‰%iëëY×sÌ¸²W¹ü”®žµ¯þ,¥ô¤Ú½+¨@®á>¹ë¯gÚÁuI’ýÌ2"°¡ÂðßöŸPçYÃ]ò¬ã‘ƒ($åêdýÐ$«‚§;=­§vôXñšë; QHv³pƒ*${d(H²³¢¼8A¢ œ©³è1¾/ •ÉŽ 
 Ù“zjà‰JŽÔ™E£yYKNÇ‰Ê<ióÖ§,xÂ™:×ì”ƒ*%»d(JcÝµáû<h‘g­Y… 4ž¨t¢ü'*{RO,JŽÔ‰G9ÈBPRça»Ù‰rP… $§\»ì¶qáƒ’eÁ/Øž©#^ióŠr?o°¾¿¡òC\xíQ=K`›ÝÞ+¤úvÈt*¼æEûi²–´ø¯£~­¡/Ç)—Mg9ÈBX’[.m =TGÌ»Çr…°äë?ôòÀz:yf@9¨BP’[.½ûakÿ  ÿÿ¼Í®$·‘…_¥Ÿ I2ÿze	ê1yá¥ ¶ÚåÍ<ý$#²~²Uq§wä>y‘_1AÆ¢ün¹q®¹iXzP6ª”Sø¨¬[oÄ¦}(I†rþy¨‘:T'Õ#
­(Oª°(‰ëSÆ°QySÜg1†='”åõÄç$+ÛÝž²ÓîWJR…	®O!¯ÙÑsS¬ýDÓ¼ç6LãëQù(‹Û;p}J]Šw¡$Uø¨$¯ÙrSÜMM<.ü„r¹l(_–î^ÊBPÖjéâ•ùÍñ‚—ª”ä•!5Ø›b>zVe#@I©:“¡S¹íËe:±Ú?þíž÷ÊOfRð¹)îãGŒ.zbY¬RùF¢°Våí)¶ ‚í²Ü|>O'sIÆ$h$«W.!õž›bmbè£räÏuû² ~’…md¾>%?_†n`yþ!Š,YËj–±,ë™±’ù4*^êJcÙÈBXV[3ì™Ü.ÃÍòx
#Y6²–Õ-—ÚÝMqµ\SYN–$Û4ÉOI|µ¤>‡}d¹ÿÈ–‚,€%ÇõD²ädquvî>oùa=²h3ŸCV‡½=eÚ×ó–h;ËFÂ’ü2ädåM±N7ã²<øåözÏÚI>.ihÉõ±ld!,É/CY–ç	ç–ã}lZµ: aIWXr
},YKòËJìMq½dCQ½÷Õe>oh_G#û!–ï_§ë„ËC¶»R ýñä—,)]g÷wŸYÎéÎ²ŒÚííîA«¯c76ý:.7K’í.ài<ùe`Y=s-6že#aÙÜœÃ2æB.í'¿¬«S¾N6Ì}æå¾ù®$e#aY[Œ¦
Þzg¹½ÞûRPåÜž%°°ž¹lªû¥—e#`I	;Óf©xX²`–Ü³VÖ9aÇ°)ö‘åþƒz\_éu4²bY´×±ÿ%â5ª¯YNç¢üÇ?Ë~ˆ¥öÇ“_†²¬Æf¨¬/Û½V°¹A{$gY‚bVMËFÂ²úåX-¼Ô¿±Ë­R0Í§ÉÃ"½Œ»èÏ?}÷Ã—§·ñãw?~ùéÓñ_¾ÿÛßé;]Æe¾ÃýËñPI».þ,·7ÍóÃŸ¼iüY¿ê‘k`Ý®°™Æ¢‹‰Î~·-×zø	² ~ÒÉÓt’éÎ¦ÛU•Ó 5mYÀgâ©åª®=YÀÚƒSzÖÀZÅéŒbÐÍÓ¾ôõa¾ºhóÕC¶»†®½Žj`b3§e#aI¾Ê²ZXÑA¼,YËºà·±ô±$YðNÎéYë;¨“År×Ó7v¼÷CÊzZŠ‰¯£‘°¤Dyµ\<êa)ÈXrPÏXßáD'Ëéœ[$¾’×w8RGLêcI²Ý5í'¿¬ïp¦ŽaíáeÙÈBXæçBLËFÂ’ü2$Oâ¦hÛëeI²à¹Çêˆ7S÷±ld!,É/ë;¬c˜ûxY6² –§¨{'w–Ómâ¶ª{´Y Kì‰dIÙ:YK1³–Û‡l÷‘‘÷Ëm
×Yô³²;ËñVh\Îå¡†.ÈjèœÙËr7¶¼é½-/ËFÂ²ž„?*},YKòËÀÝé”°3ŠgûX’,|\ÚöÁºYÆìƒÕXV¿Ükx²“ûæ>"ËFÀ’Rv–)ú+ÈXrxO$KJÙIâm O,×{¶ÄþƒzÜ;)TÔe=õõ¹¢^+©×æ…¥FðÀp:æ<‚,`ÎÃ©=[àÞ,Ž×É†o«“á]Á°.üVË¼ÕÇ°‘…0¬þË°<§]½`¸ÜÏìG!Éº;“-Ãý±’ú>±4­#}I\CçœžX†“íÜ–—á]6ž!éˆ“ì†‚,€!çólµsÒ·>½Ûæ6Ãé[*¾ŽFPà Õ²WÀÇ’dÁýIÎç‰eYÌpöÎË²‘…°¤ñ,IÎ²„Kj$šÎÄÞ^GYµc¥‚,„%m¶q®,YKòÉÀžGéˆW<>É÷ýçóùÎ-Á'Y÷.žÆ'ëcŸÕÇM¿bôÄpÕŠÄ’l<Ã‘£yŽ”¡SwÁ¬é~®yIÊ·U’#…è¬â½ð},YKòÉ¸¾ä8X}ÒËòøäH):³ŽÙÇ²‘…°$ŸeI†¦ç,yY6²–¶ó“n–ßàüäÈé<[\y¤qÖë¬^–ä“Ø¾äÈ1:É7çÑY
² –œÎ³Åõ²FÒËÎO,Ë‰åû¼I6þ\s}Ê|²^#ØÿÞÛ„m•¾«,¶ÿ1r>O,ËÚ@4ìð²ld!,kqÑÇ¥—%ÉbÏiœÏË²`Æe#aY7¨ñã’dáãr
—µP*nŸxfù@R}$
•£³:Ìã½ƒ³j;v%U€Yr8Ï·Y`¤œ-Ø[y`VN¬I¢ñíå‘2tæÕtöÖXFmÚsÈ‚Ë)Ü*9CÇ0$K°eSÊv’,`
›¸Vj9{ÿ.§é·ø;lTãOnœÌ;(+K/Êo±²L	`Iæq¡$Uì!Ê‘‚y¶!îì˜¸£h¸^Ý‰²‘ ÌÜY•‡jwà=JÊå	E™y¨ï—{^Ö4j(YJ
hµd¹ÜQæÓß.¢$ÕîÖ³†2ÕQ·käü/ÊI+÷²”tŽÃûêBIUØîŠº†²q§)ÇÌË?½Ãu¿½JÝuíïoåYÒžögZv¤{KnÕ¿ª,„d(?ZôEó»‹Fóã˜Óns¿C¶{Ùñž_aWäG19I¼Wþ¿¬½ŒF°€¤œY¿kâDrÚü³,„d
‰’cÈ\æû¹ôyÔ_G#aIK=ËWËFÂ2ÚÖÐW^–UVýiw³¬MD1h¯e#aI·×u¤ÈKÄË²‘°œŒYèN–‚,€åÄn··näðÑržÊ­Ã}ßòœ´É» aYÍ´gàaæ3œÎóÈ|•—v&öËÀ}YWFu–ËtïgÍI›
²–ÕØÄðï>–,„%ùeà^žÉºŠô²ld!,é²åx–$‹Í='öËP–Æ¥—%É‚ç±ž£ßéãd)ÈXÎì—,gë^žG–O)„âëˆÙË£¾Ûžá’—‡‰›RÜ8d“£¸1NÛ¸­w¼¹=VP'ŸÜ[Ç¡9‹a]édH²ÝÅV!…•[ª=>†$ë9hæbHþÊ°Øª<^†,„!m²QÛXn†wYCòÅÀ®òÌ‡þÙ;ÓÃ¹žMÛù"Èšï¯±¬#=eãRæÎ6ö )gS¼aX´ÆÕ!Þä±Ð&T±ëöšáT”|^I0·¡Ì`–Æõ£—eÌúQci>âcsDcYÂÇ¥5SÀÉ²‘…°¬F¦oóp³,Ïå"Ë)|\N¶>ÈáÌrVîÒ’d,W^èù¾±eVÂ…%YÀ¦È•ý2p£ÇjÍ@?±Ü”tIÂÒœ1àcÙÈBX’_ö´8$ÇpF«¬÷Úùþ¿•q)ÈBXÖC€qÙÈBX’_ö´Vn$êýI/Ë*«Æ¢v³¤…_ü¸ld!,É/{ZšcÉp²ld,)<gözX
² –ûe`O‹ÃsµóG–SVîÒ’dužÍÞŸô±ŒéOj,É/CYRT__zY6²–ÕØLYË>–,„%ùe`ý•Âs²¡âeÙÈBXRÈ\ü¸ld!,É/jmllz­ÀË²‘g™(Dg0;X^e±,÷§_Æ±¬Šuã^SN“î?Û÷ëKI6~îSŸ2s³XjGa¯²Ø”i`¿eI¡ z6—e#aY§Îž…e#aI~×ëJ¢—$gYžOUÅ°ld!,«_¦¸zlxã^+ð²ld,G.œFcYð7–²yBYrˆÎ¬×cÇõ~'eY5–‚,„%%øÖ$ûÄíýÆ2I6¾O’(›gKqµõD!:IÌ_hX>Þcø¾î#ÉBXÞ7à„²ld!,«_Æ²¤8z®ý0=°œ”,«,¶†—8DÇùµ°$Y8Ë)|\Ö9“aîãdÙÈXRŽÎlº÷×ÃR°Lì—q=¯”x!¨÷¼N,åÊ±«,xîÃI:ââÏÕó=ûbT²˜¯²ØzlJì—q=¯ÄI:‹a}édÙÈBXVcÓ×$n–,„%ùe(Ëf!Ãò[¬/)KÇ°—ÒÍ²‘…°$¿Œ;c8KGÌÓècÙÈXR˜Î<E³d,9£'’%…éŒâÕ¹ÍýL¯Ca)ÈBXÖ9z=ÖÍ²‘…°$¿Œëy%NÓ™M÷¥¹X6²–ÔhŒöËCÎ’ü2°¶N:£å~Q'ËFÂ²ˆÃ÷±ld!,«_æÀ‡ëê>^–$þÆn4ªu'KAÀ’Ó{"YrÐÎjºÏÐÁò×}(hgÉ– 4ËFÂ²úe¬pÐÎýd!,i!¨Ö}Ü,YËê—±,icŽ¾&Ié~oSÞô×ÑÈBXÒB0þÛÈBX’_Ö

›>õ²ld,9hG¿ÂÉR°äüž·×9qÐŽx½ÜS­àáƒ¬nd!,ëBP<@ñšešO½è6¶_’¿Ã q~O,Ëº1Ç²GÄÉ²‘…°¬A§_ZX6²–ä—uŸ‰‚†ž“e#aYl}’õ2Ý6¸¤Q¹å*ÛÝ'ÑX’_†²¤Â©¾GÄË’dÁ~ÉA;â¥Æ=,Ùn¿|Ï’ó{r`Ýgn‚:Ë2+™é’,„em4Ö—,sÑæ>‚,`îÃ9>±,i!Ï²‘…°ÌþqiaÙÈBX’_îåàÍ°¯ÀÉ²‘…°¤`:Ÿ_ZX6²–Õ/K`ofcs²´-¦‚,€åÂF½VðÈ²hÓXA`—ïS·nQOÔ%É²ã»µ¢³v“§$AI}Fß°4 $Uð,–Ó}bQÚN“,Ëôp*zÐ¾°‚,%ûðÍ|(UÊj–%°€·°«©M’e.÷pŸ¼ê(YÊêjâ‰î.”*%ye`Íg1îõYòö°¶ÌZD äqCDJA€rÊò¼‘õ@ùÝÿüúû×}ýï>ýüÇ/õŸúòûÿþöû¯Ÿ~ûý·?ûåŸ¿ýß¯ÿx¥¸JŸìù÷¯ÜÄþõõ¿~þôå¾ûþ¯_~ðÈÅ?¿~ý÷§ÿüùË¾ù3{?ëçq¼bTÌëßhÊ:çFöC¿Qó>Õ(âa­®ßh£
ù¦ôÜïE™ö9÷¤NÍOó¹tÞÍ.¾ŽF‚2-ûF¿ýÏ‰’TÁÎ±~ÎK4Ê:ÜÄ0®>”,eI—1e£
A9…Ê©\¦YŸš{Q’l÷|N}óeKáØF€rc¯ŒË¸©ŠûðÑÏ:=£|¹$@¹}Ó>åÓ÷ûîK‰[ï¸‘òíßÈBX’Y†²Ü]mÕýKÏóeX
²–»­†½Û^–$.dQ^Q™¥Þ'ç¬¸H³bÏäüŒir~üûÐi)—A¼G·ù‘.žÉÂ¤e¾dq·çëi>Ø–ÿöª
žÑQSYûÌ»ârYÅ¶{J’ÅÎè2&zÁŽ²ŒV”WUì4 SSYâŽŠTÅtYõ+ò–exØ0ð¾¨#‰Æu2¥%%=ör8bˆ UÈTÇd\¹*îƒGÏ,t‚lD! ó>ÇÔo õ‚lT! É'ãÌU±½ò±5óYédI²”e=«e•’eUÝº÷
h(É'CQVC#ÿúP6² ”””ô»|(U JŠ_*kÜVª¸ŸÅ‰2)‘=’,åîi9Y¶
¸P’*euJ±Ëða”ÕÔ¥e/ÊF‚’\-øËª	ü¥ð¥Øð©ŠûðÏ$>¡\ïwyR6ðH²”»«¦5¥e£
AY½2e55qYÖ‡²‘ ¤¤4£<T±åœØ+Q&25ñÔ÷[”ïw}\e±Ç)3e$É÷kt¡¬ªêõF¹þ<Ô-èå(žrvW#OŠÒ– [5R•Qª‘ê¿wÿFoŠù2‹Í Óot›¶‡#¿Ãë©ù£¬šLðáßèí)Óe³Íž£óý}Râ¥*ä7ºO“r	©˜?*NßÎr’éøÒ¿é¶^óx™tKtÿFYÈo4çË–-Õ9×o´Q…üF÷ù_žBÊ¬7ÅÚJS—Ï(‹†’da'@nOY.ƒqÚ…’Ta³›ëSö7ºÍÒÇáÃŸR”:c¾ÏÍKãç†þ}HW‡ÇÏC¹ä¬¶¶i½wuôßè![LÝž2_ý†\ßoôP[âøy,;ÊfÀMq÷¢¬6èÜ(YÊq»Ì£eßµ%©ÂNC\Ÿ’¶h”y÷"ñ¸zJ’Oö§ìþ$†±t¡lT!(Kø¨,uêÿmd!(ËfŠås¢lT!(É+C:;¬˜>ÉrFÉ‰R LÕ‘—ÁÒp <Ta…ÇëSÈ+CQVS3|`ËíZ<ë QÈÝÓC,d£
Yr	iÑ]ÉÒôIÏ8ÝoHIëë¾/eCw%ÝžR.stIGP… ¬N¹„´ènŠuøèNéEI²ÝŸWõuì3ÍE½äØ‹²Q… ¬N)ný Ê\-­ˆ³”‚, e®ž¶Š¡e(U ÊLN¹ÖÌ3›š^Äò¢$Yð6³«Ï_UJòÊÀÒrÆxå!ÛÁ{{JuµàZOþ&^™Ù+CQÛüÕ‹²‘… ¬ë?q/NÊF‚’¼2äˆ+ZþéÛYN(7ä¡
;]w{Ê>|6KLÔ#É—§xNªàïka«¬¥—êieð}_$UÉêi“wþª’lT!$É)CIæçÑ#gD­·Ý ËëÝ /5!«¡‰ç®ÏËe¼ýí£þlT!É&;°¥úY*z6¦‹#i‚=²ðÊOo¿æË¶:8’*¸ýZØ#‹è-üôNúZ"…¦SÄ©ð6U É‰J¤â×$Ãß^UÁ9±G^'î&ê7N9I6ª’µ›¸ê%t'IR—Ð'òÈ˜ÃWÅêgbDèSNÿ|ï†LÚ×UP…¬ÍDñ>Â.’*„duÉ˜³7ÅÅ4Ûq’,!ûÔ·ñ<z^‘\‹ƒd£
!Y}r,ÖÍ¼êÓïÎ¨GÐÍ+kA@ræUŸ^p‘T$gòÉ˜t›â¾êÓƒ¼$UÉÝÑÖÙ²)ëàUýÛŸU!$É'CIÒºO_ƒ”í^˜_Ç´¼T…ÌÏ•˜—«Éíî*ÉFB’|2°*0³£ùHÍ'UÉêh†ˆZ'ÉFB’|2°.°ðÊÏpÇÔ|±¤‚½T\¬ëIIA@raŸ\O.¼òÓÓÜk`µƒd£
!YW~Ñ_×CÜh^È'·ÀõäÂ+?ÃÝšÓ}Æ³j3AB²:ÚüueÕþâµ¿½úä¸ûc©ŽVÄh—.’¤Ú­¾í©®B’Tác²úd$É•·¦êwØ<’ÜNCÂÛT$W^ùé•G’³áoV\É'·ÀÊÀJŽ&æÚw‘lT!$©‹è›ñH6ª’ä“[?ÖêhÅPw‡‡¾áu–ÝI©x{JyXvFYC™n|ÖY6²–ä”¡,ëÚOÏã]·íá®Û7ØœdÁ'
V>Æ¡ïÈò²$YpÅn«1C
üÂnäj‹þ…õ±<d»ËïYn´üå=,YðÉí­f)p\näkbHË*«‚t³¬…RÃÝ}^–,„e®ã2°þºÑ
pRs²O,Ëðúú»“,ø ÞF-EÃÂÒË²‘…°,é2åÀcø‡bï1üCF*(šŽáÿ>pƒËöyÊ—!2ÄçP”>Š¾WUeÄëÁŒ¯Šþ}è·yª“uþ»¥Å3š§ç8ÈhžêÁý»w4Oø³{iø<¬;É¸*|¢€§¬ß\ýH²¼Î~;‰ba¦áuÚYÉ«,¶3¶?%Õ1÷ùJ”lÁZ>’U«•(ÁiâI6²’9|LÖë£~ÓG’D±ëÑDN–Ü	/ÉFB²úä×OI”lÅîRÉFBrwãEÜ$ÚG²‘É'Ådº’ÙÒ\3žò:åÿ¥(€$E]/b¼Ô’“r®ä*'Y}2–$Ý ¡Ûó‘l®•€Luð8ç®’,„dõÉ)®3–(Ö:ë·È;I6¢’ÕÐ²Ó'$YIòÉ¸õdâTk1ã¨‡d#
!¹Ú<;ç®’$^…$öÉ¸J_Jli®1y¾O )ˆHRÌõ"n~yKòýž	IB’|2n§eUœ $Ivëøí)»¡rS½$Iì“‰}2°2ÈÒÄ[HzH’(ì•ÛS’é(ítYo›D“vžû*‹í‰íO™Ê‹¤­”¯Š©ðïd,åë¿œ ìŠëeö”?ÑFðÍŸ‡qÿ¿X& žŸ¨ ø‰æzkp(É\íÎÐês‘<D±¾DÁMKŠþØ²’©„†¢TÅÅ[†4lD!$ó|IáãWE©Êëùò¾‘1}y89ÈT6dãÞ/]©ýÚOžD±gÁëS¬Åfßx­²3üË;—˜ÝXë(†Â–‹d#
!¹/Õ7Ã)/ÉF@²Ô¬úÝX÷‰‹áÒŠÉ÷É¸’(àË[êR}3\Èå#)ÈBH¦:&ã6$VÅzÛ‘aí"™ž¯P‚¬ÇµKÛÀG²‘…¬>Kr_–ObÅ¶‡díOÚÐHîn¼®ñ$YIòÉÀJ!KÓž:I6¢’ÕÐL…-ÉF@rbŸ$9‘¥é…­º­ô~¡ìúú¾Ã—² –Yš!5ÅÇR…°¬NeTëDÓ´EØÅ²‘…°¬¦fH¥ò²$Y8Ëê•±,ÉÖL[÷],«,ºž7‘­Î,zY’,¸y0‘[SUÅ|YÄ{¯ûXVÙþå4_SsÖÇ’dÁëÊ™ü2’åÌÆæc9%åH$`9“±.êð±<dÁ[&föËÀõÈÌ‹@=è8½fY¤×A²ÝGÝŠö:kKAÂ’ü2”e6K7ËFÂ²Ï©–!,IÎ’ü2pM2Wc›ô¸c7K’í^_j,÷…àºEÏcY Ë…ý2åÂÆý=dÁßØ…Œm¶÷°d!,É/»™/}.'K’í®h,ÉØ¢×$‚,„%ùe(Ëjlzü†›%Év×
4–´ŒîZ
²–ä—‡66C‡ÄÉ’dÁsŸ…-že#`¹²_ÆVÅz5‰áž²Éy9U
’‡hw¾Ñ{’+—M}è-kmC¶{û~i¼²[†’lZŒ$cú–I*šÆ“$Y8Éê•‘ŽUqµÔÕ$QÉºt®F,$YÉê”[`õnå­8†»Y]$QÉ	3&Y É|20°*}r»ÜzÐózÚ«µ´¯c{pÊŸúî‡/OïãÇï~üòÓ§ã¿|ÿ·¿ÓK-ã’îxÿr{¬ ÞJu†cMøz‘uÕ@¦nˆÕ"c!6+¿ˆ$[PiÅg9Aê„ØèB æð‘H-EÃžNˆwYÄ¬ Mc–D2ÆÀrÀÆ¦—\½ï²ˆh$’n÷iƒ·óÀžwÜ0S´Ñb¹yþâ2+¯C’ïMîOÇË`
•òÀ¼êÂa’7Æu2¥Í†C^˜$‹Ý˜UŸR»û¾b«	&éb=r
ydÜ	‘<´eÑ˜1ÕVíu»“ukâ+˜m‰îª‹Ý²?…¼2f55ý†7ÌF“Ö{zKË³ÑÀÙ3ãªt™bŽÜŸÙ¢ìç‘d0G«g¾ƒ)þõ.à3;VÏÌC\¡.¼ðó-E,0YLªŽö}få¿_áÙŸ²{f0L27_qÀ³‘…ÀðLñ¯ot!0§ð‘9}`6k€ÙÈB`NÏ³Î ˜. fªž
3±¹ùf³Óv:×ÞÖÑ%Ùø:zN\+Õ÷À:a
º˜ä™q-‘œxA³‘…ÀLý³Yf£Ižwê9'ë®ž|¿`h:…ÀµE¼“¨§ˆ7>ñò&h—ÑtºÀ°Ñ… $ŸŒ+¦WÅ}Øè7éls¢+£Ù'Ge7ÌU&QŸR³Â}RÐÀÌì“0s5´IÜ>úæ|e>­‚,àÓšÉÏÄ»]0]LòÉ¸IUÌ¦x-/ÌF“ê¦z»Ë³Ñ…À$Ÿ…Y›‹bû¯f#Y×€âZª&éb7õäÌž
“ú/ÌFã™‚. faÏl{qÄÎä„9Óÿ~3‡=d½èy{žÃÖÇ
êµ^jHqBt!É+C!’©ékÊyóA¼ËöAÜDˆÕË!”nˆ¤®¿öÈÀÎHáeŸ¾%Ä‘d½ûzÌicª¾KÒ±Ñ…@$o…XÏpˆ¿>ˆUvñ–Ì«w–‘¸®Ž¥ èQRFOKt¦3é7…	Ž ˜àp˜Žaú;˜Âˆt#’BzòX¢›ÌëH'Ìo±Ž<Òt,Ås'ÌF³zäXá¡8eÐ·‚xa6²˜e¼Œ¦
f£Y½2&™Z<ÌF“¼ð™mt0göÌ@˜³yé‚9?¬#q09PG¼QôææÙ¤%è&@3{f(L2·®Y¬³‘…ÀlÖA0cÖ•LòÌ¸Dªˆ™,fÌF“<3°öÊ™:†› ½0I¶û¶*&y f£€¹°gžáP±ÿ¦ºDÀ\¨V*NÅí0…	 ˜ -ì™¡0«¹‰ùp}0YÌêmâ½)0]Ì>2óó´3f#Y÷â}ŸYf£IžØá\±[Ô³‘…À¬Þ–úf³"ÌF seÏ<ÄÑ:“ž½äƒ)È`®ìm–B»¦ IžØ-átq;iÌF³z[À$]øÈ¬ž™»&°3;»&˜$.ç­ìmá³ÙC\›¥àž`˜u3Î=d!0ÉÛ,…v'ÌF “²{BanYg®êa Aphco_šº˜Õ3S`?“Ãvœ#Ó³‘…À¬ÞÖYÎ“ÿúª>?²±g†Â¬æ¶ø6nY`’,ø˜ÞFÞ&^JÕ	“tÁÍé=3°k²}di³ÎT_d)èÆÃ,{f\×¤ln¾®Érhj_‡$³piÛˆ¦¤Iž×5)Â³8·VZ`’,6§ pár'7ÌF“<3®6[8„g‰‡ÙÈB`Ò9IË¶'ÌF“<3®6[(„gcôÁld!0kžÀí™’. æÈž“CxœºïãÐÓäžðØU<49Ü'Åg§ð8·²›Þu4±eƒú”:†Â]SÐ…Ð¬®™ã2DÊø‘•¦é}|ƒ¥æþZF×®ºØºAáxŸXšäo š¤§Y×„9|y"èhr¾OŽ«Ï–Ôú[MA@3±¿…ÍC<69à'Ç•
'ñ8·è™Þév·¨Õ÷1?ß‚h’.6¹ pÂO,Mò7½«¹fûŽÅ«jwSóíŽÅÂ¡<¦3
N–¤žqØO,K£k:YÆx¦Æ’¼-º§)éXrÖO$K
å™ÅÀG+Kámª€ol&gKáãòÐKŽúÉåYÎäËÕ],I{ÅwáDžÝ“t!,É/«³ÙZu²$Up¥=“¯¥ð¹Ï¡žûpÐO,Ëº[GÜzÑÅ²Q…°¬¾f
mr²$]p5s~r`m–yÖžy¬ð6U ËÒúZKAÂ’ü2ntá\qƒKRc%ˆq,]KòËÀ*;Çóˆ×v±lT!,É×Â¿±‚.„%ùe(KZ	ê'KòKðš„³zÄP¿N–.€%g E²ä°ž®Zð6U Ë‰}-¼"{è‚ëëT»%œÕ]+T!,i^+t!,«_–À^ÉÄÎ<÷9TÁsŸ	´¾œ¾Éú’€bYVg[õý"N–¤
îzM´G'¾îsè‚¿±œÿÉ’ƒz›Ÿ],ço²¾œ[_a)èBX¦àq9[;˜N–*„%ž—‚.„e´_rLÏâ©­?]6ÓÆ‘^EÉp<q¤ëséšmÈ©IL2îˆP™yùgØT¹^6Â»l_¢ìþXI½®úÂ+v‚. "'ý”Àn%Gòˆ¡¬fˆíqZI6þ8m¡Dž1~Á¡‡Iö
“~†s^N˜,æîc£è0]LòÇÀs^‹u=é…ÙÈB`H¡çÐ{%'ý”À†%EòÌâŒ>˜,f]ùåøÏìÿ  ÿÿ¼Ï®ô¶‘Å_Å/0‰"õ'«8ˆwƒAd³4c` ±ƒÄÙÌÓXÕ·%uÕU±.ë|ëÏ8jëw©C‹‡¬þÌrÒO$LŠäYÔ÷q…¹”ÇëNûr=¤L|ž²î‰˜»ÖÇ*êuÉ§¶òvATt!É+·*9ŠG=¼( ¦ÄlA$Ù1iêuÄ  ’.6@-s²O,Ä©m/Ä‘d
bME_G*ºˆäZ½³ÙE/D’]Q«w©uBº ˆœäSw²8r§¢2ÁyÊbÓï2'îÄ—æ]Ìê%°4Ç‘;E/L!Y×{©å†K'L¡Y=2æÔVáñÂ²˜u½¿ôPt!0KøÈ¤Ÿ1k‡aH×åËbÜ
­ÉNŠpâÎî™Šn<ÌÂI>0Eî,ê}Í0åëøÅ¶1NÜ	Ÿ }èb[ìÊí™ehZO~¦…À¬ë¿€)t!0É3ã¶¶
GîXá/_€)d!0ÉÛ¢éš.&yf(LZÆfIþ™­ëÁÝ•®é`r’O‰Ûâ*œ¸þ™Ud09pgŠÞ|Öt!0É3ã¶¸ÊØ´ÎüÌoá™”·3†§Khº˜ä™qgeçí¨	º}0…,fõ¶†¶í18.€úÐíÞ¹]XŽñ)q[\eä¡QÎûL!IëA»´>¶ÍSè`rŠO$LNÛ±Nÿ¸a*² ˜¶363¸ƒ©þzÒ{&‡øÄÂ¬æ¦ÆàôÁ$Y8Ìzr¶ín˜B“<3nÿ²¤Öuæ¸Ãùxëp¹4QùP)²ñå¼Âa;E7LÒW€8Ä'f5·lL/L’í™ÌêmêT¼&é‚?³œâSâ6¥åí,£q2ï¦ò:YÀgv’5ÔÏ`®¯ ·m²þŸ²Ý›&÷‰œâ3ÇíMÎÛi˜ÿxY
YK*¡Ú+/K’/L8Åg,³sÞŽÚXÚÇRÈBXÖ»Õþì>–$—Õ0cYîÎ†øÆ
YËÆ /Ë˜þŸ{–œâ3Öe3o:FO~YÀä‡ãvÔ[8šY*ˆOYðª„S|bYÖÛC¬t­/°²–ÕØúœ½,…,„%ùe`‰òvëÞX
YKZ	Ú;™^–BÂ’ü2°ôÃy;jg[K!aY‚j\qK!`É)>s\ê])llöÖ—oîó”o}qÜNSåÇÃò).üpŠÏXøÙó£XÉ¢µ$;,÷wsú"ëi`_.ìÏÇjêóckª«û’,¸ÞÃé=s`½‡rvë€Þ²†¹»Î£2²†Õ—À:çë¨mü}YC2°èµ‡"`Èi=K`M`æiCÏ™aºœ­”Ýêšl|·záX†;ô|,Ÿ²ào*§õ,ëHÊÕYÔIK!aI±vã—%É‚;b9­g	\GÎldvMÀËRÈBXÒ‚¯¥!ÄÇ’|ÜC9³O†²$Ckènv²$Yl²D}J5¶®ý•¥°äüž%°ënackHD;gŒ—9ò:YÀ:rac‹þÆ*²–ä—õÊÙYÔŽÒ>–BÂ²HKô¸Td!,É/CYVcKöÍy^–BÂ2¿O8cX’,¸†Îá=K`­ŽSvZnr²,øk€
…ìŒê&kK’Ïc9»'’%‡ì¨‰ª=,Ÿ²`–œµÓÔØìa©ÈBX¦àqIY;‹štÜÇRÈBXVc›£ë>OYðž3'ùÄ²$ckHÜv²²–5y'·´5ûX
YËh¿\¹'ž%É‚ç>Ï žè¹"`É¹>KàÞÖÆÁèyìS¼&áüí—Û7Y_r¬Ï¸Çµ±±E¯/YËZ8ßëRd!,«_®{]¿³L7Ç8Y
YËº\¢ûYËê—kàž§ï¨güûX
YËZ8U¯0êcI²H–ËïÎôY£Â&XqÝ_ºoî3·ÇótÙh–ô”±6’‡®IYä<–žRýrÚ¿dÅÝØ¬}’/°²–u!¨Çïc)d!,É/£ö¼X±.n™u²²–ÕØšçùX
YKòË¨5	+Öd÷Áæ×ËXVÚÉü¬Vî‚å§ìÃG-%÷‘² ’œæ³EÍbY±a{GRyŠ(`LræNlýN—…¬^¹Î{(sg±æ°•$çà3ËÍú¾*²–5>@= ÚÇ²z¥y?n7Ëê•±,ih÷myY
YËjjêuò},…,„eõÊ-p;²­Ù}[ër\<²Nrû:H<ïi“q][ê² –œãÉ’w–l²÷ÏÎ+¤j/}[ÊëPd,ßýUd!,É/×#‰ÍüÆºY
YËjl}çØõ?ã¿±œâ³Eõà±â
a)d!,ÉØ¢W$Š,„%ùeTß+N—0Ý²,ãQ'Ø½s½_]*²€Õeâe`ôÜG‘°äŸ-°NÀa;Ùìs¾²œ­yìS¹ßEO©Æ¶†žc?dÁëKÎðÙ¢ö.Y± óŒ¥›¥…°¤ð€èZÁS\W§Ÿ<V}&66óìóþBŽÃµ\n$Q_É‚÷H&Ìúò)‹ì¡§ìÃ#µÛi˜ûäø5³²–dl¡½>º,€%eø„²Ì­~éc™¿‰_fŒ_*²–)x\rØNS­àUÁãÕÉÍ,VÌb9j@RÈBH’[V}rûêÒC2fmi‘$S‹®äoR‹Íì•5ŸÌ¦fÏ{|$I¼²Ìliñ$…,€da§¬øpÌŽz øäpÜ©·dª°ß¼–5w:%Çìl¾ªúpŽ¯«FÒSÈ(CQRš€¹qéF)d!(©Çg•(…*%9eÔ¹V¬ÃÇž¿zQ
YJjÆñÕaP
UJ²ÊÀÒeî,êÉð>”B‚’ö}ÇP
U Ê™½2°rÇÑ;v,þåduùÌÒ‚(9z'ú«¨BPV¯w­>n”1>Ê‹«Õ~þ'ë¤å/©vxÔFå1i–ôý¿ûõ—_ÿþë¿ÿõÝ_þùc}Âw?üò¿?ÿòÓw?ÿòóo?ÿø·Ÿÿï§¿¾ú®¨§?ýøŸþùûû¯ýéwßýð_ßÿá?ø£Gæù+þöë¯ÿøî_¿ýøÏß>ÿSÿŸÂYqŸÝ[÷ð­Ã0Ÿz„r¹¬fŽ?…;Ù¸?…óSêa<ÃkSj+ÞÇŸÒ'.îdãV3§§¤²³ì¯—G±î!þK’Åô•œŸ²=V+ïù,I³OvzJ®ã²¿ZtVL¬¶Ù\YN/»šH
QÉœ‹ßØG’dá£²”h’e¢’e{lÖø$…,€db¯ì¯ûÓ{gC7IE@rJþ¤dyCrúdÛýNB’œ²¿XtVÜ-Í:æ&)D!$ÉÐœsž’BB’|²¿Ïë¬ï“Š(„änhk2jñ_ I²ð1I>Ù_õ;+.ï;n$…(„änh«ÚÔt%9<æWSÓ4|²áþ.öÉ‰}²¿èwVÜ‡Ïj¯C<$Q É‰ÍØSq“Td!$É'CIî––­{M—m[^ý]õ–Z5{íî#Q«fç§ìƒÇºoï$…,„$ùdõö¬X‡QçÙIÎëÑ”ò'»Öw²–»¥mê¥d},…,„%9e(ËÝÔ&ëÌ/°²–»©éÍi},I\çÉä•9°þšÙÖìùë/·Ìã'gNÞdÍ]üN·ÌÕÖV§[îˆúþ;Ù¸m•ÓSª[æþüŸ³b-”Æ³²–ÕØ6{5âeI²˜;MOO©~™ké™ÍžÃzY
YKZúæ>-,…,„eõËXÍ´´Zƒ¾ÀRÈBXVc³úI¾À’d»ÏÛÞ³,ì—5ØBÆ64Tî¦ãÌÉ´|ÒPr'`Yª±Í³]Oéuˆ?%kâ¦ÈBX’_†²¬Á±¡âãdI²à½çRm±Îœ|¥…°$¿¬¨—jlE‚ìc)d!,«±©Û},…,„%ùe`M½±YëËeZ{…¦ÙÚöSd!,kÑÔºÏý,I¶»ÃýžåÌ~XUŸy!hdë»Y*² –3-KK]}8æ>£5÷Qd!,É/ë>3Ní^-/K!aYÍÊcÿK’cgöËP–u!hÝSû–BÂ2×	gËšÄÇRÈBXV¿,5¼™ŒÍºóâ,…,„e56µ­»¥°\È/K`o‘…Ó–Š,€åÂ…S»ËçÌò³.÷;UÊj—%°„·°¯ÙíZ^”TŽË…|mn™ÆºP
UÊê–%°‚·­P’,xE²PãêÜ²ºt¡ª”d–EŸ¥ºZQ÷rûP
YÊÚ¹ÚÔèãB)T(WöÊÀšÏZM­¨±ž=(Y Ê•ZrJK-Öò©
žö¬ì•e‚•k¦FÌÈP
YÊêjÎ)lJRï¬ì•¡(kÉT]¹¢\O(ßn¡Y´×qÈþåÏßÿñ‡·÷ñ§ïÿôÃŸ¿{þËþûèbS:èþþõXM½ìp|Õ„B‚<2°8°òÊÏþ°z²„uGÑºÔÔP¨nì“›˜]w½A˜åëPd¿ôAÍÖë¨sËàiŽ¢
AIÞŠ².ø¬ÖÉ/ ²”©mÆšÃë¨÷4YÛ!Š,„e–ÕÅ{žãe)d!,i?ÑþÂzY
YË>.ë’¯¡}ÀËRÈBXÒ~bü¸²ñ,ËÀv7ã©Šû ²·CÆq>®·(×X`ÉòC;.ëSö4Û“×3Ë}ÌÝ÷—i²ñ-ÍûSª_ÎqÛ!Uñý|GK’ÅN}êSvcSïÖíc)d!,«_Æ²¬ÒdNcÝ,…,„e-‘ª=¼ï,·ƒåta)¿±²ØVý)%|\–÷–BÂ’Œ­å »%Éb+…c{æ¸mÊª˜Z¶œ,Y Ë‘úU­Ò{–Ê7V‘|c9¶'–%IÍv;7K!aÙ¸Oée³Qi±$¿ŒÛs®Š©å›e•»·D,–ÕØ¬ëÜ¿ÀRÈBX’_Æm:ÎØ)ñ,…,„%ïèòK•¥°äèžH–”²S’Ýn·NÇµ3e¸°”õ‹l_E}¬¦^'š>†ó5¦QùTd¿ÄðþC{æ¸ÎÂù:cÃ®ˆ“á!‹`Hç}ßÔ†â´&„!ùc\Ë@¡dbåá!‹`Øx<ÄËd»kCòÅ¸ã!%µvðx²†Ôj×uÆ#ñ¶ŒŸ\Ÿ{§
°CNè‰D8q]Ô‰ðZåRþ¢YÀÔ†Ât¶†ÓÍ.”Š*%¹b\»G™8uÎ¹RŒ]Yp%€ÓtÔRñûFózÌR£íH“…°$wŒÛÑ*¯ÍÖqÿÓ~Tß¿šƒÅRÈBXæ¶æóñ1§ì7ã¨&aI.Ê’ìÌ®œ{YÆô¹Z,›ÝÒÇò[Ø%‡ôÌ»“”¦3öŽÖþšNßXÃ.Y KJÓÙ—|,YËê—K`µ•ÓtìJ€›¥…°¬Æ67E†ºX
YËê—KàŽ§é4Ì}¶å4÷É—© ²9ËzV"ãûJ¤>VS¯åÐ–é«¡…0,áã±š}´gN—”ùr#Êd·^†ôXM}¢ÞåØÇPÈr(Ï¸ëAé9ejèÞŽå¤] QdßTJÏÙ¦ûX>eÁþXÂý±p9Ôü¦ºY
YËjdêÍq},…,„%ùc(KÚ6lØÁr²²–uáî“Š,„e´O>ÓslŸô²Œ	å±XÒÂ/º6 ÈXÎá~Éé9SC'–‹¥"`9óö¡úzfio‹?e»ç>Ö'¿ÜYž1~©ÈBX¦Ö®:K!aI~Ê²[ŠöKEÂ²[CÌ€—¥…°,áã’ŽqØ5»<µùH¨¬+Ï²Žuå¸½¯+ëc5õm_ÄÛõéÄp4Y@—+‡ñD2\Z×•g†«u*ýC{*½,lhö©ôé‘–ËdÍyYÀœ‡Óx–ÀîŽÍíýüú²®ÙjßVDã¯,(Û™á%)d!$É%{x85§eTºH
QI2³x’BB’<2”d5³%zL
QÉZ*Uí½¤ä(ž%°„3sìÏ$Gëe<E»÷'Í—±ššPûN²$Í?CE0çá$žX’õØÆd×y|$…(„d=´Ñp5¥—¤…Ìác’Ê¤ÑcRˆBHVCS>ô‘$ŸÄ^ìS8g	ìåáà5D£‡¤…Ümnè°ó’² ’Ë³vòp~N¶g<k:®)X¯w®*¯C‘Ìy(@gì‘ËÕ¸:íC¼»Å¹<k`÷è$»Šîe)d!,½²œ*=Ïÿ‘ûÿ¼’sybYR‰ÔöÊm8šº×ÉH¡Öd!,)ÀžÁzY
YËê–kàN%è4œM÷²²–uK±!úÌË’d‘,ÓïÎåY£v*Y1=²ºqÛÌòÝrtÙè¹?e7¶†+š.,çÛÖuÙh¿¤§_FUÓYqiùÆ¦4ék±Y
YKjQuúeK!aI~U¹cÅ:€ÌIN¯k¾½d]—…°¬Æ¦Þ/ue9?¶×Áúu³Y
YKòËP–ÕØìÚ›¥…°,m'¸¼,…,€%çòD²ä b®Iœ,Y Ë±µëcù”c9—g:$ËŠu ™µ7K!aÙx²ÒË~²’žB~U‹eÅº•avö¸Y
YËZ6mÈËò²²–ä—QÕXVÜ!ÙKn–BÂ²n06ì@ï¿åõã·ûë¶YdÝg
çò¬QõXVlÚ·¼²L·Oºlt­€ŸRÍ—Ëc9ê±æ¸Tdã’óybYÖMÆlËi;ÕcX
YËjlƒÝ	ëe)d!,«_nQõXV¬ÈÌéIsyœ{CŒÏÔSÙåÃO©G<ì¹—¥…°¬~¹Öð8X'Ûk/K’í®áY,×—^–$‹ìØÚŸÂÁ=‘,9a§a{a™¬ž"˜ûL­õØËr»©ËBX¦àqÙšÜãf)d!,«±-N¿l`)d!,sø¸Üm¶O¸Y’,¸V0Ñ5Y§ó¶G~Á_ÖË|ýÇ¿ËBX’_î“pÄN6÷/Ý,…,„e5¶†/K’EöˆìOáäž-êÔ+ÖÂ©Ù«žžS†ýË»kVtYÀÜ'óBÐÞ'¹°4ç>Š,„%ùe`m=·Öc½,cê±Ëjl5</K!aI~Ê’[í¹—%É"{Dø)»±©÷Þö±²–ä—û$Y.cX~‹õeæ…`<K!`ÉI>[à>	Gîd»îsÃRyŠ,`îS0~Y¸?Î’ü2”e565øïÊr.û$ù~\>e»{DîÇ%Gî¨!Ó–û ˜Æ³Á*&+²€}NòÙ÷¼8rÇî[¿²m–BÂ’6ãY
YKòËÀ}’Â9voIGâ]K!aIAÓ/Ý,…,€%%ù¤!pŸ„#wÔÐÏYnÙ*ƒ=eÁ}x¹³ª×Œß°¼OR×e~II>iˆê[gÅ¶ºÏyîÓÂRÈBX¶í_î,Oý±,Ó{9	Â2×qXåÈ†=//K!aIæ<ÖÍ’ü>.ëåC`=–#wÔ°Õ>–BÂ²›½íf)d,öËÀzìÂÆfËóy’åp?}PdsŸ…‚fêï•e²ÇŠ,„%ùe`ÂwZæ>û+È–BÂR[Ë|-¥ËBX’_Öð–¯¬/·ëëPY~‹õ%Çï4Ì}ÆÇ4{Xæ÷ãÖ–ä—u
àÉjˆ\K!aYM½ä¯%É‚¿±+ûe`Ý‡"xæ†‘7–ÃýëPdsŠàÙì=/'KEÂ’ü2°îC!<¥Ø="5Zã44ú
YËÝØ¶†¹ÏøH‡_ÞêÖeuÊöIc`­€bx²:­ïc)d!,ëAIµÐÑÇRÈBXV¿ŒeY~´ôÇžæ±v¿"aY~¨×Œ‰yìëqY.ý>*K!`Iù>i¬ûphÝÃR‘°¤ žÍNÿ½c©ÿøwY€_R¾Oë>ÄÓpžÄË’ü¼½ñB°k\ê?þ]Â’ü2°îCA<sËy'K!aY‚öÞuŸäœ»u—¡¦ËB¾±ä—uŸ‚½ÎN–$îuæ õº†>–$‹ûŒûe\ÝgØØ|,—Í¨­ÈbYŽÄ3¶Ôðæö3šlü7vØ/CYÖÂéê›û´°²–ÕØ’s\6°²–ä—q5¼‘‚xŠÀÚÇRÈBXVcKö™½mÿ-¯?uMÂ’ü2®†7ROV½õ±²–õêlçnyY
Y Ë‘ý2®†7ŽllÎ5Éhl>eÍ`äN–Ä³5äûœYÎÛåÇ¿ßtÈv³¼¹!ˆžRý2ÅõnÄ³¨[},…,„e-œ6äÇzY’l÷Ù ‹eõËX–ù}ÂÃRÈBXRÚzË™=K!aYÂÇånl«};¢›¥°Ü×‚â¬ –Š,€%åû¤W[9ˆgöÍ}l–Š,„%-[Î“\X&‹¥…°$¿eI…Óè¹"aI-ç/},…,„%ùeÜ>ÉHA<YÝšïcI²àZñ Æeé[·X’_†²,ãr=et'£¤ù”í_“Ü—4)ˆg[ì[K½,I¶»VpÏrb¿d95ûå‰å2[µE0.)ˆgSƒoX–ËÙ …¥"aI~·9r}c»›¥…°¬Æ69×$,…,„%ùeÜþå8±±Ù½Î^–BÂ’sâÇ¥…°$¿ŒÛ¿)ˆg¶ï'q³$Y8K
zuúeK!`™Ù/÷¼(ˆ§¨Ó‡–“UžVd,)ˆg³÷/¯,‡KˆÂR‘…°$¿Üó¢ ž¬Fqô±²–´ÑØRÝ^‡ÔækCèûuó‡,}c[¯›ß¶y(Þß¿«¨“OîP ÏÜÒOàd(d!sÝÈhñIÃCÁü1”!]à?I{ÞrÌ|sü8<dãRŽOškè¸ÓpÈÇP‘0,l`¾qX®_Td¾H9>i
¬»RàÎ\¢ç8OYð7•w¼ã±…¥…°¬þ8Öw(p'oñ,…,„e-6Õ|,I¼ö Ÿ4Öw8pGÝê»°œ†ÓYö·¨U¥îªÈê®¸£,ìcI²àµçøD²¤ÀÙöËËy¶¶mÙ/±4_GyMgf·ãq°þŸ²Øþô‘s|¦ÀZî,f/ˆ›¥…°œêg¸å,»¥…°$¿¬ÕqàÎjf¿ä÷&?Ž*ÞÝñ­Ë¾±¸³©AoW–ùQ^÷v-³qÎò)k†iv³$¿¬ÕqàÎ`ÖÜ,…,„e56µ°ÑÇRÈXrŽÏX«[x!hî9ß±Tæ±Š,`»ðHç¸4'áŠ, §™s|¦Àþô…­k\ª¯CÈBXÒBÐ>g™ÓÑ\oÄ×d!,É/kw¸³™k7K!aI~iîm¹Y
YËê—9°†G;e5ë°n–BÂ²L'ûÌ¬—¥°äŸXÃ£ÀbŸº²´b ?dÁuŸgàŽÍ²<ÖcM’~ü»,„eõËXÃãÀ¶5Éö	Ke*¨Èæ±kc=ÖÍ2¦k±¬~Ë2¿ OXžïÃ¬5QI:Þ?*…,„$¹e`oå²©½"Ï‘F÷Y”š(€äVw4Ü'ã$©ÈHr†O$I
ÛY&³oòL²Ø/Cˆœr£’©}[é•äµ[ÿñï²’ä”•XŽÚQ‹™=$…(„änh‹zAUI!!I>X»ÛØÒÆd~œYÓyEÂ². SK`=o=!OYgOHÇ·žz¬¢NX³Ûû^Ý…,„a]ø5¬A¼Ùp†‰ózÇaâ`µa–“Oç¶ŠQÐdã&
ÖÙì>ô+Cël¬&¿çœ8¯'p<¦r˜{În–BÂ².øRËSút;/šŽÁ˜'1irÄPzÕºF›^_SMB¯ÝX¾¦z¤™ ôÈãö<…ç5Ò¯ž…Ð£"¨=7uÑ+¯ƒYÁô8…'’Çå4ÌF/ô²qzY“Ðã¸5Þâ3z×»ßT4È<9n»*¼–³§3^B’ÎþÛ¥TH¡	YÝ°Äío$Êñ~O@
YÈ¶ü}­?¾6gælœ©Ód!,«7–À™åÌj9²¥…°¬>ÖmŸÓqþ#Ùã’d±=ÊuAZÇe S&²4õHÓç,·Íšç(² –‰‚rJÃöÄr.E}…¥"aYÍ²š%å4Ôo¼,…,„ej:·ìfI²ØœÄù;s\oGJllñã²ž“Dc7 6¬?œ,Iì—œ¿3Çí!'ÊQ7}úX
YKZ÷ÅK!`Éù;‘,'Œ_*² –”cgõ^ç>«‘¥¤ÉBX¦àqIA9³sqÙÂRÈBXVckèîð²$Yp¡€ówæ¸ž€DA9ñsEÂ².ç–³>–BÂ’ü2®+ qPŽz¼»¥…°¬Ææ\“´°² –œ¿3ÇÏJ”37œéñ±Td,3µÕ8ýr™­B‡"ßã‘8'–%›¯ªÞÂRÈBXVckÚ[ö±²–ä—5<Ì°²–ÕØîÁ›Ë¹÷ê¾™S“?k—8g¬áe66»GÙË’dáßX26{\zY
Y KÎå‰dYØØì³é™Ïñ|´1·”ÝÛ³lëîí0c:ðþþõXM=7Íyn*€Š,àÛÊy<±SÓüÕÍðE0L­ã0ç­FÛÀYÖÑ6°ä÷¶úXE=‡¿j`Éü–ºÙ²vÕ¸Ô‹ÝúØ²väƒû…ËœÓ¸Ù²vdTöÚßËîgÇù:Kà~áØ}«ïìŒ^GE0‡¡ œÑÎ5¿c¨¬ùYÀšŸóu–ÀºêÌFe®ù§a¡WÀÑQ‹q4B“…°¤Cû¬•—¥…°¬~¸ÖU9Ç¾kiÿÞÑ¹f¹Ú,…,„eí8Ýì^/K!aYýq	¬«Îldñ,…,„%Zü¸,ïÛ( –œ¯É’‚pfõšê–ÅZr)² –„Ó7_UX>eÁã’óubYÖû<kÚæãœGK!aI©öÙ9/K!aI~X#§ œ†µey—Æ<V‘…°¤Ÿ½§ìe)d!,É/CYÖ›É¾3ÔËRÈBXÖà8õ·>–BÀ’óu–Às‘+[Ó7ÖÁR‘°ä œâôËåòã–OY°_r¾Î¸wEA8‹]#w³²–5h5Ûõžñ1½Îër!MP+ç|%°ÞºraÔœÇºY
YË\ZYÎ'–Æ‚J‘…°$¿¬¿RÎÜp/ó™e6ç±Š,„%]iÏ}ÆÇxž„›,…,€%gì¬õØ­Õ/§|Ôð¦ÍúL)² –ÛÍR‘…°¬~Ë²N'û¾/K’Ÿ½£@œ†;—Ü,…,„eõË5ð%âÌÙžûxY
YËúµW/¯íc)d!,«_®û$Œ£F÷±²–åý`UK!ÏrâÜ5nŸdâ€œ­årì_îïæ¾I“Ïœ8 §!‹wÜÑ¼þ­¼óÙîZÅ’ü2®;ÒØT–ã¶<^¯c5®KÿPížÆZ(ë:°¡Ç‹RÈBP’]Æ•ð¦×f9öå}ïSuê>Ei¡¬eS52¡¥… $·EI1rve} ËûÌ’Ö€MWö¸@’,vÚ3q8ÏWŠ(EgVoÂý2HE ’StúÎ/ ³1çÑd! É'ãê°§èÌÁ …&$ÝvåtÉB’\2dcÖ2¦k¬‘ ÞéNH!IWMŸ(B§¨M2 …&dÝWTïvï)d 9–g+¥OœŸ³x>­“µ Q4 _¢lçEœAŽÖ¥§šlüyž)‘Gnqµ×ªØ´–ôŒ)¼šï¢uCÄRÈB@VÜâ
¯%ç,öAfHÒWwo'ÆÈ˜]JëÇWÜâª®Sâ5_ðˆšÍ[”>$‹=ö:qÏXr¥ÌœY½müË M È‰/N¶ÏKžA¦d\tªÉB@’G†‚¬~¦^¿ÐRhB@6†ÖMÇEÒÓÒðÛßU!É"ëæ—EC'­Š&„c]ï©7‚wqªŽä•VÊiè{mæøÿ   ÿÿ %ý;Ìxœ¼K¯$Ém…÷þwá…½˜rf<ò1+F-¹î¦[¶eA+K6šoüãAÞ[™YdW7yf%NU×w3OÉ8ñmÎßÖù6åù?þøò‡Ÿ~ýÃöþýÃ÷¿ûòñ‡OÛÿüå»Ï?ÿñå—_¾ÿ§ß}þÕ——o^¾ÿéoÿõ—?ýùoÿùç—ÿùé§—¿þô¿/ÿ0Üòð·—þé¯úËßþûöwHCš¾–oÒü%¥osùvnÃ4>åó¿}÷ã¿´OûòÏ¤üÇ—¿OuÌ·5½üßËŸ?~ûRòmÚþû÷?|úõ·/í,²Ú—ûˆwùq¸¥u:~ùßþòaûöß|óÍËÇO¿|üîËÇO¿yùüÃ¿~øñÃÇß|zùôÃ¯>¼|þþ»Oíÿ¢)¦[­Uù9Þ~èíçX†4Žo?ÆöïìýBr,·uX} ×[9|ùAýò²ï9t¾|ªÑ Ó¼ýè%¤Ð„€LëmYú Ë-Moß½¦Ó—ŸÕ/—ýòãw¿úððíûÝo?üøòú¿üòw¿o?Çº–œw¶¿¸¬¢^Ú“8G,i{ýM± …&`Ù™y6 òàöóõ î²€%I€CVÔk{—H€›-CŽ(4 k3¯±X æã8?x”u L«˜åXÙ×8€µùVðøª	^ÔT2­YsñG/,ëÝKÏY€VöÂP©­$5G¹ RhB@n¦µÎK8H!YÚ¿oˆ¹ùWUë@
MÈf^K
)d! 7oÌÃ	ró±y~µ
M È‰6vêºú
HE rj™ÏK’k 'ÚÛMÚßõ»A*š›™-k‘ã)d! S{"K$ÈægEsš …&d3³uI²àWëÄY#An~6¡‹E²ÔmÅ½jUd! É# Só³:…zä«&xû±}ÊöèŒýÅÎx+÷ïžË­ö@
Y È™=2°0“ŸÍÚêÝ M È™‹ŸýÅŽä«,ø‰œÙ#÷‘3ùY]ì¼j‚+:3›™V‹ºRÈB@6÷‘3ÕAc»Š&dÛðñO¤…€l9î#gêÆMÈff)¤€\È#ÏäÒülÎ¡í*E rû”zäÈé¶<©ÈB@6ûYèbGÑ„€$3ë?‘­€Ø~tžHE’<2$ù™áÕ:Ü&J¡
AÙìlÐ¶N×P
YJrÉÀÚÎB•ÑbX·úP
U Ê•
£kà„rº­ÏQ*² ”+ûd`ug%OK†¢€¥¢
A¹YÚ0õ›Y^”$GIN8¡³’«©/©K(…*e35µZ|¥… $¯,Õ­äj“¡æêC)T!([ytˆG)d!(É+CQ¶
éŽ²©.ØeOhÀ&õè.”šl<ÊíSÈ+ãê®M±­5{JJM‚²•H×þ®Ò‹RÈBP’WÆU^›b{*ûÝÉ<¼ýãt{$…(„dó4µw¤…$«%I¦Ö¯øH
QI²´~ÝKRÈBHÖðg’<-š¤…lURÃì‡—¤É(S\;¤)¶Ç§_8\Nmw…¤"
 9ÒæoìøH¾Êb[ÍÛ§4ŸLqý¦¸íþ­fI!
!™ÛïÕ&ÇãôÇØ')d!$›O¦¸òkSLÞ¤…leÒdéˆ¬÷uwÉŽÈ›lïÏð2Éæ“±$©ŸØ¯óøH
QIê&ö7”^’B@2±O’Lližg²-ížÿŠè»HvŒí›ä¾OInOÂØýò²’)ø™L´õSÏ^!)D!$ÛÆ¯Zö“C9|ÞÛÒd!$É'ãz[Mq{|æ~‘ÇGRˆBHÒ`j<ÉMvÀ5žÄ>×ÚjŠ³©ˆî#)D$3uM»:ßI.§¯Ê—Wd$3ûd\g«)6KëŸ|õTD!$iãg©»~•dQ¿ü£ì»H–Î—'Ÿ%Ù¶~‹‡ä¼öI
QÉmã7ºÍÛrõþvÎÁ*I!!YÂŸÉfiKß'×õ6…¥²QdûLN™-§'},…,„%9e\²p2Žj7×X
YËjÈ·5Xë<2\àMÖïQ¦Çpö±B½°G2¤Pœiî¿Y×t»OJ®cok­ÈÞ­…íÌrRëÀp8D(Ï£"x»d`'¤p´_ð²²–­@š,ïVK’½ÜÕê±$ŸeiÜOzYþ;ÊB†`)d!,›OæÀ¾¥åÔ5þ¹²–dh¦`:K’½¼§|Î’ÂxBYrpŽ:s…¥"`Y¹Lý\*²–Í/s`—’²sªzÒâÌ²Ž·}9_ú?‡}ËîÏ±=@j*ÔC…à^z…EPèá<žwj«Tvµþ9J/H!Yl-H¡	INØ©liýÝˆ¤…€¬€'Rh@rOl‡LìgýWë>CÑ¯“¼Š‚ŸÇ‰N<ÆÒ1up<ý*$YI2ÉP’äfý±I!
!Ivf™C÷‘²’ä’-JÏ‰')D!$ÛÌåÕê$)d!$É&‹èŸ£Î^!)D!$›¡UËð²¤äLžH’”Ÿ3©§žÞORœi×—,¶v’¥»~•€p(O,¤s€Ža”ÇGRˆBH¶i±$øH
YIòÉÀÒ+%èÌµï“ÛkýÞÖšj'7ü$kím[¸±îxqÿXM½MÛXF?|…,„!9d(ÃÖC\úeºi¤9&f8fšT†»ì%†íc…úb½äÈ0wçY CÎâ)¥VÊÍ™–þsø„¡òNUdïÔå=îha)d!,›;–ÀRëÂ¾þ:ÇË’dÁþÈÑ99ž¥…°lþX«­œ³Ä³²–ÍÐ—‚xY
YËæ“±,ÉÐú;I/K!`Éá99Ú/Y KÎä)Åó×ôËù°nOK@eÍs”½¶æ™•u«’šcX·æÞ–áÉ'kt›c¨ìxî²†m£—}5C!aHþX1ç¼õŽkwYCãh«—aÌhka[¨œš8}á.Î°R@ÎPLw„¥SZÕTãVŽÝ	|ë »…_EXŸ÷’5Ùø¥Mû”f‹¦äÈ{•|½åJRÅ®RëíŠu°FÔÍüð y/BI“4¯ƒ#£Îƒògˆ¨«œ»Sâ•#rer/J!AÙú…jí%”B‚’<2®ãQ)#ÇÒ»ò¢²”4jJYö ª ”œ¼Sâ"ê*‡äÊ OP*?Ç«,vB¹ŽÖLt[î#¹Ópê½ÉµÚ›¬k½½®eOò´UÔÉ$ãZ•ãq#W^†BÂ°íõfË›ÕÇp—E0lîXãZ•‚q,Û/C’…?‡äc–í‡a“`›-Ö¸VGåHõ¸k…,€a¢Íž¡m•oÇ®Ï·½'UÂi–‡"‹"ÞÜ°ÆR+Gá¨Ç
N›/ô/çÅÁÔÛH+²‚Ô!4Ý'yøîÇœ'e×«¨Æñ¨°S‹ ”…3©Ã¼×P
YÊæ^¦ã­.”B‚’¼1e3±ÑzåD)d!(ÉÄL÷.{P
UJ²ÈÀz§áî­e?D·í¬žOËi²€Ò\¢=^<J¡
@É;5°žÃq8jxÔ”Š, e¦rS6‹¥¢
AI^XÏá<Ã²§^°Ûúýù,€&A™ÖÛ¢¦@ŸQ–[Þ6©3ðw’u¬\Óò¸rm«¨“Ir2ßl8@çd(d![³°öG/Ã]ÁÜ1”akbu¼…,€aáaÓ¾;ú¾ÊfCŽÕ©Å8Ê¿™µñz^¬.Ï*²†m³§^Kkf¨ù&{ù´UïË7_œ‹r”3ýy/K!aI‡0.=ê—²–ÍcY’‘–«N–Möz= ûsÔÛXâŸK!aÙ|r
,´RþÍbˆ»ò²² –µZ2Ì[X®€OMÀ’cu¦¸9äÊù7†:å«,xÍSyÃ×Ÿô²$ÙËÍäÞ—'¿eÙŒMMë¿ÆRÈBX‘å6î9çÓ`€²~­ïkDfÙ>VQ'ŸlPôÍ<Ä3²†mÃg˜íð2ÜeÉC¶r(à9²†Tµ¼S}IÄst¦À¦ÇÄ>CD™‹¡"`H‘7Cq2<Gìê_þQà‹œ¤3v=&ÞðR;çÊkîÜ³ ÉXåÚÊ^–BÂ’ü1°VN±7–w«—¥…°lmÃÙ²÷ð±$YøsI>ØÂ¢à›ÙpÎÜËRÈXÎ|)rôs©ÈXržNäsÉÑ7†3G–9õX¾Ê‚‡fÞðYê;;Ëšú,…,„%ùe(ËÖ8TK$×X
YËv>C=}t%É‚kèœ©3ö´fk_ÒË2¦/ÙcIÆÖ?Œåe)d!,É/{[3b4d–9Y’,öŠ¬Êa8Õ2'àa©ÈXrÆÎØ¡0K¯ùÄ²tbk5YKj(öY¶Cöó£¬£F0Œ5‚ö±ŠzóÉ9°B!8‹át¤—¡…0lÀÒ·zî²†ÍçÀšùÂFÖ]·æ!^J¥÷#ì¢žÓæùá´ùö¡švûiúë/·]Á­ya,7Û¬Ž“Û.ÍÂmFC’®Û«¬ëOÍÎ³ræÀÚøk¨M·®zàÖM=ÒDUÕ×Äœ~UõHp-½å—"8ºÊ‰9s`…|å¶`·sì$I¢à¾1ÜÆÛrÄCRÈBH’ÖáV¿ZH
QI²­~EµîGþÖó­æÊIxEõ] ŸŸ„çðœ9°pÃ)7ýAò<,û™€‡ð¥FÙn:&'+–M…¥®’>…|2ªnÃŠé6©#g‡Y?Gž.d=+œò˜ƒÔ>VS/E²>Âç¯U]5úµJŸBŠ°yY6$®8î²„ÍÃÔ‹€ÄHÕý2§§‡ýtYÃþÒ|i¿|êeXîVÃf_†¨U/C!aH®U6eÅù+w˜\c¸ËÆ3ižT½Yí
CEÀsr"r º8xÂ0?Í”Óe+›‘Ì²qL÷ã|ÄS–6Š,`iÃy9KTé›÷x1,á[GúªoZ¶Ž>–BÂ²ùãUgÅö rsœ,…,„e345ØàK’½œÛÙcÙ|2–eÛæÞ±BÀ’’nFµcf©ø¥"ðKNÒY¢Ê¬¬¸­Ô„ö3ËuÙ[žÎð>ˆ^)oªi·ÅeŸßt[îíáå\ÑWù?Ãš•ãs–¨ö+ÎÛ°¿f]§Ã³¸<mpì²—Sô±Š:µèWp¶µõäaH²È(kú”þn&¶ýý¿—á.‹`ØÎ$
ª^†BÂ<1jtœgÛ{t¹¥Ãg¹l²×n+Ô3ÍÄŽRù*² †œ”É0³mõ×5ëz`ø<\—¬k2XzbùüÚÎ]™-OŸB¾ÕªbÅöàôGS×zˆžzÏãQöÚó¸}¬¢NÖ¯åx
YCòÅ¨.+¶§?Æèe¸Ë"¶Mz¯á5†BÂ|1”a5®OwYÃvQ½?íC!`ÈQ9K`oƒ3mfÃúôÈ°<==¯Ë|‘2mFCö¸¥"a™‚ŸÇÂ»~ŸÊË’d‘ƒUü)Û¤žµ½ÆRÈBX–ðç’šƒN4°²–Ô$4õ­öÅöÚ3†£¬çø¸È"o«¨7\{…Ï ’¬×ýøøÆçÙ­^ºlôhøö)œe£ÎÖ^ax”gÈÑ8‘)Ãf®ý½Æ‘ažŽ÷ë²†mƒ·šbŽv†õé(Ø.‹<jLŸ’‚ŸGÊ°™jß½,IyG}JÛè©™0×X
YËæk`mœ³lÔ”Äk,…,„e+„ª³¶×X
YKòÉP–ÔŒg)d,'jNÑ,_e‘1Öô)cðsÉÙ6êm´OÖ<ÓÓ«½tYK*ˆšæ],…,„%ùe`ïŠ³mr®ÃËRÈBXRaÔg¿ÂRY¿e¯®_eãm
÷IÊ´™ÕÚk…,„!5-q€>†»,‚aÉÈúuV/C!`HY6ƒšïs…á«¬÷È£‘!Gã¬QåX1¹÷­Üñœ¡"aØÌ0WudXÖ^mN‘Ôæ8gì%S†Íla¹Üî';W}ë²–mÈÔV×q±²–ä¡,ÛéÔxô²²–í¡fã_c)d!,É'ç(Ãf±ÝQæb)d,ÞðYÖ:ë¾÷È½*GYO4€¸ü±}¬¢N>Ø÷àìËžÃÅðUÎPÔ¸*ûG–½>ð|ÿÈÑ8kàyÊ°™‹éúÇåù$²ÊRÈBX¶Þby·úX
YKòÉP–T5DU­·ÕÃ²ü}Êµ±œð²²–›O–!°Â	7ªÕ\c)d,9ë&E³Td,)J§çu8õÆPð±Td!,©‘hJ{8åvŽ¨eíkž¼*qHJ™Bt‚’¡õ÷ ^†BÂ­?·ãeH²ÎY;ÃÒžÃÀÝÊ>Ã5eƒ‡ ‰‚+t3Zâs–½B·žB9U‚»¬ƒà¬\d…neW%HåÐþîqLû}´m™Õc(dãŽ—C-€†'Ùp†ãÀnÇpØ¶úoÒq9¼IK‡á›,¶“Ü>¥^e(W6šlüÊfØCY¶±š©¿ãð²²–4VÓwÅ|[îÉeéŒ4¼ÉbO{Œ»c\rä¨›Ú_¥nª{% w£½Éb;É#GÞ¬ýN²—¥…°öÉq°&xYÆ$<ÿ9(úf4œŠô±Td,GöË¸®äHÑ7‹á$¥"aÙŽi.÷²²–ä—q¬‘£o•€#Ë:tö š,„¥±ÚškïÞ„ƒ¦
AIvŠÒXlÝ7“B’Î2ö[ NB’¼2®#9RìÍb8Åã)D 9ôféÏBAŽ§2«òÝU ÈÄF×–)õfR×_™çN¦é›(ø‰äôÃÀ‡¤P…€$—Œëc‰‡lWzº@’(¸>À8†`]'H¡
Ù<rŒkb‰k£ýƒË>åñ1‡€ÜÜ,Õþ‘'H¡
Ù<2$µûëVHW2•GÕ{H/€TT )b§Œqm¬‘³pj±“òu•ÇJE‚r´yŽÅÿçGu5UÊæ’c`½.KC‹Aùsø$EâŒ†“N”B‚’|2°\—­%½(†ƒ’#'ã–<é6ÞYæjøò²–d•åºÌ®Ö_óxY6Yôª§XÃY},Y ËÂnÈ²ðæ¯¿9±œ:ƒ®š,„%íþœ,×ÎiMÂ’ì2°^G	9K?Ì|\çË^Öâ›,¸Œ^š±%Ã•;^–BÂ’ü2”%m»Û7K!ai3÷²Œ	3ï}yòËÀò+'å¨ík,…,€%%åœô–Š,€ee¿Œ791GÝ ]a©ÈBXR¢\ÿ¹oùžæ•Î£=ò’M6þ’±²_VÓ91GíöYÎig¹ýÏ¯yÓdßÅ²÷s´‚©jö×X
YKòËP–m#Ø|u³$ÙË£¯ÝŸc3¶Ô¯ÄzY
YKòËÀæ'æôGîÜ,…,€%'æú\>–Š,€%ñ”XVŸŒÕØqYö2Øöþì°Td!,›±RYŽ‹áË?ÊBX6¿L•õ‰­ÿ\zY
YËflÎµ…¥…°l~™Këœœ£æ…]c)d!,ßá—–$gÙü2ÖÖ9AÇPÃÒê’ÇÞ´Ó«,¸¶>ó‰Çþ(¬¥"`9³_Öc)Ig6<°ì4s_eá,GÛg/K!aI~ÊÒ¶¿t³$Yìq¼ö)Û¢ÔPõ²$Yäuöô)ä—õXNÒQÏ—^c)d!,›±©óõ×X
YKòËÀz,%éÌCŠÒËRÈBX¶³vªA\c)d,öË@–”¨³),·—C‡¥"`I‰:iô­}R=-Ü–Š,„%ùe`m}acëÏˆxY’,¸çÅ‰:êí|×X
YKòËÀz,'êLý)</K’½|¡Oe›aœ5<K!aI~X¥DÅpi¡—¥°¤DauÖÖ»,Y Kê‰dÉ‰:«oíÓgù*gIFßþÒÂ’dá,SðsÉÉ:Îº…¥…°lƒ9ÎZ…¥…°l~™û$”±3«™ÿ×X’,œ%Ýøáë“XX
YËæ—±,©pÚ÷Ë¥ž.j>žWRpŽ²ž)Ëã…”ícÕÓÀÆþ!CM6žaâŸ×ëJœµcX¿.Ëá2˜¥sQ³&ñ]¢¬qìš}`ù¼F ÉBX6ŸÌq½®DY;³züË&»^®÷ôXæñ– —Á”Þ<&aI>×ëJ”µ3­ÝAÞþy÷´©œþ´U–BÂ’
¦¾ËÓ,,…,„%ùd\M=FŸt³² –œµcxÇúX*² –áÉ’²væ~$×Ã\ì4ŸÆ„åšç$ëYóŒkúXM}[
%Ã=êncøü,&?Ûœ8º'ÇÕÒeìLj©äC’uÝUåaHRKØ½a“í¦»_fHþWCO#Y÷Üˆ›á.‹`ØL½1üñ¨ì´¿KÓ)¡F}—’,¶§•8®'–!Ý¬Ü­Ñ¹î²ñ)RgP3O¯0Td9©'ÇÕæ‡ê¬Ý=Ç™aí¤¨²l@ùùÚ†RuÆd‰A«åÀòù!MðNå°žX–éq.†¥…°l†5Ž—¥…°,áÏe+ˆ.†5ÎqÇÑ©(¢’­jŠyñ‘²’Í%K\•5q¶N=×õ°{œz»GEÀ2óxª%ÍÃR‘°Ìä–%°Úšy›gXµXÎ½í7Yì	Ùö)Û2³úÜ2O¤MÂ²¹e	¬¶rºÎ`pK'K’ÅNñ$Š×Ô˜š'ÏåxjÝ(«XE°ŠåÔžXm¥xE=4s¥…°lã6†wl¹¥ÉÃRÈBX’_Vè8^Gm$\c)d,9^§X*ç–©WmUd,9µ'’%ÅëÌêàèS–ÏC4YK26KÕµ¯âž/ÜÙøF§öÄ²lñ:–jÏºO<°Tÿ´…lüI¼Dñ:Ùt¥¡¥…°$¿¬ ÞšÞ±.–BÂR”KcXÆTa{,É/CY6c-'K!`Éñ:ê±û+,Y KNí)uŽ×éO€œYö¦ë4Y€_r¼Žá´ó‰årZ¸©,IÎ’ü2îdAª<vcª¸X
YËV65¤xY
YKòËÀj,Çëô§ÑO,§éÔ4R!¨áq¼ŽzÓÍ5–BÂ’ü2”%ì¿cK9Õc»,É/Á,'66Ko¿Ä©¦Sc@i¹eíW–*.®l«¨7Ÿ¬5õÉº¯<2œÇN¬&x·N¼ô]ÄõÀPùTdÏ#§õÔÀš:Åê,C7}ÀÍ’dÁõŠÕ±Ô{¼,…,„eóÉXSçXu8ÿK!a¹}«Um¹>a™OuX•¥…°l>Ykê«cØ‹xYÖiôç,9VÇ°~ÝXÞGé§Ü3yEÀ’Ózj\ÂKâXµ_#Hé°~]z“ZGYÏ¤VzœÔj«©o†6™Þ­.†BÂ|2°þ:³¡õ×<^†»,‚a32S}ÜÛç>ê—ÞeëÕ¼>®WÛÇ*êä‹5º™7zýz«—Ý.‹`Wl)Ì^v»,‚ù`(»fX©_Çñ²ÛeãÙ-´¡3\êãcw”gÇ©;5°žÊñ8êÏðuvsí¼(²€5ÌbMAÂPñ?EàœºSë©3ý‰H/K!aÙkk/K!aI~Ê’6tý½ÅËÎÈ‹"èYQ<ÎP-'y|,…,„e.«m]:,§}bç·"`¹ò†.š¥"`É©;5°6þÓ.O,—Þ!5EðŽåxCmüÈrÎ§Ù+ýË?Êæ[9u'–%5
ûµ8/K!aIÂ~J—¥…°,áÏeDUƒÞ®±²–´áó½c-,›,úä+§îL½+ŽÇ1¬}¼,…l<ËL19ƒ!ÕÕÅR“g™9}'e¦˜œe0ì/gª‹óÏq¾Ž[®}4ÙøµOæ˜œb™×ñ±$YìÍ¿™Ów¦¸>dæ˜õØÚ5–é±|aÙ6‚j¬Å5–$‹=s—9}'–%›¡Þ:ö—çÛbU–$‹‰Ì[<K!aI~×SÎ“³f¯¼,…,€%Åä$Óì•‡å«ìåžòs–œ¾3Åõ”3Åä,–Þ×Yª?‡¬}F¾Ë×Ë²°²–ä—¡,©qhXû8Y
YË–Õ¥^Ãx¥…°$¿Œ›È›3çøçRÈBX¶Âéj9?éc)d!,É/ãú•™âsL=/'K!`™ØØ‚ë>š,€%§óLqµõœx#Ø}.ÓRhò6«üüü¤&aÙŒ-ü¹|•¿c9'–eÛöoMËaù0w®þBÂ²NÕ&Ï×g±ºMM6þ\sætžX–dlýô%fBJ§†§ÉBX6c3Ô
òm¾ŸQŸÖÎ‚7Ùêœ©Yž!˜'E|2®¦ž)@géŸ›Lórx…,€!èê°OÊ¾¥&ß·Ì9Ü'³q_™–i¯©—µ“¡ÉBXRÁÔr¦ÇÇ’d±99‡ûd¦àØ¿òÄré-YKLµÌûX
YËhŸÌlhýwì2¿·ç²³Qd!,›¡©/•k,…,„e´_f6¶þLëp¸`èù¥"`I:Éhïc©ÈXr.ÏØ·¤ ¥6ýÄ²§ÉBX¶Øòâ{Ç–ÑðåeûJÎå™{] 3«£2×X
YËÖ`\Mç´ìyYo²Ø™2çòÌ½.
Ð±¬c½,…,„eœ3…­÷U^z:EÂ²ùe,KãþÒË’d±ów™tlëØå¶pëYÀ;–syæÀ^Wå aO2îµ‚4œbp•?íWYl^V¦ A¿ÆRÈBX’_öº8@GG¼ÆRÈBX6c›û³”^–BÂ’ü2îLl¦ Õrcš“¥…°ÜŒ-fœ½,IÜ·ä\ž9°oYÙØ5<'K’ÏRR€Že6äÈ²žÃ¾”ýå«,¸Ëù<‘,)HgQ/Êù:Ëqí\Ò©ÉBX¶ Hs¥…°LÁÏ%éôoÛr³²–- 5ùÖ±–$‹=ß•9ŸgŽ;9HG-ƒ]c)d!,©ÁèóKK’ÅæfeÎç™ë±¤³¨æ\c)d,9Hg²ÔÖ=,Y KÎç‰dIA:K2õI;KEÂrô×}Æµs˜[“Ô}8§'–e3¶þ]ÎçR‘…°ÜŒ-©g×X
YËæ—K`Ÿ„v5ÒøK’…³l…Ó¡?#2ÞÖûðàÚÛO)ª”Í.—À6ÉÌ¾æ+XP6Ùëm’ç?åî$ÃÑvÊWUìÎ™S}–ÀÊ:Çïô™Qv^RŠ,åfk9õW±N”B‚²™åXXß—Ûà*»(…,eÛB¶œ(…*%ye`]ÂwõJ²k(…,esµ©_¿s¢ª”ä•euÎÞÉñ/X!@IÙ;iöJE€’}"QrôŽz æIU}ì\w­ÉBP¶£{òu”cêý*²–d–•XŽÞQ‡¾¯±$Yð–£w;K/K!aInÊRlcXþ;KŽÞ™}¯XK!aIvXU_yké³KK!Ï²PôÎhH½w±ÔdãYNôYâ&ÖEï¬s0KMÂò]{Ë©ûÝñ{ËÂ>K\!¶pòN^úh²”ts?8Ä‰R¨BP6·\ãê°…ƒwúùn”B‚²ÙÚâ[ÅP
UÊf–k\¶PîÎ¢þ×P
Y JÎÝQ{®P¾ªbKê…Ó|"QrìŽáäÁ	åÜ[:(²”íx¤zî×Q[S5UÊæ•k\I½pêŽšSõ0¬>ÞîwæÞ¥ëo²ØƒÛ§´î¢a˜À‰’T±uØÂY>k\I½pèNé—Ô½(…,%ãøJê”B‚’¼2®xW8sÇp|Ö‹RÈP&ž]í…¸P*ª ”œä‰’#wÔCþ(çÃIèr*K+(YJr5_½Ç€R¨BP’WÆ•îJâIÃ!='J!AÙê¥†ð'J¡
AI^W¹+¸³º#^”B‚²í ÕCÜ—P
UJòÊÀÂçî žÊ2v÷%çî¨÷Ã]@©¨PršO$JŽÝ±L©çeî%äk²”mlÕÌäD)T!(7¯¬C`áŽRwVµ"}¥… l;À¹_¸K·©Üë¥WßPd!,7³fÙv€“¡rçdI²à%ìkêNcée)d!,k{.Kwœº£Îì_cYËH –œºcx.ÇÛdÅ*ª ””åS‡ÀÒ…îÌêèÚ”½\&M‚²í[N”B‚’Ü2°tWxh˜†u¢¤*,Ø-ïûÑN”B‚’Ì2n¶pä ¥… ,¶äæñ–WJ¡
AI^Š²Ýb9héD)d()q'.:p¡TT(+{e ÊÊQ¦î\(YJ
tµ¼`](ézKðtOe¯,¨sÞÎdÔr¢²”4µjéxPþ?   ÿÿ¼M²ëF®„·Ò+PõÃŸ™ý¢=w8º½ÿ< #‘$ —È;¶’õ2(T–T… $¯Ll¨wn—:¦{‚(…,å8ã±zfî¦@)T!(É+êœ¶Ó#êA”B€raWó,{(—ßâ•{e"JÛ	®`{7ò5YÊqÄC­¹„’TÁÝž…½2±¡¾üŠWzPþ¯\¸ôxe¥P… $¯Lj¦¨ÝsÖ ˆ’dÁ^¹ðyÈt”B‚rxåœØO§¤ÄS)d(9igNFùPo>S~O*J
Ú‰>•m>í.((YJºPË^ÁN·6P
UÊá•sâÎçìxYQ
YÊ±µè˜î	¢ª”Ã+sQRt@lÃrîÆ¥eš,`>ý‘³“þT’*¸»²W¦¢ÍRÇQƒy‰€¢ ›÷€eäC\Šlì”‰ 9dÇq(ïþ¯=Gšçf¡Qd!(ibÕž¸¢ª”ÙN¹Qù§nÃ_C)d!(©WjÏƒQ
UJrÊÄ‚Ë?{_$ŠRÈBPRý—þ‚ª”ä”‰3›w²çþ7ôº…¥©òš,`ýº³«y^°ý9C`i)ª ”;{eânåÎåŸýTžPšÇYÊ1±ªý%”B‚’¼2q·’2v¶nÏDQ
YÊáj»Ýë	¢$UøSI^™¸[É;Ž{¼ïþñÚâ²îñþ‘ï‹pÄN±·¸‚(I¼Åµ³W¦¢¦¶ä£²ù(;%ìÇQÙJM5eŸØ+óv+ûÄ Ý¡Ôd!(gß¼]¥P… $¯ÌÛâê›Z>J!AIIçöI® J¡
A9¼²äí‹tØqlqEQ
YÊq‘–ã  J¡
A9¼²äu{:ì¬«=¤E)d(g>	«+7#û]S ¤ÜžT”3Æ+YJçí\A”9—sY(‡W–¼Æ]ç€ÇáŸ(J!A9\m¶ŸÊr{öíz9¡\µïNªôFùÏ?þû¯·/ÿ÷ŸÿõÏ¿ÿäÿþû¿ÑMÑ}Þ^tÿøùTEœ,2¯_×gY÷åüåd§`2ÛMž Á—*€ 9c^o§SœÎêH´‹$Yì¹ØÎy:ÅCpz;LÆÖª&xŸ¶Æ¼–kç<ô§‘eì	¼^ØÄ< ­}`©ùžqy“õåKòsI:»:¢v¥…°.Ö=Ì1–BÂ²¥?—TñÙñYQ–$^çºñ„ÚÅX
YËl¿äHGÄv”¥°¤Lâ¸´;ÆR‘°¬ì—yôN™:«ºa{…åCÜ PI½¥úK’½<.i}yòËÄzå¢Ï‘»æÑÛéçPVóGYïj~ªó\_xÿx~¬¢>nËrô[ïë×íP‚LÖ—&Ù-AvY‚L›¢Nþ˜wÂg(ŽÆîDÙ½dìÆ¶¡ÙvÝKÁŽü0q¿ƒCsìÎý¯üöìhÝ¿Äbý/Ù+ìèc…zãÞ§}=Æî(›ÏŽÃwjâ¥äl«+¡w=üÇÔAyµ&ûKþ÷õëN19E½uÚÍPÿòï²¿äÖ—þWÛâ“³ç³²–£°Só…¯±²–ÃkbW•srÔÓ×X
YË*ç¸û%ÊRÈBXÌeI…+Ð>Ä’n³ä¤Gu¾õ'ËÁé{¡ÈjàÉdII9žÛ_N,Ï%—ÂR‘…°¤ƒžž\Œ¥…°$¿LìÉQTÎ¦ÎžY.‡š£5#ëC“Ôþœ•³xÂ”b,…,„e¶_rVŽã,ÏÊ‡>øçX¬Vˆ"aIû…ž³è1–${Ù/­/Ÿí—–£ÞÎy¥°ä´Ç	KEÀrI÷KJËÙG˜O,­sš,„å(]!<1–BÂ²$?——ãè•GY’,¸WÎy9Åsd?F~EÂ2Û/66»WeI²à½eÌ™=)1–BÂ2Û/90G.¾ÆRÈXrbNõœYê¥ñå²àu,ñdÖ$+‚ÁµÏzê¥«?‡…°¤Æ©çÈü§«ÍˆžÑd!,³ëKŽÌqÔ$}»=#¦Zµ^SŠ,„%M¡zü2ÆRÈBX’_&Î|PfÎî8ie)d!,ïÆÖì‘ói¿­þ#õš,„%ùeâœÀÊ… }$ÊRÈXRnN™³Y*² –ÇSçw6N.·k’¾½‚?Çe}ý9„,„%¢›½õ3ËJåï_þ]Â’ü2•å0¶Éõ\†X
YËQªÁÑï~ù|§ÔÝ~,…*%Ùeâ+v“u Ž²l§ë™¾_fø#,Gè:lB)T!(³ÝróN»FQþŽi×Ýé–1”Š* %çñÔÄ!»«@³éS§õ°yyNÉR6/YÀæ%%çø¯EÛl-Úªà>çñä¢MSû"˜0J!A9Š@G`ï|+Ï¹å~f©ÌÞe³w½¼ÏÞUÔÉ$ç&91G-Ë®1²†c£ÃZ·½žÇÍê(²çq¸dKœ£¤ÈœÝî§‡Y
ÙT–Û¦˜3ü¬:Î„xY~”Meùó)Ã&sX>]³wn–e!,©øóÔ!1–BÂ²¤=—OÅ1$çØ³ì‡~úö9ô£lj0èÏ§Csœ/˜sõç>•úw(TSÇ(>eØeKo~*úî¾[êíuÚiù¼5òQ6µy~ÊÝ×Ô*êJR…£$·LIýx*®®éæ(J!@É©9ÙOå,÷A(9‹'%‡æ¨gƒ?£\æÏÃZ'YØæóóSÆóãn~¢ÜO *J¡
AI^™2GðT¼/6ç'£(IÖýù:ðhî=Oû}=}Ø8ÿØêù(X÷p*OKÙ{~*–Û>™õÈ¼ï§9‚í’²–ã ¤z…Í5–BÂ’Ü2•%ô0ÏW†Y
Y ËÂ=Ì¶]¥"`Éù<-eŽà©8z¥æÆÈ™eù<îôQÂrvÍ©ŸYöÏte!,KòsY¸4—>ó¾¾ÒÃÚlÿBÂrì,¶àsé`)d!,³ý²°±™³Za–BÂrl-ª7Ý^c)d!,³ý’ƒtÔHk,…,€%éÌêá—+,Y Ëšî—¤³«Ú–Óç™²–óˆJ6;Óv[ŸçGên™ýCüŽå|ž–2ßóTY_Î{õÕÛ—»Õ?ÊBXÒ$Žý\FY
YKòË”©§â}Á©^©r¥…°$c3›±a–BÂ’ü2e–à©8œæù‘ñŽ-‘w¬°¤ÀÇ5MA–Š,€%çù´”™‚§âx€\ëØ KEÂr‚K>K!a9ü²'î]rðŽzÌíK’¿c[ö;V‘…°VÕ7/9xÇ×+±²–t•¤Ý+8±Ü¬EÂrøeOÜò¢àg¯ ÄRÈXrðN³÷I¶[Ÿý,Y KÎóé‰{^¼cY*²–ÃØšç{`9Y½‚‡,lïçSÈ/SYúòïæõP“ÔÕf™“gýc£q6s`Ã,…,„%ùeb¯sãÔîDY
YËal®^AŒ¥…°$¿Le9
A5FåK!`IÁ;³z[ê–Š,€%çùôÄ~ìÂÆf÷}b,YËalÕÞ¿Œ²²–ä—©,Ç`Î”ÏRÈBXR°«§·c)d!,É/{ë¼cŸƒ³²–ÃØç £,…,„%ùebo‚w6u)x¥°äàfïEÇX*² –œç“É’ƒw‚kŸrÞ‹VÎ(²€ó¼ãê­¿X–fžPdSïVûùòËÄ}’•-öŽõ°²–tqVlíSÎ¹!ê—²–ä—©,‡±•|–$.Ç±;—rZoËa)d!,É/÷¼VnœšçhÇLå‹åþùJÝ² –¼ãèá-¯™ûy³þª`”ç³$n“PîŽåvˆ€¹£lÖÏ!d!(ÇÉÅ~ÅP–Éz*UÊá–¹(Ëv_nÙoØíp·îý?Y­ŸCÈBPŽ¶i·»±A”B‚r˜å’¸áµy“DQæ&1Ž±Ú´’ J¡
A9¼rIÜ#ÙØÔìÚ2Š’dÁ(9w§%¿`wéÀ ”œæ³$¶Õ9vG½Áì3Êjn]îì•àÑØk@{:ˆrNÙ!±P’W&vbw.í‰‚(Ê’²‚µPR	ZÁzP
UÊ–þTRh¬GQ
YÊqBRRº„R¨BPöô§²ß—š³ãìÁü*FjµFØ²Ø9Ÿy¢ð ÊršÏ–(5Õ|”3Gú,yÛ#óÄ¦æó‰ Ôd!(i~Õ^Á®·úJ`œ_þ]6¿¥>s¤Ï’×º›9{G½Éã­u·½Rî?Ç÷ðMÂ’î×²¶GY
YKrËT–Î1Ÿý9Q¿Dq”…°¼ûZµ¯Ÿ½³ì¯tQë,·&a9ìrÍWŸ9}G=é%Éb‘Ì¿cÇY*² –œê³æ5ïfŠßÙ[Ð'–‹‘"§ÉBXŠ*ÐÁ²[ˆŠ,„åðË5¯å3sþŽgíd)d!,©ô¬}b,…,„åðË\–£T³Ç®±²–TÚ=Ÿ(K!aÙÓŸKal9,‡_RþÎ¬ž3üê—Æ—Wd,9Ö'“eacs„äï‡®ãç²–#OÀ1Je)d!,É/ó:x3åïì³}I”%É‚ý’òw|Gõêë¥òåjÄ²–ä—y-¼™ówÔÄª3Ëz¸Nï­&QÚ`Yì&ôÌù;Ý3âc)d!,É/SYŽ=F»ïf)d,9GÍ}»ÂR‘°äXŸ5±ûÈß±Sc¿°T!xÇVo?öÄòË=UGÙë±±Ö—'¿Ìqž)g¯ö•¥Q–$îPþNY=Ç.c,…,„%ùeb?–òwöbö}Ê½yôoF¬&a9ŒM½×ñK!aÙÓŸË±ÏhOm•±L?l5ëØ‡,xŸ„òwZñ¡°Td,9Ö'ó¹l\ÚW|ŸXZ©š,„åì›À;²,«qŒD“ìEs¬Ïš7®>sþŽzÚíK!a96Õ…Û5–BÂ’ü2•å0¶jûe”¥…°ê%×X’,vrkæXŸ-qÿ’òw½õrÿà×¥$›µ¨ÈXvÎwõDÁDX*² –ë³åM¬Ï”¿ãé,ûëÒÒåÌRÞì¡Éæ_á5wY:Ö>ÝZ¸=dÁ½uŽõÙ{ëÝë—Q–9~i±¬¾¾Ï~›^ùRÅ8›ö#.‡_n‰½õ»b½ÿÚ5I”%ÉÂŸËal»Ý+ˆ²$ÙËó>KòËT–”ïj­‡Y
Y Ë…ó]/=—Ê;V‘¼c9ÖgKì­SþÎ®n~a¹Ÿ,Ga©ÈBXÒý!žÈüK!aI~™Ø[_ØØ7²Y
YËalj¾Ô5–BÂ’ü2•eû…u¬ƒ%É^Þ¿´XRãÔsWŒ¥…°$¿LìÇrþŽzÒÿK!`Éù;ŽÈ‰#Ë^Nó•/¯Èæ_•8s¬Ï–Ø¥ü]½Aà
KEÂr›zpTÜzY?,ÜVõË?eÿóÏŸÿþëíÛÿýçßýó¯Ç?ù¿ÿþo<ÝûÞÛüÂûÇócuòÉÄÞÝÊ†–½æY‹ORîÎ¬æ×\cø’E0léÏ!Yl­³î§þ«R’)²€™•Wí‹„Ÿ/Ôu:ýõéßü]PLr†ÏžØ|]ÙÅÌ®ºL¯nÈ!kF]¹±‹Ù×@*š œà“	ò®XïK+ó‰üRYô=dÁ;•”µSíŸ»KÏÏ·êZ­¿BEÂr8äžx
h£»ú¨ë!Xk³.yÒd!,}“=a–9“=Ëá”{âŽ‡íØ×0K!aé«$Ã,s*I‹%™e*Ë1²jW’a–BÀ’âvªš:íf©|yEÐàŸL–·SÍÝ­3ËÅÈÑd!,G6š:}fùiçR4! KòC¹;Ç`Ã …,äpµl¤	ž›ÜÓrgK³K‘(H!96gó\^¤Ð„€Ì¶ÉüÌnÒ…A
Ù|…“vìá¬QÍn–?²Ø·ëýS’mr(ŽÄd›Ôd!,GgT½`õK!aIN™78P&¶´`)â`)d!,«¯×e)d!,É,SYÒ¤ªÙD³²–ÃØº]VFY
YKòË¼ÍæÂI;êLÌ5–BÀ’“vì! KEÀ’|2YrÒN´EÐ&aIÆf28±œ§s¥þíßu!0KòƒIQ;›šF~¦…Àe £ß†Iºà•,Gøìyc efk¾e0…,fs6|¢0….&YfÞA™¹.e0…, &…íûÌH¦¢€É!>™0)mg[b5æ>[KE“¦UŸ(L¡Iž™7R
›[lä)d!01ž©èB`’g¦Â$s‹½f=0…,&í2ÚÝŸrkóáË¿rC“Íß¼,%Ý2)og[bû$–BÀ’òvÊä*ˆ°Td,)Æg™ò†}
çí¨·x|ei,YKšWµ«Ì/,õ/ÿ.xÇRŒÏ2åûÎÛiáçÒd)d!,ÇÍZv|s˜¥…°lã¹LÜ-á¼ûP›·×Qö½Ø¯)!›?MY8oÇ>f)d!,ûx.óŽ?E×B¶•åuÝÁ^KY4Y ËÆS¬v‰c©ÈX6öËÄÝÎÛQ/0ûÂ²©Fš,àËy;›Ýa?±œŒÁ-MÂ’ü2ïÈlillf· ÌRÈBXÒlŽcb=È’dÁÍ‚Æ~™Ø`ç¼55÷K!a9ŒM<»ÆRÈBX’_&ö×O±Ú,§éÙmÆå@š(€d—Ã9$Y ÉÎn™H’Óvš¹í"©ˆBHSSï±¾F’d±±¢¥³W&öï(kg÷Ll¯Hõu³Þ¯Š,„¥s66ÊRÈBX’W¦²l®+Úk+¯ÚrŒë5Y@=BY;¥y’ÄX
YËá•sbÿ®³­Ù£ÎQ–BÀ’²vªÃ}bÙÏ{¯òôI6pzZÞ@UÔÉ%ûé‹³¦<1\ÖÓŸ´<Æ®Éæc/œ±cž¶WtxŸO©Êã¸ü–9Ÿ…m2%ù™=LE)d!(ÉÏì”ßÃ­)½Y;–Š*åpÉÌ7+'ì¨™Ç×PRE‰-,”°SÕäðK(…*%™dâÆÈâ=mE™sÚò;J
Øñ=˜oÓó»œw[•/Ï²×ÇÕ­/?ÌrNÜYy'¸à17¹Y@!B;³zžéK’Åf0ÊïYæÄÚ±›va–BÂrøZ±°Q–BÂ’ì2qc„w¶Í½‹²²–Íû\Ög÷x9ï¶ª,…,„%ùeâÆeîìKÌ/=,…,€åÆ1.–Ë¥ñ\*² –ûebv#c>—÷µÏdýB°ö¡ØYÝ¡»ÆRÈBX’_¦²üµêÒdù;ªKŠÝiöÞa–BÂ’ü2±	Ë±;6ËÖæ×½#ëb„Ži²€ÆÇî¸ò'c,…,„åðË’Ø*àØ K!`ùˆÝÉ~Ç*² –”æ³”Ä^ÁÎÆfoYžXZWwh²€µ%ïxj’r›¶Ëãn€ÒPÈÎÁ†ú¼Ë†ú´)êÃ'Kb€w6u^ÿC!aèëÂ†Öçóˆ`8ü1—!õIíA»(C!aèÌð‰2|É"’/&öwvºh²æ?‡B6Ÿaåœ×°äG†Ò5Ù|_¬ûb^§rÎÎ’ì‹š,„åˆouDKDY
YKòÇT–£à[ÌC?a–BÂrÙì ‰±²–ä“y½ºÊ9;v¯®MÛí#¿|µš“¬×j¦:OûïÏÕÔ/û£Ê0'æÎbH>™××©”¯³«á¸ïc’¯ƒ[ËzzU†/ÙkïòBruªo ýÅ°6U•/}”ïTexG¬qêÌ¾˜×Ç©œ§£^Yþ™]·zršl~O®rœŽoðüÉ°—ÓËCÿò)ƒçÖ—'_LeI{=,…,„eõõq¢,…,„eK.õc”eNýhþãBI?ÆX
YKòÇ¼©ºJa:›j5_Xvc{öG{Oeå,õÄ–³µÖQd,ûe"ËÂŸ½^Ûm;°4!a9
>ß¡K!a9ü²æí{TŠÒÙWÇ!õ K!a9ŒM½xêK!a9ü²æí{Ôâ­#ûv¨AfËrYK*üìµO»£y²Ü~ëIÖ_‹´:½×"ãcõá“5¯g^ØØÏc”¡0¬¼ah?1†Ùàa/CäÉdÈÉ9«Ý›[úaÆ£wrk²†Ôµ×:'†ËipLÿòß›ã@žš·ÿQ99g³k(K’¿S99§Øk~›úáyü~_ì,xÝÊ<5±gÎÉ9êed×X
YK*üì=åKë®Ñ“làÝ:•÷wëøXEü1±W^iãÐ1§sgX?0T†—l¤Ïº¾÷YÇÇ
uJÊiŽš£ÝÖÕÏî(`7‹>ëøXE|1‘'ä¨Û±oµÆ~¨4¾ßôû#
~ú8Çqd¹Þâç—Ÿ¬W‡"x“rìN.ÉòÞvÑ§X‡%èçh›q8M“ì>6Þ&´W8ó­<_!­qXšlþÉºÊ±;¹,ÇñŒÝÎµ²²–cÜÔÑh÷ÇìðRù~üü$©8š|³–¦¨“+æE'UNÆ±+Ž0C!`ÈÉ8³5Ø§°ÞV©
Ã£lde#nQ«¨“;&2äLœÍÞ¹*Û¡·XóïvP&N-ö‰õx’Îlï+² ä¨š8À™8»½Ò‰²²–czUÍ#¹ÆrÈš·À_fIþ˜Ê²ùV­Q–BÂr”wÕÞ…Œ²²–ä“‰;Ê·íê1ÊRÈXR&NQGq¯°Td,9r§&îBr6Žz?Õ–Š,„åÝØšcÍsb¹Y;WŠ,„åðË–¸sÅá8ö	×VçCÑbM@e#]í½«3>VQ'Ÿ¾[I¼“Ìa;¹ÉÐQ¼õ´“l2|É^š€«©m	{ÝÚnýÕU5Ç6²Ú£ˆÚc|¬¢>~¶–¸cÅ18Ž]Ž(»þÜåÈg·ò˜©§ö°{ÈF;âNvœ¦Ów¨îŠõþ‚qÔvm7"Z5Y@í¿rçÙmüÈPy‡*²€w(§é´Ä^ÜêõÁ(K!aIÛ‚—Þ¥*K’Å&#UNÓÉe9ŒË1ñe)d!,ÛXHÚk›(K’¯m8M§%öæ8öFMÈ¼ÆRÈXrìM±kKEÀ’ÓtZb?‡boÑÉçµNµÊhEP7RìMQïúz¯9ÖWÍÑ¬	«£¬ÍSöþ¾æ«¨“O&öq8îFT¼Æú«ØD¤Jq7µÚ“ŽQ†/YÃá=qò˜cnì=ä0C!a(Œ,‡áKÁpøb.C20G.ÈPÈr¼Mµ¯«;2Ü¬;05YÀ §æôÄþÅÛD×«)«/,²àçqç‚ÏÃ²¶K!a9ü±'ösv6²X?ÇÃ’dÁS«sã©=¢,I{•RåžØß¹+ÖÛä˜Z=²\'ãêAM6?™¬RÜMsô¶ûwy²,Vá¤ÈBX’_¦²Æ¦rù<ìa)dóY6Š½)ŽôÇíÖžss[=¥È/¯ÉþKëË“_æM“Åû4ÅNy¼±”Ú?²Ø«zÇÞ¨÷¿³ìÏ—Êæùòï²ùÏeã4ž×«k{£.ç¯±²–4Xc¯}¢,…,„%ùe^¯®MÞºr^X·žÏ¨?FNUiþc¹iOxDI
YIrËT’Ý÷TÆH
Q É™MÍîñÄH*² ’œ°“I’£pÔÃK¿NR…–æZõ¼H®»¤¯ÉBH’SæuÏ‡âæZõÔúº–h™Ž&›_Y6ÂqLÐEY
YKrÊT–ÃÔÔBûK’Åî„´™o{´§?¢,…,„%yeÞŽÈPc‚.ÈRÈXn™Ú;”1–Š,€%çëô¼ÉÖÆA8ŽîÝ‘eÛŒ¦‰&ðËÂ#¨ÙÏåCüŽå|%o‡d(ºü²®Ïc£m2®\þ¯a9ðT
YÉá–KÞþÈP¬·IÙ¾B’D±÷)5ÁY²×°Š,„äðÊ\’djæÄd$‰‚ß®…Óª}=Fò!~&9igÉÛçŠÕ³ê	‘TD!$Gè:Íóº³eN6¥›®Èºéœ³³äíŒE×ú5H2§ª´HCsôÒ×ÃÍƒ’${y†Ù"I>™J²¹öE‚$…(„ä04Ç]uQ’BB’|2q‡‹BqfÇõÙ1’B@’¢qº:H…¤" ÉÉ;™$YÚlß:x ¹œ’Š(„äMuÜár$¹ìVcC‘ÍŸ^nœ¼³$vÒ[Zè™t¢’ÃÐÔ+K®‘$Y8IòÉÄ=çF–¦†ó]!)D!$ÇøÍbï8÷Û!Êk7ÆË4YÉžþLvÄ3)D$)$§¨‡¯Td$9ƒgIÜéli¡µëj×Š(„ä0458øI!!I>™¸ÒÉÒ+žýpß@Û­§R‘…°£ªŽŠ2ÊRÈBX’S&î‡pTŽz`æK’…?—cCqµ+‘(K’Å&ð4NàÉe9lm·{¯Q–BÀrá6©=Íc©ÈXrÏš¸·µ±•ËºXCNŠ,„%€ž<åËjdck²–Ã/×Ä=ŽÊQ¯»ÆRÈBXŽ°ŸKK!a9ürMÜY~Å/=,…,„å0¶-Ÿ¥…°~¹&vÓ26GEe)d,9J§û&Ë‡,¸&á¤ž5±»òWöAçš’Y®KEÂ’ŽBk’ÙHÍÖd;ÏœÔ“Ër‚j ü5–BÂr›ƒye}ä‚°$¿LìÄ®r'‡åï˜íY¹ô¤»”WÓj3.ÿ‘Åž°lœÔ³&öbW2¶bûe”¥°äHõ¨ï–Š,€%'õd²Ü¨tÔ$'–Í:7¢ÈBXcS#¿°4ÿYKòËÄÎúÆÆ–ÏRÈBXRã4Ÿ%É‚ß±œÜ“Ë’6ƒëXK!aI… 'Ù.Æ²¥ÌX_žü2qŸ„£vÔÒk,…,€%Gí¨Õ–Š,€%'ø¬‰½õÍ¾É'ÆR‘…°SÇ}éG–uµÖ>Š,„åðË-±·¾“±»‡e)d!,i$Çs—oŒ¥…°~¹%öÖ9jÇÞ‹n‡Ã;'DYË1¼ÚcïXK!a9ürKì­ïÎú2Ìò7Ô—£v‚k“å,víÓ9ÁgËë­ÅrÛ›Ù÷9³\w¬&a9
AõÀÄ;Ëíu§¨•’¦ÉBX’_æõc‡âx€ì„‰(K!a9
ÁîéûÄX
YKòË¼~ìPü¿t°$ÙË©¢æÏÑ]SÎýp»h·nÕd!,É/ózxCñþ Ùõe˜%Éb{ãvÔa¥+Ï¥"`É)>[^¯`(ŽBÐNû±Td!,G€€cF$ÊRÈBX’_æõð†âz_¤ØÙZQ–BÂr‚êÃk,…,„%ùe^ß§sàŽÚž¾ÆRÈBXŠÆiËßÐíœã“Ë’
ÁüwlÿëXÜQ¯¡þÌ²ì'–òÔ¥&›ê²sŽÏž×ÃŠÕ³ö©[y¥Š¶s`®ÂR‘…°¼Ûâº(ÆRÈBX¿Üózx"wfÇLe”¥…°… ãB”¥…°~¹çõð:‡î¨—\c)d!,©ŒÕ$–BÂrøåžØÃãØ5üøK!`É±;Ž”‚rÛž½‚rFUX*² –œæ“É²þŠ_Öj$Nh²–Î~ì‘åý4Yæôc-–ä—‰ýXŽÞ	ú¥‡¥…°¤F»We)d!,É/û±•
Aµur¥…°Æ¦^÷wfy¸=¥Ì§-/¥P… $»LEI}S;ª ŠrÈš	GQRúNUoûˆrÞLM€’3}öÄÎ:ÇïØ»—'”e5î’Ñdóï’é¿Sõ J¡
AIf™Š’\ÍŽ¢$YìOówÖt”B‚’¼2±¯Î<ŽsAoõÈ÷‘DMò‚uÞjDIªØ ÃÎ±>{âv'ð¨§ýÏ­Ø¶b¸«ýT
YÀSÙ½­ØJE€’s}öÄ®zwž$9¡ìç.<ˆªÉæ§ãwŠàñœ

¢ª”w¯\§Ä¦:'ð¨©ä×P
YJê˜Ú…e¥P… léOåx[Ú({i‡;+š§ò#‹½¥´S OuäQ
UÊžþTŠ0eN]ùåÂ`h[ªÕíy¨^žpþŽ’R}Ö)q§‹ãwÔk±?£\WcÂY“¬`v5{Z=ˆR¨BP’W¦¢,®Í‘0J!AIiv@S¥P… lã©LÜ³äð J!A9†qyA”B‚’¼2å8i·Óû¥; 4–Šì¯Õ•ÿ  ÿÿ¼KÒì:n„·âTˆ/=fm‡{ÞÑa¼ÿXªJRG ®wÚ‘ªûGJ “·ÎÞQo°~€RQ \Ø+;–™ÚÀ[YÓénöÕ^{Ë‚'b)z§$à9Q
UJòÊP”ýuSÏ,>C)d!(û]ÍC>Û15h(²–5üµ¤j©Yîi­P£ïsK’qã-‹=Ý(yçš¢¤³üÞ
Ô®Çõ—5ÿçßÿùßÿüùéÿúÏýóßÿñþþëÿ¯ÿ÷o[™ëÁöüLEšü1pt€²v’½™Û—ÝZí÷PˆØQÒNÝìRÝþÝ8_qpî6+Û`E6>ð®­l}-NÚ©f·y>7CÖfu›YKJÚ¹,ØÇRÈBX’?vCV62s0}.ëD¹s5[Š,„eßõ3{Y
YKòÇP–}×§ÞßñŒ¥…°¤Ñ›‘kI},…,„%¹e`}¥©½nu³² –œ´£Þ©ú{%Ðö]tÏV@ìGöÛ6öË@–œ´£ÞiþËòK2Y‹xEPØxNÕ^ùxI’,ö"™Fñ=K
ì‡pÎŽõë$I¢à
¥ìTõvÜg$…,„d÷ÊXCç”ðwRˆBH_ÓÕŽ(‚ëW6“gYÇfr-¿›ÉþXE½;d
¬·nTµW®mÿÏúî©çë.Dý3²£†©¤©Xÿñ}ìU½…M#×9³û‘fGêÝST-€÷e¶wS=vKºÝA~eÍ“kOV7ü”>ø6r¹ÚrsòíJU—þ’ÒSÈ£ªr¬¸¿0êÓ3–BÂ’¶z#ñ÷>–$‹¬ìÐSÈCYvS‹®,{”Ø—e¾mGê²–ÝÀ&–¼ùvRE×„€$sýÀîû¼lçfÍm=¬·¥r] ’‚tÚb¿”oMð™Ø)£Nö°buÌÁó+ÈV<7 ß²È~J«|×gÓíD§®	I6u‚€×‘{Ý …,d»ÁÀRhB@’GFu?X1ï³Êºìëypï¨ËFïù)ý^‡GŽ€$MøÙÂßÈ^Umæ
2ŸÚÉëuáª‚$Yäñ¬ý)žSÕ°þ¿RÑ€Ìì‘Q}V×YÞc.HåÓšñã:ü”}…9ÙÕH¡	Ù=2G•WY±WÍU«¤…€ì~6p‹¬¤Ð„€ì²›ÙÿF
YHò3{BÀRhB@vÌQerVì¯ÎGº@
Y H
Ì)ÍÞGn»ë}YÎVqG‘°¤žP–˜cê®,§ÛL%]Â²×¦lÒËRÈBX’SF5?X±¿@fY`™§Ë{iêYK
Ì±7!^–BÂ²†¿—äjöªÇËRÈBXvcS“g.,szµïØÎ2ÝÞ=¡ËFç¼ÒSÈ/èœ˜£ÆÄ?c)d,)2g`+²³œ¿ãæóv;" ËÞËÊ~È’#sìa'KEÂ²oí£n–BÂ’ü2°Â™9-ú«ÈBXÒáFsgéf)d!,É/["š£.ž±²–u¨Üãf)d!,É/‹éœš`)d,)6§.#kË”ózÏ²±_ÖÓ96GÍ&zÂR‘…°ìmÅb%p³²–ä—Q#Ë¬8Ö)§8žeµš\Š, 7ÂÁ9ÉìVºY
YËî—%°Ûx#hJºY
YKÚšµ‚<îÝšë¥h¥LžeÇ&Ó¶üLÒcõî“%°FÀ‰9õž6šÎÓmh.`H‘9ÍîU^.÷wÁè²€'ñD²œé"ÉzÏ…å}X¯.ðIÎÌQãiY¦õÄr¾ÿ‡¨ÈFI§§tŸ,uXÎÌx/ûGýtLËXó(²–ÝÐÔPÓg,…,„%ùd(Ë¾T“‰ž±²–»¡5{°ÇÍRÈBX’_Öîf26õÚ†Ÿ5O=îYß÷"Íb)d,96g¶×¯g–ûúu»_¿*²€õ+§ñ”ÀzÏ2x?å’×#Âe¬YfEÂ2ed¹Y
YKòËP–dlñ,…,„e76ç7v„¥…°¬áïe76õš£g,…,„e/˜X
YKòËÀÚçè¨gÚž±² –œ£3p v{åï	´y¾lŽ•ÁYv¼FËü{¨²?VQ'Ÿd¸ÒPmý™á²Zó=Š,„a74µA7ÌPyYÀûÈ±<±,»¡©'gž±²–dh#sw>–BÂ’|2°Çµ’¡-¾5ÏK!aI·|ŒD¹¬‡O&kö-î=s,O	<jÀù9ëÀ¥“¥°¤üœj÷¸œ,ß²à÷r÷ËÍù^VktM‘…°ìƒ8ê…âÏX
YKòËÀ~åFƒ«kŸw¤ä'|ùî>@]Ð¡¢æš>cI²àzGóÄ²¤ =Gàe)d!,ií—Š,„e÷ËØ{Þø0¤]S÷²²ñ,ÓÄç!ƒýR“g™8´§ÆõG§ëø¿±w‘„ºl¼_&N×Q3kŸ±²–Ý/k\¤+öF†ûk²²–dlñï¥…°ì~Ë’ŒÍÞ“xY
YËnlêea¿µ‚åˆ}½ÕÈÚÝEÖQ»KJíniŠ:ùd\-=M¼´ë=Û©_¹3¼ïWj² †‰7€>†m1Îsi²€÷‘#{j\½'q¶Î@-ýÌrÞ.ãNêŸCÈF_šÆOi¯¬~L~g'Y­–BÂ’|2®F(^'%³F°æÓm*K6æî4YÀú•vª]Sßûvœ³¼¿SS—…°$ŸŒ«ÝuÅýšì½H9ÝµÕ®ï¥b5gÙñÀÐi[~Cé±šz{5)óC!aH>ÊpÐ'½Ùx†”«ÓìËµœY CŽë©qõÄ¹:ÛÀÙ‚ó¥¢é²äSÿBà­c‡ƒ\YÎ6K!aIþÊ’6|gœ,…,„eßð5ç{9ÀRÈBXvlqµº®Ø˜ñï¥…°ì†6Äò”)qS±.aÙ}²Å1èŠû´Ù{/K!`YxðÆ>cpf¹X$4Ùøó"‰s{"ßKØÙ†f™ÓéÏqß§ÔdµÂR³·åf)d!,»_¶ÀzáŸ]wõ²²–´ñ³ÏÈzY
YKòËP–t°Ã®»zY
YË^ µkèn–BÂ’ü2°†N;É¾ÒÐÍRÈXrÀŽ}µè•å5‘XùñŠ,€%çö´¸¬—Ä;ê‘‹›µO½…RÖ>Š,`íSÿ’_°ü;ü’s{Z`_„v6»Þ³¬§K~ÌzÏ[vöÖ{Úo½§?VQ§öyg/C!aH>Øá`¹/ÃCÁ°|´/†q3²†ä¡÷“†óíe[?²ñ9H§új6CEÀóy"rÎÀ™‚÷ýFŸ›UŒ¾ä[öñüÎ½/RNV‡èŸ±²–ä‹}I
ÒIêhÚ3–BÂ²™z·í3–BÂ’ü1°§Õ8x.þ½²–<ç¬Õ°²–ä“¡,ÉÐì½‡—¥°œÙØì3±>–oYðº•szZ`okîÆ–®ñ±Td!,é6I{ŽçÒi?þWÐáœž9°†>Ÿ6|¡,…,„ånlMÀxÆRÈBXv¿ŒeI?»çìe)d!,ëÐº›¥…°$¿ýÆö©zgç3–BÀrÍµó±Td,9§'ò½¤@¬¶àÿÌ².F†„&¨¡S NS‡’®,óŽæûq52C5YKòËÀÞê¤ó!^–BÂ’ŠN–Å:Sp–ud†N"3´?VQ'Ÿœ¡ ï·u„¡…0¤à9{_éeH²ÎL—q†-ü=ì¿d÷%·ô:­(ÖŸáõÔ]ëoÝµ?V¨SpN±ïo¾c§|Kß²à½çòD2\iÃ7œù3CõÏA²àúèœíÙY·qWËßªØøÄ±<sà˜ ççgö¢²”eè8³¥P… $wœ øœ4ÙÓ®Û|œìi«õe=Ë>û²îÕÔÛ`…n>ÿû3ÚpgÙqWœæòëŠý±Š:¹bàT Çå¨á'v[©§»Ô¯ÿ”•SYŠ,àTÇåT»27¿Òùv‚vÏð,;ÌpÝ$ÃþXE\1á6æŠišÚ%qð>^“¬N9&§Ù«Óý{q$ÚÏÖ‘kEP)çôX–Ý¿ÔÀ·+ËœN‰öÉHÅúÈ‚'!9&g`µêe)d!,kø{ÙL=¬öŒ¥…°ìF6prÀË’d§-[?ž|2pâƒbr’zÙØ3–B6žeæ˜µývËò~$W“g™§h¿Ì“Üîékž-S­«•V§ÉBX’±Ùk/K!aì—™crÔâÖ3–BÂr7¶¼º¿±æ²–Á~™9&§ÙëØ÷žYÎÆA
MÂ²oèzxY
YË`¿Ì›õ^úY
Y Ë$Çl"X*² –‰ý2e"c3§]½,YË~Öâ[û˜7MÂ’ü2nª.s\ÎÀ:ÖËRÈBXÒXªï½a)d!,É/CYÒFÐöËåØ‘,öCˆBHömàÀùW/I!!In7»“Óèî²L—
Þ}¶ëG[…Í™m-ú«ÈXr&Ï7»“ó¨[Þ°Tÿ‡[RxN¨¨_XnÆÅ}š,„ewËX–ÝÖfkvÇÏRÈBXö¡ÔlŸ™O9˜«q¡¦aæHž%n„'SvNR'Ÿ¡²”uì(³¥P… láo%]…e×Õ½(…, %Eç´b×|Ú))ki—‰…¥"`É‰<‘¯%Eç$3ÁîÊr±&ë4YËnk=7,õÿ+pKNäYâ¦³ò;:Ç÷‰a)d!,i$õÑ{©þx!aIvÊr°w9nV_²ý™Šé]ZŸ©>š:Èãe)d!,É/ãFír»‘ÒÏ2æFÊ{–Ó¢¿±Š,€%'òD²¤èœ¤.êoYkEðåèœÅ÷^Î›q›¡&?7™9‘g‰››Ì•Í^ûxY
YKŠÐ±ORzY
YKòËÀ	Gè”x–$‹ÛÊ¥s=Ã’d±78gNèYëê¥£nÑž±² –©Snð±Td,9©'’%Eê$u‹ög–k1ÆØ>²p–i,äÂr2Îh²–9ø½¤H©øÖ±#,…,„å`â«—eLâ«Å’ü2°ãÅ‘:ÎoìK!aYÇf
¼,…,„%ùe(KŠfõíIFX
Y KŽÔ˜Áó±|Ë‚YrRÏX[çHó–&/KEÂ’6‚vÇ«]o‡¹?-«ÉBXv¿\kë©þ^*²–ýÐÇj§»ü¬cïÏç]dg»–ú{¶«?VQï>¹Öa)J'©Í?cH²àGé¬v`Ùÿh†$ëe8¥_†ý±Šz÷Ç5°ÎÃ:ák·,xæŽ#tÎøžeãr"ÏXwåè3Õþ‡a»9)5tEPCçèœ5ÎCÅß²à5'òD¾3pÆ²l'–õrlXe)d!,û†o`ãe)d!,ÉÏŒP„Î¤>c)d!,{Cq ÐËRÈBX’OÖÐ9JG=vñŒ%É>®	Ü³äHõ:Í',Y KNêYãRµ3Gêd»VwaYŒLM°æáLuìóK!aI~Xw¥L¤N>c)d!,»±­Ñ~©ÈBXÖð÷rpvË¯rZÇÎË¿cvå+?FÎËÎß¼—%]X*¡Èf'9»'ö½Ü-›Z~–BÀ’Bvfµ°ñËr9æz²uäE‘°äŸH–ÛhŸrk–Æ˜“"aÙCªQýÃ,õÿ+˜ÑÚÂýrã ¹öIû{vÌ§_£íÔÚB°ŽÝx#8rÈÇ’dÏ‚X,kø{IÆfî/Ý,…,„åp&Ázd1B‘…°$¿ìSrØŽ½öq³²ñ,‡íek9Xj²ñ,gølq½­2ñ’æžäŽ¥úç²ñ~Y8l§Œ|c},Iû-œáË²›û’–ùu>É~?Ÿ®ÉBÞËnlêµšÏX
YËî—[\Ÿ¤¼Ãv¬›œw–Û»³\-–BÂ²ÛÀM?^–BÂ²ûå×{.“l0ê,ËñÇXŽ×G›IP8jg`
ÖGR‘äŸH’µ£ŽH}ù¾•K1Žõk² ·¤¨6D¹ìÎý­à-ÆýYG:¯²=‰”ß’Ø%¿¬‰ÆnÔƒPÏ’,vb²PÄÎÈNÄËðE0ŒvÇÄ66På93¬F•ç#gH6ÿ²†äŠqÓ…CuÊ@ÕÕÉPÈr¨Î6Òñ0|Ë&CÎèÙâ¦
‡é¨17f8[8h²ñ—O”ÌÇ7F:ÍÃjÝ-ªÉÖ6œÑ³Åu´
‡éœ
ñ²²–Té4ûX
YKòÇP–ddv§ÙËRÈBX’‘Ù7ŠxY
YKòÉ¸Êyá8»B—§éÔªîwŠ(`÷øÓ±W«Û«wÃ4cæõ";î’ë¾»þqÉþXE\2®^^Ê K^	¶ûÎŠ(`SØÌìýÿv:=ÐÇÄî?$ŠlüÔGádžÈw‘#tì“ yåŽ>kÖûf»&yiÔÆ|KyÍßˆ÷ùšI¨¾‡ìøÛ8/¿·üÐcõþ6î&–ÍûSI§äÞ¥Ó‘š,„a±™ã²†ÑžXOJ^ã¶-MÀ#sìS¯%ÖKAXax–g¸´ß“ ôXE=Ú9*GÚ¾~K_iü9d˜î­E‘¬Q+Ô˜çý‰ãæÂÍZ`¿e±w¦JàY§¸Ó®…¢r²r–ÖÓdë<Ù,Iöq¾«õçèI¬ièû·d;­RïO»j²–»?³ì#5Õ<ewaÙŠ1è«ÉBXv#›ìÓ®Ë+}¿­µY‹mE°w¤žu
ìWU64›åù¶­–BÀ²q1täÄ¤‡¥"`I	<ëØó ¨œl'c]YZý~dÁµVŠÊiËH­ÕÇRÈBX’_†²ìÍBµûŒ¥…°ì>ÕìŸ±²–ä—ßXŠÊ™ºò²²–=``âÜË’dŸœ´X¶ð÷’ŒÍžºò²² –Ã	<>–Š,€åÌ~Ø_¦¨œb§h;Y*²–»±ÍC³:Ëým0†TYKòËP–4‚jOÐåù¨ì,ÏchJÉä,;Z2™Ê´æï?¾UÔûphÎÃÇPÈB’OÎ
PTN85àexÈ"RDŽÏG
YCòÇ¸dBQ9ëÖi­ÇéºV/í •á!ëaX~Òc…:EäTõR°ßK_¦Ã&k†U‘0\Øg(*'ÌÎ-õôšå.Eà‹•SUSÆRÈBX’/öA8*g MÉËRÈBXîF6$Ÿ{Y
YKòÇÀ~GåÌ&Ëæ©ÑnTÐQIjÚ;^’BB²»d
¬ /¼Ý³Hö™”×wh¢Vk€I‘L|¬\µ+èéµ|W<e1Î-k² –”¿³¦À3u”3-V—rÚ¦õ˜¤³Y*²–ÝÖ2[¼,…,„ewËX©[¹<j¿—9g]k³Y
YË^l·ô²²–Ý-S`¥Ž‚r&uà÷Âr§yL€”Í*v)²–ulëe)d!,É/«;”cWÐý,…,€åÆåÑh¿Td,7öËÀ*å4ó»–zZûX—X¿eglVv¡ œºÙëX/K!aI~X)  œImÚ>c)d!,©ÿ^
YKòËP–ÔN´*w~–BÂ²ö¶EôÚG‘…°láïå _ní´#1ÎM*¢ñ$+ÇäDa5Ùx’ub·Œ«ùÔ‰ÝÒÜ]î$_i˜¥&aIESË¼‡!4ÙøäÁ:±[†²¤f¢ý…õ²­OËÞTè‘xY
YËî–9®‚W9&G=*s­ìüŽ#ˆV*–&aÙkêÁúg,…,„ewËWÁ«”cÎøY
Y K
Êi³vÓþ[¾,g#©÷#‹Mw­”¿³æ¸
^å œÅüÆ^YZ<MÂRÄÊý‰eÞN,g‹%É>®úX,»_æ¸
^¥ÀœlÞÀ=mS:Uc­ž,¶‚·?…wÄ³²–ä—q¼ÊÁ9êèá3–BÂ²—MËÈ7vJ'–÷mš,„%ùeÜŒOå õ8Ô3–BÀ’tÖ±i{•ã½lÖÚG‘°Ìì—,9Hg1+Û›³ÌÆš,„e?Ü¡FF_ßËüªß_ŠÑÐdµ‚Ì~Wõ©¤3ò­§L—>iý9„,„e/›X
YKòË¸¹­šýrÝÖc6}ÿÆ:V‘…°¤k>ìî¥—¥…°$¿¬ûp”Žº|ÆRÈXR”NÍöŒºå[ü^RRÏZë>ª£6þÌ²ÌÆ£š,„e7¶zìKûÇÿÊBXv¿,uÕ±×>n–BÂ’yØgŸ½,…,„e÷ËX÷¡p´ÚÓ>^–BÂ²›zMê3–BÂ²ûe	¬ûpÈ€¥°|‡ìDcY ËÊ~X÷©|Í‡u^ö‡åfí/YË¶cßÈ¶×ü-täÕ¸bá#®áq†O,Ë¾T/à¸²œëQ÷)«µŽUd!,ûFP=¸ýŒ¥…°$¿¬ûpØŽ:”xe¹nÇ´OÙ¬ž"aI×.›ýK7K!aI~Ê’ŒÍì“¸Y
Y K
ÛXû\X+Ë÷#^Çr†O	¬á5.œš½è+KsüI‘…°¤Â©Y+p³²–ä—5<
ÛI›]Ãó²²–}#h÷¼Ü,…,„%ùe`ÃvÔ¶ÑÏÚ§œXš{EÂ²7Õã†ÏXvÙgÙý²Öð(l''svËÍRÈXrØŽ}k¬“¥"`É>‘,)lgä{f™#«ù#‹½5¶RØNS¯}»YÇfk®@‘¬c9Ã§Öc9lgµkë%½Î£l÷·Æj²–ÝØìþeÚ÷Ãßà“<Ùÿ…,„e÷ËX¥ÐI=$þŒ¥…°¬¿s1,Iöñ:Öúñä—õX
ßI‹Í²æc®`gyk¬&`É!<ÕÞ_žY&s>ö-®ûp¶O¬áqÏÀ7öÌ2mF.þGÎ²²6ó§žÿ5ûd]+®ÉBX’_Æ¤­Â£^½ús*ú´öygåßþ9„,„%›]+ð²ü;ü’³}j`oá ][÷²²–´4{^n–BÂ’ü2°†Ç1<6Ëå}zvØr„,€%Åð;WtÇ×Î~iÌÇ*² –œîSkxÃ“³¶~a¹/VÃ[öq/ÚüsŒÕc/,7k«ÈBX’_Öð(†'%³†çf)d!,{£Q=¤öŒ¥…°ì~Ùë>Ã“Ôëuž±²–½Ñ8à—^–BÂ²ûe¬ûp=Wàf)d,9†gè½LçÕýõ›ÙÇÉÖï~Ùë>›,œF°Td!,i#h¦ˆt–§5¸±nST!(»]¶ÀRÁÆ}Æè×R‘… ¤>ãÈ'Ö…R¨BP’[†¢ìÇ|VsÒyyoÊ>(Fƒ"AÙCxì¼Q/J¡
AÙÂßJr5{áãE)dãQ6NáQó5ÿ:JM5eãlŸW¿kÂ£Ç¸A™Œ­¶&AI®6²·<›Ã}ÉGS… $¯Œ+ù4Îà)f)v)§c´¹Ø(…,%eð„£ª”ä•q•Ø6ñÐ^ÁzQ
YJº†Òî8Q
UÊþV¶±‚¥ ¤žªÞæø ¥¢
@É¹>‘(LíeÏeIFvš&?³Õ(€gÎö¾r>ÏXY0š,„%™e\¶%.˜Ú,óyþ.ówYìÙƒÆ<g¼,…,„ewË9®ÛGîìº²Ì«±Ñd!ŸXº>ÄþÄ¶Ó­$¹XûEÂ²ÛåW‡mÀ“í3AórüÃ®öCˆHRüÎ<0±•^Û±³´5Y INõ‰$Éñ;ö¶•|úDï¤"
!Ùw€óÍ^’BB2¿“¾³ÿo&Éy;-aW£U¤ÉBXz¥—åßá•œé3ÇõF…ïd{g9Où´†ÍF”Š&X÷äÑž¥—åßÐ³lœéË²ÛÚdÖî:Ëâa)d,)|§Ù÷ê]Xîa|TÞ²à÷’3}æ¸ùæFá;Ù.\Xæd´p?²`¿,|Õ–ý^îkXÇGE‘?Ô8ÓgŽk4
ßÉêõW–ù|îÀ\Ò¿eÁû‘ÂSÚg.½,…,„%ùe`„Âw²zAË3–´·||®ÝbI8ÛëX/K!aI~XUçðbîHÜ,…,€eå0t{ÆÇÇR‘°äLŸ9°Ká;y2ßË¶œgÕ«1«®ÉBXöáUï{i]Â¡ÉBX’_Öb+wÍ¬-7K!aY†²¶Ü,…,„e÷Ë%°Ká;y2›Ðn–BÂ’Âwì=I¿ëËòzhBe)d!,»_.ußQç×ž±² –Ãìº%Ë‚onœé³Ö
vÅº¯cÍ3$»}œÔÕXEBrÿ%M½àñ†äfDØh²’Ý-—ÀJEïä·\Ï’ûXMB²M‡¼ÒGRÈBH’WÖ	8xg`?R–#—r„%É‚×°¼£†Ã?cI²àýçù,{ËwðŽ™ãfI²à1
Þis”>–Š,€%çù,{KÞ©N–ÍªÅ*²–½hjßB{ai†ž|dÁuuÎó‰eÙ7jôÆ3–BÂ²o×‘š¥…°$¿Œ;Ý(x'©ñ¹ÏX
YËÁZl}MGÎV±f¶YKòËÀšÏÌÆfO‡ÔõÒï2ÿiY Ë…Grìol~-íôã³Wd,9Ï'ò½\¸Éh×b§éunË›!aÙ‹¦u‚ýßÞñQ™¬™EÂ2¿—¼c¯}v–'’÷)[š(„d·µÍ>wà%)d!$»[®•XŠÝÉj°ã•dš/‡ôŒê"aÙK¦êÕÖ¿_ØRÇíA‘…°ìn¹Vb)v'«AÈ–ûý`iZTd,)vg¸Ábw‡õôQ1–mŠ,€%§ù¬•XŽÝ±W±W–›U‹Ud!,©ÅhîH¦õôÝ¼ñQ‘…°ìnË’ŒÍ<yP×í²Š5¾±ëßâ—ë _ºY’,øËi>k`]cwªÙíÚ7[¯óòÁXÅ¾eÁS[»3ÛïåvJó±q+²–ä—¡,wc+Ùî\îßÌs—Ä´!`I±;³Pàd©ÈXršÏØ%¡Ølkÿei|¦Þ²p–ÝØ&sëf)d!,É/»$”»“³])ð²²–cÝK7Ë˜î¥õãÉ/CYîÆV&ð¼,…,„ånl«ztâK!aI~Ø%ÙøÈ‡}ÂËËRÈF³ì§#å‘Ç,uÙh–ôòË¨j,+îN5 \¬c·Ë»Fƒ.aIÆ6r†ö86ÚOÜt¢uÙèN4=…ü2ªËŠûÔÌ÷ÒÍRÈBXv0s[^–BÂ²ûåUeÅÞÎ¨œY–ÛZ.aIÁ‘Ñ>–BÂ²ûåUeÅõgó ³|Xü\štW+Ðe,)~§©×;>a©ÈXrªO$KŽßQ3ŽnXÞYè²–Ôf´¿±Ó©mÄØè²–9ø½¤øbOá¹Y’,²çEO!c³û—^–BÂ’ü2ª¶ÎŠ½¡ÏRÈBXR£Ñžñ²²–ä—QõXVìÆÏRÈXr Ï@ºº¥"`É¹>‘ïefc‹f©ÈBXR£ÑžöùaywZO—…°ÌÁï%Gðô¢/,›ÍRÈBXR¸«}šÄË’dÁkNöÙ¢ú$¬Ø_ sYÚ|Ù_{EÂ²þ¥u¬É’d‘'è)ä—¡,»±U³†çf)d,9‚gu³\ïY¾eÁ,9Ùg‹JaÅòJ³9»ueiÖðÞ²p–T8é“L‡AÜÏné²€Ú:'ûlQ}V\!,…,„%›=ïãeI²È^4=…ü2ªÉŠÝØÌþ¥›¥…°ì7‡Ìñï%É"³Fé)-ü½ì‘êˆé3–BÀ²rºY[w²Td,9Ùgì_ROiÎu¬Y[Wd!,ûY<õfÁrñ°²–ä—ýKŠà)Ù~//iÎÆ[©ˆBHö²éÐDe:“4ÚuŠ,„äî–ÛØ½ä 5®ó	I!
!9V‹u“Œ©ÅZ?~÷Êm
ì‘TÞF¿“B@’ÂwÆv#’oYðª‡2}¶)°Û¨dÚììA²äËCÙf+¢Ñé¿ü”ýåQŒþ™äþM+æÿ•Ô(Óg›ë°¿c§8I
QI24ß×u„¤…$Ÿ¬ÜQøNqùäI!
!I·QŽÌªûH
YIòÉP’ÝÒš]ëñ‘¢ ’¼£¶èž|Ë‚;–3ûdà×•‚wœ»ùv¶Y¬x(vgd²¾¶ó?Ãd‘²’9øœypÕ<Ó^ûƒ¿ŽjµâYÈ[Ù¥ê]ÖÏX
YKrÊÀú+Çî,ö™öËf¤„,„e[¿zY
YKòÊP–ý`äÀe9Ý"<ÂRÈXRìNX÷œYælm‰YÀ®ra·¬¥/\(µç{.,‹õUd!,wc[ú"^–$®,ì—µt
ÞÉêæìK!aÙ·€ê‰g,…,„%ùe`-‚wJ¶×>^–BÂ²oí<7K!aÙý2VÓ)x'©Ëúg,…,€%ïTû&a'KEÀre¿|/9xgàŒÞÏÚçîb–CöñþÒbÙ7‚öÜÝ…eº¿:W—…°ÌÁï%ïü\üùÿ   ÿÿ¼K’ìF®D·Ò+Hc|ø›IÏZs™¬{ÐûßÈc Y•d7áw,™-Ï%=@xd°²–c#X=y>1–BÂrøeIìsmllÁµƒ¥…°¤Aœ|–BÂ’ü2•å(›FýÒÁRÈXrðÎóK›¥"`Iy>{IìZrðŽÝ!¹°¬ëÇŒQ]P¥àeŠÕc=,IÎ’ü2•åÅ±g(Ã,…,„åØÚ·–†Y
YKòËÄÚ:ïTõrå{,…,„å(œî±z¬‡¥…°$¿LeImF;k"ÊRÈæ³,¼³”ØÚÇˆù×eóY–‰ý2eáàõâ€kŸÍh5h²ùkŸ2±±kx–BÂ’ü2ï,Páà5FåK!a9Œ-ÈòxøÏçº4ÙüžW™Ø/óz^…‚wZ´îã`)d!,}³>e:ßøä`ùf}ÊÄ~™×ó*¼íy9X
Y KÞQ¯›¿ÃR‘°,ì—y=¯ÂÁ;ö½ËÞ^´&a)6‚6Ë¹…MÂ’ü2•%[léa)d!,›kf)d!,É/óú$…‚wš}I˜¥…°ôõ/Ã,sú—ÖÃ¿¬y}’Rœ~ÙöþÊ9,çót¬&`Yy#è¹$ÂR‘°¤<ŸT–¼cc[]¯C5Í(h²€Zï¨Èëžd½Þ\j¬}YËšü^rðÎlŸ>ˆ²²–´´ë±Q–BÂrøeÍ«­Þ±oloõô­Í*(²–£pª†Pßc)d!,É/SYŽÁœ-Ÿ¥°äàjŸ&‰±Td,ûe"KÞQ—‚wX*²–c#hßB{°lÛiáö9ûW“…°¬Éï%ï¬¶_–~òËj(Öd!,Ç`ŽvûeµßK!aI~™Ø'áà»îS×rÊ™ì÷RÈBXRPý^öÇþÚPMFþ&aI~™Ê’ŒÍì“„Y
Y ËÎÆ¦ýC¼ÃR‘°ìì—‰}
Þ©öÚçÊò:»¥°|Êbóï
ïÌ=Æ²l–A(²€þeg¿Le96‚ –BÂ’
§v­ ÊRÈBX’_&ö¼(|§ìf¯ÎËã{ùP»‘ý«ÉBXŽÂiµÏ“ÔÇú}?ôñÎ…EÂ’ü2±OÒó±a–9ó±ŸŠßYsëo,?¾i² –œê“É’xÔ±Ä+Ë¾Ð?ç¯ýåçã5š,„åØª!Ô÷X
YKòËÄžGðØgÜÃ,…,„¥¯f™Ó¿´~øeK¬­SOU¯g¹Ç’dÁu
á™ï¥…°~™Ër›z•ë…eÙO÷¶WŸë² –›]÷)þbÙû.5Y KN÷iygƒ
ñT»†wìûÝw}¿dÁýË…7‚ù,…,„åðË–Xå žnÎ­‡Y
YKºh+Ÿ¥…°$¿ÌKÝ*›¹'	³²–c#èÈžˆ²²–ä—‰õØ…/r6ë±¥Ï§žW±Ö>Š,€%ñtûÌÞ…åbÕ}Y KÎ÷i‰gV66³YžÇ£¾jëFéD‘…°¤ ôà{é`)d!,É/SYÒFÐþÆ¶éÅòXÇõØ§,¸¹zë±Q–¿£Ëù>-±¶¾ráÔÜ_–i~ÔK!aIA»e)d!,É/kë+oóY
Y ËYƒ~i6yY KÎ÷ÉdIA<MâøÀr±–‚Š,„å®sdODY’,øËù>™ßX
â©ö7vÚOó±e¶ê>Š,„å06Ç7v:žå´'16TŠ,„eO/ÇFÐžÃ³²–ÃØÔÀÿ{,…,„åœþ^Ž W{®`ZOýK»û”¿—Ä³•l–Š,€åžî—»³d¹ÿ–z,ñ8f*£,…,„%ùeb/š‚xêdžš¶Ó]leµY
YË1Èê8ƒe)d!,É/SYŽƒ’j4ò=–BÂò0¶U=s¥…°$¿Lœ+à õŠå·^;Íûkí£Èæ³¬Ä£^Çqƒ¥&›Ï²r¾OÏëEW
â©j|Ã•åóœÿÅ(h²–4˜öËÏƒgš,„åðËž×‹®Äãx/£,…,„åØVûüå…e3
š,„åðË\–ÃØsQ–BÂÒ•Û÷=Èò7äÇVÎ÷éys•‚xš£e)d,)ˆgQ/·¾ÃR‘°ä|Ÿž7WP9ˆg7kA–Š,„å06³îg)d!,É/óæ
*ñ´Éfyü#šO,¥àS[÷©Ä³¶ìo¬"aI~™Ê²»æÖÃ,…,„%N­¹‚¾¯ýüQù˜ªÉBX’_æÍTâÙÌ³Aa–BÀ’ƒxÌûIË¶œþsÏK“°¬ì—yµõ¡Øsµkx}úú16ëß5k6°YŽ	±G™ìl¤…€$³Ì+¬WJá™Õ^îä²Ÿ^JkpK“…°<\m3‡ðâ,IþR’Yæc+§ð¨sl÷X
YKJá±
q–BÂr˜åœXÀ£Ç†$ÌrÆTJá±‡
¢,Y K÷ÉdI)<Íº jÝ÷y}m.­k4UÊ1”ãØÌ^Nÿýˆ"A9ìrN¬ßQ™ŸG)T!(©ÇhoGÊc__Ïn¾”BBr˜åœX½k.³Œ“ü^I	<K³7#õñº}~3Î]jª’d•‰µ;
à©ê¨Ì-’B@’ówÌ«…¯$­H"M@’S}æÄjÅï˜•»ƒäº¦	Ìuƒ"A9,ÍQ!˜ÛkD©íó/YìTlåTŸ9±ÚÓ¹\jž"™Î'‚ÊbÿBÂr´Í´q–BÂ’¼2•%Å»š•»0K!aI;@ëDP½¯‡ß¬¬"aIn™X¹ãøÝ.øDY
Y KŽß1“¹£,Y KNõ™‹w¿£ªy›¾ÛO§.M–OY8Ëâ[ÄFY’,œ%ùe*KÚæ³²–c¨Æ¤Þc)d!,{ú{Iã8v!v;ïêj-ëYË1¾j&§â]Å1šm:EÂrN/g÷{b)d,)~gV£ÂÞYÎ~”OU0Ê%Ý.ÞÚõÎ(Ûµ–)3t5ÙüfêÂÓ8žšú¥•ò¥
®,énÉá;Åqî`,”${ûk¡¤’©=¯DIªàîGúÌ‰]ËÅ9âF™3âc¡t¹£ü'.+'úÌy'H*Eï4uØûJ!@IÑ;Ëâ™ð	 TT(9Ð'%%ï4;,ÿŠòzé“‚ò)GI5SÏ[ÙÊiÍf4Hž²à/,ú,‰ýçUN®ê,ëëX×nMk)¢€,çî¸V=1’BBrxå’Ø~¦Üæ8:#)D!$ÇþÏ5rº´ÝJGÕd!$‡Uæ’œ}í‘Iî8sÇ5u!ù”;%Gù,‰ígÊÜ©ªÙüŠä/üì“Š(À')qg^bïdëÖzí)‹½±rÏ’8B‰;Í±©Œ‘¢’ÃÐ\[ÊÉ–rœËzxòÉT’diÙï¤…t–_çGÛO_WãðóS¼¥äŸ\’ÃÒÔ{•¯#!½EÚ"Š,À)wY(Í`©ÈXîéNIi;Í1<yai.YËajjºÿ¯Y¶b\rù%{{|òóG…C|–ÄQ­mÍX¿þ€¥…°§!g{e)d!,É-Ç{(m§Ö|–$ÞPÚÎ2{Fµb,…,„%ùe*KÚ£Z?`)dóY¶‰Í^Å†Xj²ù,‡ø,y£ZÒvºµŠ}cÙ®LêÏ!dó×±Òv¶–Ï’d±;’Æ!>K^Ã²QÚN·ÂB–­>Î?G·~!a9Œ­ÇÖ±–$/É/ó:–Óv¬6³|µŠ6ã«ÉB¾±ÃØ{’öX—ÓÃ®¨k²ù{’Æ!>K^Ÿ«QÚN·×±ÛVN?Æç:ì—(våÓ8kgË&ù”ÅV
Gø¬y]®ÆY;Í|+O$Íû±5QÀ÷•“v­çzºÔh1.ÂÑT! ‡U®y­‘ÆA;ŽíÈÔ_Üýz(JE)d!(GÅÔQR¯i;±ü\òÑd!,‡Uæ²ìc­é8ÑU^KXK!ayxÚfÞ×g)d!,‡U®y¥ØV¸fjGL§{z½œÎSY’,v|²qÐŽz©Ñû„zy5Hv£Aò%{ûk=<™e^)¶U®™Ú[Ëm:}c­ñMÂÒYŠ²²–ä—y¥Ø¡¸k{ke)d!,ÇÔ*€¥…°$¿Ì+ß5ÎÚ±rµ~ÀRÈBXŽ±UÇ26ÊRÈBX’_¦²¤±Õü÷RÈXRÖÎê8c©ÈXr„ÏšXŠå°ÝÞ“œY?Çç‘MÂrÌ­:¶¢,…,„eM~/÷íI”¥…°¤ÉUÏ	èK!aÙÓßËQ3uŒ‡DY
YKgžz”eNžºõðä—©,ÉØìZA”¥°äÈ5û½dÙíö	hëá³ý²sÝÔN©íñ}Ed¯KEÂò0¶¾Û5¼3ËnöêYKòËÄÖewú,i§ul³~ŽœQëç 	VÏ{ùJò9Þè(²–ä—‰­KŽÜiv2A”¥…°¤™O­ ÆRÈBX’_&¶.;›#ƒ{{µ¡{·ú,Žán¹3ïöxHŒ¥"`ÉI>[bó’"w<'g/,gkÂB‘¼—¹³Ø}’ËÍñðï²–Ã/·Äž×ÌÆf'lEY’,¸†7ó«§îsb¹[3gŠ,„åðË-±çE‘;½¿±–BÂrœùpŒSžÏzX
YËá—[bÏkfc³AGY’,¸çÅ™;jòKEÀ’£|¶ÄžeîTõj_³œû¥¶ÞµŸCÈþˆe·~Žqq³í—ûcZOßÍ‡—ýKëáÉ/kÏ°Úµ‚(K!a9:¢&¢,…,„%ùe*Kša­}<,…,„åh4nv­ ÊrÈš— Þf9§¿—dlö{¹L¯ÞñçÙ­Uû9^²ÿùçÏÿõö{üýçßýó¯çù¿ÿþŒ«•Ú^xÿøþ³Bóv&Ïýy†Š,€!Çøl‰µ»•Íq½Ó™áµ,­þBð>RÞÎ¢^|ük–«yìà)Þ‹pŒÏ–X»[]s±?`™3k±l¾ù»(K!aI>™X»£Ì:Û{‘(K!aI†ûÆzX
YKòÉT–ÃÐºãª® K!`É©;júâ¯Y.×ˆXåáY€_r˜O&KÊÝijÀü–Ýb©ÈBX’±ÅÖ¯–BÂ²&¿—œ¼cúK!aIÆ–ÏrÈÞŸ'°>Û/7×‘Ë°Ì9riþ£‘«xX
YËl¿¤ìdùös(ûÊ³lþ¾’2wVõÇûÊõRU*² †å³'ö+9sÇî=—¾<¾ÛDóµ–®þä“à5ÏîíWFYæô+­‡>™Ëršš±êf©¼OÙèûXö·÷‘þ¬¢NF¬Õ9
YÃá{bÏ™³vÔqý{IvE1¤z«ÝkŽ2²†sú{è›ç	3|É¦3ìç›'¿‡šl>ÃÎ‘=‰ïaŸÜûÇå›Þ7ãÌÏSö~-àci¤O?©·zX
YKòÅ¼Ù>ñFÏŽÀ²²–ÃÈÔûã¯,·Ç¼œ>&åãÇä"ëü˜”išæí…÷ï?«¨“/æÍ|tÎÔ±×6a†BÂpÚ8.Ž2|É"’/¦2ôö!ËéåjŒŠj² †œ¦ã˜Áº0lFáB“|S9¤gÏ›Ûé”§Ó==¬ò8ÿŸç4Ùü}c§@ÕÑÃŠ²²–ä©,G@Àæè-Y
YËà8e)d!,É'óÎÄv
ÔñÌFFY
YËahŽðûƒåú–ŠOže#>¹*>¹*êä“yó:ƒtg{¢…,€!é8zÊg†k1&i²ù=åÎù<{ÞÜN¯lh±oëb²Td!,‡¡9ö‘Q–BÂ’|2on§W.„ºÖ¯!–BÂ’6|v}'ÊRÈBX’Oæõ®zå_ìëa)d!,GÃP]°Ýc)d!,É/SYŽ†áÛ‹xX
Y K
ÒÙ&×™»ïHæy3ò¾d±³‘Ç_)åø_ë®¤SÕ(;,Ÿ²·ÏöX,Gtrk±²–u9þ—Äº+éÔÅž§ëëe>ÀXÎŸeoÍŒ?«¨;ç[£Ã|ëñWzÉfØ}}(ÃþÝA0$#³kæQ†BÂpïabÝ•‚sª:òráK6Ÿ!æ,jXÉ¯®ÖÝo_²à5Ng_L¬Ñun:Îc?ÇçQmMP;§Àœeù¢‡¥…°$_Le94VÇ9É K!a9 ×NDY
YËžþ^F6[¹è?`)d!,©0šÿ²–ä“‰µsÌñœE²² –3Hƒ{ÕÈ:Ód,göËÄ:æÌ±÷rpú¼TdûHÌqÔÐ£,I›÷qüòËÄ:æ X
YKçüN”¥…°$¿L¬¡S`Nsœ—Œ²²–c¸ÛµºWêL5n@Ñ4! É,‹®œ–3Ç6•B ’ÒrVG¡. RÑ€\È)KÞ´rç¨u°éífŸù”¦dÞj²€UGå¨QÃ7@’&x+²M–ÄÒùÂ~–RÈB@6ßØ@¤Ð„€Yk®’cÖë~ RÈB@ŽC-ùšÃ#Kbá•rf£h÷B ’’rVurEÜJùJqŸ­i]EÀre›L,ôPRNSï7ºÃR‘…°–æ¸Ã¹<öúõðõúð2aøK{™áñWÈ)SY’¥ÅX¶Ù¸ O“…°ô˜ÜöGù^x×j\Zü”½¿¡´Xöô÷’v~æE[Û30ÛÍRÈBXÒeËù,…,„%ùebvåŽ¢é—a–BÀrãýŸ=`WëëòßvYû(,Y Ëý2‘%'å¨ùÓ¿fY»q²&›jß7oÃ2Ê2§ai=<ùeb1’rªú™ºúem¯cÛbdk²÷r›Úm½ÇRÈBX’_&Ó9)Ç±'‰²²–£³¸Ùá-Q–BÂ’ü2•%›Ñ°üK!`É‰9j"ÿ–Š,€åÎ~™ØÙ¹^j_Lc©ÈBXRbyì½,»qÁº&aI~™ØáÄõ¼÷=–BÂrLâL–Ëa)d!,‡_ÖÄö%ç4kˆù,…,„%›]U²²–Ã/kb‡„tzÏ/…l>Ëyâ g`©Éæ³<þÊðËD–3'é¨sˆXÎÆ(MÂrœ€t\6qf9]¹¨(…*eÍ}-ç‰ƒŸØ(Çj²”´ŒÙ¥¥P… $·Ìk]Îœ§ãèAOg”ÍøÂj²”¾ñžml=€2gÀÇBIf™×¼œ)V§ªâ×^­§ÞnìÏ4ÙüÞÌ±:ö[C©¨PöÊD””ªÓ»®C©ÈBPRZ€Ù‡¾ôH(I[&8þJM~+ïÍ2ÁÖ—ÓÝêÅúÀ>e±å»™BuV»¬~ ¬%€R¨BP’Wæu.gÊÔéÖqƒåòJE‚’¶€v‡äÀ÷=Q`ï4UJòÊT”³ë­\·úxÍW¬ö¿l!øÀr´Ž=²Ïâ_Á*ª ”•½2eeS3{]”e¶þe+²”ÃÕÔ‹ßQöïl½œ5ÐŸý]‚’¼2¯=S°NW£á®(÷S‰ ,Æ½êš,%¹Z:J¡
AI^™Š’Ê¥¦W†Q’,vš`ü•ãý™Ìc–Q”B‚’¼2o˜`®ljù(IŒ²qµÔ>4BÏ¿~»Å*¯ÈXrZOÍk@ÏÍk–1–,»Þ®Ü™?Ç°µ|–BÂ’Ü2¯=7¶µ|–BÂr\³¬F¼ßc)d!,É.óÐ3ÅëÔÍ,Ã†Y
YËQ0u$¿DY
YËá—-±;Â1;jUúK!`ÙyÇn@_Xî—ÖŽòðŠ,€%§ø´ÄöÅít+Åg´GöÇ÷að¶X.EPò¡¸u~c,…,„åðË–X‰¥¸O:ÊRÈBXŽ}`ôë`)d!,‡_æ²Æ¦ž>½ÇRÈBXÒFÐ¤Œ²²–ä—‰<ŽÛqÔ;~‚W‡d5R|4Y KŽÛQãûï°Td,9Å§%–}8nÇ‘Mc©ÈBXÒFÐ>	ýÆÒ¨û(²–ä—‰uŠÛ©»=à\ê…åç´š,„å˜ÇQ¯ ¾Ç’dÁµNñi‰uŽÛñ|cƒ,…,„å065ÒöK!aI~™X÷áÄÏ76ÈRÈXRèÎÒ³¿±Š,€%gùd²äÐÝ>tùJß8V±ŸïÈÓD!$‡­u{$öL²Vk¼Y‘…$·L¬à-lköÑ®©¾rðÍQuMÂònéa)d!,É-SY[›C±A–BÂr”MÕ‹7ï±²–Ã-{Þq ™³wG.£,…,€åÊÛÀl–Š,€%GúôÄÊ:gïxª>g–«ü%~/W>ìaŠ²²–Ã/{be}å6££²d)d!,G›Q½XìK!a9ü2—å06ûäA˜¥…°Û@G"e”¥…°$¿L¬¬¯llvÕ'ÊRÈXröNÉÞ“(² –é“É’³wÔë ï°Td!,ÉØ²÷$Š,„%ùeb—„²wšz2üK!aÙ|Ñ!Q–CýåHŸžØ%áìë’q~¶žŽBïFRç—,œ%m³×>Š,„%ùebe²w<kŸ(K!`éŽô‰±ü-‘>3Gúd²¤ì¦&6\Y¶öúÆŽ‹n­ŸCÈ&·8{GÍÊøÀÒ;{Ê‚;^éÓ+ë”½Ó'Û/£,…,„å0¶nOß”ídöŸc¹5Ùü(ç™#}æÄeïtG¾zÿÎª:Á/UD!$[Û·ÉôGyý3\ÿ.y+‡[Î‰¼Ýë–ýä––9nùáç'>ÈÖÕØ3Ëùúðï7¨¼doïH>Ü Be¸åœUõaÅQ6u¼•g–Ÿ?RºlöÊ‡ÿÊh3Úó”Q–${û¸žÅr¸åœU)`E_Àz”%<`þÊ°5ÇíÁQ–${Û--–ä–©,©ljWÖ£,…,„%•Mí•ÏÅ/?_H¢Ëf¯|è¯_fU}XñxÔ±ï{,…,€%§ï8n+-þ½Ší»õðOYä…$ôWÈ/YRúŽgGrf¹”Ëè“ò™Rd³/`ã¿2†åìËe¢,…,„%ùeÖl,+úv—Q–9»K‹%móY’ìíªÅ’ü2«êÃŠ‡±©M£{,…,„å¸iKM
»ÇRÈBX’_fU}Xq[lëa)d,)gVËwX*² –ì3gMá±âxì‹‚Žßãõs|žŽÕekŠàÙ—±EY
YËá—KV‡±ÙÑiQ–BÂÒY²„Wcé¯¿\²jx¬8
4Ž™õ K!aI‡><¡Ü1–BÂrøå’XÃÆÃÌul˜¥°¤žÝuW„¥"`ÉÙ>KbÝ§9÷—ÛzÊèÝþ9rö—æÏ1ÿäûéP“.aI~™X+àÇÚ'ÊrÈš3·YcSo¼ÇRÈBX’_fMû°âñ©wíÜc)d!,‡±Íá=‰ÉRÈBX’_¦²7‡¨ñ8÷X
Y K
áÙj¬;¯—‘es¬Èú$œí³$Ö}8„g²CÖÏ,ß~…¥"a9ŒM½E÷Ë!kÞrt›%ùe*Kçþ2Êòwì/9„Çqb/ÊRÈBX’_&Öð(„§Ï±o¬‡¥…°ƒ9«ç4Éô}8.–A(² ¿älŸ\–ÃØÔ-Ú=–BÀ’BxV5ïÿËýcÈÔK\+àlŸL–ÂÓÕË ~ÍrY>^à¥ËBXŽÂ©ë»c—ùòqUþ[ö?ÿüùï¿Þžþï?ÿþëŸ=ÿËÿý÷#†šZ­/¼|ÿYE|2±¦Ná;Ý3·<¾ïf9x~ŠßÐeów¾³Oö„óéÌrÍ–R¾Týë¾¾#<þª"Nî˜J¶}ŽÎs …¤mŸýE|©O\{!3oöìù¬yz}G×vùT‚B@‚v<ûŽÁ³j:ANíY; °Ó‚õãY¼—,¸¢Ã;Ž©¬ÁcQ³|Þl(ª€ÍÇö¬‰…+¢ö€]¥… yù(…*åpÆ5±ÿAñ:žÀRÍ¿×Pd!(»/M«<–×ÃwkpE‘…°$LìP¼N·Ï„Y
Y KŠ×ñí5",Y KNíYkæ¯ÓÌÓÎ[Ÿ¾ŒÙj (¢’ãð£zõÍ=’BB’Ì2qê•Ãuìéº I!
!9Š¡®>VŒ$É‚ÏnqbÏšX/§hÙQ—‹‘¢’‡¥í®	žI!!IN™J’¶}Ù_×ßÑäX×z„¤" Éi=™_WŠÕqlEN$|——(¸É¡:Kö×õ)þºrVOæ;¹±¥yHž2AÌÕ«"aI–æ™ÄŠ±$YðNdKwJ
Õév
~˜¥…°¦æÈ¶‹²$YðÉXÎêYkçÛZ>K!`É¡:s6KEÀ’³z2Yr¨Žºü•[¾¥»($QI:Ä‘í–Š,„dM~+9RG™¸CRˆBHŽR©}»ì¶<¶W€ÿfM{(²€	ÎéÙ;[©ãú¾FH
QÉQ(UcÂï‘²’ÙN¹³¥e]…h>ÉÂq:³¹«Œ‘ÔdóINéI|'ËÄ@³WyÞU^¯[QÅÖÑ‡é¨—Ý#)d!$‡Ony]çÂa:-Tp¢’ã"5TúI!!I>™×t.¥ÓÕ›;$…(„ä0´%Ÿ¤…>¹åõœéÌêHÚ•äÔ©æÊ?‡UÕd,7Ížs¥"`Éù<™,9HÇqæ.ÆR‘…°-Åt¯Td!,É+ózÎ…‚tšzœôK!aI¶–½‚Ud!,É-SYvÌ{)d!,}ç'Ã,Iþ^’_æõ¸
é¨Ë‡·•Ï÷ìò3©çã!D$)FÇqOÌvÀ+§‡7þ*² ’œÎ“I²òÐ±†í§ÖŸ+š(„$Íªša’BB’¼2¯ÃUªÈ I¢p’£Pj§,…I
YIrÊ¼Z¥ò Ž}¢9Fò7Lõ
ÐñìE¢$…,„$ùd^ýµP€Noö)ŸóXúÜ.N)ÏY|ÉÒÏá<g1M­Ôõ…÷ï?+ÔY™]å·¼‚ú»ÅP‘0ä<ž=±òÊÁ9Õ\·Žó{Ý:OÆ±nM6?‹°4>ØhOÙEY
YËá‘{bíµŽ‰„X’ìíé,‹å½Y<g¶b,…,„åpÉ=±úÊÁ9v=ÌRÈBXRC1ÿK²àçñì‰5»ÆÄNâ½±T|ò,›ï“·|žS°/†óu­£üTdóç?
çðìyg}
æ¨Wq\¾5í+ã~ùüOZ‘¬[90G½láK!aI>™X«£ÀœÙq÷D”¥…°I ¾“çIÿü1yÊ®ÉÈˆhâpóø³Š:ùc*C22û›e(d!©‘è¹2öì¿¡=Éñ;¹(i¿g_4E)d()'gq|ZC(U JNßÙ«tÏ˜Gúù&˜Ùj$(²”Îô J¡
AI&™ŠrìúÔ»Tî¡$Y8ÊQµ%£(…*%yebÅuvî%Ã(sö’æÏq¼?³9D)T!(É+SQ¾j£©(…, %è¨·Ã¿£œÏ,²€"`É=™,9I§ÅÌòXÉ,YKÚûy.rŽ±²–5ù½ä(5…ñK!aIwHæ³²–d—‰m-ÎÒiù,…,„ew£‡Y
YËÃ/Ë”Øá,àÒÇÃRÈX®^¿,öb¹_®ŒUþ)^ûPDO™["+×Jí¸¥K³ûþ”1SšÎæº/ÆRÈBXÖ%›%›ãJŸ K!a9fTÕ*Ç=–BÂ²÷2±½E‰:×(‡¥…°Æ¶yÂ³b,…,„%ùeb›‹3uº=fe)d,9SG½óí×,ç~™GRÚ\Š, Íµ±_&²äT5ÇØÍRý9HööYóç8^ 5ÇýK!aI~™Ø#¡T¦.ëï±²–c#èº/ÆRÈBX’_&¥SªNSs¨î±²–ÃØÔ$·{,…,„%ùe*Ëalsþ{)d,)UgSïÕü°ö™­3¾OYðþrg¿Lìxí¼ŒíIŽƒ±|Ê‚kë”«Þ“8X
YKòËT–c#¨†Žßc)d!,)Y'ÿ½²–ä—‰µõg¶Nlëa)d!,G£Q=#!Fï^¿ý?   ÿÿ •Exœ¼O¯%·qÅ÷ùo‘E²Ðu³Iö­4–Æö,2fFIC«Ø	Ö&@6ùðiV½y·ûVMëuØ€åsÛý{ìC‹‡·üôOßÿøþwß>·<üÃŸÆaœ¾–oÆåÓ¿Më·¥Þ–œþã—§?½{ÿ»·{ûïo¿ÿùÓ»ßoÿùã§7ß}üåéí§?üæç?|zúæéû_ÿþ_ýó_þþŸyúŸ_}úÛ¯ÿûôOMúŸoOøõoþëßÿû¦üJniXw¿òñ?½ý—_ž¾ùæ›§wïß}z÷æÓ»÷¿úøã¿¾ýðöÝïß?½ÿñ‡·O¿ó¾ý#šâr«cÝ+þÛ››àŸ~ûé{zÖ_žþq^×y¾-Û+øðñÝ·O5ßÆÝë˜µ×q—ýôáÍoÞÇOo~zûáéù¿ùíÏÜT†!§qzúü«Oß½üì£ú8|;·µÊC~ÁÛCeo)}~è²ÜÎj²ñ·_I)”aSÌ·R‹‹á4Ñþü:Šö:„¬ö:^€}éuëulgÈ,×òòXn³ùð²¯bi=ü¸Ç4D²—[)S8K!a™·¯ÁbË|«ù…åt«§“ƒlçÇ$ÃX×;Þï^~VQ/ÛxL)’aÉîojC!a¸ÙZ–p†wYÃ>k0Úk82\ý_g†Ëm°’ìŠe˜š‘ÍËÌp/Ï0‘/FŽÃDvxÙ6Ãy<Lí5ÙW1†›ÍÃ%†Êà³,ØûâÉ²X²}ÑËRÈBXn¶äKßT•¥…°$Ì‘,f\
YËÍÈæÅž¯zY’¬5Ù¾Ì’|2”¥0´–1>yÎrl†¶¤èq©ÈXŽì—,ÇÞu¤¥"aÙŒ-]Z{¨,…,„%ùe‰dÙŒmšÃY
YËflk<K!aI~Êâ—Š,„¥0¶–$k-†/³$¿¬‘,[a´hÓ‡Ëe¶ûK¹kÎ‡Ú€RºTd_Åò¼t™i¸úür)·tþ‡¨È¾Šåùbf¿d™›±åYûL²\­×!dã2“±-ÚGå‘åšv,çó?DEPCÏì—s$Ë¿|Ë¯á—™Œmˆg)d!,É/§H–­PšÝßX“¥…°l‰³Vè¸ÆRÈBXÖðqÙ‚Õ¨¥¿‚¥°,dl]ëKËgYð¸,ì—,-'c}ùÀr5u…å³,œ%m(öÌc¿ÈRøGYÀÜ§°_.‘,›±Ucä,…,„%[OÏÇRÈBX’_†²lAu»èK!aÙŒMÝ¸ÆRÈBX’_ö‚”flyöùeK!`YÉØ®Íc•‡gÙë5<ëá›_Žû—•§Æž×ãÜg=”NÔ×A²à5IåÂiÏþåŽe=Ô
”¹Ï³ìåoìùÜ§’_Æ²_Q÷é`)d!,›±-ö<¶nßK!aÙürÜ‹®dlS<K!aÙŒmˆgI²à5I%¿÷¼*-k’–BÀr¢ÆE+Z}™å\­‡Wd~9±_Öc'^&“åîe¤C'³ò‡­ˆ*ë/íQ¹Mv^ÜrZèOò¤ck/ëèØJãcÇVûYE\2” -ÿŒ.7A!
!ØšTW{îê%x—E,ác°t×x^¶ˆ¦|Ø«T_Ã]Ösž Î<ÿ¬¦¾M*Wû;êeG²°ÑG^X7Ÿh1Û£ÏËî.ÏnæÍCí£…Ý^6žÝÌÞXÃ™É¦fÛûNØ)ÛìŠ, _y&›ê¨“Ÿ0ÔþQÐ#0³ÖpfÞ4Œg)d!,©j÷îxY
YËæ‡9ðÁÌÆe÷îÔ²;_7XgAYËvhc¸ômÕþQÂ²ùc\÷Ï¼¨‹g)d,nJõÍq¶u¿±‘ªÈÖŠùe\÷/llFïÎ#KóŒ–"aÙŠ £Ï/{X
YËæ—9°?r!c[í¾e/K!a¹Ûšì½H/K!aI~¸~\ØØìsw^–BÂ²ôeö²²–ä—ëÉ…Œm±ÏÁzY
Y Ë•ŒM]Ÿ°œ-–Š,€åÊ~Ø»³²±ÙsŸ©ÜëäS5r"²—r"ÚÏjêÛÀí=H/C!aH>X#Xi³°ÚgB¼ï²†thÃîïð2²†ä¡fè8¤fšøq(d!kø8$3ö·—™vçyj¾MÖë²ñ{Ž™Br–ÑWßÙæ8ËéÃk²ñ,3gï”¸úNz}ÑÅR“…°lFæý¶v°²–ÍcYnF–Õm k,…,„e3´¤M¶¯±²–Í'K\¿U¦°œ¬þi_cI²p–mãP=Àr¥…°l~Ë²m Zg@^ÁRÈXRhÎÒqfÒÇR‘°äLžWCÏž£¶^a©ÈBXÒÂÏþÆæÛzoP)FïÜgYìÙ¬Ì™<%®†ž9<g‰þÆ>Ë‚¿±ž3öÔwÊú…Fy•¥…°$¿Œ«¡g
Ïé©xY
YËî}JË˜}J‹%ùe(Ë¶\ó<¯`)d,)<gM—Æ¥òðŠ,À/9“§Äí‡dÏQ·®°Td!,Û†âÜ3õ±²–ä—¡,[¡T=Ú}¥…°¤°¹KßXõáI[ÃËœÉSâö¶òØufò,¿Â™ÉLá9ËØÓâc)d!,É/CYRáÔè·{K!`™ù°FOÝçÎr^Œ3“ŸeÁ5<Îä‰dIá9ÛÌÅ2‡ýõuYËflSO=ÖÇRÈBX’_Æí97Å6€ì¾/K!aÙnŸ_ö°²–ä—¡,›±©mú×X
YËV8­={^>–BÂ²†ËúX ‰a)d,9<§Ø9.>–Š,€%gò”¸½èÌá9ÎÞö¡ßoÍ+¥E6þÌ]¦ðœY=Tÿe–Ó|˜¸É3M6¾?=s&O‰;7’9<ÇY+èaI²—ýÒbI…Sßš¤‡¥…°$¿eIA__AK!aI—aùü²‡¥…°l~Yû

›ýÝþT_Îsåb-·ËWñËÊ9ÑßXEÀ’3yjà^4‡çtô4ûXÖ ¿´XÒFcô¸|–ÅžçÊœÉS÷¢kï¹‘tŸÅ&#<C…¤e ¯RÐCRÈBH–ðQÙ¶çŽ‰‹¤…l›ŒÙJ^’BB²†I2µŽy‹¤œ^³²´I*² ’œÆS»C88§gú>-F–‹&
˜¿RlNÏý¢^’BB’|2”$m0vÔî\$IN’–¾Ý‘’BB’|2°3„btêÐÑI¹_Sš$I\ë¡0%¼Ö£ÈBH’OîsMÜŒc÷QŽƒ‡¤œykÑùuT	M@’“{"IrÄNÇ*ÄCR…¤B©¯W«‡¤…$ŸÜ¡€ªFÄIË-íœò<î_“…°l–æ]Qv°²–ä”¡,Kß¨ô²$ÙËg,–eºÉ·÷ÜÃRÈBXÖðqÙz¨±â×X
Y KØQ^a©ÈXrnO$KØYí¬å³,xË;ê›×X
YKòËÀ½çç€{]ée)d!,©qÕ¹é`)d!,É/÷+9`'™~¹ÌË=—`<VîT–$öKØÉ=ù>–BÂ²ùå¸_¹t®-Ý,¿Æê’v:jw‰Jüì³µo®¨ŽqlÏ¸1Âù:ö‘öÊd¢Td!(É×ìOìå`êRD!$›YN#œ²£VM®‘²’-.ÛI!
!Ù¬r
,§¯\/5§=n’BB’ê¥vAÝG’DÁ 9È'–ds4µÏéI’Å’,”¸3Ï¡cR'Y8ÆgŠÛ)”·ãþºf£«ÉBH¶}ÅŽ8XI!
!I>wÈ²¼ú3Ë4Ý´Òq.¯¾!!ÙyÈÒGRˆBH’OÆmŒÊÚ©j¢Ñ5’BB²YZÇ‘I!
!I>J’*¥öŒÇK’d±-…“vbg<š(€$Ç÷Lqå×B9;Õ>bp$93MB²YZÇU±>’$zù€õèä“qÅ×’xWÑ9&;HŽ_eL’¥ÅÎxQIòÉP’ÍÐì–t7I!!ÙúTsô˜¢’ä“qEôB	;UíÏ¿FRÈHRÂÎ¢ÞZôz’Š(€$ÇöÌq%ô2²¡ÙÛ!ÛÛxÙÚÚ>?çGd5ÙøFæBù:‹šSs…¤…l>9ÇÕ]§ëØÍn’BB’ºoB+èš(„dóÉ9n/¤ŒÍ¯n’BB’öcg<Š(„d“´ð³7(½$czÎIæÞ@Øt«©¥¢
@Éy=s\	½P°Î4˜gcQžg/i²”mí×Uäq¡ª”ä”UžÜë”e½Í”_Ã)3™Zí™½ºP
UJ²ÊP”T#G)d!(›«uœ/p¢ª”ä•;JÕ©û!^”B€’RuÖŽYOeÝ(U JÎê™=ªSÕkt® Td!(S_ã€¥P… $¯¬ôP¦NUÏ%^C)d!(›«MöªÒ‰R¨BP’W†¢,˜Q)d!(›«M¶W:Q
UÊæ•K`Õ®°©ÙÓž¼ìB—–JõuY@ýµB¼òY{ŸAáœž%°DPÙÔìu¥¥"AIçvk–¥P… l^¹–(Q§ª7±^C)d!([“jG;º¥P… l^¹¶ÙQ¤NQëÑ×P
YÊ×ªÆ„_B)T!(É+ûì*o*šÓžæýrçq0oi² ””©³Ô`¯|V{%'õ,ÕÕ)övÈ;”«5*YÊæjw®;Q
UJòÊÀj¥êô”Ó‡ÝõÀÊÅzB‚’\Í>†çD)T!(Kø¨l@µøJ!AI+@;Í×‰R¨BPÖðQI¦fŽÊy‡¯Td(9W§ãR
JE€’Óz–À,ë¨1)WP*²”ÍÕ:îŠq¢ª”ä•¡(Û°Æ£²”­Zª¦+^B)T!(›W®…;ŠÕ©jxüÑ+S¹£ÌÇJV‘Ô`gZv$¼8Q
UÊæ•k`—§ê¨÷²
”³e“5³ã/¢|NÕ	.(ª ”œÕ³î(T§ª±;#y‡²W_k²”Ô¯üUT!(›WÆ¢¤E»ãÎ‹r|ì”´³<íQT!(Kø¨¤ ÝšþŒïóöü$M‚²­ ã?°B‚’¼2°œ¾ôz¥å×ðJŠÔY;.Ès¡TT(9¨'%'ê¨Y7'(‹…R‘… ¤jip9]Q… ƒG%Gê¨Ép×P
YÊæjÑÓE‚’¼2p“‹2u¦Žƒ^”B‚²ÅµvÄ‚8Q
UJòÊP”-TGíÕ@™èœÈg”Æ™E6eåXõ±×£ÔTãQVëYãvFêÐ»®< ¥&AI+ÀØýÊÏªØÞžÊi=±(›©uäzQ
YÊí©†ŽR¨BP’WÆmrUÎÕéiÓr¢²”-1 ¸‹à³*|T’W†¢¬3ØÊq¥L‚Ó×!dãwFjêLw¡TT(9°'%%ëLÉüÀ¶6­}wúùjš,`T&ˆW*ª”ä•q*GëØÓ7J!AI]8=IÃK7KµQ’*øË‘=±(›©ÙÕ7J’ÅÖ`+¥ëôl=;Q
UÊ>*7S›’Y"p£² ”¯³veöÜQŽƒ{ªÉXRjÏ8ÄµTŽ×)N³,LpÂR‘…°¤ ºx–BÂ²Ýi6Ä ª°£ž7½ÆRÈBX6_SÛx¯±²–%E³¤z©Ó.;X
YK
£ëÉ{ñ±²–µË¸Ý‘Ê!;€o¬°Ì½WWúX*² –™ý2®• f66çÜÇd©ÈBX¶eàà›Æö°²–cð¸Ì§,Ý,cNYZ,i±'£ÙÇ’dÁ~™Ù/«ê™Öê¡Ócýnœï¡Ze0ºµ4YËîøË¯ßS3ûe\—zå 5lãK!`Y8•Î®ÅúX*² –…ý2%'í¨¥é–V¿–&aÙ‚‡G¼,…,„å<.9j§Ú›Ð^–BÂ²Ûb¯IÆû³Oã¡f5kÏNªôwøéÃ›Þ><üOo~zûáéù¿ùíÏÜTÒ0ä4ßé~÷ùWñæ’)°ÚÃ	;jäß5‚BBÊ¥v=ÝITˆ`óÆX‚ÍÄÔøk…,€`åöúc¼ëÊKG5ÙW}OO/­Ø3¦¸s?µvÖ^,YËô2n^9U”B‚²Yc
,×UŒ5*²”T#µ§9N”B‚’<2e+‘ª×s\C)d!([‰´£Ä‰R¨BPÖðQIÒŽ^æz¿\¤ã`¥&@9q]Ïe•óËÃ×ãù3…¥"`9±Y^)Z§£àÀ2/V¯"a™ú¦®^–BÂ’Ü2”åfk³Úät%É‚{A&jVU;¯±²–d—Eô©wIéeI²à™§ë,vf—¥…°$¿eÙNv¨F×X’,Ø/9^§ksËÃR‘°œÙ/YR¼NUûœîv%ô|NR…l¶f2XÖÛ´?‚fìË)²¯"i=ü<*)]§Lv	ÝGRˆBHnkÀ¹šßW7I!!I^w ¯r¸Ž=~…dù*c²-«¹q“²’ä”g([§¨g†¯¢ ’­£†÷_!©ÈH.ì“$—ÞuåŽäh‘TD!$iùg¶¿ºI
YIòÉÀíINÖ	'I¢à5%ëØÅt7I!!I>xÀ€ÂiÆÑÎëñ‘¢’e¾Mvø½›$ÉÂÇdóÉ1p»’suÂÇ¤\;/­t’Td$)­'”äÊ–Ö³}_\/Ö¦ˆ"
!I¿hŸTd!$Çà1É©:Õ³žì!)D!$Ûžb×ÝMãî{rh¢©B@6›ûV®‘ÚÛ[>B²tM]½ …*$¹d(ÈÚ7"óî>µi:¼¥µi/ÛÙÚÔ:›rºÓýîågê­•6;lõ#ÔU£Ò¯=Fm5³b_iç€p<~¬>ë²¯'Õgþ•và±'tÀ…R¨BPŽ‘£‘—®Êyºõ>Íº‹"k;ô+ÍÉ:Ä:A
UÈ>&©2jûcŒÜ¡<›÷é²”¤Ó“àëB)T!(É!CQ¶l€Ž=q×Ø´=ÄYä€.@™¶mÿHÏÍ0”Š* eb§Œjþ`Åm¸Íýu{”ãaT*N©Èœ’ƒtºb__ÒyÊd}QUJrÊ¨IV\ne±wA¶/{ÝÊÙB)d!(Û&bG<¥P… $¯EÙLm¶ç¯^”B‚’\­'ÿÌ…R¨BPÖðQÙ¶ÕÓ¤×P
Y JÊÑYÔ3P*ª ”œÎ3FjfÅ6ÕìhÈÊ»×±žÖxtYÀ´‡bt–®0æõeI\ÓiUãAÖq`kÊ¶ÚÏ*êd’¡ÛÊO½¿áC!aØvÕ¸kï²†äŽQM¬˜oSÇu±^†BÂ°ùXGº€—á]Á°†C:þßQ¡s2² †—³Ž=…/2T<]‘nn¥_IÁã‘âr¦j&XÖáp}³ú:„,`Š“¹.ÚÕìñÂ²^ùC|–—v8…'–e»h¹'DÛÉRÈBXætKêuD×X
YKòÉ¨,VlË½øqI²àÚÅåtÏÝ,…,„%ùe(ËflËH/K!`YØØºÚ°,Y KNá‰dÉq9jðÂ—YNÉbù,{¹ËbÙŒÍ.Ÿ»Y
YKòË¨æHVìKÇò²²–´ð3wµÜ,…,„eóËÕŠÅŠ~¿ìa)d!,›±õ5-»X’,œeóËX–m/ÑN_v³² –¡³ª;9WX*² –œÌ“[@êkê®6ËgÙËK*úÆe>o¼Ë‚Ç%GóDŽKÎÐ™ìýf/K!aI­7¾qÙÃ’dÁ»”œÍ;.ûRÑÝ,IöòÑ‹e36Õ ®±²–ä—-=•÷íoì0Ýû@¶×qv8D—Ôc)E§ï[÷,}JEÀ’Ãyr`O§èØÇaçm\Þƒ#æC÷«ú:„,„e3¶ÜS+ð±²–ä—í”¢3Ù}Ü,…,„eKÑ™íq¹}G^bûŸœEGë²–ä—Q¬Ø}‹ˆ—%É"Rò¯´} ÏËRÈBX’_î_rŠŽš!v¥°¤Y½Šú
KEÀ’Ãyr`=–rt&Õr¾Ìr<-=‹ë²¯by,Î¿ÒÒ íz¬—¥…°$¿¬ÇÎÜˆcûeó¿Ë³›cuYË¶œ£¿±Ï²àýKè‰eÙé—^–BÂ²<6 Ä°²–Í/K`­€Òt&ûtì4¿¬.ÇñP)PI
Q IÊÒ9–À#H*² ’ÑI’ÓtsTºH*¢’iºý!{’ãpH ÖþQ6úú•æ•%°æÃi:êÔá
I!
!Ù,­cçÒKRÈBH6§,Ÿ…J¦¶SNëx?[¹q:»Y—…°,ÛðìN/K!aINXñá<û×‘eµV#Š,€%åé¬)ú«ÈXrLO$KJÔ)jjÑ‘å’oëî›¬×!d!,©…Õ\Ìû’å0íÑŸýQ‚’Ì2°xG‘:“Ý´5=>ÿeŸXE‚²ULíãëËpÿ¤¬Ö:êYy9%ýJ	”¥ë¼iû¨¾|£ÒjÿaYÉªcßC±‘—;Ê³;ðtUÊ>(›©©“k(I‹2½^éA©©Æ£LÙˆ2Q¶Îdyö¡Ôd!(›©vv{i/æÆŽ‡”…°öÊÄñ:k<K!aÙÖ€ÙöJ/K’ÅºeâØž·Ñ•8_§c9²?¿>fcF¯ÉBX¶jéh7l•[z	{çŽ‡o²—¶¬‡'»eIk@3ÉwNó}›'£çI“ß´L‰¯Êò±ÌÉîÑdãË°‰ƒ{"Y&®˜:Y®F°&aÙºqŠ]òñ²²–ä—q‡.EìÔÅÞ´ô²²–Ô½joZÖ[º7lUc{D“…°$¿Œk&Hœ±£^|t¥…°lëÀŽ¼t/K!aI~·[Ç¸\î1¢Ù
)Ðd,ÇÞå¥¥"`Éá=‘,9eGÍ8þ2Ë2Y–£ÈBXÒBÐfÙÀîÑd)d!,›_Ö¸C$‰Óvì-èyZv7Év°²–¹o\Î·áþ‡x~£±.aÙü²Æµ¤‘‚ù¾Ãí¥
V‡Ó‹uÙøC$‰Sw’]÷ñ²²–Í/k\CAâô»î³¤Ý!’š*K!`ùœ¾cWÖ},Y Kõ©q-)óBÐ‚Ù³,³‘ñ«É¾±œ¾c‡ÝY§W§ê²–ä—¡,Û&£Ú‹x¥…°lÆ¦v^c)d!,É/ãv/§ïöA=/K!aÙ‚êT×X
YKòËÀ}Jß™ÔÎ§k,…,€%§ï¨IaWX*² –êSë±”¾3ÙuŸ#ËÕ8@«ÉBX¶Â©zÉÆ5–BÂ’ü2°Ëé;«Ràe)d!,›±ul÷²$YìU@‰C}bY–®º›¥…°¤Âi´_>Ë‚×$êSkëœ¾£ž'¾Æ’dÁóØJ7„8ë>yµX*² –êSë±œ¾£æ®žÎ}ÎÏùk²–ÍØ:î_÷²²–Í/§Àzlå… »V`²²–´4û
Ö|ï77ûíe ÷A¶?{œÇÇ@îö³ŠzóÉX†tÖÃ9çé`(d![ÁÔq3¼Ë"6œë¯•¥vm`^^B¶_‰znx {+‡Ç{+©=ñbÏ¾õg¼•e÷Èûþ,¥`¬ÈÆ©'î™ëtSïrÇ¯vB~{Ñx~­ j÷dm O»qw„¯ÉBø‘†òÛkçwç×ŽpûB‘¼MK^y²ù	Y?òÀÀÚ*'é¨'½¯ð#Ñ	Ãný°oýõò²~äõTJÏ©óP¿»h4?NÌQÏí^á§ÈøqÏXCyñf_ûE~êË QìÕ‰òrfuú|Br=”òõ‡”…$'¬ºq^ŽzCÎ’$Š½‰2QZÎ¢^ÿ~$YoÃËœtJ‡> å3²—í_K¤u~\K´ŸUÔÉC	¶…[²×ƒ>‚BB°ÙWµo-ô¼Ë"’VK9Çî^u¢ ‚œcŸpÜËÆä¨)°FJ©8“zÎë	*¢‚éñˆ”› þð!'¯¬‡'?%ÙJ™êü+$…(„$müÙküæ…d>¨/d!$›/ÎuRÎÄéØö‘¢’-G=b}¤…¬ác²³ûÆG2¦÷æüePNÇþ““¤" É1;‘crå§Ýw|'9-Æ5š(„d3´Ž
ÜI£eZ‘…l>KÒí“=$¿†O®lh=3I!!I>x®cå[<ÌZø6¿ï'ÎfŒ‚"ÈXyã¯§àc)d!,›SÎûŠ”‡3Ùu97K!Ïr¤@œ¥£Æêb©ÉÆ³9ggŽÛ£9ÇþÂYfcŸ_“ßç9'÷TY§ûCÇ‹Ñd]à ëØç¯UîóOUQ'—ŒÛ§64sŸÃÍPÈBRcL<Ã»,‚!ùc(C*…Ú—gÍë='`*Fëƒ&?×9 §Ä3¼Ë"’/Æí7Ž˜½‚ô2² †|³LfŸ¸“á³,ˆ!çèD2¤À›©Ø=S{†s6zŠ5YÀ·4Qò¸}6îŒ¡ò¨Èæ6œ£3Çí©ÓÝ,¿†/ràMW/Ž¥8aIþ·ÿ8&62»¦ãe)d!,K×y*7K!aI>·9&64»×ßËRÈXŽlhön²¥"`É9:‘,GÞ>´+t–£qfU“…°lÝëcOŸ¸¥…°$¿ŒÛG>`a÷«zY
YK26»F·gY§Ã"X™¿îeãç¯œŸË°š[r¡…0l¾Ž5HÚžÅÃð.ÛÏ0çé‘aûYE½ùã·ë1rÀ9|¡0Ì\µç­>†{Ùx†œ—É0³ùÖK6"Ú4YÃV ­¾q8ÏÆyFM6þ<ãÈy9KÜ~ÇÈÁ6ê±–k,…,„e3°Žùª—%ÉbórFÎË‰eIFæ«ïô°²–ÍÈÔ›Ü¯±²–ä“{Wl3Ú½W^–BÀ’ƒmÔ„NXš‹`EÀ’ór"Yvçåæ<‹5çù*y9cáC§_v°²–ä—{Ylã^ƒt°²–dlñ,…,„%ùeà~Há©s?¤ƒ¥…°l­¨Ù®»zY
YKòËP–ÍØÔv‰k,…,€e%cS/ž9a™›«ÊÃ+² –œ—³îmQ°Ídg^?²4_‡…°lŠvN²›¥…°$¿eIÆæ¬÷t°²–Ôhc×]½,…,„%ùeà>%Ü X
YK*”Ú½‘^–BÂ’ü2po«¾f}ÙÃ’dÁs½Q¯5ý2Ëi¶ú\YÀÞgé¬õXŽ½qŽËé˜g¥¾’ÅžÔ9 ÇY+èa)d!,›_Æ²¤Â©³Ï®ƒ¥…°lÆ¶ÚßØöOíš÷ÊþÈ^Ö±?2‰l²¦¢¨7Ÿ\ãÎƒŒƒÓq¶›!É‚û]9gµ¿­^†wYÃæ±ÉÈì|–Rnû-÷b½†»¬'a'=&ì´Ÿê3H£ÙíeãÙq¶Î¸2wÞuÆNŠ,`üÍl\v]ç„¡þð² ?ät5°v>óBïÒ8T_‡…°ì¬·n£ü%3pŒË»4YÀšƒsvÖÀÚ9Gâ¨W»]cÙd3öôòÈ‘85:/K!aIþÊ²³ÞêeSo=gÉá8‹ÝyOC°­5M HÞYtœ‘£Ö¸®€Td! SçdÕRhB@’SVç–ÞN/È˜Ndg'ä×hãáØXägö³$Éb£!Ú¯´~›àO+i‚÷$9ug¬±r@NG]ÎRÈ@®|™cè§UÑ€äÐ5°ñœóqœŸÖ¼÷ej²€b9çãLöÁÉáV_âéÊ`UúYËÍ&óX`å„5»æK!a™û6>¼,…,„åæ”y,ÒqBŽš]s¥…°$Wë˜ò8Y
YËÚÆe`ÑŽrªÚ—¥g™N[õ±ÌÖåešl<ËLÁ;yˆ+ÚeNÈ‰—š,„e36ç7¶‡¥…°$¿Œ+ôdNÊYƒç>š,„e»£ã²¤í³:íXžwj²–ä—qM’™sŠ4àeI²Ø"Û¯´¤Žžbº¥…°$¿Œ«ÛeNÎ™âY
Y ËÄÅRû å°}ï??|:®/eÊž&û*–§){9±_ÆU|2%èTµ7í
KEÂ²ÛÐÓôÑÉòÿ  ÿÿ¼OŽ+MnÄ¯âªÊ¬^Íž½aØßÿ"V’Ý’ªÉ'’¯"z7ÀDkê÷²¢’dFþI–ÂRüWôiš ãæù_cid),e#˜©ÔXbö—KñK\Ý§I‚Îâ3¯±4²–= Yeid),‡_N¸ºO“mFÇ:²–³Ü|¼ÖX§,¥£J@)¹<P” ãF2^AéÈRP_s·\BiT)(‡[N¸
^Óü÷FâÊíXnÏú9ñ8Œ,>n¹i~Ž›Ûv	¥Q¥ f9á
xMbtwøðJ#KA9\ÍŠ¾„Ò¨RPŠWk>sroYF‰Ù[~~’¦s¸«(¿TÉ/Ø¦^	D)¡:‰OØÊûéö÷iU
IÙÖª	’F•BR¬X¼ÓH÷"œ3É¶ÞZ¤¨^îDOcLW¤IU
IqJ(IÙÿÅ=E’F•BrXš›£x‰¤Q¥\àkr8Úîª$*¤¦é¸	ÒH:ª’]}X‚Õ04IG•B2y±Ö©ÒÓOûaÿÇC.ÖŠ~¼%°j§Y:î)ÄK(*¥XZmQfPY
JqJ(ÊNY•F•‚R6ÅZz¥‘¥ \à«râ ?zUJÒÉL§—P:²”‹z%¥élñ8lå—*yUjŽÎž9^YCid)(‡WÎÀRºæè$*=÷½„Ò¨RPSs¯B=¡Ü×[jm§y÷·U
Éa•3°’®):îYÓK$*…ä˜Á9ÂØ*IQ%W_%š§ÍÀBºdèlñUU’F•@r•–b|üçDònÏôT	$%˜§ÍÀ9XMÐ‰çzj$¿T/g…†Oã±zÜ+Ã/‘4ª’â“P’âhà5é¨RHJ|NØÛª’4ª’â“À†ˆ¦èÄá’U’F•BR-¬TIU
IñI`ñU³tâ“ëU’F•@rK6)k$·_iRnê“@’›:xâ¨RHŽ*éöÉ/UrCdSŸ„’G¿]U
IÙùÕv!	’F•B²Ã×¤ìüÂ9æ*I£J!9-žæ©’4ª’â“À“"š©³…ã’U’F•@r—Ÿ;µ{¤£J ¹«O›”ª¯Éu?ä˜pŽ¤£J!ÉðÉýW|rWŸžÑT¸ZW%iT)$‡£ÅIhU’F•BR|ØÙm*+„$&ë5|cì¼ŸtT)$‡O6`/Dsuvøš4ª’š¬ãž:;“l·íIrÎú8ª’’×%©Á:î@Ì’Ž*…¤Œ§†½æÉc{õB¦ð·ÿT¥œÁkRcuâñå*I£J!);¿pèµJÒ¨RHvøš|8Zâü]•¤Q¥”Œ€¸2P$‰Iˆ~»ø$°Ó|è1Žp?Y%iTñ$û]w~U’Ÿ‡^¿U¹$»æô4\§¹k ˜¤§J!).Wß®!I£J!)>	%)Ž†}»zª’2œšùv-‘4ª’â“¸Ns—0Í½DÒ¨RHGsf_"iT)$Å'qæ.Q:Ë'iT	$§äÄë‰ä‘tT	$5Ÿ§áz!]ƒtö°Ó\#é¨RHJœy<‘U$iT)$Å'¡$çd/äk|ÎcvŸ…Ñ¤p~6Õ\2ÁÑ¨R8ŠKâzZ}Òúhbö£Âqh’«ã¯Œ."üÍjT)Å#¡—Ôwk£Ñ$pÔð4GG•ÀQ#y®ŸÕ%;gë1Çy¾=oqœ¢nO–‚r¥ÆIÌU”F•‚R,ŠrNµAÊ(,e«×w(*e‡¯Jq´x«ŠÒÈRPÊXjx~r_oÇ+‡y9]kS¾<Y|Þk×Lž†ë3wÏq_R×XYKMÏ‰s˜‹,YKåé¸^H—øœ5®Y:²–Pd99Ìž,…å°ËŽë†tÐqãâÏ,ûôý0æ%*8¢’¹TžAr~#®JL,ODr¸eÖÐ%@gOk®‘4¢’S›ÖÌèr¤Èr³Ñ»Æò`IŽ©ûép…¤%”üœ}I}õ¼HF·Ox²’ËÓÝÐqoêü{’Ž(…äØÿ%¶"U’F–BR|Ø‘üœ-¾{¢HÒˆRHÊhjÜÖª’Yîí>]Cy:°†®ñ9‰|¥Iå×¿2Z‰™5¹-o$?ß¹åÉRHŠOBI.¹o×i¿=ïšìI‚r‰#K`¹èÐMæëµÂÒ‘%°ÔP$KÏ‰ï5,²td),¥˜ùê©±ü…«œ»¦òt`WDósÜ×XY
Ë–=²Ucù»JÍåé¸3[]t_°ï§ïæ)fid),‡±Íqg¤ÊRdÉ»MæéÀzú¢Æï+«,,åªÅR´_~É’¿}4›ÉRStÜ ¸,£¡îoYò;Vct¦ÌŽ¤ÆÒÈRXŠ_{#š£ã^'w¥‘¥°l¹£[U–F–Ârøåì¬z¢£è—	–F–Âr›{ôK#Ka9üËRÎ>Ö’2,,å¦Aôºtd	,5£gö¹4MÇMGù3ËvD-GéÖø+kŠåv»¿XÎQÏÒ‘¥°~‰e)ÆÏTYY
KÙÆµ‚*K#Ka)~	ìui¢N<›^fid),“ûË*K#Ka)~	ìvi¦Nb.¤ÊÒÈXj¨NC¿c¿d/ç‚D?^üÈRSuŽøÛg¾¿jx½ŸjîãYò;Vcuž«,,…¥ø%°w©¹:G"w©Ýž=¯ÖN=/÷qY
ËöópòC^¶·ïØÏ·¥~Ë’kš×³ û$»ž„LdƒYY
Ki4¦¢—J,,…¥ø%°O²ëåËøuùw:÷CŒmÉÔÖ_,ûM|É’¿c5³göI4]'žÙ:±ìw™ýø8Œ,…¥[*Ü®ÄÒÈRXŠ_BYŠ±ÕÞ±–F–ÂÒ›Ïr¹µ×‡Û³ü¿ÔÜžØ'9t0'‘Rdid),‡±µø»ÜöçÁí¾DáŽ,…¥ø%°O";Û=¬û”YY<ËECvzVXbéÉâY.šÝ³âjëË=¹¿¬±ôd),Gá´ƒ×å·,÷ÛgÑôžW]4gýíó-Ë­á-´“è_VYY
Ë_—ÃØâþe™¥‘¥°Ñ­‰=I•¥‘¥°~¹âjë‹dí0Þ±"KöËÉN,YKÍðA²œÔØ>ï,Ï½h÷qY
ËdØÝúv¬}9ïI6÷Ç?eÿç¿ÿùŸÿúñëÿëŸÿõ¯ÿþ·¯ÿòÿû•é~_æþÂûçŸuÔÅ'q5õE’v6·Åp¡‘¥09nsçÃ—,ƒ¡ø#”áßì'a?¹hÌNj†²Æð%Ë`(¾ˆë‡,“50ÃßðEØi©sy†ï²x†šØ³âú ‹FëÄgÖmzõš{Ôâód)e£W[‡Û’øñ?e	ß6Ù³âú ‹dël÷8ýµÊÒÈRXŽ^ñšaid),ÅqµóeÖFbâ>‘·³?ý|)‡û8~¡?¹h¸NË\(Rc)ýIn6È¢™=+®v¾ÌzçrâF‘"K#K`Ù´0Zû^Y:²–šÙ³âjç‹„ël÷Äwk‰¥#Ka96z©¹ôK‘åÎó,šÙ³ktM-f¹RQ–kôýêÈRXJa´öýšaid),‡_nÀÚ¹ìdÞ±U–F–ÂR® Á¿cE–ÜÓÒÜžX£“ˆ->“Wf)²äïØ>ŒmNÉ«°td	,5¹gÖyzÖ/·éef™=Y
K1¶TÆ]‰¥È’{ZšÝ³k³“˜¨²4²–bløu)²äž–¦÷`YÊAÈ„_YY
K1¶Ìy‘õYxÜ¶àžCOŸï»h~–¥Þ¤jx%–F–ÀrÉî/k,YKÍïA²” Õ;ü3Ë¶ÇM¿eÉïØÅ[™¥ÿãÁ/5¿göG5¶ÚºÌ°4²–-7gWeid),Å/µõE7‚‰=I‘¥‘¥°L^\Yeid),Å/¡,“õØ*Ëß¨Ç®ÃØ¦ÔùÊËå8véöÇ;²Å²?^üØ'‘ DNÈº½¯œ{¡îÉâ³%ÚYjïØK#Ka)~	e9ŒmJô/·Û3R~>‚œO–Ârà¸—¨^cid),Å/}Ú™âþe•¥‘¥°LÖc«,,…¥ø%”å’[—c†ôé—=8_éÉüRƒvgÞY®÷ˆåÚ_~f©ù=H–´³µÄƒ7–óä6{²„u©A;îµ×XY
Ëá—;°©A;ñM'–Ó~šKwYŠ,ù»cÛÝð!sVö™¦þ#Ãýñ"K®ûlp¿ÜÔØµ‚·ïØK#Ka)Æ–Ê–(±4²–|]Š±%jxE–F–ÀRƒvrgØ_,×¨˜ìÈjšß³ç
vÝÆgØOûËùµá°td),GáÔ¾ÆÒÈRXŠ_{Ñ´S®$XY
Ë6Ý¦)3ïScid),‡_bYcKœ=¨²4²–cZÅý¿ÆÒÈRXŠ_û$éüž*KL~Ïg–´³¦²˜
,YKÍïA²<ÔØ5¼w–Ëi>ÖaéÈRXŽàZüŽM°Yòì–æ÷ìÀ^ô¡ÆVüöI°4²–£ÑèlºÆÒÈRXŠ_{^‡æÄïØWádž£!G”BRbÏÑ;G–BRÜJrØš{pñ
I#Š&¹üû]Cv6è7¬/‹&)E¼ÕïRÅ\ï2Mò%Ê\“úWrxU’¤C‘§DðRÅÇòYâ¯žy»=C6ÿW?u¡}Y
ËaiG&!d~þø¶~Lñe),Å)Q•XUÌ}ÁVYŠ,³ª®e˜Z¼³¬²YæWüñJ(K±µø[eid	,§¬[žX¶Ç`|YKMîA¾c'm1ÆS[5–Ž,…å067:üK#Ka9ƒ×¥Dí¬n“áK#Ka9FrÜèšk,,…åðËÕíRÅv[Ý‹3Ë¦‰hßÝ®±4²–#’Î½ÄúK#Ka9üò@u»T1é—ÓËåc%Ö—%°œå
Ê#îvX~Ž#zÉ’ß±šìƒd©<–óÛ­k÷èëÈRXÊHNq]&XY
Ëá—êD´*î©oŸûú¶.?ß çËRX¦ý²¿_gôéä¥/Ka)~	e)ÁxÒ§ÊÒÈRXöìº¬±4²–â—¨.´*ŽO9WYYK‰à™Ý®w–ïš †çÈXj²r]j|]:²–SîF þ@ó\—ËÇm_–Âr¯Ë¦ÁøÛ§ÊÒÈRXcs#3®±4²–â—¨‰Ul©ÚzcÙöéÛ¾,úôþ•Ü³U–"K_—â—¨‰U|, 5~ÇVYYËžô©±td	,5ÙÉR"xV7Œü
KG–ÂrJ'8?ür.@þLÿý![Iÿ]ôßÙQŸDÍ¨â~Û§ÄÐ÷çCèÓø¢EðÃqù+cp5uæ FPdWAqG`WDwZê~Ù×cØc†F–ÂP¶}™ÙÉÃ—,ƒ¡¸"°"A;«{ÜôC#K`(A;“¦ðg†ýøx©/KpEÉïéw`7D‚v67’üçõUu]Ú©â°ü’½<Ÿ±öå†N_cid),îØïÀ
ºí,ñ»õ>¿‘Ü?¿œÞE“/§Ç£›Úö‚û¯?êhËÈžŸ‘¥ðëðµØSg‹ü^¢x~Éêj•ŸÈ’'>$§¼þFÔß¼Âï%Šæ§!:w´:²~«z!°¢ª!:qåæßùTã„Ž(Á	%BgÚRÉ¯%’F–BRœXOÕ·¼ücR¹Ý^[Oõe	{ýUí+•üZbid),Å¡,ûÏOIK#Ka9¬,u¢¹ÆÒÈRXŠCkã¡ã¹ÆÒÈXnjk©ÔûKG–ÀrS·Öâ¶äÎñÌ2yqd),ÇÏ=Êr¥‘¥°¿„²B÷¢•k,E–üŽÝt°¿.,…¥ø%ð”–FèäÖåQaid),{.1k¹¯³Yfê½üñK(Ëalî% ×XYKÐÙ3³W/–mÿ˜âëËXîê—ÀÎ‡Fè$XÎo	“}ŽþiÉ2“Òõ¯¬©J]•¥‘¥°¿„²A÷³þÇ¼Î³ÙŽhU:¢’É{¸ª$é÷pÉ_éðU™Ü]¾‘ü|s“/J!)¦–9;Y#id)$Å+]I‰Ï9îáÞrÙÞÎdXYK‰Ï™{æ¼]…¥#K`)©<}vBŽ¤W.ÛöF2¨8¢’Éžd•¤È’ß¯’ÉÓ'`ODÃsâ	º"I#J!9,Í½ÚæI#K!9œrvG4<Ç½`å
I#J!9‚æ•»*I#K!9œrVÔ5<'ž6/’4¢x’“Fçì`’ß²Ü¼ˆé®>‰«§OžãŽøþ ©ü¾ºÝÙ—¥°ÍÅ{&Ç¥ÆÒÈRXŠSâæ“§l&O™%&“'zcõž9Ë\cid),Å+¡,å°F8ÉSfid),ÅÖâ
A¿õ×õQ¡Ê“¥°·ÄõF¦{²gYf)²äu9e§]O,· _É“%°œÔ/,%<gw/#ûÀrùx“š/Kaù0¶9q+^•¥‘¥°¿ÄõF¦I-¬Ü•YY
K1¶ÌÙ¬íåçÃHž,…¥ø%”åÏqÃoÏ,éíã!|F”Br”KÝË3~’l%’F–BRÜW…$:goá	­"I#J 9K±4q‹Zä—,yo9«WIjpŽ™ú÷$Q
Ii+f¾zj$E–¼&%§Ï¸jú$±9{ë=5’F”BrÚŽ'id)$‡OÎ¸jú4g÷•5’¿±«ÔÈœDjo•¤‘¥>9ãªé“Fælè·«%ÔÀœ½&YIÉá’ÔÀ÷ÔIA(‘'J!™L¨’4²’â“¸¾È¤q9{\­‘4¢’ÒTÌä¶ÔHY
É_“ÃÒÜ¨°+$(…ä(“º?IîÏßïQYãK–Û«œšú$tMŽP€=®ØÕHQIÊIÌôÛñøMÞ‘%ìê“À^e×­_|“ó´Ü¦·Çñy>Ë“¥°”­_fUÖXY
KqJ(KÀ‰g™«,,…¥I3_=5–F–ÂR¼Ø«ìÉ=e™åoì*%:gr·Q×XY
KqK(Ë1¬š¸É¹ÊÒÈXj„N"M¢ÆÒ‘%°ÔdžØ«üŠÐ‰ÏœXA|Ÿ'Ka9ý<p…aid),Å/q§&ÑIœ¯¬²4²–-Û©±4²–â—P–=5sWfid),‡±í™‚K#Ka)~	ìq}…ë$ò]Ûk†`i§ý¥Íì9ÉV2{Ž™=ògúªÀâ»ufíYCMíiÀî–ì¬ñ	®Ã%Èíñdñ¹=“ì$æ&«,,…åðÉìoiÀÎçƒ´õ-°ŸfÓ]–F–Ârl §â÷k‚¥‘¥°>‰e9Í¤úÁrz]_Â¹É/YrínÕaÕL«ÆÒÈRXŸlÀzúšõÉ*K#K`ù°Süæ	Y:²–šÛÓ€uØq¯\ý3ËŽ‘:²–°S{Ç.	–"Kg)~	¬ÃnY¿|ÿöyìEB–¿Œ‡[íÛ'ÃÒÈRXŠ_kw°³Åw¦UYY
Ki/â×¥‘¥°¿Öî4`‡ÀÒÈXî:ˆ“™%x±œŽà2¢oÙË“Z/#š4·§gÓ5`'žÔ:±l-béÈRXNÙi‚K#Ka)~	¬ÝiÄN<«Uf)²ä3#»[f‚²ÆÒÈRXŠ_kw²³º×ç^c)²äoÙq/»½ÆÒÈRX¿ìÀž„ìln„ã5–F–ÀRBv&÷àö–Ž,¥f÷ YjÌN|–ëÌ2Ê—ðd),§úwl†¥‘¥°~Ù5<	ÚÙ<K#Ka9Œ-‘[eid),‡_v`O£vÜ¸¸k,,…åØÎøw¬‘¥°¿„²\rù“U–FÏr–°É="zå·,w]ÎšáÓqõØYÂvö8·ð\+èÁŒ³'Ka9ŒÍ’ºÆRd/Ÿ;ˆXÎØu9KØÎZüŽÍ°4²–ã°G«õ¼2,,…¥ø%®¶>kØNñ›aid),ÇFÐüÉòyõï´f”\”¢J_–b—P”a—”¿a—“­›P~©rw$³&øt\—d–¨Í`»‚Ò‘¥ ¶–:ôD9Ÿ/7pQŠ*·;k€¥äãQŠ,·I2kÒNª]B)ª—ûÐÊ_•bjµI¥‘¥ ì?×¥Q¥ \à«RzŒèOØ/YnÉgžó­ËJG•€R|:®s9kØŽ{ÐíÏ(÷5rôd)(ÇHŽ{…ã”o[‘9i4) Å)¡ ‡¥¹Ù)?®ŽYoÏÇ±ÍÁt…'K)žæÕ/€4š¾"‡¡¹×è\id) ÅÑâzz»õçëdZOÎà²4²–|QGÃ°ü£ü
Û‰w"í¶îo»Êþ™¥#K`©>72·ì®²ÆÒ‘¥°œ~Ve0,,…¥˜%n.d–ÀíïEª,,…¥\£×`«,,…åðË7K0käŽ{…à5–F–Â2™äSe‰Iò‰X¿\p³sÓj)~]YK	Ý™™!ï,Û=ªÂ:²–šåƒd©¡;{"¯ùxm´GæÒg–Ž,…¥[¦Ï5½.;Ž3y²øYõY³|°,Ç0NâÞ¼w–ëœgÿ–%o.5t'q›e•¥‘¥°¿öŸ5tçˆg	¦ý•Maid),ÓuØKL!6úñh¿”Ð=q~¶ÊÒÈXjèœ¥#K`¹ÀýRCwöD.Ó;Ë„:z²–£¿Ø2s”o,—ÈìY
KñKà¼–„îìî1Œk,,…å0¶Ô¼V¥ÈrsbgÍòÁ²cÃ¯K#Kaù0¶9uóH¥‘¥°¿ùhèŽ{éÃ5–"Kf©á;K¦qYaéÈXj¦ÏlBkøÎ=®­×X:²–²ÌŒ†ÔXY
KñKÜYèyÕ`"û®ÈÒÈRXÊF°X+H°4²–â—Àž—†ï¸1È×XY
Ë±l™AÊK#Ka)~	ìy­ºÄ³4²–¾“šo~±œÃÚú—,¹ç¥™>°ç¥á;‰oŸ>¿jëk;²9†'Ùk9†?ë©?-un¶ÆÐÈRŸ\½.Ý™âô6½²ïÿ{‡È^‡Çh0.µožK#Ka9|Ë²çÎtUYY
Ëah½¶¯Ì°4²–|]š †%f_ùùqì³¯ŒY:²–šå³ë°º“ø~ýÀÒùæqd	ß<_¡;µ½H†¥‘¥°¿öº4t'ñÍSe9ÿB½GCwÜ‹È¯±4²–â—P–ÃØ¦K~é²4²–ÃØüº4²–â—Àšz:Ë§Êò²|æCýíãÈXj–’¥†îqöåÚ‚luOŸÇ=kèN‹Yî·ûsfkÛ¢³Ž,…¥ø%°¦.¡;›{ŽøK#Ka)ÁøI•¥‘¥°¿ÖÔ5t§øŽÍ°4²–R0kÇËým¨Y
KñK`M]CwëÒÈâY¶{6ûîKköß²Ü^WÓ, ËöºSÞ“|{òdñß>MCwZüŽ­²4²–â—¸þH»kƒ±\+YY
Ki0â×¥‘¥°~¹ájxí®A<K#Ka™Û_¡g£noÁ ¨'Ka9üËRŒ-¬ÇnS{±|üÓÞ?~>x²øzl›t#ÎRY:²–šæƒd9©±…ëòÄrÛƒ3Až,a]jîN<çSf)²Ü³Mã|6\¯Mjla­ ÌÒÈRXšVŸå(¯>Y.Aö'‹ß“4ÍóÙpuŸ6i£¿.,…¥[¼.«,,…¥ø%”åÈ™Ãs$[Ÿ_÷=íçÙ÷qY‚_JôÎ}Ïw}béüCü’%ûh¢Ï†«á5‰ÞIœ=Ø¾®/óXºÃÈÖå¬¡®áþò˜oÓüüñQ‘'Ka)~‰«áµY|„=¯mÓëw¿Çç8O–².e#ÖÖË,E–{¾«i®Ï¬ûÌºë±Û¶¾ÎÐ>Ççò´'Ka9ŒmÅ³4²–â—P–ÃØÜ+ ®±4²–M-œ‹-²td	,5×É²eýòK÷qˆ,÷ìAÓ ÷ÒÕk,,…¥ø%°«<n;÷K#KaÙî·Ã"¼ÆÒÈRXŠ_âæÕ›ðìñýˆe–"Kg)$ãzl•¥‘¥°~¹kxM¿.,e×Fcåq~¼#K`©¹>;n>¶i Oþ[déÈRXcsSR¯±4²–Ã/w`=VxÜŽk,,…¥Nã>I•¥‘¥°~¹kxÀ³Ç3"ÛÑßjÑX¢'KØ“h ÏZÛ“dXY
KñK\NA“ ž#á—U–F–ÀRxZœ[déÈXj®’¥ðìî-i–îã0²„w¬ð,aFÓƒåþÎòøüÑ‘%ôI4×gÖÖ5€çÚ;Öeid),‡±­–ëöÆòóÍž,…¥ø%”å06÷¨ÿ5–"K_—bl™=I¥‘¥°¿öIm4†,÷izûŽÝ#¿td	~)<ÓÏ¼³œî÷hHÄÑ%¦û aj;—øg˜Ç8²„…©	<[fƒY„)ºäigMöÁÂkÊ0,¦l3Õõ"L£K)–	,¯¯ºÄÃ4²˜£vÚãÏŸ‡Ý¯%˜F—S<Ø÷ZÿÆ3301žùùqhÏÏoa:º˜îƒ\™šÂãÞïq†Ù×5^Çp9²„ MãqS¦.Â4º˜â™ÀÎ—ÄñnÃáL#Kùð¶–Øe–a]
LñL(Ì¤gVab<3‚ÙsåŸ2L£K¹ÀWæ0·ø¨2L#K€)<³;ä{	¦£K€©A?H˜šÈã~þfêy]ÂDòÜ÷¸jP¦)ºäV¦FýÀƒ=ÙÊ¬Óü^¦„òÜÝðÿ‹4.…æpÍ8d ©<ñ¾:M£K¡9ìÍ]úI³÷?ýzÇ']ByVã~°4ÒÚ4ºšÌãš~ž¦óë]ÂÚÔÀŸ84r|ÓÑ¥Ð»¶6ý_ÿS—BS|86"Ù<»{sËEšF—BsTRS¾Y¤it)4Å7Ã‡ú¦Ñ¥Ð”öcÜ<)Ó4ºšâ›Pš#o€ñ¦5ºxšý®þ–)Thzºxš]ƒÜÀA×„7Ïó
MO—BsŒì$N•iŠ.·KÝ5úKsø›{ëÇEšF—Bsø›{1ýEšF—B³Ã×¦™ÚÑü…i ®1=‰S`ešF—Bs¯Í±/laœA¦Ñ%Ðœtn'ã›Ï8ƒcF»<U|í küÏ éšÓã&Î]béèRXÊÁÌþäO,ýßþS•°.5þçÀtÉé9â8ƒ:K£Kaùð¶9¾ç«ÊÒ¨RXŠcâ&ºäôln‚ÎE–¢ËêÔãQ]biT),Å/q°.9=[qà ÅÒèXJPÏäQ]`é¨Xjü’¥äôlîIªK,]
Ë±¼ÇgúŠ,§_X—ÿ³Üq}“®9=‰8ƒcE9m[púÆ“ÅôY¾,*åÃ.Á(e#øÿ   ÿÿ¼A’#½…¯âTd&ÉÌ¤W¿öÞá˜YÌý/2"P­T
(hâõÎ¶_)ô5õH |´“£(…,%õÓQ
UÊ6Ve^ÿ«rJO±ƒ)¢(…, eñe/”‡§©PRöO*Jé±‹xŸPª_‡x%…ô¬§Ç+·g¶ìÛ ·òïP‘

›e^#³rH0ÇRÈBXŽ9õ¡²9–BÂ’Ü2¯ñU9¤ÇnJ‡Yæ¸¥Å’|Íu7!ÄRÈBX’]&c9¤ÇQÀ[Ž¯ç%ªÃ¬g*² »äžÃ5—÷Êòs¶¬&ðËÊ~™È²²±ÙEŸËjB°.+Ÿ=Ó1–BÂ’ü2±Ë!= –$®ßqHïÊPˆ¥…°$¿Ll’PHO·ó»Ã,…,„å¸@Ù\÷B,…,„eK_—ÃØ…õuyÉÕ¯ÖM‘°¤žµ{fe_XZáãš,€ec¿Ll’pHOµ÷>¯,÷~Ëï–ï¶}Ëšÿ´çÞm«ÒsÚûØöu¼®ËÏ¡š,`ÛØ/ëÒã¸be)d!,ÉØìóe”eIÙÇZ,‡_®y—…*‡ô4GA¥…°AG	/ÊRÈBX¿\+ëÒãh^FY
Y KÊèÙ³>1–ß²àEÿ´5±Ë={p]n·íƒÂR‘…°]FËzû‡¨ì}Xvïc)ù§­‰õXŽèQŸ}c)d!,‡±uûLe)d!,É/SY’±ÅÎ$–BÂr›#ó9ÊRÈBX’_&ÖÖ9 Ç1¸e)d,9ŸÇÑóŠ±Td,öËD–œÏsÏ$&KEÂ’üÒ®­GY
YKòËÄÚúÁAûê^”¥…°tÞ'‰²ü×IöËÄz,§óØ½è0K!a9
§Ž}ìþµïþ3‰"8“ì—©,é ˜ÿ+d,9›gµ÷±X*ëò[|iïd¿L¬­Ÿ\8±lû­5¯°Td!,ÉØìZA”¥…°$¿L¬­s0O°†ça)d!,Ç«£eI²à½ÏÉ~™X[§Xž£ç¯K’×
8•GMø›cI²à‹AöÓ¶ÄÚúù;ýKËœþåg–”É³-vÏëÆ²~ŸY~Ë‚û—õÓ¶ÄÚ:EòœÁzlíÖ¶^‘ô¢)‘gížZÁþ¼}Æïš,`KA?©ë’yÔ'|çX
YËal«ýe)d!,kúºüó¥‡eÎùÒbIFO­ ÆRÈBX’_&ö¼:›òe)dóY¶…s<sËý¸ù¥4{Mö·X~4û¶°_æõIGñ¨íÜ	–¿d±ë²Q§îe)d!,É/óê±ƒx²×¥&a9ŒmñÔ}ÎóùÛè¡‡žd±uŸ¶°_æõIÇð¨áUs,…,„%=úl÷/£,…,„eK_—dlÉ{MÀ’Sxº§¶a©ÈX®ì—yµõÆ!<ê3éw–Ûòõ´œ­ß,g×¾!û[,wëëØýË(K!aI~™W[oÂãù²²–t´kQ–BÂ’ü2•å(œª!És,…,„%=õØK!aI~™×'iÂsÚsxQ–$;]ýÌ’SxÖl¿dYð“%mc¿LdÉ!<jéÄÍR–N4Ùü»´Sxï‚ßXV#FD“…°$¿Ìëy5NáÙí>I”¥…°$cóô/c,…,„%ùe*Ëêë“DY
YKÌ	ž/,…,„åðË’W[oœÃãè“DY
Y Ëâï_FX*² –œïSòjë­ÈÂiKEÂ’Œ-{]*²–Ã/Kbm½°±eÿÆ*²–å7ê>–BÂrøeI¬ÇrOúo¬"a	ñKEÂ’ü2±ËA<êè÷Kzsºîó™%ñljRü–»4¥ÉXr¾Oæº¬ÞþeŒ¥"aI%ƒ5<K!a¹%¯ËšPUYæÔc-–å}`.‡¥…°$¿Lì“Tn4Úó±Q–BÂÒ}Ÿ$Æ2ç>‰Å’ü2±¶NA<ÝÐe)d,_üÈ^—Š,€%çûd²ä žcª¶®°Td!,ÆV\÷Ib,…,„å–¼.9ˆg®O¢²²–ã ¨†lÎ±²–ä—‰}â9²kŠ,„%[ö>V‘…°$¿LeÙ\ëòØ×—-vã:ª&`IA<«š?ÃR‘°ä|Ÿ’Ø'á 5ðg–úÏYÀš,„å8X
YKòËT–t4YîçKæèƒÓç˜kMÂ’‚Á^´ƒ¥…°~Yóî5â±÷±a–BÂ’YµÃñK!a9ü²&ö¼vY8Íaù'ê±Ä³mÙ,Y KÎ÷ÉdIA<ŽZÁ¥¯©BPŽ{Ž«Aå«=#aj³Ú$Š,å°ËšØ¾äõë˜B)T!(‡­mö‰$ŠRÈBP’[¦¢¶¦#O¡ª”ÃÕ?°Q”B‚’Ì2±áE)<=¸‰u ª ”ÂSïÌÄP*² ”œíSû]Âs˜³>7”Ö­bM‚r˜ÚšRÈBP’W&¶»8ƒç4Û]Q”B‚â•Š,%yebU"xº=QE)T!(¦VÔT¢;ÊíºhXºM’TÁs>œëSë°À£^«™"Iªà,çï8FCÊ×ò|Oî±àŒ;£Š, %ÇúÔÄÒçïØeØJE‚rxZñXe¥… $«LE9LMmM¡ª”£»Xía‚(J!A9¬²%a9}G}×ãå‹ßìVÏRQ… ¤b©ÝŽ¢¤c%xŽ’3}rQ’«™3±Q”B5åþ÷eáZiêªÔe³QÒ_^Ù²®±bñÕíÜ(uUJ2µÔm.A9¼²eUÓYqK3`uUÊÁÅU!ˆ¡²”ä•Y%XVëÇÑ°Œ¡ª”dj©^©ËBP’Wf•`Yq¬G±'†R¨PRîÎæˆ2|E¹-·lxåÃ+²ÙQ†ôWÈ+³êv¬X•Š*å[þÀzP
YJòÊT”äjé(…*¥»C™S‚µ>|M_•>¯<Žã†}ü_6ëëøfI©;›c°9ÊRÈBX’Yf•ÓYñüêö6Ì’d‘õžÇ_¡Ôâ Œ±Td,9Ì'“åÆ)uæÁ'–Ê>ð[®ÎÅw	:ÊRÈBX’]f5GXñôTÔÃ,…,„å(˜ª/©Ì±²–ä—Y%uV,_Ý¾8{ôåëêàî·šºÊ’d§O$ËÑ]tÀDY
YKòËT–Í5uf)d,)u§8.ÎÞXÖÓIº,€%‡ùìYEuV|7¶–Š,„åÃØõ÷K!a9ü2—åÃØºãRW”¥…°¤¢©½.¯òdÙúíFÚ¡}øKöþûýûíÓÿçÿù÷ÿöýßüóÿï¡².Ëº´ï_Ï?«¨ŸÜËéœ¶ã8‹D
YÃêkD^²†Ã÷Äâ+¥ìôÅ,¾†
Y CJÙ)Ž©žÃWÙ|†Ú³'öB(]§«Y)3¿eÁ{N×ivMàÆð~pztD—Í~t„þÊ–¼)]§«Û÷·‹ë¾þ:¶[Þ±úOú’uþ“^–²–íÂû×óÏ*ê£0Zí3G”¡…0$_ÌDgE×z3¼d‡qU;-ÊPÈB’/&ÖÌ9MÇ«3$ÙÈ/ÀStš]“‹1Td9œ'“a“æ`¸||ˆT—ý-_4¿Ž‡©7?çX’ìôyÑúðä‹‰µr8OeN8õuPŠNpŸê`)d!,ÉSYŽÞæ™²²–cç¼gïWYKòÉÄ¾GcCsùY
Y KJÑÙj¶_*² –Î³'ÖÊw6¶ìu©ÈBXŽÆ¡ë²_¯Ž×[ßCÙ°½ÊúkKWj{QÔ‡O‰uÕý·Î†BÂpøš]#2¼d‡?æ2=ûÈYúUÏyûYR¿†K6röXßÏãÏjêc¡x|1ÆŽdw»á‡Gâm+ŸÝ%›ÏŽÓq\gÙ)?Š,À9t'“áá=7~`¨~$ÞÓp<NúÕ?ü»,„å–¼6.»Že)d!,GCp›úMU?<ÉN‡ÔY¾¦¯Ëa`jÛuŽ¥…°¤×#=5€K!aI>™Ø;>¼çÆ(Ë?qn<ùuOÿ?ÂR‘°äà#±gÅ9ê¸ýËoYðº¤ˆœEÍòšc)d!,É/kæ'›]g²²–4pj‡ºö¯ã¹—Û¥eóý*8ƒ,ýý2þ¬¢N>™X“ãpœÕ~`"ÊPÈBÒÏžEŽ2¼dÉSŽÓb÷£IÜ»¢XœUÕ{eØÿ«~e’,CItYÀ¬#§í‰uUÊÅéöòå~°WX*²–ãþ¢Y×,÷k=ž–?*² ä¸\–ÃÈÔ79çX
YK*„ZûÖ8K!a9|òL¬³r2Žj5s,…,„åÃÐ–níuâ,…,„åðË\–­=ü:¥Íg¹R4NÝ¬úk¥&›ÏråÄD–+eãô5VèûÇÜE]6žuålœfÕyâ,Iû»räÎ™W³[)Á’d±wV
Çñícc,…,„%ùeÞœùJé8Ñ½‡¥…°@õõð,Wc ó&ëmÌõÞK¹Ÿ+ùÏ*êä“©f=
Y Ã•€Vo«-Ë×¶ù¾Êöõáø³Šúš¼)§«Û…†Š,„á@USÚßÏ®F€…&›_X9fçÌ«¯ˆ£Ž-Í±²–ÃÈNOmàY:?7£Ì£©BP’=æ]ûX9§ÄF?<(…,%ÕG=¥J¡
AI.™×Y9Gm¼Ï¡² ”_×°Q>ð]¿°Sÿç¿%MóXžÜ2oÚ|ÝØÖì]ëY®Úýøø|¨.›Ÿ˜´rŽy;r°¬å…eµX
YKrË¼®Èºq™Ôî4Ÿõe]:X
YKò5»Êe)d!,É.ó*é+ÇálöI$ÊRÈBXÒ±Ïº9g)d!,‡_öÄŠÝÆÆfo}¢,…,€eac³O•1–Š,€%§ìôÄŠÝC±>þhl]®ãš±øÖïc)sý“cvzb©€ópÙ0L¡9‹»g'[.˜ŸŸÒzÊ`Çä¼\˜dmöük¦Ð…À	rÕ.üDa
YÌ–¾2[|+ë‚)t0)"gSßŸ©È`rOO¬âqTŽ:<SÑ…ÀææhsEa
YLòÌT˜ÃÛÔ[Á“0….&™›¶‡¹ï/ £’§È*y5Ý3+È3]L:ÚC>Q˜B³¥¯Ìæz“ Sè`rŒŽ9Ùü¦òáYÀÏ,§óôÄv	Çè86@o§«0•ÜŠ. hÐØÜ¬k#q˜B“<3±aB9:½ØEƒ0L¡9ÌM}nz&É‚w³œÏÓ;&Åúµ¬öÏl&éN7¥-˜dnž¢Aß^`~~]K“…À$ÏLl™p’be
] LŽÒqÁ<úÌÏÏ*h² ˜œÐÓ{&¥ã˜ùSý>„.`´“¹©÷Òæ`
YÌ‡gîKbÓä¡Ø?‡s+Sý>„.æ03Câ0IÜ5¡Ìž}Iìšp¸Žú´Ñ$LÒ…Ãææ¬ŒÂ²˜mÏ†9ÎƒÍng†a
] LŽÝqLX¾Â<ºUÎSd0)Í'æA}ÇÕÕ{~½Z½iE°ÿáØõ)¢9–BÂ’,3/5d¥ØS-nþÌÒ±™Ut!0)¯ÕS3¸®¶?`îÖ‡²€jÞÁ–™
³ºš&}L]Ìám®šA¦…À$ËL¬³sðN7ï$Äa
] LNÞ©®¦Éóõ¾ã´<B‘À<Ù2ëì”¼ÓÕ÷ ý0ÛQtûŠÞ)ê“6n˜ú‡—xæÉž™Xgçè5Tu&é‚›&'×P]°L!Iž™Xgçõ…‡I˜BsÌê¸Ž™1˜$®³Ÿì™©0‡·©Ñ*“0…. &§ñtOi6S‘Àìì™‰M“î,ÍFa*º˜t Ì‡)d!0É3SaÒ¨ÎÜnVý>„.æ8ªoQÏÁ²˜5}eo³ç¹â0….&ÕP§Ž&ú‡—…Àlé+s”Pwsj$SèæÃÜ(‘gSïV|€yÜÂå‡×dóan{f^oz(Ö¯eË>šhº˜ã@èº›ƒ)d!0É3ózÓGò¤o€4]L27OÓäf½Á” M6¿´QÔÏ¾æ5M¶Åé™œ_ÏêféÆ&aI5TÏþg;#,…,„å°Ì\–”açx:oýz¦±Öz«T«,…,€%eóu|i†¥"`IÑ?ûš×3Ù8£ÇYc©ÈBXÒiÐóû#KýÃ¿Ë“¢’YcÛÏ­Y
YË1§£þ¨Ì±²–ä—yí¯mec³¯™DY
YK2¶|–BÂ’ü2¯ûµqJ€¥°¤”ž²{f.–­ÜFÙed¥&›Y¹mì—‰,9¥G½tüÆr¹n=X~lÓd!,‡±©o9Î±²–ä—yÌSzš{e)d!,ÝWLb,…,„%ùe^ëkã”{Â ÌRÈBXcS¯!Î±²–ä—y%ÙSz ëRÈXrJù,[”å·,6®{+ì—‰ÙÂ:fE6ÈR‘…°ÆæxáÆò~óKe)d!,É/²…î¨ã¦w–ÇË>¶FZòM6òíòþíø³Š:ÝÿˆÕî<IûÜÌVØ'S’¡Ù÷öUø:T†—ìÃñg5õ±`<Cë1†BÂpøã–wÏkãDÇoj”á%›Ï°rÔ3r1<W£íü-k@LÖ(àgßkè•:ŠŽºë†Ê?iE6ÿy™‚xÊóEK’ÅŽl”ï³o‰uWÎáQ_h™cI²ØçJ7Îá	îq<,…,„åðÇ-±îÊ1<Ž›zQ–BÂ’-Vßñ°²–ä“‰µºJÅ9ŸTY
Y KJá)®úNm¿>üÎ“>¼"Øó4öËÄZ‡ð¨eè–Š,„%
xÎ 1–BÂ’ü2•%5³×å·,öÉË2xŠ«·c)d!,É/ë®ŒMÍS™c)d!,Ç=51~Ž¥…°$¿L¬»rà7VÈXROYb¿±m¹õœ•¯ÈXîì—‰,÷ßñËZ­y;EPwå žîQ_ž…ÆrÞÖ¥2£¥Èf´vöËÄúÎÆf÷C¢,…,„å0¶âÙÇÆX
YKòËÄú+Çï Ö¥…°Æ¶xÔc,…,„åðË’X‡ÝÙØbûXK!`y°±yÖåúôËºX,Y Kõ)‰õØƒŒM,Ÿa©ÈBXcS3©?°,Ö¼"¨ûp¨O.KqÌa™s¾´¾XõüÆ^,[1š4YËá—%±¶ÎÙ;»¶eI²Ø¼²wÊêªáí?°TÎ$Š,àLÂ‘>%±¶ÎÑ;Žùô(K’ÏNžll®Çö,Y KNô)‰µuNÞ±¯ÍY*²–”¼ãñË‹åãÃ¸X¨È~c9Ð'—å06õíŸY–nÍ§+²–ÃØ|µõK!aYÓ×%›ý{}’BB’Žù$…,„$¹eb—„CwÔl£7’íºþü`Ù¬¯CÈXRèÎ¦>ø3ËrXcŸß²à©ÎòÉdI™;çiwIÿœ¯¯Ãzþ[“…°ÇÀâéx-O{xüô~3H“T
8Ê'—åˆv=íI”%É‚O$¹ã[—1–BÂ’Ü2±{I‰;§2f)d!,ÇXÎæ™ö‰±²–Ù~ÙÙØòY
Ù|–…wŠgï`©Éæ³,œã“¸.‡bÉg©ÉBXRÙÔs(ÆRÈBX’_æu¢‡â—³O—¥]·Fÿùó[X¿d±¯²ðXŽ«b)d!,É/SY’±å³²–c[ÕtÔ9–BÂ’ü2¯=}~eù'ürõŸ//–e1:^šlþù²pŠOÍëDŽÛQ‡f¹·j¬òO[‘ÍÏÊ/·S6û7vyle~}øõ~ETÿðï²€uÉ)>5¯{Y8nG5šcI²ØG,
ÅíTGe=ÊRÈBX¿¬yÝËÂq;êE©7–ÜùÅÒ°EÂrNuŸ(K!a9ü2—%[>K!`Éq;ŽZAŒ¥"`É)>5¯]8nÇQÃ‹±Td!,ÇAPÒœc)d!,É/SYŽÂ©úlÀK!a9â\Õëøs,…,„%ùe^¯pÜŽã9¶(K!aIc9ÙûØoYpÝ‡S|jbãvNÇù2È’d§û—Ÿ¿ŠÛ)kö>V‘°äŸšX÷á¸GâoŒ¥"a	ñKEÂ’ü2ï6ÉPà¹ö>[„¥…°¤kù,…,„%ùebcwÔ!þ9–BÂr4Õ®çX
YËá—-±†Çñ;j«aŽ¥°äžÍžŽ½±lÆmMÀ’Ó}Zb¯òAÐ¾åõÊòÁéó(›&¨­W6¶|–BÂrøe.ËÑhtLTFY
YËQ8]ƒ~é`)d!,‡_¶ÄÇð¨9s,…,„%N=SëWÏ«Æ@¨&èyqºO.ËalêÓWs,…,€%ÅðlêPÄKEÀ’Ó}ZÞÔzážàÞÇf©ÈBX:Ï—Q–9çKëÃ“_¦²¤ƒ «VbI²àßØÆ±u±™JK!aI~™Xå5ÌzŽ¥…°|[uÝ'‰±²–ä—©,Gl#©)ÊrÈ¢ç}(†§.±y›¥"`Éé>™,9†'úÛë5š,„åÌqÔ}¢,…,„%ùebŸ„cx)•Q–BÂ’ŒÍ³÷¹áïÁ2‰ú¦êM¢îýìÛE÷¯_U'—LìŽpøŽZüš#(d!G¹´yN•!‚—*€ yc*Azz2x–t² ‚‡Œ@”Ášj~0Aá ŸL”œ¸Óc?§Ëm—£¼U@ý`óœ>B$…*„$cbs‹óvÔÚåI¡
!9ŠŽ™æ I¡
!I™J²ÖÇ!¤P…Ç½Õ•©~íV»uM‘ìV9ÃgOìRrØNp¯ã@)T(O®Žz/(OËåY JŽðÙ[œµ£¦¬N TT!(ÉÓ\¯†P
YÊa•¹(G318â@)T!(ÇaO}¹q¥… ^¹'¶µ8k§ÛA”A”B‚²z÷¯1”B‚’¼2åp5ßdz¥P ìþe¥"@É>{â%ƒNïj±¡I¥¢
Aù0µª^v™C)d!(É+û“]-¥P… ,îGôB(…,%yeb¤Ó	P}Ï|
¥P… tOóÄPþ‰iNïÙ» ³£^¸˜BùÎ•uùs¥ùôˆ&›_í©Þ“ˆr(ÖôÃÈ/Ulµ§RÈN©žº]¥… $¯Ì»+2ÇúÉ=Œhª”Îsåõì¸õ¢¦™ÿëZ9·'—#YZ:G¡
á8­ÚFâ(4![úz¤†b:G¡
àHÙ:EmÌ½r¬½íÏ‡Ë­F©ÈPrdÏž×Šù{WM‚rŒ¦šž8J!A9\òÈë‰ÅÇúYcS’”¤Š­óTNÖ1ƒ'ã(…,å0Ê#¯d7ÇúÉí‰hª”£¥hÞ£²”Ã+sQ¶ü:¦
@É¹:æž'ŠR‘ ä¸ž#¯ú:ÇúIþUT!(]'Ê8Êœ¥…’¼2¯ú:ã“v”¤
þ¥Tb†õÄQ
YJòÊT”ÃÕ’Kvš*å˜OUŸû›C)d!(É+ó
éCqì5í­Êï‹pÙëž·-§€o²Þ)à¥¬e½ðþõü³BÃtjp9Z/åý’3äŒžL†…ìL}lîg†ûj<f®ÉþÖzü\ºä05ŒxŽ¥…°$—L,¡>ûÙuž(K!aIg?W~Äåi¼§©BP’KæÍ£Å±~ì:O¥… ¤:©¶[›B)T!(É%«¯…ìÌ1šE)d()JÇ®Q*ª ”Ðs$V_9IGTûe_ð{M6ÿÂOå$5í}
¥P… $¯LEéôÊö|%¯W#-]œB*Ÿü’RQ…€Ny&–Ñ«÷<ù'Ž“œ¡ã‹ñ}v)7c–ç—*ø$ÂÉ<gÞ4úP‹Ç.¢Ç@
Q H
Ð)jØ×;Èã™—õvqK!ù-;áû™$çòœ‰5ôF‡?ÇüÇIë5YM`’ŸSvû†H”¤….™KÒÙ£Œ‘ÌiQZ_ù™=È%I²àn3gòä’$Gýº:H’(6‘§664ÏÆ5FRÈBH¶ô59,m³«®1’B@rgC³G^×¯ã9'¹—ÛùI9
+²€9É=Ý'w¶4ûVl„¤"
!¹¾o2šx-=B’dá$É'[Í;YšZ¼œ!)D!$‹oMFI
YIòÉT’ñãd¿Yr
aQô…‚m÷$ºÄH
YIòÉÄFóîõÉÞ®ãµ‡%É‚g%9GÇÅò¸XVëF"`Éñ<™,255nêÆ²¯O’ë²!„š*à–ƒtÔ—3æP
YJ²ÊÄ†óA®¶™£<Q”B‚r\äp”Ð£(…,%ye*J²µôU)T!(ÉÕòQ
YJ2ËÄÑƒ]-}U
U JJÒ)M+RÝQŽ&ÛKƒÕ@©ÈPr@Ï™Øo>ÉÕì&e¥¢
AIuR{r Š’dÁ)9 çLlRžtåQ}{~
¥P… $SË_•B‚rxeOlSžÃÕÖ5¥P… |˜Zs„DQ
YÊá•=±lw’«©—Ÿ¦P’*e÷v*c(Y JèÉDÉQ:j¨øe[¾ÖŸ`*E‚o]ìóÜ•²tŠ9Ž‡)d!0·äuÙ½'Ë0Ìœ³¥sLªV»ó…I²à	‡ôäÂ¤S `e
]Lg)6
³¦ŒX0³³ó9Ð.„a
Ý|˜massmž±ÌûvûðòšËM6v_×÷°ûñgõd¯l¥³™³ !Ê¦›¿ñiœ¥ã(ÝÕWˆåÖ£“+R“Í_‘mÉöÊ¡8v›®ØÅjº˜ÎžeæèY6Îééy=ËÆ‰:¾•ƒ)t!0^…ù¼²qXOÏku5ŠÕYW×.6Sè`R®NUŸ%ú ó¸ñ*0Y LŽëÉ„¹<3SÑ…ÀY­æUY‚Y_`ŸoÙÜø,å}ã3þ¬¢N^™×æj+È+Y×|+gâ05GŽoâ%‹€XÓWâˆ2W]f¢Ð…@	ê£s/YÄ–¾ÇyO}3w¢Ð@äÓ.×}€¨xã·,x×Êñ<=¯åÜ8HÇQ®;I@S”8GÇw 	¡²”ä©(…“¥ $UìC"stEô(J!AI>™7=Ð8HÇ1=D)T!(Ç‘ÏŒ‰£²”ä–©(}Ê J¡
@Iq:Õ‘¨ývŽü<Ë¬ÉPrJO&JŽÓQ®ò¢T¶=Š*`ÛÃi:ŽA(J!AI^™7Ó3ÇË3«RE)T!(Çðšs:‡RÈBP>¼òXòfzZ™÷JeŽWZ(«{Uö”Ûçå«läD)šZãÏ*ê#=.!¹™ð¸ò\îvŠE*¢ ‹¬Ü?tm\Áÿ  ÿÿ¼OíÈmÅ¿Ê[&@p!©ªôÇ+áY’ÁÀFEF2L²°½É·Šì×’.Ù—d‹§×ï\A¿.*²êÔÇÏ²ù)“gòb#ºb}ŒŽeä‡•1¨ˆÆ`ô$Ï§Í^_S ÉælnÉ³‰=INÏQç|’lÆ)oMB’ª¡®¶Gˆ¤…$cL%If·=nã¹Y
YKZîå³²–-}Tö¾¡}H=ÌRÈX6îÚç	b,Y ËÆ^™¸Q€3t<¬ñØÂ³Ê²{ù:º,º‘Õ0n©ÈBX’[&öB8EGM»ÇRÈBXvcSÓ÷î±²–ä—©,»±©»&î±²–ÝØVWQ ÄRÈBX’_&öB(IgTOXÜc)d,)I§©7…Ýa©ÈXÎì—‰,9KÇqþîÂÒÊû×d!,é‡«Gb)d!,É/óµ§é X
YKê&Æªu–BÂ’ü2•eýÄ<ÖÁRÈBXÒ¦›üo¬…°léã²KsŸÒï=…¥Z<EÀ’ótVûhHŒ¥"`¹°_&¶)9P§Ú½­KEÂ²oKõíé	±²–ä—‰}JNÔQ/q¸²ì÷w–ÍšÇ*²–T8u¿«'ƒ0;Šì§X¾nì,ì—©,«o\FY
YKZº2AB,sÖ—Ëî—cbÇ’3u ,ÛÌc9Sg³kxg–ËfMÜYÀ7–¢z–1±¶N¡:££û|aYûD¾Ë‚ÇåÊÆæŠ’±²–Ý/sY:»—Q–_Ñ¿¤TRbßXK!aÙ_é˜xXdecËg)d!,?á—–BÂ’ü2±†·r£ÑîEGY
Y KÊÕ©Ž”ÂËf\£ÉXnì—‰}ŽÕI—Š,„%5]/!–BÂrJ—œª£^V~¥…°ìÆæè“DY
YKòËT–=†Î‘ïeÙeÁøBušã¨A”¥…°$¿L¬Çr¦Žc_Átl*Ý¬ƒ¦gÑÀ•ÎÓút¥óþ£Wíå7çèl® Éó©ŸsÝîySº.›½)~…<2‹+ö¦¿Ýçê1Ûôr¿–.›=ùW|{	¢,…,„%ydV=û°±ç®Q–BÂ²Äk=–BÂ’<2«ËŠ˜q)d!,«ïƒò˜Ž‡Ÿ_uÑe³=’~¥{ä”UƒeÅ}ñ§¶ãï±$YäÜµwùòeÏ7ö`YÖ—}.]À’"z–)«nÇŠ=@Ïž»žYÖåååMï²f«è6Ënlê5ñ÷X
YËî—¹,?á—–_á—œ¨ã¸æ0ÊRÈBXv¿œ²j°¬¸›šËp¥…°Ü­ŽžþsŒ¥…°$¿Ìª°âºíÜž(K!`Éù:ê˜;,Y Ë‰ý2«ËŠû šížeŒ¥"aÙ›‹Ž}”Q–BÂrJ—œ°£¶î±²–=Ù|ˆ­I<,…,„%ùebÝ‡#vÖüq)d!,»±¾±$‹ìÐ¯_&Ö}8c0.…,€%gì¨ˆ/X./7(é² –…ý2‘%‡ìY–Áb©ÈBXÒ%“žèûK!a9%ËÂÆfï‰²²–Å»— ÆRÈBX’_&Öc)fgt\)eÙe¡y°ü+ó£-ù,…,„e÷Ë’X-¼´÷…DY
Y KÜ™<{	–ÓËkªuÕìíÍô+Ý.3QV®›fbYÊîkù(…*ewË’XåèÇIè(J!AIË@{·Ö´£ùþð£R¨BPv³ÌEIUSû^¥… ¬¾Q¹£<..ºlNRQ
UJòÊÄºzåE`þ¨² ”]Í^[â&©ˆHršOI¬ÄRìÎ¨n|º\‡ó…\³ý:„lvz!ÿÊü˜'»#)D!$É)SIvKS§ó÷H
YIò4»¦#)D!$É(+ê¹ )d!$©½˜M’Do×z¬G'ŸL%ÙM“¿\ÞÎVòÛ¨—%¶ú:„,€$îÔÁ>4<Žm¼Ã¥œ®<»¢
@É1>%±5Ây;ê\þc”æ²LQ…ì­ÅbwF‚$I¼áŸ\’=æ|³eã¥ØIcL*ª’tÒªÙÕmyLãA²XÏ.T!$É(Kéœµco»[ÆíLr²Þ†P…$K³ja’BB’Œ2±ÎI;ö”gwçãR®É~B@r!G3÷iI*ª ’ßSk¯I7Û'k;&¯íeÐ†®
!IERk7È3ÉW—Ýèª’Ý'kV(>+öÑc6ˆ’ª’}é7E¿®&IRû$G÷ÔÄÊ+gìä“ª’½DªÞZt%Ùuª’Ý'kVø6+î£ÇÞ»ìŸœÍ=ãQT$)`§š™…A’oªà¯+Çöd’\ÙÑÌeŒ¤¢
!9zÇä;ÈÑZN*¢d“‰½
×™Ô%Ù-Br7´fÆûFA
QHrÉTÞÕdäW¬&)X§šÙKQB’L2±²ò²Ï9w§9@5hE ’SuÌòy¤"
 ÉQ=™ 9Sg1ÛÌO ©¨B@’yf;BrJ‘¨³š(HROv6ïR2ò+V’ÒSZ”¦3¨{¹oªdg¹“E’<2$¹™¹ï#
ò<r8%Àn‚@j¢ù GŽê©yÝ¬‘3uìŠÀHómUÈÞA=³Ö£/é )T!$É$SI
;K!ù&9r Ž(}‹¤P…$—ÌëKŽœ§c%ˆ’ª’tÜÑÚ&Iªp’d“©$©2jˆ’ª ’¦3Z»#ŸIÎ¯Ÿ]QäˆžL’ãg|Òª>kª’t]Vôëj’ª’ä“y{FNÒ	V$§ç	1„d_÷™wVÖ­“y'iÍ»5YÊn”-o³À8òAÇt”B‚²Ÿs4÷ÄQ
YÊî”-¯ÇÜ·ðœÇR¨PRŒŽEù&FÉé<-¯59rŒŽºy¥¢
AÙMMM¾‡RÈBPv¯ly=­‘StìÝXQ”B‚’Bçìê@¥… $¯LEIEÒXÅÎR¨BPR•Ô®ØEQ
YJòÊ¼vÈH:£:¼…R¨Pr„Ž™tE©ÈPr2OË«£¡“ýUT!({¡´f{¥"AI^™Xå1Ö¤t $Upýµ°©y*Ûqìîõý†‡,¶»5r.OK,övµXÙÎR¨BPR©Ô³$†’d±G(GŽåÉEÙW€Ù‹E€²ò08*­£fš, %Çòd¢¬
 †S_7ØëÑ¸m—;åÔ·AªàQY¹©ho˜÷gyGY­N€"AI^™Xƒ­ÎueåW¬+9?§ØØÊbìÔd!(»WÎ‰5XÎÏQ·å?¡¬Ç¶ÚoC¨BPz×•Ž_±¨äLž9ï¸ÖXåÅ)s®yý6(=g<Mçy<¥ñðŠ, %‡òÌ‰µtJÏÔÎí”Š*%UJ]û^C(…,å”<*9>Ç^‰,Ç‘§q³&€Š(„$š]ˆ’²’ä“©${Wq±lµz
 ™¬•ˆ"aÙ»Š«•ÁÜÏÃ®GRÂj•zYKòÊÔlwµÁžó´ÓØÉ¬|)² –œ ã˜¿ÆX*² –Ì3'v+9BGÝŸ/X–Ë×ùš,„%íÁÉgI²àqÉÑ<sbk&cSñW–óñ…mÖV…tv+£$¿¢[ÉÑ<sb_„Bt<_ØI+ÁN…ì¦6f{¥"!I^™Ø™½^9o§hžbÕ£Y KNÑqœ‹±Td,öÊD–ÕJ»;§íÌ&KEÂ’–€vç9ÊRÈBX’W&VÓ)HgTÏ\YNÃiÞ3Ø,I\%à$Ç6­(K!aIn™XN_ØØëé;XuEÂ²›£ae)d!,É/SYöÖ¢#dZOßØÑ~BÀ’ÒtÊ›û”å2q“Áîšlþ0#‡ô,‰5Ÿ•Íñ-§œûÑ¸"G“ÍÏ¹9Pg¶+±Q–$‹½Ûpäœž\–t³½¶œÆ£eY®ãR}BÂ²/Í|ô8K!aÙýrI¬ßQ¨Îh•]Êtøe)ö¸²–dl±¹‡¥…°ì~¹$ÖïV^:‚ÐN!¾e¸ì%P_‡°ädÇÊKEÀ’{–ÄúEëŒŽZìåB¹×°j¢’»­µ`ýnxÃYIrËT’´´Ýr\N3ŸjÜð£ÉBXöe`õäøÆX
YËš>*û^µ‘+‚íÚ‰¥9.…,„eOjU¯Š¿ÇRÈBX’[&ÙØÖ\!…íô:ëuÙ|–gì´Ø,ö­m÷ñÃk²ù,'ŽîYòz$ÓÀ—dÙ±ÌÓ)È¨6c«ÉBXö¿°«xX
YKòËT–N¿œN+Ë/ðËiøL5ÖÃ2§k=<ùe^—d¢ Ñ>f)d!,ûöÕÙ“|cI²Ø['ðYòº$EíŒžtæzbYì×!d,)k§©&>f¹ÌÖ¢"`É>™,)lÇµ&9]ÜTW‹¥"aI§"cãÒÃRÈBX’_æuI&ŽÛQób\¾GÕÍf)d!,é¾¬X'ÚÃRÈBXv¿\óNLœ·ãØµµv¶“_¾^¢i²–ÝØ\)Ëû$|Å±&aÙý2—eóí*è½Ë×ëKMÀ’wšcÇú…å`KEÀ’s|Ö¼Ž×4±±yNv½O‹QšÖD!$ÉÖ<gôb$…,„dwË5¯ß5QàÎè8£7–£êÓf›%É‚W$¸Ó·ÅDY
YKrË¼~×4±­Ù,§åt×v¹IV}BÂ²7³Ø(K!aIn™WYŸ8r§Ø§»¦S5vÿ/‹õ:„,€%GîÌÙßXEÀ’“|2YoïrœO_XcÞ£ˆBHv[kväL²­F³N“…$·Ìë‘L¹3Ù©¢ËpÚQÐªå–Š,„e™›+*­­–BÂ’Ü2±®¾+îÅÁ±¶<³l–[*²–uy,c>K!aIn™Êr·µâ¹ò°Ü²Ø,…,€eýÍ0=ÇÝÀg–óhlSÒd,9ËgMì‘ìŠëc[íÜ»õ4‹ÝÿlÍ×!d!,§}éàØMe)d!,É/ëê»£_Ãò±UN}èÕ*)²–»± –BÂ²ûå–X¿£ÜÙqA×ºÆ¥ƒ¥…°Ü¿ÅqP”%É‚ëêœè³%Öï({çzI\K!`IÙ;›cÈeî3Y¯ÈXr¤Ï–XÁ£ð2Øá¢1–Š,„åØïððT}b,…,„e÷Ë\–»±ßÏói}y®úTíuÙO±¬Æë(ãc]<µ‚K!aI~™X¥ø²Ùµ‚iyœë>«ÅRÈBXÖù±¹® ‰±$Yðú’S}¶Ä
ÅïlƒÍ²Ì§ÊúuˆÊRÈXÎ}!¨›ý–Š,€%§úd²ÜÛc´o^êpªûl—žÂR‘…°÷¯…zÎ=–BÂ’ü2±K<ÅqÂk^³$s¹ìY´×qÈþáç~ÿãÓûøé‡Ÿ~üùÛÛ¿üîÿA/µŒ¥xûþ³Šúnh›#&Ê°Ë‚OéMœç³%Öîæß´ö˜9BxýYÿõÇ?üû¿ýü/ÿùí‡ŸþùÛýé×_¿ýùOùõ—ÿþ§oýåïý¿ýÁ¾ýå¿Ã0üÏßÇ·(ôùåoß~ýåÏÿGí7æô§^Ãh÷t–éØ™´ÿåÖ_Þ!{ë/¯ÿ¬P§p™Q=ƒÿ4\–cËêÓC+Ÿ>Eðé[ºß”%8%1×9Š,`Øì¿RÍu;_ðáŸe!OœXã¥XÏ‰ùËbµ<X‘…ü!Ž¾}ðQ–BÂ’<8q¿íÂ1öÜxi'v°²–}cl°6[‡Q5YKòâÄz=Çú{n¼Ç:g¾¦ï«,…,„%$ñìžæX*–|–uZò>3ÇáÀûÛ÷ŸUÔ[úx¤->öÌd+'†óeN¬2² †çSÏùêÃíòmUþMööžiëáûñ!±NÏq>j ï…å:'Ÿ4Ç£"aÙã|Ô›<î±²–»O®Cbm—â|Fû\ÊþtòÉÙòIEÂ²¸t¥wÅXvÙåöšÕzøÚÇeb‰â|&û…uœOãr±êôŠ,„eß;{ÎäÆX
YË^"ëôç£¶ŸX§q¹ØãRÈXnþsœËR­ÃnŠ,`þº±_&ŽËÍë—–ƒ5.ßdá,ûpñ¤ê}ÈRÆ;j²ùi—ÓÆ~™Ê’Ž˜óØ0K’÷Bß}<™O1–BÂ2Û/)Ðg¬æi†uØŽý™oIÑ/–fgÙHµtzª–ÒÏjê}¢[‹x
YÃ–>»¡Ùuž}<~p¤C%H¢ëm‚£Ð.Þ£F9ÞðFM6ßËí…Â{¦É1Ï9ÏY­ïé›ìý¬®—ßÓÂá=®ÄÙK!a™ì…Ã{Ôc9/Y¾nä|—½}ÒÏbÙMlÍg)d!,ÉózØ…Ã{sÏ×þttÛzù²ª,…,„%EÃz2ôb,…,„%yd^W¸pxOµ=2ÊRÈXŽllÙãòM{¥Œì—‰,GöËØ¸œgË/ßdoŸÀµXvcS?*÷X
YKòË¼~sÙØòY
†°ìqk>K’cGöËÔqÙÍ±‰²²–ÝØÔëXî±²–-}\’±9z"A–BÀrbc‹õ·l–Š,€åÄ~™È’ã{Ô`,7côwYlíµL˜õ¥"a™í—ß£Æ)?íÏšŽ›†öyì¹'"«=Ù{ûj÷ŸUÔûP½ûC!aH>™·—§PlÏ`¯+ÃYÃ¾ÙÆqN3ÊPÈB’?æíå)“ÓÃÙ|†SwUdûb"Cê©ŽÁÇ£V×ªqì»,vO])þ»Kb,¿àî’Bù?ë˜w¾>Hiï[Ž²²–»‘ÍÁ}–BÂ²ûã˜··®+îF6ÛßÖ2y¤Íºµí»,6Ë©ÿJ7´ì¹Ž"aÙ}rÌÛ[W
š=_²² –•-¶oÙf©ÈXRþÏ:æíÇêŠ} YZ¹úš,„eßl3d¯#YKòËÄ>%õ8ú!a–BÂ’Š±=¯–BÂ’ü2±OY¹@j'’FY
YËnlköÜG‘…°$¿L¬¡SPÏèÈ±Œ²² –ÔSÕ ª;,Y ËÆ~™È’‚zÆfŸÙº°lF´•&aÙ-ÈrÙŒ@UMÂ’ü2±îÚ¸@jÐŽ²²–Ÿ¨¿zX~Eýµ±_&Ö_›]+ˆ²²–dl±>¥‡¥…°$¿L¬á56¶àÜÇÁRÈXÎŸñK›¥"`9³_&²œÙØì¾H9qn£‘Ç®ÉBXvcScGî±²–Ý/§Äz,õjäÜ=–BÂ²›*&X.'–¯Ïh²ùç
å %³$c3ë>óÖN÷)šÓzEÂ’ŒÍõ±²–Ý/§ÄÚúÌÇ:ìLÒ(K!`¹°±yî’>XŽÃ`}U]ÀG–ÂzÖ)±¸¾°³™Å‚+ÌÅ‚©ÈB`ÒJÐUÁ$]ð®æ…3&Y›#Å{9vTs&«ÈB`vks$Y†a
]L²ÌÄV	åêLöqç0L!¹{Ûìº<SèB`’g&öJçùÊ0L!€É;[úÈTt09¸gJl–pÂŽ]0¸Â´®oû.‹½Š¯PÂNsl.è·…|pŠIøgYK²ÌÄûêÜf)d!,©zê	+<6e7«^ ¨BP’a¦¢ì‹AuÔ=”B‚²/õõ J¡
AIv™Ø*Y%Ù0Ê¯(Ér¾Ž£ŒB©¨PrjÏ”X‘¥xI½äc”e±P*²”ÝÕÔ8ù[(…*%yebÓ‹ÓuÔómO(§£ [f¥… ì®¦¦ŸÞB)T!(kú¨¬ÏsÍPžî¼(‹s¬ÉBPö‘£½¸ìÛÐßÝaµSo²ð/lK–»««Ã,ƒ,…l>ËJ;Å5,,5Ù|–uÈvËJ;£Ýóº°œ®uÙjÐd?Åòe«¡ràŽ£çe)d!,É.SYv_›w·Y
YË à»Ç$ÄRÈBX&ûe¥À©:*ëA–BÂ²zg±1–BÂ²ûeÉëEWÜ	Î}<,…,€%î¨Ï}Ìr¼x½òìŠj~+ºrŒOÉkE×‘K¦öÄg”ãd¿!AI]F×Ä”B‚²»e.ÊÉWòYÖÊñ²¸T_‡… ì¶¦^Óz%©ba+‡øä¢¤t:»E)d!(k|ë@)T!(É+óvTÛQïåzByÚ»£|½õI“ ¤°æ»ãÝRQ äŸL”œµ³Ø®å}ŸÏµƒ«¾¡	áØ-Í‘·=?æ£ÿÜ¬?BErJ“´3Ù¹!ó0ŸWJ¡
AI¹tž!Y¦cHšÏ.T!$kú¤r©=$‡Sâ„ƒ¤P…$Gó\z")T!$É'ó6kUÝqÔí‚$…*€$eïxâÑB$U INô)y;µjáÆ¢½S+DRQ…cRQ…$ŸÌÛ¦U)xg°ï‰’$ÕÛÝJëm¸»•!’9ÝJëÙÉ'SIÒÊÏ®ØI
UI÷z2Dò+Ö“œåSòöhUÝ±s£$…*€$eîx¢šC$U INòÉ$É‘;›]ä	‘TT!$ûÊoJ“oªàUçø”¼Ív•wÔ#Ä·H
UÉ¾ò+É3EB’|2o'H¥¸ô¢
!Ù·ª:ŽÿI
UIòÉT’ÎºkäW”]ïTM“Š*€$'ø”Äµ£6ßŸ«unŽŠ&„c_÷Mž}Ì!ŽBÂ±»dMÜ5ÐxÝç¨Dª®Š*„äîg¥¥H¡
!Ù]²&¶')dgrù	’ª’ýü£«Ñ")T!$»KÖÄú9Gì,écR¨HÎìgž?åäðíõ³+ª ’œÛSëç°3©W’Óxé3ÏÖë²”ÝÒÔ’ñe{L[ ¥P… $£L, S¾Îè!˜–Ç{ŠÑŽÉ|B‚’*¤¶S¶ÓQgJ¡
AIN™XãáxÊ%‚RÈBPö©#?ˆR¨BP’U¦¢ì¦¦Þÿx¥ ¤pæ¨„P*ª ”ÙSkœ­E¹XÛaYJZþÙ{y‚(…*%yebé•’uFµ¥ðŒòr²^‰‚w,|’Ã^‰A
UÈš>&»¥¹@ÆÆ$ÉÂQÒÁÇô1)T!(É)vœ©£ÞØq¥ \!N©¨PrPOK¬Ù­¼ü³wJÆP¾ÉÂQîž6Ožùëö¾Ž²))²–Ý*sYRJ@ö¬G‘…°$[³·½FY
YËî–-±Ë‘:ê.`Ár°²–Ý×&»peI²àGõ´Ä,gê8BA¢,…,€%…êÔâ™ùDX*² –œÕ“É’BuÆÍîUÆX*²–´ÌþÆ*²–Sò¸äTÍ5÷	±²–ÝØ&;} ÊRÈBX’_&vG8VGÝCz¥…°ì[pš½ Ê’dÁkNëÉeIëÀüo¬ÍgÙ(V§©Wä¾dùúd¯&›Ï²qZO"ËÆ±:¾RÁ;Ëi2º–š,„¥s{O”åìïiœÖ“Ë’ª¦1¿ô°²–Ô`Ï}L–$‹õË6dûe£XQˆ»ÇRÈBXvcS¯”¿ÇRÈBX’_æm'h«ã8ge)d,9WG?½ÃR‘°ä¸žL–œ«£&Þ\Y¶zìò)«qÙÈwYìý‚uæÑSZ±²–ä—ygòëLŽqYß«±¥‘bš(„d_¦aYIrËT’ýr&Go75ÂRÈBXö­«Ž/ìü˜ŽOÊd„Ÿj²ùÙvózZÞ6ŸÆÁ:ŽYl”¥°ädÉ³¹ùÄr12š5Y KìÉd9y»—µ<Ú‰åë[W4YK²5O~hŒ¥…°$·ÌÛèÓ&.›Úç¹¢,…,„¥;Ý.ÆRÈBX’_¦²¤6£½+6ÊRÈBXÒ2ÐsÌ2ÆRÈBX’_æíÛj”°39r{¢,…,€%EìÌŽ}[g–u²Ì^‘°ääžL–œ±3„¿±ÆêR‘…°ìeS×AöK!aI~™·	¯•Oú¥Éò+ü²p|€'ä.ÆRÈBXv¿œóvn5ÎÙqœœ²²–ÔfŒÍ}<,…,„e÷Ë9oçV£¤Ä7–dÁµŽÚq…jEX*² –œà3çíiÕ»Û'ÆòM¼¾¬ll±y¬‡¥…°ì~™ËÒ¹Û§¼4ËdÜé©‰BHRÙÔs›SŒ$É‚+xœá3'ö.+Ûš‡äé6§k¿K}_á–·ãJjŽ±²–ä–©,›/Y+ÊRÈXràŽãT{Œ¥"`É9>sbï’2w¦ÑžÅ^XÎV¥@‘…°ìÑtjœÔ=–BÂ’Ü2±ãÕxSŽ#ñ®3ŸÞ™|Ý Td{
obµ+õ±¾‡ìoðõBMÐ½ä4Ÿ9±KÂ¹;Žîe”¥…°ì‡>+’(K!aI~™XYo¼tdŠY
Y KŽÞQ7ƒ¾`¹^*ëÊÃ+² –œè3'Vcg¾CË‘ˆbÙÌÆ¼"ðKÎÞì3^Q–BÂ’ü2±ËÙ;jcþK!aÙ7±ÎùãRÈBXv¿\«±3›#3-ÈRÈBXöm9ŽóQ–$ÞOÉ¡>KbÕgfcËg)d,9~ÇQ÷‰±Td,9ÕgI¬,ÜfÌf©ÈBXRÙÔÞíeIxp–Ý/sY’±9nè
²²–ÝØÁ>Q–$‹=Ý8ÙgI¬ûPÏ¤nû~ê’´cÏú|Ý0³h¯ãýÃÏ?üþÇ§÷ñÓ?ýøó··ùÝÿƒþ"ÊX¶ïoßVSïÇs®½Û@·ËgõPÈê=ûd*C24ûÜA”!Én†ºS=9†Š,€!gù,‰5;ÝqÜÚý‚aÕ^‡ýÔ7µZ¯c8Ž[»£,I¼#„³|–Ä:…î¼œ—,Û»ÁÌëåe¨$…(„$-û<§€b$…,„$¹cb•gåe_6I!
!ÙÍL½¥úI!!I™J²›ÙfÏsb$Iôvµî5IŠÛ™]É/’o²à³œâ³$Vë6n)Ú{´Úøx#Ÿ¯Ute¶ó&{ÆÚVSŸ÷ 'N4ÆPÈB’C¦2ìf¦.Âî1<d{Ñ•ôc(d!kú8ì6æØ_exÈ"ŠRhÃœ
«Å°¥Ã¾ÕFˆ»ÇðMf¸¯ï(N§ª—l~Ì°•—ÛuÙl†ô+Ý×¬Ž+úvîœf6ã¥Åþ<³ÑE³g6ü+}ØxNªÇH
YÉîŠ¹$É¾L’Ëþ‡ú¾kq¼!›]W¥_!ódÚÅX
YËîŽkÖIVì6f×s¶÷
ùòºB®‹BH’™ÙëåÑæþ¹B®ËfWÈéWºG®Y]HVôÍUc$…(€ä(—xa’ÊÃ+²€1Éù<kVßŠ}N¹GzÄ<¿œí<ÉFf;ëól§ÿ¬¦Þ7¡Úuœ(C!aH™Õë`Å>pìŠ\”á!‹`H&f×Ç—Ç²|`ìÊU‘|Q9‘'—a?¬¡ÌóõXu,¯3ÏYäþdþïxŒ±²–äŽY}+VÜŽzÃ=–BÀ’£s‚ãr_þ¶×‹'EöS,_/ž8‘'“%Eç5ÅÍR±E0×¡èœæè\EY
YKòÉ¬$+öäYÄX
YËnlj3üK!aI~™Ê²/û&{Þe)d!,©ahW\w|GQcyy6K—Ì_9‘gÍêC²â>€Ô’×=–BÀ’£sš=÷‰±Td,9‘'“%EçŒjÐæ–Š,„e_ ªñ{÷X
YKòË¬N+vcËžû(²–N¿Œ²$Ydw™~¥ûå–X{-llfWk¹.@¯c­/puYÀš¤p4«Å²ÓiòÚ¬êë›,òÌ$ýJ÷Ë\–Í5.Ã,…,€%GçÌÖ7ö‰åµX¥ŒKE0.9‘gK¬¤stNµYNý9ÿÓ~•1 Ë¾±•Íª¥_Y.³UèPdã’yrY’±™uØµ7ÕßY/vë²qÙm±YŽÇ]›”B‚²¦ËêÚzF)d!(»¯©‰m·P
UÊ–>*ÉÖÌJA¥ äèœÕ:òŒÒp‡7UðfäÙ›•”œSì¶óå²Ù¯CÈÌ²ùâÑÃ(áéèô+ä•ŸFùÿ   ÿÿ €o|µxœ¼K¯$Çq…÷þwá…½˜VU>ê1+É‘4‰™¡mYàÊ’‚¸1à¼+#úÞ®êˆéÈ¸gV$@ât£¿›u2#"O½ù‡?¥!Mo†åMZ¾ËÛ¡¾Më%¥ú¿<ýéÃÇßý¸ýãó¿½ûô/Û?¿ûòýo~þüÃ—_žþq^—a¼”§ÿ{úôùÃÛ§y½Û¿ÿãÇß½}.ÃÐ#ûþßßÿó—?~lñåÝçŸyzþˆ§7Oßÿú÷ÿúëŸÿò÷ÿüËÓÿüúëÓß~ýß§jÒÿ|yúÃ¯ûó_ÿþßåSòx™Ê |ù÷_þðüåSÝ¾ûüòÝ'û»Uí»?Â«¿{/ËZößýŸ¿¼ß¾ü›7ož>|üðåÃ»/>þþéóÿúþÓû¿ÿøôñÇÞ?}þþÝÇö¿hŠå’²ökœC)d!(Ët©óR¨BPÖiCY#QÖõ’‡%¥ œÞmýäX”Š* åôvl«rŠC¹)¶å“¼(Wëç²”ã¶~íËïQ–u¹ä–u&®Ï_~V¿ü‹ì—Oï~x÷íz÷ÓûOO×ÿòÝÏÜTÆa¦zÃûÛ—UÔÓÍÜlµÎicòü3LÛ’õ3Üd;†aÈcžnXûò±Šz³±:…³#ÙÅ®„¯¿Í¾ò¨Ë‘]É—ñ…]½Tëg¸ÉzØÕ{víc5õi{ØÅ³#Y;²Á9’ÝæWcgw“g77£*«¶£>²[ÏŠ²ûÎE~ç«êtÖþÊÃçýÌö·Ä!œ›OÕÜÉÌWlüs˜É{YÂr°}¬¦>ÝýØ!…*!¹_(ÂÍ¦ò8‡#¼É"n6UkêF(T!É×H„¥-{ãEx“E l‡·Aû»;…T­3Ði„›®Ã‰p3­”K8B’­„Ks­:ÛçBE€pi^¸cÂ¥™–ûAÊ?ÍÃŸCÈ¾ê(hþÛÞq
G)T!(Ó²ÝŠY6u£²”¹í%578…R¨BP–¶*S$Jªo:½±¥… ¤gðNUQ… $Ì‘([}s´KºL/µ¶áà‘J­M‘ÔÚV*pª'¥(U Ê•½2°™±R}S-"?@9~¥"AÙê›³ï»Ê…*J¡
AI^ØÌXÉÔ:ª8kÝUÀ—Ã6k?‡}ÊlüíÄ7øª9(…*e	_•­ê™ìãx[“ë¡§‚$Q8ÈVû¬¾ÓdHR…?^køšlÇ¾bEœ …h<Èq ÓßÒã“y·]‚|VÅ>\·O!ŸŒko4ÅÍÐªé“_)]RwÉö)ÛÚI='JH¡
I.×ëhŠmñ˜õ'H!
IUQkvÃR¨B@’GÆ•Ë›bÛbjG²;ó¡á?=|¸j²‡k;ù­á(…*%¹d(Ê^—t¢$ÙÓçÉÇ(Gr´U{ |åLÿþ ¥¢
@9’OŽqåó¦Xú¯{”³1•¤É°#yÚÜÓÌr¡ª”ä”qÍ¬¦Ø–=QåE)d!(óý>3¥P… ,á«²™ZOi`ºxÌéPPQ
YJrµðUIªðlóÊ1®#Ò[9ÆîOzQ
Y ÊDUÒè¬¢
@™Ø+ã:"M±ÜíO:PŽ‡m‚R‘… lUÒÑwªì@)T!(›WŽq‘¦¸íÎ'ó0âF)d!([G1õ4·\(…*%ye(ÊN¯¼–ž+˜û”šl|Ÿ²}Jsµp”B‚²†¯ÊÖPÌöÖ‹RÈPææjsW!ÝRQ Ìì•q‘¦ØUu¢Td!(éFp‰àªŠmnmŸB^×iŠ›©ÍfsËRÈBP’«õô)](…*%ye(Jj)Ú“v^”B‚²õ§àÃˆ¢
AI^ØàÊt TçÏ¡² ”…O€®rúö½æÇß]Q ,ì•-®Â¦æÜöd£¯ÉBP¶jé`¯Êy;ã>ù²X')E6þZëö)d–¡,;‡z¼,c†z,–T.µ·°^–BÂ’Ü2°ÍUÈÖ²sÛÁRÈBXn¾6W»Þãe)d!,É.›#…ë¥ñëRÈXVn.:×ål±Td,+ûe Ëúª³e¶¶WÙÓ%u‹åØw{ËËRÈBX6¿L.ÄYímlÝEÔÅˆ8ÈžºÊ\•‘“pÔ’s…,„a	_íºãl·¸j¾5ž7†¯à=Ëº¯àI†ÛÇjê“¯ÓÁPÈBÖðuHFf_Üò2¼ÉÆ3œØÀœ{“¡"`H‘:k
l5O½çÈ_Td¾ÈÙ7£Ý	Ù³Ì³5é©ÈBX’/öš9Gí&œc)d!,›‘©ãs,…,„eóÇØÖ¢Lœ4Ùt/K!aI½D{0ËËRÈBX’O†²l½DõX}Ž¥°¤°œ©£¯µg9¾»2¶«¨¾
åã±Ý™í2åÌs7¾e™ëa¨[ùËVd3 ×Ð»¯åD)T!(É-»Í”™“:ÂÌ¼(…,e+:+u(…*e´YÎ\µc¼(…,ek&väº8Q
UÊ¾*©—h×é¼(…, %‡é¬¾O:|w¥¢
@¹°W¢\øè\•ó¡L§ Td!([/±ãf¬¥P… $¯œ¡,ï¶&kU*²”Ù¿ƒí@)T!(É+CQ–®U¹Œé6Å|‡R)Úíe=E»tW´£ÕÔû®R:Æ\¥´’GŽñ,lf÷ïœo²ñ9<g°VaK2—]ÝÕ¸i¦ÈjœÉ“g>(<§ã‰úˆ¡RPd5NÏ1÷9åðÒ€+“µYÀzäPž8óAé9£šì~Ž¥…°lg¾ÏRÈBX’=†²<o*K!aÙ}ƒu”ô³²–Í's`rðI•¥g™(Dgšz^ârc9•C]~yM6~Þ5q6O ËÄ1:öå»Ëi¶!aÙ5ïêg3ïj}ùæ—9®çœ8Igêˆq²²–4p¿.…,„eóË×sN¥X—BÂ’ŒÍšð³²–ä—qeôÄY:],¿BRž*¢'O•B{ä.¢ÕÐòòSdü8—'Ç•vèØ—îöü²q×I¬DÊÏ©æõt?I!!IJ²Y™Z²<C’D±è‰âs&5Öôë$ër¨ó(‘½lïcd]×º_·Ä«¨“/ÆÕwÇæÌö[Óz{sß43š,„a3°±çÖäz;8cÀú ëxeÖPî_™Õ>VQ'?eØ¬k±Ÿ§^†BÀs:f#0T¾¼"x¢rOŽ«ë$ÌQ»ìw,ùžÀó3õq-@“…°¤ƒ^W¶Àíîë`tR5ÙøÚyâ žww %¾¨aïS½,…,„%YWä‡‹¥…°,áë²]ØPƒßÎ±²–Ýoñ±ŒyeˆÅ²†¯ËfljòÛ9–$®·fn$v…IîY>ÎÜ»ÊŽØùóÄY<%°ÞÊ¡9êÑúë,«y Sd!,›±©oo?Ç’d±o@OÆSë­œšãôË–$®·fn$Æ¯K!aÙü2–e; ªùðG–C½ì[|{Ë‘->M6>F;qnN×™ÄÇRÈBX6¿,µsÎÍ™í>ˆ—¥°,ÒØÜ,•‡ÊUÜá<žX;§àœQ½[ñe~ü§­ÈÆOH&
Î©jhÉ9–BÂ’ü2np9qpŽšö/X.;–¯¯i²–t<õŒUY
YKòËÀJzéõËq÷®ªíç0ö>Š,`ïCÁ9U<ÇRÈBX’_ž/98géèO:Y
Y K
Î™RW|ƒåU¦8§ž/98GÒxÀÒJfÔd!,›±©·@Ï±²–Í/cYöv+,…,„%Ä/YË¾.K_ÝÇËRÈBX–ûMK!aÙü²Ö
8H§cëe)d,)Pg>WU¾¼"`É9=5°V@:yö­Ë©Xµõ«,xïC:óÏRÈBX’_Ö
8PG-œc)d!,[Œy_¢¶‹%Éb_Õ”8§'–e36õfâ9–BÂ²œî“è_þ^Â’ü2°î3ñA°ãî“¥°œÙØ¢÷>Š,€%õD²äDç™Äf9“þ%EêL£{FÄd)d!,É/kx©£nÏ±²–dl¾½O©‡M¸ÒäQdãïä%Žê©3•s¯_ÃîNÞD©FK÷²ž[ùþ–AûXM}Ûhv¼¯`¹”å+•†ÀU<Ç=5. Q˜NVÿ¤Ï1l²³kÄ»Ÿ!¥èÌ£~¶gXW‹¡"`Èá<5pîŽStÔïn†Ê3U‘<S.”Úþèe)d!,Éû"YêèW:Y
YKÊœ³ƒ–¼,…,„%ùc(K2²Ž9'K!aI¿øg¬…°l>9Ö_)P'vÆýZ/û+³õsYÀë{ßêcÉ²<Ëy=‘,×Î»•ó²¿”ŒØøgYlZhZùàÏRÈBX6¿œké+[<K!aÙ‹áÏXEÂ²ùåXå`Ñ~—¥…°ÜŒ­¨&Î±²–ä—5»•­c]N»û#£ýsÙx–™ƒuª=Gàb©ÉÆ³Ìœ×È2s°Žw‚¥&aÙ‹æv?K!aI~WÍ¬“‡àu©ÉBX"üR“…°$¿eYúÖå:íüÒz§¡&¾Ì¬SÕ2žc)d!,É/ãê°™£uzX–Ã;_§ÑdëräÂiðÞçY[SÏœÝ3ÅõE2Åìdµ}{†¥"aÙ
§á{Ÿ«,¶›9½gŠ«­gÚQG½Ï±²–T8g)d!,›_Îqó°™w²Ý'q³²–­pî—Š,„eóË9®†—Çîz¬“å7¨Çf
Þ™;îíY‡X-9F ©ÆdŽó™ãJx9±¯Ù/¤Ø£,Ãe}ŒR‘… l¾¦æŸžBIªØÄíÌi>‘«’bw²žîFI²à',Åîx§
:P’êi³´P–ðUÙ\MÍ©:‡RÈBP6Wë¸ÔåDIªØwŒdÎò‰EÙjLÕ9”B€2¿¦wi¢TT(9ÊgŽk‘dÊÜÉöÈ¥"AI5Sßq¤¥P… $¯¬ÞQäNO‡Ä‹RÈBP¶# ùFƒö§ÑARˆBH’UöG2 ;jê<Fúür<ãh¦ÈBH¶ÁÕd×î|$…(„d_“íø7ØNé%I²à*,ÇítT<$Q IÎð‰$Ia;=õIEBRÿ"H~‹3%'øÌ‘Â­ÅŽî³“¤…¤R©½{õ‘¢’ä“}
ÚÉö<7I!!Ù,m¶s›}$…(„$ùd`W¤tO÷8I’,øB1;U}•ØëI*¢ ’œÝ3ÇÍ¨çúŸLÅxe¹&Ÿ[˜9dg}º*¢’Í'—ÀîEìäŽ*—¤…l#8êëŠîIÖ—Ãð˜øLMÂ²9åXG¯|ô3ÓÑÜ,…,„%•I{v¯Ëôòå#fú—¿—…°l^Ër3µ¢nÎ±² –±³˜oU»cYW˜”/¯ÈXrrÏXIŸzÝrn5»œ4ÑgYl2l¦ˆžJz» õòŒ],¿dÙó·€,–ä—¥ô‰¥]Ó“.–BÂ’ŒÍn;{Y
YKòËP–dlöÞgæG?¦’ý˜"ÙÓ,ÍŸ£o²gº¼<bÇùÐÐ¿{È`õÝÉ.‹éœ°“ãQ
Y Ê™O¶]ºP^UÁ«’s{–ÀÊìdû	{@¹îs©?‡… lÇ@õ’è)”¤
^•Û‹’\Í>xQ
YÊÜwË‰’Tá«’¼2°
Kñ:ÙN˜˜§ÝMöíïÉØ:(²”ÍÕâW¥P… $¯,ÃRÊN*ö¸¥ ¤´¢&Úž@©¨Pr†ÏX‡¥°ïªÜ¾ÄhýB‚²£·=Š*eóÊ5°ËY;Å¾fàE)d!([úÇS(ó7Y•Í+cQn¦V3ÁÇRÈBP¶æböJE‚²yåXºã¤Žöˆ¥ ¤¤ªÎÕŸ@©¨Pr~O$J
ÚÉ%Ú+¯²àUIA;sÇDÈ´ýY½|yëEqš,„%™e`åŽ‚vJGEÝËRÈBX¶»Ù…^–$îtq~ÏXº£ œíãH]nÙ¾ã`³²–t´»–^–BÂ’ì2”%ùš]»«‹‡$‰žžÔzøcŠÙ™KO=ÝAR“'Y8½g+ÝŠÙÉÙ.Ý9Hj¢’íØ‘©å%)d!$É+CI¦ð5ù,
_“ÔXìÙÀúH
YIrÊ¸láˆµ†¤…l;ê‹Ï‘²’ä“q%ØB;}{IÅ–z
ÇëtÍƒÜH¦ÁLÒd$9µg«ÀŠ×)£}µrG2mgMB²þœç’BB2Í—aˆ«Ú
×Éê+°Ï¢’ÍÐÔWŸ#)d!$KŠ&IG?»:à#I¢Ø:O¡`Äš²’µ­É¸)ØÂÁ:¾SHI!
 I¹:}³v’Š,€dz;¶5W}-œ«£Žw•¤5Í¬‰BH¶ƒ_WÝG’dÁçÉÄ>W{-«Ó1Ÿå#)D!$›¡9+=$…,„d	_“›¥ÍêËïf™óíŽAYƒ r–Y“ŸenŸ²ýaX
YË¾*ÉÔ:Òzœ,…,€%çêÌÑûWEÀ2³WÆ¥”Ì¯éÈCÛ±¬ÖÛ5Ùø„æ’ù• ñ,I\³Ëì–¡,›±©m…s,…,„ek)Öè=¬"aI~XIçhŽÁI/K!aÙZŠê¨à9–BÂ’ü2°–Îá:ê˜Ó9–BÀ’ãu;sÒÇR‘°,ì—,¿’Ù½}œêû,‹Í•(…-z]*²–ä—
ØIjËïk§Ëœ­]¬"
!Ùvf_«‡¤…$·%I¶æ©§÷¢’¯˜êé!ù¦z¶O!¯ìqqÀNGßyowžS6.Œ\eÏ{åãŸ£²©E¯JEÀ²²W²¤ˆýOûKEÂrÜþ´StïY‘…°l^9ö¹jo¬—eL¬õstf÷xY~ƒ,‚íSš[ŽµXÙ©¦[nœÛUÙqµd®²Ø‰æB!;³€zŽ¥…°l~Ë²…ìØÓ=n–$ž% 9¼«ÈXNä—c`]Bv:Î#SJ—}¿ëñvMÂ²Ã×¥"aI~X‹åu¸âK!aÙŒmˆîB+²–ä—¡,7c›Vsïãf)d!,Ë|;òÑ¼,…,„e_—-9@g8ÇRÈXRÌÎ¤nÂL6›,Y Ë™ý2%ÇìLæÝçÆòåí²cµf›YË–³3ÚçËí<U<,…,„e´_rÎŽÝ#q³$Yðt3í¨o¢:ÇRÈBX’_öH8h§Æ¯K!aIçöÞÇËRÈBX’_†²¬÷(†¥°\¸pjÏmùX*² –ûe`—„£vÔ2Ø–Š,„e»ê1F¯KEÂ’ü2°¶ÎY;êHâ9–BÂ²›ú*ùs,…,„eóËX[_ÈØÔ×=XÖéöc$›¤…¤²iüVÈBH6·Œ%Y»V¥“¤¤¨©£N°'i½ªBS€\É*#ArÒŽÈy™ÖËþÚ¬QVWd!(;K±Ãeœ(¿E%v%§L÷º(h'ÛU7J!AÙ,M€?…R¨BP’Q6»ÖÎÆ¥¥… ,÷w°BP’*¸F°²Söº(h§”øUI²Ølå Ž;Ð”šj<ÊíSÈ+ã‚˜*'í¨yqPŽ‡‘Xõç²”â®GÊopƒdûòÊ¸*løøgv-ÊÙƒRÈBP¶áÕl®Êe¾,ÙR¨BP’W†¢¤óŸ9|çF)d!(KW±Ç‹’T±§ÊíSÈ+ãîUÛé{ÀºP
Y J
Û™Vó0âC©¨PŽì•qåô:r­Ô,§ß£¬ÖÏ!d!(›«Å£ª”ä•qÕô:²©¹W¥‰RÈBPæ®× yQ
UJòÊ¸bz{½²N»ìbT15YJrµàm¢
AYÅýY”ÍÔì—¥ ¤ÀÙž»ó¡TT(9Æ'ÇÕ`+'îLvµ§–]¦übŒji²”­¯h—¼(IŽ²yeŽ«ÁVŠÜ)ö4ìæ—ýwwF4YÊ!`ßêò¢ª”Í+cQ¶×ÅÞöxQ
YÊ–áZìÊawUâñ;*4MÈæ”9®˜^)n'­öQÄRÈ@fö4{zr[‡·÷ŠF\Ÿ&`É)>‘,3{š]M¿ciœEYËñ¾,ÃRÈBX’WÆuF*Çítì`½,…,„eÆ¬K!aIfØá¸5˜óK!aÙW„u³²–ä—õÌW"í"—¥°¤¸¥Úê>–Š,€%§øäÀŠ:Åí{ªÙÉR‘…°lÆÖ1©åe)d!,É/Kê¸“ÕKÄçX
YËfl7º¼,…,„%ùe`õŽ#w:úÏË.]+U«Óu•…?c›±¥è}ìUþŒm~YËw¹³ØSÍ^–BÀ’"wæŽÛy>–Š,€%'ù”À¢EîäÙf¹Ö[¯k{Ð?žÖÒd!,[ƒ1Ù	†^–BÂ²ùe,Ëflj“áK!aÙ&W;ÞYáe)d!,Køºl¯i¶oZºY’,¸VÀ‘;KÏl³¥…°$¿¬ûPäNÏÞÇËRÈXräNø>V‘°ä$ŸXåÈuRæK³g¤ÈBX6cËÑ~©ÈBX¦àuÉ‘;}’!íÞÿ\­6´"a	ñKEÂ²„¯K:ÚÍK/Ë&»`Ó_Ú§´ƒ`´_*²–Ñ~9±±Å³² –3[t=V‘°ä$ŸH–¹“Õ×^a©ÈBX’±E×}YKòËÀžEî¤5z]r’Ï ~ÆräŽúj£s,…,„%ùe`Ï‹#wÔ)¶;–å²•²±½ÊÂ×%5ãŸ±$ÞÇr’O	ìyqäÎjSzY
Y KŠÜ™SôºTd,9É'r]räŽ¬^Çù–ú{M4|øsYËÖhìHñ²$Ypm“|"×%Eîdû2n–BÂ’ñ,…,„%ùe`/šCwÔ—%c)d!,›±Ù÷gÝ,I<ï³°_ÞïZ¸Ñhû¥—¥°äÜõ…8gX*² –çSç
8wGáÀ²X3"Š,„e3¶][¿Ê‚oxqžO,K:v¬Ëi÷&’–$îESòNíxË¥—¥…°l~Yû—œ¼³Úu/K!aIÆ}¾Td!,›_Æ²¤ƒ`Ç>ÖÉRÈF³Ü\²w–Ø;ºl4Kú”1r]²bß|ì¸»Ûž‡ÃU©û7êé²ÑoÔãO	Ÿ+Ðe!,›_Ö¨ž+6cëØû8Y
YK*œ†Îáé²–ä—QµuVÜ=SYÖ²›+Xh¾òáÏA²Èó%Ê´=ã×¥…°$¿Œªá±b;š5<7K!`Iù;söÝAÈóÃW®ê²¯bùø¡Â±>‘,9g°ë±Ãr»ƒwÔŸƒdO÷¢ÍŸcÛ‘©—GÏ±²–ä—QõXV\/E½öv\—Ó.A$Õ‡×ÄuYÈº¤WRÆ³²–ä—¡,é hÎá•\o=¯”ö¢uYËv¬Îû—ÉþC² ¿ädŸU[gÅv´ýr{ìäÝÏalY KÎà±ë>ËöÝ§~–Š,€%GûÔ¨Ú:+nH-<`9=¬è²–m0G}…Ü‘e½Ì·Ûã‡º,„%ùe(Ë¾ùX7K’û%§ð¨¯Ï=ÇRÈBX’_FÕÖYq;Úµõ2p}àyïcœIYËvìÈÿ=°l–BÂ²ùåXÃKllf/:Oûzl‡å,²çµ}
ñØw6–iÿºyƒ¥"`Éù>‘,)ˆ§ØQx¹ÖÝ3¶X{EÂ’‚xÌºÏR.ë~û(’ñ&®áq¾ÏX¥ žŽgl®yW÷é`I²à½ñ¨!(çX
YËæ—SÔÜ:+¶ƒ 9ë¼ícnsùøú+å¸­Èê>Ä³vDTzY
YKòËÀÚ:ñfÿÒÍRÈX–^¿œ.éå¡R†CØ‚òåY@Ý‡ó}¦Àz,ñØ,Ë°óËœíŸCÈBXŽ÷s1,…,„%ùe(ËvTÇŸîür<Ü‹6jxŠ,À/)ˆg²kxG–Éj(²–ä—õØÂA›e³Kã|©ÈBX¶o¥^ ¸gYWK!aI~Ê’ŒÍ¬ûäßm]>¾O¢ËXr¼±\^ê±mSö˜¥"`Éù>S`¯²±™õØ´Ì»¨õÕb©ÈBX¶Â©úzœs,…,„eóË9*w‹·d÷¼ò8ìê>³'tYËv,ñ,…,„eóË9°V@A<Y®º«á‡½ÉRÈBX¶WSV»Vàe)d!,›_Æ²$c³k^–MÖŒÈ9É’ƒxŠ]+Ø³´Š, VÀù>‘,'n4š3"G–?É‚ë±Ä3Û™0n–BÂ’ü2°†7ñ`Ž}&ñ²²–dlñ,…,„%ùe`ƒxÔ(Ž#Ëù6¹eNT^EÁ»XŠá™æžJ$É‚o pºO,IrKsj=/ûŽ×j5 Y KŽá)æÍ 'KEÀ’Ó}"YrO¶Ÿ°>–Š,„%Ùš}3h¼¤—/_ë¡-0«_þEöË§w?¼¿ûö?½ûéý§§ëùîç?n*ã0äšnxûò±Š:¹d`–ãwÔá
1r«¨‡ÛÐÊf^‘TÔ)~§vÜò2¼É"’;NPRìNI6Ã´›ÔÊÕ*`*²†4¶jß¶ô2¼É"’/†2ÜlJæ)ÒÍPÈ.o‡tžâeXä—Wd_å‹Åøòä‹U×¥Ó,“ÕèSd!,[yTI:ÇRÈBX’?NNRÜN±+uet‘¢’í°§OŸ#)d!$É%CI6;³ç&$I|[véœ€u“Œ™€µH6¯\§&.vÜq‘¢ ’+õÔÇ!©ÈHr~O$IÚQc9¿JòxqX!y…“¤kö¾5]n_~ûï[÷²Ž}ë8Ýï[ÛÇ*ê)x-®Ü>t­Å‚BB°cíÞ‡›àMA°ùâØóXù˜gïV§]_9OVŽ„"aHeP»àeH²+Š!9b`¯ceó²O^†B6žá8ðeÇ®
À¼óÄå¡'j²ñž8rFO Ë‘Ãt:ª9{–¥þ¤%KMÂ²•?;rÐ¼,…,„%¹c\…|ø ÏRÈBX¶ƒžúÂês,…,„%ùd\¥|ä0ç3¶‡¥…°$C‹g)d!,É/CY¶ËŽÅÎ¹ÞÏb–V®‹&`Ia:U½œt†¥"`É=KÜ¼ò8²±¹Y>®h²–ÍØ:êÃe}m¨ÇKƒrÿú,ëí`M¢ûÑ>VQ'ŸeH†fŸA6n7†Ù)Ôd!›¡ÙsÊn†ä“Š!ùc\k¤ðœ¢F‡ÖÝ{K1îÙ=ËžžO¶R)ÔÎäwõø’F•!Éz§ò »ó¬¨“/†2$³s"¼…,€!…æLêË¦º*¾¨È|‘³x"Y&60»ßq`iÝ•Ôd!,ÉÀzº>–BÂ’ü1®£<&62{ãeI²ðuIC;çÞË’d±Ý«‘³xbYnÌjßÉ*yÙíVÏ[i¢’ÍÎ:*æ^’BB’Ü2®£<RdNIöŽÇGRˆHr`NGž¤¤" É9<‘$sï2ïî
+KûYü|Íý5×rëLFä ëØ»–"÷®Eô@FÎßYãîGŽ”SíÉò2¬»©«ÕòHEÂp3³5õô@|I¶¢6o\ãºÉcæ¦¡=àe(d!ËKÑÅªË½1j=|y•ayM-Gd-ŠzsÅ5®Ÿ<r0Žýî7C’?K)géx÷Ë†Š/*² _ä¼H–ŒÓ±ÃÙ³´k«Š,„e¥é»àb)d!,ÉûÊ¥w’ÕËòÌ²ŽŒ³t¼¿ÙËRÈBX’Oö•Ëk|²‡å·ðÉÂW3â×¥…°¬áë’Š£7"‡]>Ýb=Y ËÊÅÑ®¾òË—ŸWëË+²ñY#çíD²ä`ûÏe©öÏ!d!,7c[ªÉrY/óKÖdö@ö²ýû×2Þ÷@ècuòÉÀÙ Ä0²†¹¯®3\êËÊœìOM6þ†òÈ9;k`_¹ÊæáWfê­®SGãµ)š,„e34;9ÀÍ’d±É#çì¬ý,
Ä©cÇ-W'K!`I8k×{(o,—bmØ®²§Ï•Ö—'ŸìLüÂÈŽä€Ý,]5ç¯YËfhj¡ñžå”v,_zÐd!,É/kçˆ£F‹|å—mCMVD‘…°¤&bÏ3ÖÇRÈBXn~95ô‰-ž¥…°$cëy¥%É‚2ÿ  ÿÿ¼Í’ë8®„_ež B¤HýÜUÏÄô¾£cf1ïÿ"×|J’À²"z×i·¿¢RÀäñ)¿,Sb-#qÔHÿ{,…,€%Eâl‹g¦îÄ²Zf¯ÈXRÒNêºäHuÄð¥ÞsÊq}æfü9„,„å(˜ªIÝc)d!,kòº¤hœ¦n³ï±$Yðž„¢qÖâÙ_ÆX
YKòËÄþÈêÝ_FYþÄþ’#rÖüu)d!,É/kw•ÓÔèð{,…,€åFÆÖ=ûËËÉ Wd,7öËÄþGå,ŽT³ËÅºjC“…°ÆVìt”¥…°$¿Le9¢äÔñ¦{,…,„å¸ÐÃU÷‰±²–ä—‰µuŽËqœ»‹²²–dlÁwK!aÙÓ×%[þº² –˜³Ùë²~µïbòÖ¬Í±"`¹³_&®ËÍžI¿¼û,—»˜ÔŸCÈBXÒFÐž©_ýûËoÝà×d}’ý2•åØÚóa–BÂrö®ËK!aI~™Ø¿ä»†f)d!,Ç±Ž5Ÿ¥…°$¿LeIÆf³|¦+ÿŠ*:¿>(ãgYçxÅH*z¸Ú7Þ?¾?öU½rˆŽz˜›¡üÔdó}²Nì“y=èÊ!:†ÿìè[Î—ÙÉð"a¸½2«©?^0Õ‹‰ï1²†äy½çÊá9j©äÃCÁp˜£†eH²Ø>eØózÎ•BszÍgxÈ"ãòÓ:æy¬=‡&a8ü°äõAêÄÆe¿§VÎný5<YÙ[ÇÇ
õÂ<ÏYæƒa¯—³Ëšlþìr¥ìRòú•Cr&GöÎ‰aÛ–»&›ÿ~ZG’ç³²–ÃK^ÿ£RXNwœ)ˆ²²–ã £>óÊr9Î4ëar–ä·ˆÐñ±ŠúðÅ’W“«–£^³y¡…0…PÇÞÿÌðñå?Ï»j²ùûÅZØóê8•Bs<sQ–BÀ’Bs<ï«åòÝ?÷R5UÀ«Ne›LDY½ÛÆË«ÎuÜUqEö·P~vÎÌQïM¸…R¨BP’KæUqjõNïDQ
YJçôNåïÔÊf™XÌ©n³œO’Å¸yê"{oòøXM}qä‚I\¨ì‘‰µœÊ‡7ò²ù)$g·ïv}Aø¹üK{}vÙK9”‘3«·½GØf#VY“¼æpFÎîÙB†P
UJòÆT”dbv9ŠRÈBP’‹¹î=‹ ª”ÃkÞÀy¥Äœn	£²”£"ê
®oG§­ZÅ€³l$LI	âi²ÓFA<ÉÇNÏ1Ôe(d91ÇÑ´úÀPyÏVdÅ9
â)5±XÎ‰9ÑG«•³ ÉBXR§Ðµ÷K!a9l²&Í91GÍ?¹ÇRÈBXRÇÐµ.C,…,„%ùdbÑœsÔÂ=–$‹4¯œ˜³{ÂÎö£b]$¡ÉBX’_¦²ô\ùRþ9&#¿ï"{o3ùøX¡ÞÙÐ<¡çûù$ýç%5Y ÃÎ>™Ø á¤Ïz<1|¼ó|ž9Ódk=~î!tÞ÷yj;1–BÂ’|2•¥8ÑøæRcC¶^Ú*Éœc’Iš7õDœÅH
YÉ–¾*‡9Ž/ÇH
ë…ütü	ìì‘‰,NËq$ÇH
Q É…glìHzzm-Ÿ1*š ŒÛdb‹ƒrÔË‹ßa|IRR!
èa=crìV£Ð„`$‡Lì`qFŽzKÊŒB‚‘6|É«QhB0’=¦b¤Ë;ìÓÊ1ŒB‚ñ¸à*£Ð„`ìé«qlôÔ{nî`¢ Œ”‹³ªóÔï0Zwhš ŒœµS{Ê+ïõì2À	ãn…*¢Œ´Ó³­!ŒB‚‘¼1±Iy8Ýq•]£…`g±ÍC…&#yc*FÚåEŠ ŒB‚qø˜kT§ŸçËC*gÙÈLò.Û]Rá\\‚Î6dŒ`Nò3ÁÍß„|KPùòŠ,`-rªÎœØP¦ø›îH|8H®Vþî/QpÛjãžgP'FRÈBHsœÛÉ~³EÖ¤‡¤…Ñ7®“1’BBrøãœØLæèõÒ©;$…(„ä025ÐûI!!9|2—ä¨‚†Ú’B@’bo¶[“Ëd½³*² ’œ¦“I’co6{xîôÆ³YUEðÆC¡7«ëÂI’ï>vöÉT’£ªI»CRˆBHŽŸzÝ—8MwÜæbAže#»åFÉEŽÆs‚Îœ8ÔÁQ7±jŽƒ …lÞwÖÁCA|1• mõB A!šOpžx£g79.Ë¥_*¿üS¶`w3§çÌyc 3ÅÜtGZÀAr³îUÒDóßpf»qäëFI
YÉš»&ç‰ë ‘5é!)D!$‡mž]GŒ¤…lék²×Êl’BBrÌÐ¨‡ÿî‘²’ä“y£93ß¨q{wH
Q ÉÂ>éJïTd$9UgÎ›Î™)þfvÜ ]ûqáãÅïó©Ö‹ìÝAdf2sìí|¡…0$‡Ì˜oò\ƒÈ!†$iþ„ŽÇ4Çc÷¤èì—põK²‘ƒs¯7€ÒÇ*êä‰y sá8×­‘!v${?åñ;Šó¸aŒÝ!‹`G.˜×mœ9ÞÆ1ÙewÈæ³«~ÿ[¿Í{^,óVdóÏ—“ÉsmÔ¶«›¡b%Š,`ÏÏÁ6ÍSA±²–Ã[^Ïx¦`›YMºÞB·NG‚õÜ[4YÀ{)'Û¨Fp¥…°¾ØòºÆ3'Û¬öMõQ–BÂ’Ú‚žw›K!a9|2—%5í[Î£,…,€%gÝ¸ærN,›ÅR‘°ä–×¥š9ë&øŒ-ûå– y,G“Í?–3sØÍìérÄX
YËš¼.9ì&øŒõ°²–³·ßc)d!,[úº>{6'ÌRÈBX>ŒmwUWc,…,„%ùebÇƒSoÔË¥ï±² –Í?Ÿ³ú›¨š, 6Ça:-±çÁ©7›Y_½°¬ÅÖd!,ÇÈi‰íI<,…,„%ùeb×ƒRoºÚf)d!,‡±¹òXc,…,„%ùebßƒSoÔÔ„{,…,„åØÖØ{¬‡%É‚ûÊ¦Ókèœz£¶Ùï±ì)³sŸYrúMñÄw,—Í8´¢ÉXr¨NK¬ÇRúM·gè‚,YË‡±í®)ºK’¯KÕÉe96‚j«áK!a9i¸nPŠ±²–-}]’±™}’0K!aI…ÓØ»‡¥…°~Ùû$œ³Äê±–BÀrùz¬ÍR‘°ätžXÃã 5ièËk ÂR‘…°¤Âi¬îãaIýKðÌ2GìôÄ§áLæ<A˜¥…°Æx/Úx¨<eo?c­/?ü²'Öð66s®'ÌRÈBXÒFÐf97^¾ TÊ±Š* ËY;¹(Ç>Ð>JF)d(9GÑ{‹²n—ÊºòÝUÀªä¼L”£&,^QnûÙ:ÏV£A‘t¢)'¸*=(…*%™ebaâq–É.àEQ
YÊq×c³A”B‚’¼2¥³»÷Ó|Èzéw©(sj±ÊÑdœì:A¥P… ìé«’j¦öv$ŠRÈPrVŽúÎöe)VÛUQ äžžØíÚxh{åÊÏ)š,%¹ZèµÇƒR¨BP’W&¡´œ¶ÛØÇÞúxHí—¤õç²€7XJËÙfû°O¥P… $¯LE9LÍ>¯F)d!(ÉÕì:l¥P… $¯LlAoÞ2lå½ŸâúùçØ½eØÊÝÚ+¢ ’Â“¹()/§{Qîí¸™gnÆ…~š,À*9/Çq˜2FRˆBHf;%çå¨—l¾,§—žzY“*I’ÅÞ±ôøò´Ð®ÒARˆBHf%çæ8Õ£$…,„äÈP¯‹¾CRˆBH’O&¶ž9?ÇQ´‹’²ù$çç8ê¯õk:ŽÊN—wÙâÒdó[\cy–¼Ös›¼íÊKMÂ’¶Ž{$‚,‡ìý'¬Årxå’×zn“4µ–?à•3tf;š'ÊRÈBX·\òZÏmb[sƒæ6ß¶Ô½È/Ylë¹M|‰‡‹e?±ü|†[“…°~™ËÒç—a–9~ù™%çè8ŽA×¯úÝÖYÌu©ÈXr<Ï’×°l…çn­Kå«Èž±…çW„Y’,œ%ùe*K26Ç=÷A–BÂr›#òåñ»~ûå¼M6&¤qlÏ’×çjÅ¹»³üÝeãœWs$ÆRÈBX’_æ5ºåíôà»Ï¼÷øj² ¿äÜ–Íò)^—ç“É’swÔ«þ^¦BÚ¥iùy*D“¬KÊÝÙ—L_ÇuLF1¿ü½]‹µ¾|M^—•-Ÿ¥…°s«Ý3¬c)d!,É/óz]rwºãt”¥…°¤0ËÏ“š,„%ùe*Ëî›&ˆ²² –3Ní=Éƒå÷žä±úç/¯ÈXrœÏ’×%i”»Óª]Ã‹±|Ê‚×åÌ…SÏ¼VŒ¥…°$¿Ì;Ý(w§;ŽAGY
YË1»ê8¢e)d!,É/óz^swf»{ÙûéÆlí/YËÑh´ç(·ýÏ<·K<³þå_e!,‡_®‰=/ÊÝéŽcÐQ–BÀ’swìIõ KEÀ’ã|ÖÄžWãÂ©}¬+ÆR‘…°¤`öºTd!,‡_®‰}ÎÝQo­zÏòñ%>ŸXÔduÎÝYÌ©­0K!a9ü2—å06µtraY÷%ÆRÈBXŽÂ©z}ø=–BÂ’ü2±¶Î¹;jyúK!`I¹;kúºTd,9ÎgM¬áqîN5këW–Ö(›&a96‚öE\¯,ž"aI~™X÷¡Ü^ÌÙØ0K!a9Œ-þŒ5Y
YKòËÄºåîôÝÜ“„Y
YKº'$üŒ5Y¶Y—ä—‰uÎÝq¼Ç>îG°Z-À§,xI¹;«zwÑ–Š,€%Çù¬‰uÎÝQGø?°Ü¨|MÂr›}&(ÌRÈBX¿Üë>œ»ã¨áEY
YË‘S§jßc)d!,‡_n‰ûË…ïÓÊ_—BÂr›zÐðK!a9ü2—å065¡üK!`IÉ;»}:Èò)~Ær Ï–8SIÉ;]-iÞa©ÈBXÒFÐ3ïÓ¾Y¶bÕ
ž²àZ'úl‰uŸ•§vÿ2ÊRÈBXÒ «ç<tŒ¥…°$¿L¬û¬llö¼O”¥…°¤ gF$ÆRÈBX’_¦²$c³ç}¢,…,€%§ï¤?cY KõÉd¹qáÔž©Œ±Td!,ÇÁuˆðK!aI~™XÝØØ²Ÿ±Š,„åd]óY
YKòËÄÞæ÷‰²ü‰yàéžÜ‰K’…?cÉ/kxÀ³8òb£,…,€%Gð¸æc#,Y KNöÉdÉ<Í1WP.QÈæÏ!d!,ÉØ<3•1–BÂ²&¯Ká°²–dlÙûË§,øÂN~¹'ÖÖwÞš~f)d!,©pšýî£ÈBX¿Üg*wn4:æ
‚,;¾îÓ9ˆÇîE_YîÆÐ½&›Ï²s¾ÏžW[ïo³[–š,„%N=}’iþf9µuMÂrøe.Ë…n÷IÂ,I[[ïÄ³X
YKòË¼>IŸx#˜üŒÕd!,‡±­f/ÌRÈBX’_æõI:ñ¨­†{,…,€%ñ¬j8Ñ–Š,€%çûìyõØ^x#ôËÉ8ö¦ÉBXŽ šE}%Éb{^ó}rY’±9ú—ó×÷Ï1wãÚ¤_²ØºO/llfŽÈƒåéŒûbÿ!
YKòË¼Úz/llù,…,„%móY
YKòËT–c#è™©²² –Ä³zæc#,Y KÎ÷ÙóæÖ;ñtuüéÊòñØ9Ž‰ÏFÒº&a96‚‹çÝ'ÆRÈBX’_¦²¤F£}¥p”%Ébs;ñ8zÑåkú[èó%Ffj²ùÙ†ó}rYŽà:5îèK!aÙ\ï±a–BÂ’ü2¯OÒ)ˆ§Û}’0K!`ÉA<«SyfùàtÞ“ÈƒMšl~v~§|Ÿ:åõI:ñ,%öŒ7£ýK¼.)ˆgwÌá•£îA)T!(v™ŒrøšÚ™¿‡RÈBPÎ®×Ø(J¡
AÙÒW¥sÚ'Šò¦}ú3†Çó„¡ª”=}UÒ.ÐŽ¢² ”œÂcÖ/(»‘k¨©ö#½2¯Ý9„'ˆ²n—÷å/[‘Í?Ý)„g[íŒÊ J¡
AI^™Š²ÆW¥¥… {@õ²[(…*%yebºýÎÎÒƒ2ggi¡$W³Ó¹ƒ(…*%yebšxºzãJ!@I	<»šÿe_»,4U@ ³W&¢ä ž|ƒ5{ÐŠ,àµ§sƒÑóÛ¿}»|ùUýòß²ÿùûŸÿþóåÛÿõÏ¿þüûÏó¯ÿþï¡R¦inÓ÷ïUÔÉ$ç8x'Xçñ0²†´õ³g›£IvA1$wLeø°±Å‘Ke(d!Å†$[QÉç8h'ZØq0² †oö<¶xbØ/û_ÅY€/.ì‹‰½fÚY‚õÖÙê5+²–d`žzkŒ%Ébïëêûc*Ëq°C!½ÇRÈBX#Smßc)d!,É'û“o÷òY
YKw2Æò'ú“ûeÞYÙNA;mqÌfï¬’«"`IA;›¢ùžå²_öÀ
KEÀre¿L\—´ãØƒ”ÓMçs7²5YK·_¶ã~ËkM@y=ËFÞ_»|mEQ¯Éë‘vš#ƒ©œîÏëÖ(EÂp¨nùYCòÇÄ™
Öi‹# ÈPÈBŽÁTÇ9ç(ÃCÁ|1•áèù…,€!êìö1Ÿ*¾¨È|‘rzjIl`m¼ásdžXvë.'MÂRlørXþÄ>’rzjIì`q Ž£Ve)d!,‡‘Ùg	Â,…,„eK_—T½ëxX
YK*Œæ³²–=}]cóœñ	²$YðYÔñÔX*² –;ûeb?’uÔ2ô•å4Ef–YËalõÖDeI²`¿ÜÙ/{Z¨£ZÎË™XŽÑøÅÒ¨ï(²–cÌF±½Ç’dÁµºý2•åImfÝ5ÌRÈBXÒÐ5òb)d!,É/û”;à0ß}Â,…l2Ë2ýßÄ:ö$Ööø.ßfßöOgÕßÈ&bñ§_&õ¶žŠÙëò,„å˜JÝ=y 1–BÂ’ü2©†þT/œæ„d˜¥…°E»þfI²À;IùSÈ/SYcód»Y
YËal®l—K!aI~™Ôy*Ž¹TG~V¥°¤@}²ßcû©ãË¯Ÿæod,ûeRmý©øX@jdã–Š,„å06Çž$ÊRÈBX¿¬IG¶žŠc9²Cƒ,…,„å06Çá(K!a9ü2—%›cOò==ÐÊ§óoD!$ÉÖ<‰¾1’BBr¸eMª¬?i“!’B@²>þùšÔ “;$Ÿ²à÷ÊèI%Éa:«cM.—#±bnÞÈBXŽt 50áK!aI^™Ô#y*î_ÍÁrÛ¾¶K’ÖbùS†©Mv¿+ÊRÈBX’W&õHžŠí±¡·Ÿ°ï¢àãw×¨êYû9„lòñ»ç§¬_“ëŽ‘K!aIn™TW*>^6ísµ—#ÓîóQÊ7² –3o³Ÿ±Š,€%gôd²¤0nÏ¦_XÎæ~D‘<c)Mg+ž;Fb,Ix_JM^—³woeù{KŽÓq$»DY
YKòË¤~×Sq›Ý‡Ž²²–c(Ç1e)d!,É/û]”§Ó6»Ge)d,9PÇ1rf¹|¼/æ,€%çôd®ËÆC9Ù~©ÈBX’±Ù9=Q–BÂ’ü2•%›Írš¼z=—§¼Ç*²€÷ØÆEÓüu)d!,³ý’"uºoüÂr:‘¬I!
!9lÍÑ…n_ëñg¸Û†B69ÔŽ?%Û-Ÿ‰:ŽU")D$;„4÷–W’æ—Wd$9§§&Îp Ž½&ËþZTÊ¥z§þBB’,Í<E&)d!$É)§	8VÇ>¡$)D!$Çau#u¤…$ŸL%Ù\³A’BB²½–erH
YIòÉÄ©ŠØYZ6I!
 É;ö»ë…äÃŒf€" É¹=sâÁ÷ÉéS¤ñMHò³ØÃÕ’dyÌü)Ã&çÄæóÂ­fc$RhB@ÒÕf%=RÈB@—Ì9Ê¤SäÙê )4! Ç®Ou…{ …,ä0É9q„`áž¢¹™Œš +7c;ÝzÙyª‚_[9ªgNlmq¦ŽåøXcÕMRQ…¤QÕXUÀAR¨BH’G&ê(Yg±	Êtâ8Y¿…Ð„p¤XtŽBÂ‘,2•#íùÌá¬i]á,I¡
!9ÜÌ>_%)T!$É#SŸ­ÃÏÔní-’B@rã6¢½&ç¯ò=º»Z¥sE@’ƒ{2×$%ì,ö¡Ÿi4ŽÝ$UÉ1¤jO¤GI
UÉš¼&9_Ç>V9•ýhM:H
UIß"Q’9WˆXß=Û'7¯OIþ„Or¸Ž«*Ð¾{Ì…‡±?ùWYJ2ÊÄ~…ë4õu¥P ¤lMÍú€rµêOYp]€#{2QR¶NWn |ª‚+­³uO‰'†RÈBP’U&v´(ZÇQˆ¢$UpµŽ’uö)ø€u ²”ä•‰--JÖYì ‚©ül—Èõ×ª”î)žÊŸ˜âá¼ž\”´ýKG)TóQŽz,{L2†R“ÍGY8®§åµ'çêQîFíUS… ¤£ÉXM‚rxe.ÊQ(µçx¦µ·”÷ç¾‘…°œÇ‘ääWXMÂ²¥/Ë±T/]½ÒëvÜ^0þ ¬Ÿƒdá,©Vêˆ±²–Ã-[^¿¹p¬Îf÷›£,…,€%Çê8æ²úW=Ïe}özMÀ’Óz2YR¬Î²š[ËW–Æ3V‘…°|,²©Ø{Ëåkþ® Ï“…¡ÉæŸ*(œÖÓòÆ
Çê¨—Ýc)d!,ÇQŽf¯Ë(K!aI~™—@P8Xg³G–ã~ŠÙÈ’ø%ŠÍÐ*«³W{C²<~²Ó	‘ÏÃžš,ä	Kn™×)…mÍlXI
Q ÉJ¦fŸ¦’Td$9­§å5G
Åê,ömj!’OQðš¬di“ÝåZËï/_3Îš,àéÊY=-¯ ^(T§Oön$FRˆBHŽÎ¢Ú5¿GRÈBH’O¦’––Aò'|²’¡{† JRÈBH’OæuF
ê,ê5åwH
Q É™âçv»nw!¹Yï®Š,€$§ôd’¤8E5›—1æõ¯xõç²–£XªžŠ¸ÇRÈBX’SæuF
Çé¨c¤÷X
YË±ùsœ¦Œ²²–Ã+{b–ãtì$´0K!aÙÖ¯¢¾²]Yn_õ¸¶¨Yn©ÈBX·Ìe96€ê‹+Ëí;w`^Œ8M@’Ãt«òB²X†Š,€$gôôÄ
lã1û½'BR…C8ÍöÊ(I!!9¼²'Ö_7íÔÐZ¾ÎÉÌnÉ{#a9‹Ž9Ø(K!aI^™Xå0õ‚Ž—\—óÁ»½.…,„åØÎöi¼(K!aI^™X¥8E=vq¥°¤8]=n‡¥"`É)==±Û¹±hß.òøß[N,ÍŸCÈBXŽr©ã6®(K!aI~™ÊÒ×¯³ÌéWZ?Ç˜ZUZî±²–-}]’±™½‘0K!aI­E»¦¾~mÇm\“qH“ô¹8«§çeÚŠÕq¾û„X’,xOB±:žúÝ–Ê—Wdë’Ózzb„“u‚ÏØÇš3J`Š,„%Mí=I”¥…°$¿LeIÆfß0e)d!,GÑT{¿ÇRÈBX’_&öH8_g·Ó£,…,„å¸
ðŒ%Yð»ÇöôÄ	GìØë²ô~ñËÅú9„,€%gì8"˜b,Y KŽîÉd¹:ý²¬ë¥†gþ?á—”²³×ìg¬"aY“×%ítõdÔ=–BÂr›ãXW”¥…°~¹$ö»(jg)öì]”¥…°¤<ºüu)d!,‡_æ²…SÇ|H”¥°ÜÆPNQ2Þ³\«qs·&`É!>Kb÷’ãvçº.,Wûç²–4¾jw¢£,…,„eM^—¸}Æ:X
YKÚæ³²–-}]RáÔÞ“DY
YËæ›Á‹²²–ä—‰s[þº² –;oÍ›ò.,—ë»Ï*¿üYö?ÿóß¾|û¿þù×ŸÿãùoþõßÿxÕijÛvàýãûcuòÉÄyÛ)v´ïCc6D‘…09êààëeïoê_þU°9ÃgIœ' ´¥˜ï¯uÚ¾¾ƒ÷këOý“>dÒÓ4—¾xÿøþXE}™cŽ ÊPÈB’?¦2l®sÏa†‡,‚á005üC!aH¾˜ØsÞÙÀ½­ ÃC6aå\ûvîCM6ŸáãSÈózZCq¼P:îO;3¼ÞjØ´ŸCÈþ–/6ëç/”ÉëQ“…°$_Ì›¨¬£æÃÝc)d!,ÇàMóœ‰±²–-}]6çº,G8s¯Æk;Ë>kt‘gë*ž­ÕÔGpGò;Ž&aHþ˜×c®¨³¨Q7÷²ù9HG¢Ïpít}ñ†Š,€!çó,y=¬ÊA:Áu¸NÆœ€&›¿o¬¤ãè-GY
YËák^}µ62×,Vˆ¥…°9Ù„Q–BÂrøãšW_­…ÌÑ÷8Œ¦]N«+o:Š(àM‡‚t¶%¶ñ²’Ã%×¼êj¥(u²OÅÆH
Q ÉJÍîE^Þw®a§Ê—Wd‹¤õå‡W®y5ÖÊQ:“£ÆzüY[‡½Ÿ¢ÛUŸ2Op'é )d!$É)SIK«Ž	I!
!96|5öÎã!)d!$[úšgð=³!’BBr”E£•:I’½}ZË"ÙÓ×$•E#o<’=¥¶ó™äÌ‡7b9 «YPdo<œÏ³æõ>êü>Ù¤%MBr”F])¡1’BB’|2¯R9FG5›;$…(„$ÖxÞ]Ë10_B¤Õ/ÿó:•³yÖÄÚ9‡è¤¯I!
!I†æyºÆH
YIòÉT’TuLë„H
Q ÉÆC5žÏA²oÆ ‘& ÉÉ<kb„BtV»Ÿu®Ì—î²òú§ˆ*o’ôødŒ¤…$ŸLì„4¾J2â“’BBÒy?e”$Éb3#*çò¬‰ý
ÐYÔkUî¢’dhùOW!!9|rKì†p|Ž2P–ÓmK¹8¥Ò|Êöhwr{éNÒÇ
õN¥QõAòžaÛ­wEÀÓx¶ÄÚ9Çæûö3Ã>]N¾*ëñ)žÞáØWU ÆRÈBXÌe9Ê£j˜ßË“µžXÖK…GYgÙ[ëq|¬¢NeQ;Q)ÊPÈBwÜkt—³ÎæÄG˜á!‹`8Ækïªíñ¶õëKÏ‹ÕTd!ÉSŽcÿêcéÃC6Ÿ!Åãlê­‹ïš7…h²ù	J•Sw¶Ä
ë",ÌPñEEà‹£Þk{¥…°$_L¬±r<ŽãÖ—(K!aIÇý=7ŠÆX
YKòÇÄÚÇã4G72È’dá,ére»eI²ØE+§îl‰Õ¹…ãW'\ƒ,…,€åJ>õjÛ÷,—KCA©¨PrèÎ–Xž£tœEÍ_|r¼Ý}~TdEsNÇQýáJ¡
AIn™XŸ[yÈÆ1%D)d!(‡­©—|Ø‰X‡t5YÀN„3wrY’­Åv"–BÂ’lÍS©;](uXQ×¥…¬Ëá–{bµuåÔ|–BÀ’ÃqfO•ç-KåË+²€uÉ™;{âì9‡ãxºY'–ób½YË1’ºyª®‘u©ÈÞY—ÿ  ÿÿ¼ÍŽ,·‘…_EOPÈL’ùsW#ÃÚ†áYÌR€… [2ly3O?Õ]ÑŒfw'õÉB}Å<d0xøé‡_’Ç¥„ã˜M†×3!m½½Çˆ¯õr7Qíù(©öÔç3ZôXC7{º•c•,„aM|–Ÿ%eøE0¤·»yíÊ¯Ÿë´é²ièwÙ@.ËVžsYè±†:ûb*;^îùg$£ì²ùì$ü¦cÉqa·\>´±ô½Ë‚{Ì%[çHÜ¹’óÌ•áZçêÖæ;7d• 	Á1›ŒÆX*YË%y<rÎ6ùãq-ºš“éq‘ôXC1Öüñ¨d!³ýPBpüÊ\˜áCÁÛhü9M”¡’…0d_L}§’ùkŒ0Ã‡l:Ã2qýÓ¼èëÃÍ1ó‹lúœ¦H¦Î‘·ƒ\8üfó;/ì6o}hÉæ¯é)t¸ßÏð8Î¥{„áC6À°lÏé±†:û`Þ2)Ò@ñïà‰2T²†Ô>c.ˆÆ>dÙóvŽ‹„Ý˜íÇ*YC2®Ž;í£ë{9‚!û`ÞŽqá°Ä»”e±µ¶2ËAþ¡q¨ç4–lþœ¦H–N&K	½ñ»ã.,÷ùÂR—­,Ù/±|Y¶¢§<oÓç°T²–Kò¸œ;ë¦ežYs=,•,„%mv¬ù£,•,„%ûdÞöáØ›Í¿§%ÌRÉBXVuýb
K%aÉ~™Ê’xî™¹0K%`¹pts;¬ŽùÖ…ÄÕ9^dÉXJžÎ‘·ÿ_8ú¦5·ðŠ¥1÷1ds‰¾1T?³<…ýk/‡1ý(Û?-K{š¿òcõÓ'Ë”·¿X8ôfóÏË…*YÃBô®OåVÞ/ÖÛf§ãÑ’Íßg,œ¥S¦¼ºjY:»WÃ,sºW=–´ð3×ÇX*YËFã2¯¾Z$ø¦¸5ò0K%`)Á7››Ýqeé]mÉæ÷ãÎÓ)Sb­N¢oÌÃ/Ÿ³t³‘ÞdÁµºÂ…Q3$ø™åþÎr¿á4Æ¥!—Eü2•%HÝ^Ž0K%aIÒÍíy³T²–ì—‰õ×ò¿ìa©d!,ÙØzÞ±1–JÂ’ý2±ÞÃ8Ûâž¨³T² –UÎe¸µ»W,oÈü²Š_æÜ)÷ÿKõ›÷¯£^ü?mCP#œÝ_WFY*YKöËT–dlÍ¯ÝEY²,¸ÞS¹ÁÆŒ´c©d!,kú¸äcþùã’e‡ß±K>î?4÷1Y*YKöËÄÚÄàø§–Ã,•,€¥Äáø§–ƒ,Y KNÙ)sbOâpÌÃ¢Ÿ³<ÖËƒùu(YÀÜGâpü„–0K%aI~9'Öð8gë¨©GY*YK*œÆ%Ëb“Z
§í$³¤… Ù2:ÆRÉBXBüÒ…°léã’ŒÍÜúc©d,W1¶ðšÄ)&² –«øebm}•FÕìqiÈBX’±ù÷Ÿ…Y²,¸¶¾Š_&ö2sLÎj~c,•,„%_nå÷DY*YKöËÄÚºÄätì“DY*YËÓØæø<Öe©d!,Ù/kë“ÓŽØú²‡¥’°Ü8VÎO¬¿²lN¯%`¹‰_&ÖÖ9'g3/ÕaiÈBX’±ù}êa–JÂ’ý2±†'A9æEbc,•,„%-ÍÃŸc,•,„%ûeb/å&w0g¯IYKÚhôÓ•Ã,•,„%ûeb=vcËg©d,w¹ÀÃ=WdiÈXrþNYë±”\“ÌÓämFº˜§³Íæ‰¦1˜J“sI,üHRNp"ÛSéB`RkŽŸX†©d!0É1—ÄÊGæl56ûé‚©t!0¹vê·üÔ[)`~Ì11öìY@ËGó”%±ô³e‰Ùó÷Xcr˜Îî'¼^`v|zC041ÍÄâÏ!Ý¬±MÌ®ïCéBhòv£ÿžÓTºšìš‰åÉÓ1»ùi*]M> â¯3Ã4•.„&Ûf*Í
›JB³·âß§©t!4Ù7Ëy’±cvÒTºù4«„íÙoZK7ŸfÄ7ó
zURwüp» MKB“V…½0M¥¡É¾™WÒ«’¿³e/P,]MÚx,€±©t!4Ù7óŠz•“x¶`P×÷A Nø¡§l·eÐTºšì›©4ÉßÌZÊ M¥ 9÷ž1	Ò4t4gñÍDš’Ê“¾B±t!4é8ˆ¹%ûLsß?ûôºdéæ×‚*Çý”’Wr¯³ô·¦Ï‚]MZî šJB“|³äÕÜ«$ó˜ýƒ4•.„&µìì=eÚ M¥¡I¾YòŠîU²yÌ{Éi*] ÍEÂ]{ê´ŸÓ4>½¡ðMý)%¯ê^9g[cº¾¥¡ÉëÂ±±iúg]Í%yl.².LÓºš´.4}ÒTºš5}lR=5…bèBhÒ>¤i<HSéBh²oæUÝ«dõ˜'pi*] Í"!°=ëÍMC@SB€2iJZy¯ÕÍ».¸²WärfÿMÛ^TŒ9­¡˜ÓJP.Mò·#kÐESéBhò>¤¶/LSéBh²oæíˆUIìÙ4•.„&û€&ëb/d¯”K“×…é¾ièhJhOGïÁ+šÆ§7t¾)a@%qG¬‚|ÓÐ…ÐdÐd]ðzSâ€ri’¿™·
ÒTºš	¾i~úßô>=ûfâ
'÷¬æ=ŸWše{\˜pÌ—eÃx$hÂ†ìÓSèu¿°†Éºð-ÙfMÜB‘èó0òÌò!h¿´Š›0•, fã®×Žôà LC S"2aJvÙ*þ9Ì­:7Õ[²€×¬d÷˜8ƒ0•.&™fMÜ“ðžŽsñQ˜J“¼­cÿ$SéB`’gæÂ¬}#sÞ—Ñ¶vÉ9×wHX²_‚ùò	zÊÚsq[¦Ò…Àlé#“Í­ãŒ L%€¹vÞ…iè`J,PMÜ“üsß~¦!IùeC“=3q+L|ŽŽœö L%Ùw?f&ë‚÷5%¨æ«’àcfx<M€¦·oc]œ«†/¢‘«†ç§«†‹±èáÔž©öÌ`ë(ÉÞuÁ%YIª‰Û%kïVfàC4à&»Œc hèF D ÕÄšºdõtôp}
Ðx™¢€—)'õœÔóQ*]JvÆT”la/S%‹GSx(©/Ç¿û;ŽRéBP²/&žýÚ¤PÚQ¡T¢”ädÍ?\Òn[dÓÒÐ8¤äÿÔÄ‘MÌÌß‚Ž¡T¢ ”;yÚ¼ô,=öÈ¨4t£Râjâ®ˆÄôôìŠ¼£,^n²%
(Öí’jç£\o-²ð0t!(Ù+SQ²­e£T¢”¥ënwÊ‹JÖ¯!%ú§%îˆpDÏ^#Óž”J‚²ó f%ë‚§=üÓ«®Ð³M‘ÕdJ%
@yÈ–=/ØJC€RR2Qr:Ïf¦9|¥!
AIžf6&¢Tº”ä•-±|ÎÑ<«9¼¢¼ïLÊv¿`Už²‘*Ïô\å¡Çê7b†!æ\‰éAd—L,›½»“QˆYÄÎµdbÎZÒƒÈþ˜Xmå žmö×’QˆÙtˆMòwV¿¶ƒhéæCl’ëÓòÊtMòw:º˜_@Ô%K6¿$Ð$~§øÇEÂ0•.&{c*Ljµ13uÇ`*YL¾~+Û#-]LöÈ¼ª+)RÔ_IFa*YÌÚ×[†©t!0Ù+óê®Ãw¶ŽÉ(L%€ÉÙ;sÇË LC S2}Ö¼O›å.—2ó.~ÍÎÒšî™†.&yf.L2·ŽCyÇñáF÷æ\pÿ&‹½9ºIòNñGæÆýó»[–lþîV“@Ÿ\–µïÆ½(K%aIÖÖq¶ ÊRÉBX¶ôqÉËÀ|–JÀRRwV?ÿåKãkÈÞ±KºaJèŽyao7KóëP²ùØ¶È¦¢_ö‰²dYpÁ@¢|Ö¼Rz[z×˜Q–,‹Ýi’¸c¦J±T²–ì—©,y-è¿c·õq°r].gñŒ‰¬!˜ÈJÞÎêßje©d!,Ù/óöEÚ"‹nI½NÇíý
žmóÇ%ËbÏ¯·"+AÿôVŒ¥!`)!>™,‹›ÏrnSÛ~¹Çü:”,„åÜ;.·˜Èº€‰¬dø¬y{]­hgûæò¦30YLr¶Ž+j÷[ }Ò’…°dÃÌ;!ÒŠ¬Ý>‚0K–Åø´Ò»ÀŒ²ü=˜’ß³æm_¶"+Á|–JÀRbvÌ³ÚÝ,oÈSÒ{ÖÄ/IÙ)î3ÈÒ…°¤Žf­ãVZ¦Ò…ÀdÃLÜø’óŒéL–Ï~*wä˜KªA˜J“3qãKBvÌìÜ1˜J“¢Ð;:~Â0•.&[f^Ÿz«âmù¯Y%€Ù¤xš>2] LÉîÙ‹²MVƒîÑõZ?öâMï²à»dì˜—Ë}„ÙN|sd·ÄÐLf%»'&­‘yÂ\#0•,&wèx»˜_€©t!0É3·Ä²¬„ì˜mmW˜Gy”Ø÷Íÿ:”,&eì¸—ÌÌýÁTº˜ä™[b-Cv¶Åm	ÃT² ˜kß2“`®Ï4tž)Ù=[b-OBv:f³/`š_‡’L€Vñ6oóë5Lã§x×Åž…n’Ý³%ó$d§L¦’…À¤õ`‡g.·©²º˜ì™‰Õ¼U„þ–I¦’…À¤õ {ÍÞ`*]LöÌÄ
Ð*ææöä…a*Y LÉÞYÇ`ŸÞÐx¦dúdÂäøµùEƒLC“j¨æAµ+Ìr‹±T²–l™‰Õ<ÎßÙÌdò1–JÂ’6Í¬¾1–JÂ’3±˜'<æ-Úc,Yþ’¥MÇÝ+æÅY*YK2Ì=±üÃ	<›™#7ÆRÉXr Ïtx#Q–†,€¥äúì‰Õ‰à17>gy,þ×¡d!,ÉØÌ:ä3Ë#pñ†¥I†¹'Vvq6/3
SÉB`RýÔ½Å´Mûm^C0•.&9æžXýÙÅÚÜ™l[?Â¬ÎÕo²Ã0_¯Òv±6¯Å²Mív|
ÓþôÏº€5¦¤ûì‰ÕâÙýËöñŠ £\z,Í¯ƒe‡ûe_7¶v”ò^Á4Fæ]\—•|Ÿ=±ú#Q<Å-åµØ}O–.à=+Q<›?
ÓTºšlš‰Ý\‡¸›[eÓTºšänõŸ0M¥¡É®™J“Âëw>§©t!4©„êÆo}¦Ò…ÐdÛL¬æI:OÇØ\ç[à¾eK7›æümâ”žyÊ¥ùÐEÖø)ì›Yõ<Q<]õÇæ:}˜—ë+Ì¯ƒe‘5 y
 ôk@a˜J“m3&Ù›Å:SÉB`r¯Ž—Ëõ˜J³¦L^úË“(L%ÉkB¿p†©t!0Ù4³Jí¢x!ónˆ1˜J s–:ªÿšÝÏ•c ¦¡€)é?™0çÞµfæ]sî«·©»
ôÐEvðSÈ3¬Q¤r»q†©d!0yEè×ŽÛÒÝ6bëB`’gY;'¢X{vÁÂ0ëó$“¼íðºÂ0•.&yæ‘µs"ŠdnÙKC s‘õ`Ïkös__—mY KÉÿÉdÉA==oÙmý@òU’“-š]i—§l·¥ùïØóÿÚ#$•,„$ûeÖ˜(ÒbÐŸüÄH²èðÔÇû2¸OÇ_aR]îÉÅûðJB’Í2kÿKkÏûu=çõ{„¥’…°¤ê©™ÀùÌr{ô»—‹¬ìÿ,aÉ^™µý%ŠdjnQ6ÌRÉXJHÀÙÍÒ0zC°¼”ìŸ#k»D©ãÜm2XÏŸêö	KóëP²€ydôlþ¼'ÊRÉBX²[&ñ$£gsë>a–JÂ’Wþ^I”¥’…°<ý²N‰‹KÉèiî™„mž>|•Èe‹BH’­MþÒ2J’e‘=yü”Ó-ë”¸‘„3›þ:*×Ï¼Òü2”(€dííû‰‘4d$9ö'•$çóæû‰äúÈ£8Y:•é»,œ%-Í³¤c,IÖmYf¹Ð¨L\YÖo¥>7AÝ¿ÿ÷o¿þòëßý÷¿¾ûË?¤ôÝ¿üïÏ¿üôÝÏ¿üüÛÏ?þíçÿûé¯ÖgdEë3þéÇüôÏw±¿ÿú×Ÿ¾}÷Ã}ÿ‡ÿüá™û§øÛ¯¿þã»ýöã?~Œ¯UÛmõOn„öJò³/ÇíèØŒþì•,äg_[›¬)â—¤¤8[/ÅØôS™Î)ý}ZŠ+¶rÛýœèu_"sß»,üÝÜÖsj“½&5d?Òv>èÖÒÒeDñ³S#,Y Ëó)Çm1¯ÞyÉ²¸žd‘­Òü”ù—iá2¬¸Ì–JÂr©ÏÝ©),Yl&--[F·Û`©d!,OÇ~:9—ÂRÉBX’_fNêÚ·FÁ~Ý/ÊRÉBX¶z›,Y¼.]Å/÷VV6¶Ž	ú>÷OÏQ É•mÍ¯àÎÓmy	:æŽÿ,!Én™¸³²~[–ó¡nf¤…<MmñkEa’JB’½2•dYo»x3H’E‘çpå)çàñg=a’,žõ¬â”‰;d+[šŸ$©D!$OC[Ü»¤â$•,€ä&>™X#ØØÒf÷t|ˆä]üvÝØÐüÞË+ÉéÒMbøgYIöÉT’´üK'©D!$ÉÐ $•,„$ûdâžõF–v,î)¢ I%
!IK?³9mŒ¤’…dŸL%yZÚ^|Ÿ\÷K\…Óºx—EÞl+O¡¥_pÒÁRÉXîâ”‰,w6µê¯C^°4¾C0.w2µâWÓ/,w·•û.gÉ^™x€h'[ÛýL 0K–…³\h ¹Ûwa–,î
ÚÅ-SY’±mCïXóë`YpÕngcóÃ-Ã,•,„%ùeZV+ÒÐŒzc©d!,Oc+fycŒ¥’°<Ø/3Y²µ—‹ÇÒ°<¤Xêv]YîœŽøúÃS½<=Ø/sY.í9z¬éâ®hÕ¤"M/dºš.îŸ¸ç„£æÏ	ÿì•,ägOÑóæMc?{%ùÙ×éd™8å?Ëmêh²T²–µÝŠßÜf©d!,[{¾åc”eÛÏ/Ý? e©dóYÎÓ·iºÕ%¶ýà²|“ÅNÏ§œë)­aˆ%)Ò ò§íÃåÜÎ…>YlY…žÒâ,Wg£þMÎ’ü2—åB©%þ”?Ê’e±çÎ§”s Kd=,•,„%ùeÉkl›9ƒé0#áÇX*YËÓØ3!è90 =îï›_FÛ²ùZù:²ç[!FY²±å¿c•,€åÌÆfvr°4d,gñË¼Æ6úWnsÇáä,×”!˜ûÌdl­+ÈãÁróÊ*o²È,W~
ùeÚ=ë¢¸ß–Ùol‹²T²–§±­1ËQ–JÂ’ü2ñ€)žhö›‡£,YÎò4¶Úq@#Ê’eÁsŸ™ý2í–uQ<Í³_éØw–¯5_ZŽ’øåBÆVÖØÜÇgy—Å6*žO!¿Ìd¹°±™yŸ³Üvo\²€q¹±­×R^X.ÎÁ©7Y8KöË¼º)ž`JG D¥’…°<­ç°M”¥’…°,Ûm1[0¾¶ipW4oz
l¼’éÙ4xõ÷_þ‘ÒÔÂœýH•,äGJÓŽ§¢?R–ÅvÔžOióù±¬Î—¤¤8zæýMÆÚrëü‘~ú÷_þ‘žs¦Õ¼$nìGÊ²ð7)×‚+Ž©’üHíyg6ð“âþÔ¡ÝÁ²9»!o²ØF‹ó)ó|+5{†cÈBX.s6Ë¥ÜÿÞí0K%a¹¬Ï^šÂ’eÁ³ÕB=b™Mü¤¸CX²,|\Ös MÙïXCÂ’ý2•e;yÙñK%aÙÖ[1/cI²àFþ¹¦ûecó†/,W§þMüŽ­dlK‹­"×å²KY­Ï²Ã;ÎÕùðÙ~YÙØ ,•,„%[¬êÚÃ’e‡«®Ël¿¬llæiÎ1–JÂ’Œ­ÄÎ=,•,„e¶_r®ÔuñÃRÉBXžÆ¶t\že©d,›øe"Ë&Ææï8õ‘·Ï^ÃšÈº¤ƒ,[×=–ç¬½fy—®ºz,Ù/wC8ši2ol|bY"$YÜ;ÐÈÖŠ™<FRÉBH’	kæóÅÒä]Ñ*vFJ“/dºJ“/þþË?ÑºÞ6ó"£/U¬h•Oc_ËX!*_Õ§ÿå¯ªM·½#)6šY{XŽžRn‹y¹ÔØhV²€Ñ¼~›æ“dâ{™C³æÃÓyÜÚ¥ßÀ iˆH®ÆÝ¯.ì—þ<ûÃ?Ïc Õ…õü—Mr>n³9e¤…<§µãJŸ(I%!YhL&‡fÍþ‰¡mzïçÚ6ïíjˆBHÒâ<¸‚é!©d!$Ù'SIÖsøwÖ$É¢àY/i³ð<FRÉHné>É¡Y'L>\¯UxcÒ`ˆ~‰äëIiÕŽàäICBrN“š5wœ­mÇ£_¶n—"‹ÑciÈz,9J«Fw:;X*YËÓ)÷)ñÜÇfÍÕ_‡<Òj©Ž÷áËØ¬/ƒEÙlþòçïÿøÃÓ·ñ§ïÿôÃŸ¿»ÿ—?ü÷ÿðWZÎ·üîÜji¯Ï}=)üXìùãžxÓÌaY³Ù„1Âï!šÏ¯Ñ@ño½ ä”w~Õ;dÈÎíäŠ{âÅ=3dMç.üêî5|¢€ùGf•®ýÌOIÚždÁ«Ç\qO¼¶gÞe¡çw«ÇH*QI^æõTÚc$•,„${b*I¶¯ì1©D!$ÉÆÖü1É²ð1Éî˜Ø+»‹‘eI×æ8,«šm¾c$•,€ä!>™X/ç`¬ÉüaJòðö¤Q IŽÊªf£Ëç$'ï÷]<á9Ä&Û~Yå…^® •($íé_® •*$»dboÁA†¶tôÈÆ@*QÈB…—ž®ÊH2ÉñY$›d*Hö³lõw‘¼êë)±Ö÷þ–r)¯ÖgWª_¹¾úìË$™W—#ÅÓÿ›_—€´DóAÒSÎ9õ¼Z?©G¤¥š?"Ï§°G¦‚<íl1;G@*QHî{ê™¶†@*UHòÈ9¯ºJŠµkG9R‰B@²›õxd$oCÂA’GÎyeVR<º¢{b IÔ½c$¹™yÆp$«{äk3{äœWo%Ås‚Ù‘Cð¡^^Ö%K4’ž²ÞÖš<"UHòÈ\§õ„ÂÆ@*QHª‹f¿ZEýjÅ#SA’­~_ÀÜ×}®írÄMïa]d#{XëÓ?ÖR?g–%yšc¨B²;æÌIñèYx„>d»7"C‡}Èe_LD¸…3Þ¯¡ñB5d/Ô…<lë˜âl·ò~W×ìÔs,UÊ9y4.ÎFù{xã"ÞèWt‚(•*%{cÞþ)v­Ã(Yv¸à¡ädÏUØ!”¬:Ü4ç¡dÌÛÀ"E23·Ñ*Œ²¦4x(ù”©ß D©T(‹xeÞ)>Ÿ”†, %‡õ”ÌC(UJöÊ¼½R<zâµÃ(•,%¹š¹7„R©BP²Wæõ—“b}ª¦å dYð´G"Œ:Òµƒ(•*%{eâþG!S›6wG2ŒRÉBP’«™Æ!”J€²²W.‰; ULÍ-œ_Pn‹s‚Ç’”Î«Ðˆ¾`_Ÿs°T!(É+—Ä=*¦•=(•,%»š¿ÁD©T!(É+—ÄškSs»éÂ(•,¥Z¦ ü=Ö••½Ò¼ÁñË(ÉÔöØ´§%Ë‚7™%½ÈÌ§B©T(›xe"ÊÆÛˆþYž­ìoßÅ¾8¹¾o¢à¶{tQtUé€¼«ÂA²S&Öz[Úîb Y†¶pnQ-ÉSC’}2±ÒÓÄÐüò@¤…€$?ëØÞ
‚Tªì’‰užFv¶˜7«Œ€T¢§›­ÝAJ rL,p0ÎdÅ¿‚lÓãþØ½8gz,Y JÆI_„ÜUÁc’ãvöÄ+G—UÍ/¼@i~J6?F`ádœÒqMåv«<Ì|ùÙ•*%ùdâ£Ë=Ç•Óûëõ)ÛÃhÿø(:Ôþ1í–6uÚô¬!CøXuø®¹c.>nDõ+;1|Ñ||­wç#„O©ðq²ÎžxGìrÁñ{w>ÅgËQ@±œ#pZÇÙÈHC’1± À	8“£©D! é„Æì7DA²*Ø%U§$ $ §£ É¢p´ÂëÚ¾
TªìŒ‰ IÂ1s¯ ™¦Ë·±y;‘wYøË•÷“'9†* ¥$í”Ä ‡â,«ÿrýˆ²í—C<JC€’CqÖÝO½
¡¼«‡^y(Ù'[=v±´Ø¨ìAÉ²àQ)©8WúQ*UJvÊÄzŽÄâ˜Äc(•,%¹Ú’ì•wUø–¼²&Ös8giþ2$ŠRÉBPR=Ôlš¿¢¬·íÃi×©t–* ¥¤íÔÄ‚ ãÌþ¦òºMåû}0/ª¬†, ÊzÈêÏß‹¡¼«‚_°’·S‹cvá¡T²”äjÕ/Q²*¸Î#‰;5ñ`ÏÑ¹ª£T²”ìj~ ˆR90eM•Ô^cvŽ¡T²””@ží•wUì´§HêNâ¨,Sýû?.(g¥%›²Ürr½ÒR… d¯Ì«¿‰È™ü¸È(J%AIµÒŽë¸ƒ(Y>*Ù+ó*°EBrÌ:ÇP*YÊÓÕÖŽ;@‚(•*%{e^¶HLŽyßÔJ%AÙãD™“âú¥¤ïÔ¼l™eèÇ(]Pz÷¹X² ”œ”Ó¿pwE¹¼Fi¨BP²WæÕ`GåÌæíœc(•,%¹Z‰®+]”¬Š]WIàÉEI¦fvŽ¡T²”¼³Áº(•*eM•djæéî1”J‚²AF¥R ”Džš·3R8:g1“4ŸÎÖÛÇÐA¥!@ÉÙ9kx]é ¼«‚½RyZÞÎHáèœyîÈs¢dYì‰"Ù9æˆ!”J‚’¼²åíŒ‰ÎñûÏÃ(•,%¹Z¸Dà¢Tª”ä•-±p'Ñ9~·Ýz·÷6­Ö.§BtßëE6Ò÷º=_žE5ÔÉÍÌ»÷†*U BIâÉD(‘9³¿Ù·ÛûŠ¶8—¤¼ÉbÏ1ÉÌYcëÉÅé°T!(Ù#k¯™3þ/Q”J‚òt³uñÛ³‚(•*%{dbíU"s:nD¢dY8Jv³ôQ©T!(Ù#k¯¥×#£(•,%¯üb3×”J€R’xZbíµjSË@iÈPJfŽÙ[6€ÒP… d¯L¬òT15¿ÊE©d!(¹Jšü‚5T!(Kú¨,˜Q©d!(é¼£ynp%«‚k¯’Ä“;*!^iÈBPR§ª¹É:„R©PJOK¬½JhŽyÕç(ëì¡4d(%5Ç¼Ïís”ÕCi¨BP²W¦¢ä"i>J%AIUR34z¥R… ,é£’.‡ôï(£T²”´4¯B©T!(É+×ÄŽÎ©~ÔY¥’… <]më8ëD©T(%‘gMÜáèœèb¤4¥!@ÉÙ9­Å¶œ]”†*%ye.J2µŽ+}×)’Eá y?1¶ªì Iªà{'‹äñ¬yÇÊ*–Öq~+R‰B@R—jGÑ®œ`º7¸UÈš>"iñgžšÉ¢`—”4ój…!J rKwÉM–~Çð Q HIÓéˆ:4T! Ù#_­[÷‘H/A¶Þ"ícïÀæd'Z²_"é}ø’>$bH*QÉÎMÊ(I^MOw¼_ÓÇd}>$•(„$wÞøÅº(I% )!=kbCÏ.÷EúcryÏÓ8_>Ûk«1DóA‡é4óÛ’wÙá-$ûdb?Ï®--ƒ$‹W]=’Ý<Q’9í<IöÉÄvÉÒ1¿Ž’JBRm%æÌÙ¡ôH²O¦’<-­tlkÅH*QIÚI4ï\#©d$% gMìË’$3Iü‰dyœó9_ñ¯£Ä-Y ËCZTý¢ërkoãÿ  ÿÿ¼ÍŽìHn…_¥Ÿ !Å~z56<;ÃðÂ/ÐÀ4Œfº3=?½3È¼%©ÈJ’W<½¿÷d"¿’NÉ8ñCi4OÿþË–ì(9¡'ó©¤(¢^‚s¥…°¦æ˜æ‰²²–5ý¹¬c©iÖëúVŽã!³u«¼&aIÛ¿|–BÂ’Ü2•eû¼ØÌa)d!,ÇÐQ´+vfi4D^²Øž6eûeã4jîF®,ã®	M6Ÿe›ø¬ Ëj°Ôd!,çÜç²qœŽ©q¥…°$c³»"Q–BÂ’ü2oüµM\.5‡Â,I»öi›gc)d!,É/óæ_ê”šÿ\
YKÚæ¿c…,€%õd²¤D2›uØ+ËÉ¸ÅZ“°œ½C=1–Š,„%ùeÞØd›å NËœ¹ëçpÎõDY
YKòËT–ÃØÔd¸{,…,„å06õÆ{,…,„åðË5o¶Q¨N™Íºzßë‘?0wc»­ÉBXÒNþ;–d±§‡õ¬y³Su§¦é¨á•nÔð4Y KŽÕqDhYÖj\ªÉæ×Ö§õ¬yÓcuªÝïŠ²²–bb5‡eÎ ¬Årøåš7OÐ
›×e)d!,ÉØì>t”¥…°$¿Ì›(h¬Sì[Â,…,„%NóY
Y KîYóz^­²±Ù‡Fb,Y ËÊÁl¿Td!,É/ë±±SŠ=é3·ÇÑšŸ/ëXõç Yì	ËF;}±ƒ%¢,…,„%ùeb=¶²±Ù½è(K!aI‡<ì=ILýÛ—ï³q‘ñEÖè¶ïë¾xÿôñ±Š:ùdbí®ò0Ÿá-Øã?Óuºg6Æd7CëÉdH©:ùïTEÀ°ñÈªýN}ÃP^§É~×;õíEpÓzrYÒÆ/Ÿ%É‚ý‘suÁKQ–BÂrøã–X³ã\uÜéËõÄòzJe9dÍüÍÛ,ÇØªz«ß=–BÂrød.Kah9,ÿŸ¤dîˆ^Š²$ÙÛ{÷,9°gK¬¿v¾-Ë®œY–Ýª¥+²€ý$Eë´šÍò%g9ürK¬¿r´ŽãBµ(K!a9
¥êµ(÷X
YKòËT–dlöy®(K!aIÆæ9sc)d!,É/kézØ5»(K!a9À¸ÎYÆX
Y KíÉdIé:«=«ueÙ¨ý†¥"`ùü”õ19æac,YKòËÄ¾Èâ®¿Y
YK*”zÎZÆX
YËšþ\ŽBiµû•Q–BÂr4·ìw¬"aÙÒŸË†y.…,„%d¹ü!ûKŽïÙû•œ´“î—Š,€%Gí8Î[ÆX¾dÁÏ%'øl‰ýJ
Û©“rWwWû–bÔ}Y@Ý‡Âvus|%ÉÞžm¶X’_&ö+9n§ØuŸ(K!aIÅìýåK¼öáŸÜç²}nøç°$YøsÙ}sQ–BÀ’s|2YräŽ=Û¼Ô‰fz¾ÕÖë{–Š,€%Eî,Žó#1–Š,„e¶_rèŽZž¾ÇRÈBXŽà\Ç.—…›2Op–ÍŸ'ØÒ}’âvJs¼[ƒ…,„áØ îž´»ý¸X£ÛÙ Ã¥I†û¬¨“?¦2$#s¬u‚sö“ÃadŽó"Q†‡l>CÎíÙgA8`Gn¼ÃP‘0ä€õî[7CÅY€/rnÏ–xvfu™p%É‚}‘vÚìñÅK!aIþ˜Ê’ŠÙkEÂr™kc)d!,‡Oî‰s=°£FlÜcI²`Ÿä€õÖZGe)dóYvÎíIdÙ)`§8æ.,÷Ë1SÉR“ÍgÙ9`g=—K½bH–š,„åðË=o¤sÀŽƒe™çÇ÷G-4YË±áSï4¾ÇRÈBX¿ÌeI?ûe)d!,iã[ÇzX
YKòË¼žsìä?—BÂÒÝ§Œ±² –œÛ“É’vkŸ3Ë¶]2–Š,€%ì¬žwlù7i«äÿMövÝÕúòä—yó}æ©§µì§UìjýBBr´¹ÛÏ¿ªh“6iÍš,„$¹e*I²5;é%FRˆBH’©yî:Œ‘²’ä•ys CÑÕ	’$Qìy}öV`£$ûç€$'öìy]­ÎÑ:êaáï'©ˆH¯OžI.‹q P“…$ŸL%ISsf2HRˆBHÒ˜ªçÖÊI!!I>™×áê«c¯^ƒ$…(„¤³%™Sƒµ¾<ùd^Ÿ«S¨Nµg_ƒ$…(„äˆl]=w®ÇH
Y INêÉ$É‘:-²iÍZ4(¢ ’¨³8ò&/$7c L“…œ“ŸIÔéÙ$I\åá8=Ÿ¤…$ŸÌëVvŠÓ©%²âñ¢’c85¸ñ²’OŸÜ§¼sëBuª½y‡$‰b§A:Eê¬Ž›¢$…,€$%ö¤’lÎNeˆ¤"
 ÉÁ:Ñµë•¤RCÉbÏútÊëI&IEÛ'×rÌ¡?_FZ‘…°–¶W¯–BÂrÄM‰}ÊÆEÒ|–BÂ’6Áê€ƒ%§ÄæõôÆ^™Ê²¹æÂ,I¼îá`GÏ9ÊRÈXvvËD–¬³Ø•ž3ËºZs=Š,€%ë8æÑc,YKòËÄž3ë¨ÇKï±²–ÃØ¦[«X•%É‚çz:ûe*Ë1°ªÆoÞc)d!,G°N¹U%PY
YKòËÄ®sgcËÇ
YËal[>K!`¹°_&²\x#hOÄX¾dÁ,Ú:r´Úcù`¹NÖæX‘T
öËÄ‚…-û¹|É‚»#¬£^Š{¥…°$¿LeIAó<W_çIcGÂ¢¼»¤XE½ªúI’×ÔvËÄ)ŽÕQ/€¼CRˆBHÒ&Ð3m#)d$WöÊÄ)‚Õ½·ü Ùªõc(¢ ’+oc$[µ¬A‘…$§LìX®Ü\tÜ·ž*>–BÂ’š‹žeŒ¥…°$§Leé»‰+Ì2ç&.óçxššº•ºÇRÈBX’W&öŸ9Rg±«êQ–BÂ’lÍS½‹±ó=x¢™’zö9ñ„%EêxÖ=–ÅZù(² –…Ìf©ÈBX¿Ìe9¶€j0î=–BÂ²Œ?mOç2ÆRÈBX¿œ»Ð­£¯ÝcI²`¿¤hð\
YËá—sb·‹#vUõ(K!aÙË£¸&
b,…,€åÎ~™Ø!¡¨ªýÝa©ÈXRÔÎ:yªê–Š,„%ùebU£vÔaÄ{,…,„å06õšê{,…,„%ùeb%–£vÒ×>Š,„åÉ)ù,I¼¿ÜÙ/+xµSÕvï±²–c€ÕÕ!9b?£”Iášêw¡|“^~œ&¶Ë,”¬8žŸ ]ö·aL‡,òËŸ2žÏE#µ}ûò½]þ?‡~’„n«-¬MQ'›Ì*Ý±âð3;m\þòÃÏÒºlvø=}Šó‚çç÷­'†“Åð½Ë°*êdY%;V|®/í‚0C’E^ÇŸ²<6ÇVL/‘>]†AT†‡ìÝßEQ¶X²Ê;¬ø|`6{¹ºÍ‡µÔõm¸‹.y—>¬©	Ä÷²ù) g/YeVl¢æi|Í°ô·Ë]ðr’N÷„~ÉðóPÖ‡¬Y÷¿3”EŸ2|1—%Ýe·'£,…,„%%˜Û­æ(K!a9ü1óÝÊi:ê=d÷X
YË§‘­êÍ÷X
YËlŸœÙÐì(K!a9Ú“êã÷X
Y Ë’î—”¨S›=6pa¹¾½xë?—”¨ãiƒ<ÿöÎ›_ûË§´A¬/O~™ÕaÅÑß·kQ–BÂrdÏ¹.^?.i×Å·úå…,„%ùeV„ŸÆæ(GY
YKJ°G_£,IövÄúòä—YmVtùåR–Sn³Yþ~I¹:Ýµ¯Œ±² –•ý2‘%'ë¨Ëz7K¥F Èjœ¬£æš¸Yê_~È"[Zô)ä—Y--VP>K!a9Œm¾õŽU¿¼…°$¿Le9
¥ê] W–óÑZ.“ÊKê%z›¤õ’Û@5£æI’EóÐ§[faÅ±ÜÌ&)D!$iè©£ÇH
Y IŽìÉ$Ié:u²ß¯_äììM¾d‘ñKü)ã6É˜Wöýòå•:"¨phO.K25W2ÄRÈBXŽ¢iñÔ	b,…,„%yeâÌ §ë¨Û³{,…,„%ŒíG<,…,„%¹eâì §ë¨	ÇŸÜr:±\m–BÂrœé(žËEb,…,€%‡öd²ätÇ;vîÇ~dÙÞÞ‹¬Ë~Kóçx®Â‚«ØÅì?¿d£—È®³ì?¯]QŸ“ŸGJÕ)Ž=å“áa(d!Ë‚óÃ[·/*/E°~å°žšØçâT K!a9fSÕ[§î±²–Ã'sYCÛì5O”¥…°¤b©'à%ÆRÈXrXOMìYRªÎ¬ÞøéÒÊý`¹¾¿×ekJÕijJø–Š,„åðËšØ³äTÍ^¿FYÙûóZÖÏ16€Ž5O”¥…°¬â|Ë]–4Œc¯_×éñ²^3Å”Ú"¨Ý½ruì½Èršyþ!îæ—ÿ,èsq\O.ËalŽA”%ÉÞ>îcý”`×{¢,…,€%öd²äluLÆÍRyM)²€w,eë,³}¾àKýË–¼c9²§&öŸ)[§Ùha–C‰FŸ26‚jCÃ;ê=ïáé²–ä—©,ÇFp·ÏŒDY
YKÚæ³²–ä—‰ýçÕ»¿Œ²$YäñXúçLl”eÎLìû/Ï‘=™,9[gµçµ.,WkO¢ÈXR¶ÎR=—WFX*²–ä—‰}KÊÖ©Sðë`I²p–c§å³²–ä—‰}ËÍ®ûDY
YËalêÂíË!‹®ûpdOMì“p¶ŽcŽ2ÊRÈBXRƒÑób)d,9²§&ž}Þy#è˜£,§Úúl©QdµuÊÖéÍ^ÇÖG?†@'kfK‘…°~Ùû$œ­ã¨DY
YËQ8u±¬õØº[‹pEÂ²¦?—dlv=6ÊRÈBX:ý2ÊRÈBX¶ôçr›ã\û>?Î–cø¥"ðK×q\Je)dóYÎœÙÓòú—óÄaŽÌž3Ëö6~I—Íg9O¼´£´.,Ã/5YKòË¼þå<Éû™¿byz*ß§¿‰"CDéSœêå±—I’Åî.gNðÉ%9{Ø¼ I!
!9ŽzÌöºçB²^2˜ô/ÿYB’¼2¯ß5SàN™Qø!’BB’Frì‰‚ò|?DH
Y INóÉ$éNó9H¶ímþ!Š­©Ï3Z6É—,vý:s–O.ÉQ0u\ä#)D!$G¹TmÓÝ#I²Ø©Ø™“|Z^wdæÈôgRˆBHCsä…DIRÎ¶;sŽOËë?Ï3K×ÿ„H
QÉ§¡mêÑÂ¯I–kùXNøh²ù>cëšüL²4upÿûI¾DÁûÉBƒ«êÐà•ätÉ91@*ªd“y-®™³vÔÓmw@
QÈ±ïëöv2R¨B@’K¦‚¬Ÿ™ …(dõUx‚ …*$™d^£r¦”:Û×ç:á#£ºnFáõ%[ÀNÙq„j=QÎ'–ï“‡4Y Kïiy‘¹z·“1–Š,€%§ì¨	ÓoXvc¨Y“…°NÙ‹è”²Sfûe)d!,)ÝÜ>e)d!,‡Yæ²URÇ%Q–BÂrl*ÕS¢÷X
YËá—=±ŒÎI;Ž…O”%É‚Ë¯”´³8ZFY’,øË>=±@@I;ž;eÏ,ÛlÕK^²àAã0u»é|aÙŒàBMÂ’ü2±DÐ8õÜ^û”å¸«»ÕyÉ‚ý’“vÔËï±$Yð:–|rYc›l¿,õtQÅnÌj²–c#¨^:~¥…°$¿ÌPŸ9ig·+>Q–BÂ²ûÔ£,…,€%øôÄ¢Oçd:{ícù’¯}:ockŸÚ4TMÐá ŸžX÷é|ÂÃ^ûDY
YËq"ÒqaEyÔa)d!,É/SYŽºél¨÷öqCY«V1V…WêTÒg’ërÚNÙ_þ³,„äpË%ov¦¼ÏVŒ¤…Óª³ç™Œ‘² ’â³$Ö|65{{|í2ßüŠ(€$eíx›/$Í	³—,x´‡#|–ÄŠeíTÇÍÀ1’BB²|Ç3é )d!$‡Oæ’¤¼ól’$
^ñ,œvnïD¢$…,„$ùdâ¸åìÔñII!
!96êm¸Ÿ_æÃßžZÒdóCagïYk=ëwøäbíBQ IÎØqL„ÄH*²’ä“©$ië—MRˆBHRb@ö3©ÈBH’O&ÖìV.”Ú5»I!
!é¬¾FIæT_-’ä“‰•Î×QSr?ÅOnGävïFjõEÖ›Z=Õ¹îÞ?}|¬¢>îdVÏ~fxÁëåbïê—>dQÛ­ŽÚ+Ô9¦gI¬¶RžNõÄÀžÙ]S”?eE6ÿxóLy:«š{êf¨ùÏ²€çcz–ÄÉ,ÎÓQo¸ÇRÈBX[<ëœK!aIî˜Êr™z3Ù=–BÂr™k¥c)d!,‡?®‰õÖK£v´Ëk‚G‹P¬æ,{×WE}œâPËýW†ëéZà¾XkEÀãyÖÄJ+åè”j®V/Ÿ|Œf"X¯rŽŽ#:b}ÌÇàn=/YðóÈñ<¹,i»g?ýtÁóõ´¼Ï²·žÇñ±Šºs÷eøGì9–gM¬²R~N-v¼d”á!‹`8
¡ †BÂ|1±¾ºó©{ßxfhÞŠ¬ÉæÇ£Ï”›³8&#£,…l>ËÂq<kÞ”k™¼þXêéàÙ¨çh²ùþX(7§;j–íÒ÷,¿ÉÂY’?æÕX%ç4µ5{¥…°|Úæ¨—GY
YKòÉ¼*káìµ¥w¥…°¾ÍÝ[Ž{Œ«qòN“ÍŸŒ,É³æÕêÊÄ­C;†9ÊRÈBXŽãŽŽ (Ëþ9À’CyÖ¼šyáüœf×wb,Y ËÙë—–›ãË–ÍŸ(Ë³æÕê
%èõPé=–BÂÒYw²Ì©»Z_~øå–W«+œ¡£f‡Ýc)d!,G.«#Œ0ÊRÈBX¿Ìeù4¶6å¿cI;UW(EgUâK!`Éá<[^Í®ïþ²My³¢Éæ÷C
éôÍ>y×Ë±'Ù.G@e±ê"¹Ö¹ÉkQ¬*…|rË«ÙÅahö^$ÊPÈBßD]ôxÐ¾^&ÏU†‡l€á6I†½(êäy5»Bé9ÀPÈBR€]³‹2<d[úsH±9öz5ÊPÈBŽ©#ê,ÊðÍgÈ)<™Ï!ÅåD.³Q~þ&{ûJ¦÷+oôìµM}´µM·®ÑdkNáÉe9L½9îK!aIIåöœ@”¥…°$Lìƒp\à¹²–Tõ\Kp°lV¼…&aI>™Ø¡¸œ]ëLÆ\ë7ÙÐrAí1UÔ‡‘9žÇòØÊißøþšMÀÓw2RLNµg“ûz:>þÞÿŠ, @19‹éõ™eë§?@£ð’Åž¬+œ¾³%ö?'•›ó­a–BÂrlô½¬çsy°œí//d!,É'SY’¡Ùkži:Í·šµ9EÂršzÄóK!aI>™ØËjÜ@ÌgI>	îe½br<Ù1–BÀ’Ów¶Ä^Åä4Ç•¢oX*ë×—,x/B19›£Fwa¹±‰š,„%ùe*K*Œæ³²–cè8Ûe)d!,kús9Œ­Ùó®Q–$®»vÞ z.I‹±²–Ã/÷Ä¾$GåÜ[û¨,…,„%J]ûËK!`É	<™,9,§Ú—†l§t×OcÀÊÏ¡ÈÖ>o=—2EX¾dÁÏ%gðì‰=fŠËi³}•O”¥…°q9ŽÞVyÌG¶YuEÂrøåžØã¢ÀÏ•¢Q–BÂrÜ¨‡?ï±²–ä—©,}~f™ã—ÖÏA‘9žwlŒ¥°ä$ž=±×E¡9×[y3X¾dÁïX
Íé®¤³Ë—,xÉY<{b¯kå–í,ž(K!a9
§®ËïÖãË[é®š,„%ùe*ËŠy.…,„¥³oeùGì/9gOìy­\ÍÞ“¼dáÏå06ÇM0Q–BÀ’óyöÄó[¤SÔKŽ¾f¹˜µuEÀ’‚tG†DŒ¥"aI~™Ø'ÙØØìí(K’¯c9HGå¿ÇRÈBX’_¦²¤Âiléa)d!,ÇÀêâ¹=dý¨û<_þïS´¿É‚ý’óyöÄÚ:éõç¸ÇRÈBXcS‹V÷X
Y KÎéÉdI:U½€ãÍÚÇ
ˆ×d,)Pgqœ«¼°¬V=V‘…°œ×ç?I¬­S NqÜSe)d!,‹/$ÊRÈBXÖòü'‰µu
Ö)Kþs)d!,é ¤Ý‹Ž²²–-ý¹ÁhmÝÁRÈBXŽê—¿ÇRÈæ³¬ÓSîsY9`GmçÞ`©Éæ³¬°£6¾fY6ºšñëL‰—¬Ñ/Sâù)ä—y}’J;U=Ê¥…°ÆV<Ïå¶ŸX¾¿5V“…°$¿Ìë“ÔÉë—…Ï|›u~ßjÐd!,GátòìIb,…,„%ùe^=¶rÀŽ=»f)d!,ÇFp²g·¢,…,€åÌ~™W­°ÓìŒíËç+¨¼ÿ9ÙüÌÂJ;ëâÙ“™e¹äè_~ÈÞî_Z_žü2•åØªG‰ï±²–ÃØfO­ ÆRÈBXÖôçò;üÒÃ2Ç/ÍŸc44<kŸK!a™í—°S=¯(K’ÅæÂV
ØÙ\kŸò‘õRºå—Š,€ea¿Ì;çUNíýå'–ÆM‘°¤€ÏÜú…ål=—Š,„%ùe*K26{Þ'ÊRÈBX’±¹Þ±K„¥…°ÌöËâ<Of)d!,i#è¹e=ÆòØ_öËÔç’
§a¿4Y
YËQ85Ï“´}?ÎÂÌ»e—/ÕÛ¥õ÷ß½²]æTÎßqŒˆ\P#%W“ ¬ÜgLF©¨BP’[¦¢$[³QNÓÈktƒúcèíYëÇ‡$Í{€Ã …*$YeÞHA­¼´Ä@Ñür¥äÕÜŒ„A
UÈá“s^ß²rðŽcÆ9RˆB@RüŽµâiûöX?*óvéZª_^ÈH6²É9±kIñ;ŽÊIE@²ñå’ö»õL²X9øßdoÏ…X_~¸äœØ³¤ð²æ¾\QIò3«û')d!$‡Mæ’[¿ä·«"
!éÊó‰“ÌÉó±¾<ùdbï™ƒwÔ+tî¢’dhÖÉÙ8I’“ìì“‰$;ïûÌI­¶Tªð²a¶X*² –Ë¤Á÷ën•5Xö~J¬õåÉ)óNèUŠÝqTyÂ,…,„%ó°’™ÆF¤o–BÂ’¼2•%íþòŸK!a9ÆVÕëáî±$Yðº§³[¦²ôí*Ã,ÿˆ}%Åî¬“§ÒcI²àÝÈÂ~™ØyæØ%û¹Td,)vÇWì9±œ.ãŸú—²ànåÂ~™ØáZxhÖÂ,Iöö1ÖÏQ<§ºâ,IÎ’ü2±ÃÅ±;«¹#i¥,wkU¯¨BPŽ] 9ØÜöõ±EØ•ÅßùÏ²”d—‰mNÝ±;\m®G¨únÿa“*¸â³°­yêó|BiÔÓ_²à*ìÊn™ˆ’Bwšº¨ÿ„r?PÎf³R‘°¤ÐµY³°ã±ÜNk³*êŠ,„åœüX®|9³yºÍÓc;±4ÞRŠ,„å©3sòé»ŸXš_^ÈBX’[&6,W.š:^±A–BÂ’Š¦vÕ'Ê’z–àªÏÊv™Ê’†Vm–e=±\¬š"aIÆæaYÏÕX“¥°ÜÈ/Kbÿ™BwªcGrfÙ¬±fE€rã3vz}Ìç‰áõŠ,å°Ë’ØìâÌµÏð	åtµlÖ ¢¢
AIG"=OåB9dÑ§f7rË\”ÃÖìÓQ”B‚’\ÍóTÆP
YÊa–%±ÝÅ‰;jà-”B‚r´«åtLø˜çFY Ê½2±ªÎ;êQÅw(Ûû_CQ Ü¹bj¿`—Óµ]s³žJE‚’¼2±¨¾;c	¢(sR	¬_ƒ¼Òž'ˆ¢²”ä•‰5uŠÛiöMOQ”B‚r˜šz³Ñ=”B‚’¼2±à³»7–1”Ä¾’Âvõþ=”B6eãŸD”mâ ùTÖ­÷"V£Ñ¥©æ£l”µ³ªYÅoPZËM‚rÎ}*ÛÄÙtæ²§®ëÑèr ª”bøÊS£ËJ
Ñd!(É+ó*w£vvs32P– J¡
A9Š°Ín?GQ
YÊá•5¯p×8igµŸÊe>?•ïË˜ßT±}®ÆA;ÕîsEQ
Y JÎï©y'Gíõ Í”Š* %åì„QVcÍ¦ÉBP¯ÌE9v€«òùf_”ï«=š*åh-:æa£(…,eM*ÇÐ.Ôv
©F“KS… |šÚf^¼G)d!([úS9ÂÅÕâ×-”B‚R¤è(û)ën.F‡N“ äìžš×i²cO©ÇP*ª ”…ÏCÚ£Z”ÝZ~¿d±åôÆÑ=¹(©ZjŽjEQÎøjO£ˆuö”Ž[×ž_Ì0ú—,vºçù)ä•yM®¡8\ÍìWÖç_óJeÔ¾4UÊaj“§D0×ÓfÄðJE‚’¼2%í ÓQ
UÊî]Á(ëd\š¢Éæç¨7î©yýÊVyh¿`C(U JJØéÝF¹>Zñ£Td!(É+óú•3vv{3²œÊéóbLk²–äjŽÞóÇábU7MÀë•ƒ{rAR­Ôœ·ƒ²£Vªdß Išà®÷ä‚lcŠÜöÉ(H!9ÍøÙSneÿÍ9·§æÍ´Æ{?³é|ifKh² ±³zl²¥ãÙ¸^C“Ø$'÷Ô¼3yBvª:{ø‰e?±œ“\š,„å°4G¯ò<8Y»q%ƒ&aIN™Øvæ˜u_v%É‚K=³ÓÕñ=–BÂ’Ì2±ïÌA;jhõ=–BÂÒY²²æ–ø&KÎïi‰ÅtÚ±o@²Td,)hÇ³ÙÇÚ§UË/YËá—¹,ÉØ»‘ K’ÏöpÐN·w#O–íÄÒ(Ü)²€u,ç÷,‰k
Úi³c $È’dÁëØÎ«ž,ÑK’…³~Ù‹°´³ÚsZQ–BÂr[õ$Ô²c»F¿«ïX!xÇr~OK¬ÂrÐÎäØ_†X*² –´³¨CoX^³–Š,„å<¢h4¿ü·ýþÛ¯¿ýí·ýó‡ÿùÇOã¿ÿðç_ÿ÷—_þá—_ùý—ŸþúËÿýü—/µ2Òÿô÷Ÿÿñ!ö·ßþòó?üù¿þíßÿóÏÿ‘y}‹¿þöÛßøçï?ýã÷7_#±²üXêcw¢˜NÇ€‡ƒYœ‡¬™<qï:Àñ)Ë£Îv$úG*d!¤Oí[âÆ™Rx6GøÛ<mŸ×<ÚÛŸCÈBXÖý1;’‰¢,…,„å˜Ú7ÎÃ³«¹†÷X
YËþ´(ÇD”¥°¤ÄŸ¾'NlSÏ®îWÞ°l—©gåçxÉb¯\Ÿò\:ODü‰åj\Q®ÉBX¿ÌeYÆdŸ²²–#›Æ¼B.ÎRÈBXÖôç’ŒÍ[ˆ²²–ÃØÌ+Wã,…,„eK.‡±©	jW–µž8íV}ï%{{æÅú9úWç@î±² –ûebq’rxv5}âk–­Y?‡"`¹c+êñ,°Ü­—ÊK¼'ÙØ/g})ˆgoù,…,„åÓØô°÷X
YKòËÄâäSq}LÝŽ‹²²–Ï·}Û<µ‚K!aI~™XœÜØØìºO”¥…°ÆæÚ_ÆX
Y Ëý2‘åÎÆ[ûØ,Y ËÝ¿¿<±ì—þå‡,ø»³_&Nî?^•Â’dÁïØ6‚êÜ÷X
YKòËT–c#èŠ²²–Oc+êâ=–$gI~™Ø'Ù¹pjÇ‹GY
YËal®aÑzÙ­&"›Ï²Oì—yCq$åØGI÷zŠ¾í—9hùs|“ÅîIÆ§|`÷5Ë¶MÂ’ü2¯çÕ'ÞÚ,—vä.´ÙøÓÖd!,i#è¹#ÆrÈþ?   ÿÿ 'fäxœ¼O¯ìÆqÅ÷ùw‘E²ÃþOj%Y~vÞ"’¡÷œÄ1´ŠÀ€amd“vÕÌ°ÉªËê«ž7`ãÌh~—<ÝUÕ§÷?½ýñã÷¿ùaû¯ÿþá»ßþøÃ÷Û?úüí§Ÿ~zûðùŸÿé÷Ÿ~ýùí«·ï~þÛýåOþÛþùí~þùí¯?ÿïÛ?ÌÓ<ÿãôöÏ?ÿõOùÛO÷G?ûüÕ¼|å—ÏÎæ¯CœÒº6ŸòéŸ>ø—ŸÞ¾úê«·ßüüñÛÏ¿ÿíÛ§þõÃ>þöû·ïøõ‡·Oß}û}ý¿pŠyZÓÜ*þÛ·?n‚üÕçïà»þôö÷e9NùíÿÞ~üôñë·è¦yûçï~øþ7_¿Õïüž¬ôs<?â—ÿëæÌ|ùç½}y×2…ðúòþE®¿|•-Ö,ãº±\4Y&7­‘û9î±$²&,Sœü¼ª³¬²n¶eé¾ž•ŸËM1OKvC,·?Ûxýs<d½-ËíSÖeb™Ä?Ä‡¬ô‡x›¥[µYúú u–DÖ„¥S8üÅè°$²&,7¿Ìó¬É2”iöQ%È&k–ÕØòØ;¶‡%‘5a¹ùež&Ë_à—=,¿„_:0¶•[¸Ýc	²ÆëX_ý2Ï^¥¯Æ¶ÆÁuì,±ddXz0¶eež¼øå«¬9KWŸË ÉÒûiƒëØ–DÖ„e5¶¥¨³$²&,Á/£&ËºŒ‹:K"kÂ2ÔhÐ/;XY–à—I“åæ»¼Ç’Èš°ÜŒÍ­ú,aÛj¼¿è—Š,ÛØždûƒ
×?#kÀ2 ±õìI^ß=•i¿ûYÕ%ØeÖDY÷¥‚²LëJ"k‚²úÚÌýÞBITMPõ§l{IÝCIdMPV[ëzÃ¡$ª&(Á,‹&Jp5å:ƒÇ<÷g"Ê*[Œ7$w=¼!”DÕ eD¯TD¹)–mã ¯a(ÓTšŸ#ÒŸƒ‘ýE(£ôslï‡®5ln¾ûz’Q5A	^©Ø"‰`j‰ÛÝCIdMP‚«õ”	†P‚ªq• ¢Wª¢„£\‰EIdMP‚«-{:PU”à•Š’¸í£¦¹£x7Š’Èš Ü\-¸±ÍHJ¢j€2¡W*¢L°d(×ÃÒAÉÈ Làjl±êŒry}ùœ&×|ùÂ~ù*_þóßþúÃéÛÿîÛß}øñíñ¿üê÷ØTÜ<ÏKÙñ~óúXF½š¤Sìq%t³ÁÇ±ƒ!‘5aXíÌõ˜äÃ]Ö‚auG§ØÛJ`cY®ïŒ2$²&kCÑqÖ~á.kÁ°Ú¢Sìi%h$Ž®p:‚ìí^³Ä°Ø¬Ïp—Õg˜Áb/+ƒqe™a™§WÙ9;i+ÍÈ”2×à»´–Ù¯ÿ ²·w×€}Q•¥??8:,‰¬	Ëj`ž«ßc	²·×©Ë þ\Ö› ÿ\Y–ÕÈÊØ:µ‡%ÈÞ.êH,Á'{Ìm‘×:£,‰¬	Ëjh¡§0Æ’È°,è—ŠªEî1/~‚çÏ±^ÿYãuk¢ë©µ6,ó”Ä/¿ÉúÛ=féËƒ_*6&Ü²ô‡–;³|È†%à<oËþuÇûÍëc9õØY/—!ÿ¥_²úëÖ‚þ¨Øó(½ÕÕí=Úv"…w*#kðN-x€£§}5Æp—µ`¾¨Êz…³Wƒ‰¬	ÃÚ,ôƒkœ†»¬>ÃýP±Ë±@“p–V'†îšáCÖ˜á½4ö.ó!ÿåÏ²µñýP±6¾àDMÇŒò Ë/1¨³€±Ãò„ehXñËŸeMXVôŠ5ò¥³¾çÐÔæÊa¼ƒYê1²ëÔ¬kÏ1Äd%s¿Í²ú¤W¬•/°Ñ“Gu†YY–ÕÐØEö=–DÖ€å
~©ÉrÅÂ¨è—ƒ,Y–+lôØé”–‹ä—Œ¬	Ëê—^±ÿ±v¶³ÔñK‰¥ïî±$²&,Á/kt+›¸‰³?Œ
µ€‡ìÈ¶š­ÀÇrê›¡…®õëC"kÂ|R±6·ÂÆ=Útá.kÁ°KÙ…Ú=†DV›aøzžÑµjr¨¸=0ìÑ‰÷Æry†‡—ÕÞƒà§ÔÆaWM —%/kÂüQ•åfdËÚqð£ìõÕè/GÏvYs–¾.0Uý‘—5aÔŸËjd¥ãäÇ K"kÂ²šïY·–Wa#ÏöËŸeË |yðI­º+(‚¡Éu×Q–DÖ„%[ÏšgŒ%‘5`éÐ/µê¯¨X ŽÞrÃ²>s×,Y–˜Ã¤Ÿ¥O‡Ã’‘5a	~©ÊŒmì¹ìaIdMXúú õøåK½}&Kb	~©UKGÅú É½åQ–á‹<—õœF×¾rŒ%‘5a	~©Ê²¯þ:Ì²Êš•ÄOé©¿¦y~MÅËƒ+¼¦öÀÇö)Â´š"¨¸Q™åÍeð‡— ’‘5 ‰i9I2Ëd™/Ó!xMƒÝ&ðè‚¬%RöxÚ	dÁHDM0Öi’æ\7ŒSYFHY’Õ'ƒV?ó¶8g–‡I"kÂMÚWŽ³$²&,«Oê²C“û!M€Í|ø¶‹š¿\ë8*›x$‘5 ‰é;š$1&g§ëZ’Ëå˜è.jy®?e{xØ!–#I?¹×bm]$™µ+#k°vÅð Õ£Å¾ì I"jBZ‰R5}œ$ÈïB0{'hAÅji#kž’DÔ„d54q6kœ$È×_1zG—d-”ÊgÐIVŸƒÞn“¬eÒ¢ÿv%²$1yG“dì¬¾6$s9¬x’Œ¨IHÈ‰âüÇ%IfÅóµÌP‚OŸÔšÿ Åºù+òìÀI"jBŽ8Ê»Q’DÖ„$ø¤Ö*æžÓvƒ$‰¨	I¼‘fAÆIY’à“ª$«¥­ÚÏ$5!	ÇåO˜\hH^¥ëñ²$1uG“dªÇ9\!¹m®óõ¢ýE$¯Ž“Ù'Ãäß#Éù*kÜ×Âì 8‚!9o×TFH‚èíSwÒQMìj’QüògY’à“ª$«¥±4Ü!IDMH†W`•@²”’DÖ„$ø¤âÜ ætÌ½Ž‘$¢&$7C‹+žQ’DÖ€$¦ñh’ÌxìñÆÛ•Y40¢tÍaCÙºIò_þ,k°âÁ,ž¨Ø¡ÄÐ6uñI"jB²Ž¨²£+d²÷BÄ]#kB²ú¤.ÉNŸô¯-Yžã†ç3'Ñ‘3ËùLwœvÏ©æ4»)½FèsºŒeãe†>0}'*ö²0&‡½„ó¿]TŸ_Ýäe)¢ö"Ó2Âdoï¯ùaâNTì`œ®‘v[‰Ez“2¢oRÆIòêfŒ$#kB<Q•dµ/ö
Õ;$Á§è Ç‹·LŽ“$²&$Áû“Óu‚`„$5!	ÅÐA’ù°NeIY’àŽŠ}‚Û<m’ j|ª¢rbG`sð8B’ÈÄ$ž¨Xc]p¼F¾•°ÄiiX
%ç‡¬±Sbd{”þKFÖ„%8¥â	­"ä:nñeIdMXB”\Ç ò´¸†e¾^r·²½Kîu{–c2~,£©Ê°F­ÊÃæÃÃ¨æ,½V¼=ñynà*û¤:€p‰adÄÁ«qÜÏ1wœ_$HdMÖí^ìÙEÜUÕ	bÚNT<¹ƒ±8lXæ‘à¼ì¿Bëp({¿ËqMcqÄ“®G‚á2]†W5°DÛIŠeœµóÈÇe¸§Ûe-Rq"{›é-” z{º\BY1)Ö0Ç‰(ýšÇPY”¡¯Ï1ˆ’¨š ¬™³²©ý÷PY”õc³È”DU¥Ãä¤W	¨ŠerrõˆR:åÊÉê£t‘Åú\=±¼Wu¶‡áúð'«ß³r˜¼“ôj›bÝè±Ó÷X‚¬ÔB¸ÍŽ2ö$	Œ±$²&,Á-õætªâ¶ác/›ºÇdmOH:ŒÈÏŒ³YÛÓ®“w’^M`SL]7³$²&,ëÞ=Jv%È¿c1yG“%Fä¸A¿”^ž²¶]‡9¹'yg„åCÖöÌ€Ãä¤WéÙÁØß±,‰›°ô=3tã,‰¬	KðK½šOUìº‘`˜%‘5aY­+ÝlŒ%‘5aYý2ëÍ^mŠÕØœØÓfIdMXÂÀ>K"kÀÃw²^¯*–ñ=É1‚Žúr²úsÊÎãªœìº6‰XIêidn{™O=-üXF½ú¤.ÃZ-e/½¹ÇÈš0¬Ã6lÔÌ=†»¬ÃêY¯úZËi¯ÃÈš0#“ë<£wY†à‹zeW‡¡8^Ÿ!‘5aR¹&0Êp—ÕgÐë­¡óæ¬+†Ìò€‘5XÛ4®[ïRZ;çdjç˜²“ë­6zepÿØÁ’Èš°Ü,±í¸{,‰¬	KðGÅzkÀ+;[Z,‰¬	K¸âêÖ»•eIdMX‚O*ÖèBÝè9'žÝfIdMXÖAÔ®¤Èy
º¾^ˆ—5`‰Y;Y±F‡±8apÿ„ciœ¬KˆÅñì±ùK–ëõš§•ÇZW:Ž5F|R±6ÁÐF{Y‰¬	Ã®¾dý1]a¸ËŽ0”¡+ŒzõÇ¢X“‹°Ñcï1$²&kuÐu|ìWD-‡@l–á.;2é™±ÈÌ¨W_,ŠuœˆÃŽùò4µ¥É«›—yY†]}Èq†»¬>CÌÔ)Šuˆ¿™åÑ«Ã Ó~Ê÷’WÏ†¡‚é9Yƒµ¦êÅZ àÈÉÉ!¦æ†$ŒÑ=eÍYVc›4ç=‡oÇä¯oÊâdú˜«Sk	ŒÌË·h²$²&,a°FŸ%‘5a	>©XHhhú,‰¬	ËjhìKåK5ž×ÁlM–Qå“®c,Y–ƒÃÍ^°ŒKFÖ„%ø¥b- ã†O>×3Ê’Èš°¬Æ{jtc,‰¬	KðKU–&~ÉÈš°=ç–ÇYY–à—Šõ…Qƒw,Èš?—ó:£,¿Ä¼æîh²,°dÏ¬ÝaÉÈ°„ˆœ°ôô'w–a‘ÇY–Õ/Åš†äíç’‘5aY¯€d¯K¸Ç’Èš°¬~©Ë2ôÕ}FYY–µP*ö´ÆY‚¬ñžÓwtYÖ ×^Ç2²&,a#(¯c7|¯~HÈRs•‘5`‰ù;‹bM} úsÉÈ°\ð £|Cú¥”ÀÉš°¿Teé-ê>Ys–]ù;ã,‰¬	KðKÅ>	˜Ã³Ìizµ‚t'kÂsäºÏ(K"kÂüRqî£s‚üŽeIdMXvÖcGY~‰z,fóh²\±pÚ‘W7ï7¿nïXa»ÍÈ°„côÊ»svûb”š¯Œ¬	KðKÅþå
ÆÆþ÷XY–uP•]„ßcIdMX‚_*ö/W06öš”{,a¾Ç¸‹9:k×9­!–DÖ„%ø¥bÏkcc[÷XY–ÕØØhÚ{,AÖö¹ô˜Ï³èÍ2û¹·Û²Œ³P:yÊÚ¾c=éˆó¯G–Ûæªˆ_þ,kÂüR¯çµ)ÖÂ){Iõ=– k»Žõ¤Ó‘70Ê’Èš°¿Ôë“xÒé¸Ûn˜%‘5a¹[b¯©¹Ç’Èš°¿TeY^ÿKdMXÖƒâM…ã,‰¬KÌçÑd‰A:3•–‹°ÝædXBN`‡"Î,óÌ…B'kÂÒ)?—¤3¸ŽíaIdMXÖ ®3yc,‰¬	Ëê—«^ÏËcNG/Úåi/ƒ-B'kÂ6‚=ó±c,‰¬	Ëê—«^ŸÄc{ÁÑ=–DÖ„e56×Ó‹cIdXb>&KÆÆ^;vÁR:OÂÉ°„ ßUÃkXJ½hNÖ„eõËU¯çµ)B£Q®á²$²&,¡Ñ(÷¢GYús9É„%ø¥^ŸÄc°NÇþr”%‘5aYsØ+4î±$²&,Á/UY¦sF‡%‘5a	$õß±DÖ€%æ÷¬z}A;¹#-6w‹¬Bm“5`‰A;ì€Ë–Yãç2 _ª²„ Ì²ä}Þ'&iÉÈš°„`O.óž-z¾üYÖ„%ø¥^Ï«*nÿ¢ìˆé=–DÖ„%	ôä¥±Ys–à—ª,a0Gÿ¹$²&,ëF<»Ç’È°ÄüžU±«±ù(gŽ±ddXBÐNf6½Ï2JÁýœ¬	K§ü\bàNÔ~Ç2²&,;÷—£,‰¬	Ë þ\ÂFPŸ%‘5aY­cÖ¹49"Q
Êš³¿Tœ+À ¹V0Ì2}u,ðÄÒóŽcIdXb¾ÏªØóÂ ž–ËÒd4IG¥8Y–	M>¹LÎ?¿|
Ò"#kÂróË2+ö¼Rçþ2ÌM­ ÍR«‘5aéûÖ±Ë´îÙ…¹ãËu,äû”Y±OA<®cO²ú½†¥3OYãÚ:ñ¤$×ð–)íù°Q~{Èfã^4äû”Y±O’°pÚ‘£>7~¹H#3Œ¬	ËZ8e‡•Èy’Ø°ŠÉŒ¬KÈ÷Qe	A<½è#Ë"œÙ{ÊÏÇBOd/;³ôûÃUÚ“<d×>ýR±OA<Ž=ŽzZûÄfÞ§HÏ%#kÂr3¶¾µÏÜ3
ÁÈš°¿Ô;Të €>K"kÂJÊ3•ÛÚgi6T"K"kÂüR•eêÊ©ôËkQ½´x`DMH‚­õ¤Œ‘$²$º¥bÇcx’¼ò©“ËKañÀÈ°„žÈ^r®¬ûÉ EbÉÈš°·T¬Æ°5yåã²k’€½T)xÈ¯| †'uLÇ–ÉïGÔ¢Ô‰fdMX‚[*Vc1†Gî’¸5Nì‰ÚDÖ„%Œåôì.›©/-ÁY–à–ŠÕØÆ¶È·=ÏaÚ€â#kÂ²nÙ?D’Ô´Wðüa¼…&t?eo¿c/º=¤û§XÁÃžŽJAB„ŸÃ‡ÃŸ6½qí){{{yãš‡žÄ^wN[ßÃÖg!lS5AYíRe­š²wQf¿ÿ>~%ÈÞZ—Pn¾VViéSQ®ÍSé$”DÕeuK§X‹ÅžŽUìöj­býqåÃ¢$²&(a(§ç©Üw$òö!kÎ²º¥S¬ßaOÇcÝ^Wwå°#aYY–pH²çN’1–DÖ€åŠn©ÈCxØë!,Ý²»¥;–À–Œ¬KáIâ<å‰åqH›aÉÈš°»T¬ÅbO’ëw1í–ãË¡•Ë²$²&,¡ÉØsg×Kµ½§Ô¯è—Šõ;áaGøO;¿³tYzÇ2²&,CßÛ;eŸÛ‡[YƒÝåŠ~©Ê²oÖÇ­n_ûl~y}ôSÖö.v!<«>K"«Ï2Ìè—z¼€!<ìèÓ–œ¬>Ë !<}•¾>„“5a	~©Êöbž+q_ÇúãˆË’Èš°¬Ææ¥<˜ê—©4ëØë»Ù²wë•BïÖKäŽË0£OêUa„ïÌw@»}Å“Íx– ˆÚîDFïˆÓZÛBtòûTÈñÖ`–à.;@0Íg‚õcupGU‚µ×1‚ j[â	¸Ó—¯µ„æœ%‚»l'A7oÿ9=ƒø±DÝ¡'*th^òÝÝÁ ½E¢·{Í×!f'vÕ[÷[Ò"Té8Yý]Gpèˆª$Ieô]žŽ}>Âê†‘5aY­KœÌª/¶}Ê.ÏÂ-ìœ¬	KpF½žV€˜—ä÷j)S;¨vÝkædõ{Zbv²¸ƒgIdMX‚Gê0³Sä*]Ë2¡]ËÉš°;“ß±~Ú"{™%‘5`éÑ-YzŒè8ù·²Ï%#kÀbv"ë‡%#kÂ²ú¥×kPŒÙa/8¿Ç’Èš°¬ÆÆš=yÇîsRÅ•“5aYýÒëu(Æìô¼c]sc…øŽedMXVçö]kŸ!–DÖ„eõK]–µ“ÞsZ$4Ï¥t¡2'kÂ²¶ÅÄ—q–DÖ€%¤÷¯×¡¬ŠyÛÊw¤P6,£“Š–YÛS\cvØ¨¾–IèádMX‚_êu(7Åjl¥#ín%‘5aY-ÈJ7-¯ExÊ‡BË’Èš°¿TeY7‚ìíK"kÂ²I;ürnf™“;<—Låî!»Ö^—…VÏýÊ¨ƒOêu&7E(“ê¿[‰¬	ÃºñÇ‚ìhý¼“aDÔ; V§c2Èð!k\çX˜äµÎá"í'YƒwjDTìHb¬{ÄâK5ÞOb¬{UÊ¹6‡XY–àª,Ãùz÷”ó¾‘’ðŸ²Æþˆ±:Ïå(K"kÂ|R±/±:ÞÉ®Q–DÖ„åfhI¼ýyœ%‘5`™Ð/Yb¬ÎèšGJƒådX&<É!ÛJÛöÚ‚dw¨72KžVµÉ³„|^òlŸÊˆƒK*v¶0Lg‘]25óç)fØ_a—íýæà’Û¡~óúXN½nó¤Ì¬úÆW§9Ïƒð_ú%;€Î;Š..Œ:¸¢*»j_ìÕG§§oÞçÍ·§Oè03²fÏ‰Q®æ„)´3ÊâÞ.;À0§3Ãú±Œ:¸¡b+AÛ°g•:ÈÈš0¬Û;v`ìÃ]VŸ!fðÅÎ†åôTâÞgÈ¸ #kà‚¹ïNçúcÎýg8YƒfðÅn†å°£ §¬ö29a=Ãˆš¬ÇÙHÓsMu?‡žŽG,I½}«¡D²ºcPìud®éHÑž÷ù«(…1r²&,¡øÙÓOc	²æOeuI]–ÕÎVyÏ˜›éò¥ø\Y–`g=3;‡ºœ0ÉÈ°Äž Øë€°'Ÿúð¹9%‹ô\2²,!,'‰)Ú•eyM)çã—gX2²&,Á-{–#¯^}hNÖmÏåu€'kÂ²n÷Šü\º&=;iåÃÈš°¿TeYÍ‰»ÉíiXJ‡Ó8Y–uÛ×5°÷“s”ü’‘5a	~©ØÇ*`l‹<ÂÈSIDMHÖÑš(Wå\“Õ›ƒä–Œ¬ILàÑ$¹tv$ýö”íOe”V>ËéHbVNèy*_NŸçÃ–)<Tó`S9yæP#®í‘“Šü^%HdMnf¶z¹Ò:HpW5 ÔŸA£‘óF	Y‚ÝÇí}š›UN’î²™ì¨Ë¨ƒ#*v£Yå]Ç(C"kÂ°ÆÇu­nrl
Ó9­ìÃHfzºóu‚b·qEÓ’'‘¥ôVNÖ€áÚç…p÷ä«„aNÕ . ãu‚bÛrp\‡)¶Í× ]óÂÉš ¬)«bôîƒÈEÚl0²KTŒ×Ñeú–¨£,ÉÌ	ËšƒÃžì<³tû±ó(ä´s²&ÏeµÉ¨ØÊÂœŽA«Q–DÖ„%ìñº"–æ+T0Y}–ãu¢^++BŽ‹,—f8'œ¬>Ë98q‘C•Ëf¯/¿5NÖ„eõË¨× ‰˜ƒÃÖßg:XY–µ"ÊfvÝc	²¶×¼DŒÙ‰z‰8ŽMZ<F%ÍißTo,¯Ç8Y–]c;ã,‰¬	KðKU–õ£|í¶›çI/ÎSÔü[gNWù’—2•vjåÚêŸ²Æ$1x'ê•é"fä°'`Þ%„e 'j@rz.y9”. àdMH‚Wê•ë"&äÈ¥žA’DÔ„dµ4vfåI"kBœR¯h1‡½SìHÒ7‘Aº³š“5a	½ÃžìK"kÂœR¯x!'°§D/X&¡xÇÉš°Lä>Õ÷®xiçE–DÖ€%ÆîD½Áóù8=Ïå¼6×õHÙ§œ¬KÌÇéxÇÖ+c›N€üåÏ²&,Á-UYVc“Ç>†YY–pž±ë’f?Â’Èš°¿Ô«ÄFßt>ÌüÒv+z¼¤Y~.GYY–Õ/“^%6B>ÎìÄH7ç¦J ]£õ”5.kÉÔÉkŸÜ°«´1fdXbìNR¬Äì0ÊkŸËUZ><d÷$“ØŒ½÷YÆÜñå«¬ñs‰±;I±ù8N®Ìyi®LÒþ’‘5a	yrrÍçÄRx.Y–Aý¹ì«Ä³ü•ØÐ»S÷—ûÁ­–DÖ„eT.ÁØÄáa–DÖ„e=Ë!Æ
Œ³$²,1†')VÕ#nåªúör_šµÏõ°ÌSÖø‹y9{’K±)ÀÈš°¿Te	g9äµÏ(K"kÂÎrôÔðÆXVÙÅü¹¿Tì‘D<Ë¡ÿ\Y–p—‡4é3Î’Èš°¿Tì’@^ŽcŽ“_†¦ë¤Ú:#kÂ6‚=ïØ²³LÒæø!k¼ŽÅž¤Ø'¼œŽçòÀÒ;áâNV?D"&46¹¶Þ²ÒÔ'kÂüR±‹É9ro˜%‘5a	#9=3yˆ%‘5a	~©ÊŒM<;Ÿ.E»¾x’“5a	…S}–DÖ„%ø¥bmuäþå0Kµ½¬0b¢›Ç%‘5`‰=Y±¶ŽÉ:lòÛ©í›wl®ÙâdXb²NW/zAâÞCÖx‹=Y±îƒÙ:ì]Ç÷X‚¬í¥Û1£±ÉûËQ–DÖ„eõË¬X+€l™=mzd¹ÿþ8È’$¢&$»¯i#ù®iŽØ£K¶b5Ö=¦a‘e‘ŸÊ¤Rõ‘XÖm`–+-KyÚ‡‘5`‰=Y±êÉ:3{OÕ–Œ¬KHÖ	lB-	Eß“£Vé¹ddMX‚[ª²„6£|ŽÄÍ‡‹ƒÄ’Èš°„1Ö®F‡XY–à–Š¼ÒYõíDeœ/–¥N5VbYÇXKÏ%[{&ZR^8Uý#´óz²b¯Ð] J5ÞÜöd„¡UÛÀžˆ=Y±æÉ:NÞ[Qz©ÍÈÔÕ!Z'²ÇòßE‹´ðaT^°˜Ü“K>ºšü‚Y2¢& k–@èÉ)Œ¡±JùËWYãe&øÅ‚Díxy;2H’ˆš¬s‘ì¬ý9Ÿy}üMR²ÝSÖ6¥0bŽOQ,÷,`ilÅäI"jB²îÿ:H¦æîS,Mñ9Èö§ø”%œS|êÇuLñÑ$¸bWQ&¸6ƒZò¹SFÖ€áŠù²A¦ææ‰T„ÌÐ§¬mÎdÄ]–l.³Ì©ÉeÎÂíœ¬ÁºuÅážžÛÊ~¥îådMXõç²s;éÚÓŠ"É/±™\1=@ÎõÓÒ®v„£#«Ò[Ò+<Rq¬Òvœ“Ó_Ýë tQ’P#íÉJÏ­9ˆ†Dö‘¼üòiÖöÊ„Y;«|ÐrÉÍûUšYãdõ½2Íj.'O†)íwx¡0ÀÉê¿_Fø½–H‚¬×QF_ñLÛ3Žézíú”µ¸Ksß leé—Æ+£Ä’Èš°¯TeYmMÜ8Å1å½%£0ÈÉš°„"©_8Ê’Èš°·Ôk‰$HÛ™ÙRÉ=–DÖ„%©’ê°¬²ÖïXñ)zuôäp(×Ñ[–É	×sr²¿ˆ¥øs¬]uô8¹eö#œ¬	KðK½Àäp(¯bSs·hK½]µ“~Èríº[tˆ%‘5a	~©×I˜¸#ÎfIdMXBâŽ¼'	Ó¼Çý£›ù/_em{•	ƒ|Š^W$946ù¹ôÍ q’ÔŸ²¶Õô‰;Í*>?—¹­ß‰,‰¬KòYô*	w:Þ±c,Y–˜¸ÓµŽm:#I¸‹ë)k{G^Â ŸE±V ‰;=.·–f™e–DÖ„e5¶¥ç;Æ’Èš°¬~¹(î/1qÇë³Yã=	&îtÜ(›¦²/ÂcZ,K"kÂ²ú¥.ËZÓb¯ò<u,›HõX„‘;NV¿› qG™g	²Æ{òÑd‰‰;l’õiYv¿›ñœ¬Á:6Ð&ã{,×ýfµõðRá¿¼}ï2aÏ¢7>™ qgNòsö?l/NQ’µlÊ^»y$Y¦õaX¼ÐBçdõû]	c|tIÖ3!c$‰¨	É:\Ížö½G’Èš¯T¬ßaÚ›.$¹´u‚,¿_‰¬	KØÊOå2Í¹a™¯>(í-¯C|Åú¦ítÔ	Z–YÜj3²,1mg‘÷–õ1{±,ÂïSÖv6aˆÏ¢X¿ƒ´9Šuõš Ã2Ë?‘5Ø@ÚN`[î±$²&,Á-ëw˜¶Ä³G–NÚ[2²&,ë&°c@½e¹8a>ä){{+½c«_®zsÍ	Òv¼ûÐñqÁ²”rp8Y–u(ßLêB³öY¼¨ÀÉ°ÄŸU±i;sß±G–QšõadXbÚ›òvfÒ;Ï%ÿåÏ²ïXñÑe	C9ò;¶4Aiy•Ö±Œ¬ÁÚÓvÄ0Êäü´ìïØYþC$²&,«_®ŠuuHÛé¨³$²&,a#(ú¥kÖàÊë³œª	J°KU”µfD»kÞËê¥ã/›Èš¼bë«Üîr®i‘ô¼b‰¬KÌðYK±÷b)öÈRü9Y–°ž¥Oy}ù%J³ Œ¬	K°KÅ<Ûa;FÇ¥OY÷×T9þÌJð!k;²ž0lG.l,}n–±Â~ê!küŽÅŸU±q;·Î³$²&,ëLN—]Ž±$²&,Á/UYÖºiÛÐ1øæë…D¦§¬mZHÂ¸6SáÄ²1K¡æÃh€ÄŸU±Y;Ž}G]€”Â~9Y³,8#ƒlÏ²?ã×_~Õ8{ }y0KÅZ,díÌl:Õ‘å¶l÷#BKž‘5Ø`ÖŽ\‹fIdMX‚Y*Öb1k'Êõ»Q– {ûÔ¥Ä2tõH†YY–Qý¹¬ESù,ôeñÂ—œ¬É;¶MåÙa–DÖ€%†øh>—M;ügañçX„Åœ¬KŒÛao¨:/b]îgÉÈš°¿Te	»@ù¹eIdMXVcëÚŒ±YóçRÛ/!rÇ±wÜcIdMXÂM!âŒó0K5î‘@’Ï2+öH t§§è³Ä†å*dÞq²›KÝIA^ûÔ1×¦°~‰ÊÉô.!Óg™ûÐ¾“äwì‰¥°¿DÙl\X‡ðÄæ>²\šó]‹¸pcdžKÈôQ}.1|'ŠkŸ³ºŽ°$²&,ÁØä>t™Ö¥a)tx²ÆuÈôYfÅ&	Æï°‰¹÷XY–`lòžd”%‘5a	~©Ø$ žŽùa– k¼Ž];Ï‘³$²Ú,ã×óŒ~©Åë$Ï´ëØ|ü9ÎQ€'ÙÞ(À9¸äv¼ß¼>–Sï¹@¯Î7§×A¦œ.Ïð²ÚçGàSÀ'µfÕA±LÙèãóXRó<†Ëõ+/«½~ÅOÙ¹[=»¼:”¶ËÞf)}yðIU–ÕÐØ±Ò#KÞ­Ã²Ïã.;ð<Æxzác9õz RÞOúf6çCwŽÿÒ/Ùþ<ÑmzÊ…eÔÁµz[ ÝD±&ÖuŸ›<Íg±?Ã.;Ân=¿KëÇrêÛ‚2ôÔèß|i‘ÈÀºÆ4ŸÙÕ%ê}P‘ë$™]*;»t=[·ËZö²ðS¶E>ïã\s¾Å_fšðªvèÐµÚ X½¢cI3Š’Èš ß;V°}ù«X_^Ö„%Ø¡*Ë¾m£_Ú+Âez/kÂ²úWÇqŸ¥™áÙþ(¯¢$xY–`Z%sP¬õP6½è%‘â!¢ùj¤‰—ÕÞ6â§Ôyùxì¶2Íâ±dþÿ   ÿÿ¼M’ìº…·òV!þSÙí¹ÃÑ=èýo¤E +E‰(Ò	Üñ½q¤È¯( x0#kpl$»žê´Ò¬¬8•fuo~?Ö¾O·…?²¦iV~ÊþÊövÛñ¿>/Ñ¢ kÂ²ÅK§•f%E:[Á#Ç¶}LšCxì^>E-—ø)-ë‚§Éöƒâ6ñòMÖr=¥EK]’á¾|$’µÖýŒ–á¹~ Ëš°lÝ6°øwß%æÂ³uú)kÙEOiÑÒiÝ!Å4³‹­»OÝª„$Q’-
ÓåmÆóYÆŠÏ=ž§¬ñª+S¬a.VÖ}÷—‘jà#þH¬|Ä³×ó«œƒ¸Âcû²,kÂ’b¥*ËÖàvß\?fÄ¡” kÂ²…µµ
Ðìuß±|*}œ²æ,ƒúºS¥íø øn]Â?íAÖ„åTI²í|ºA#Ï÷CdY–-µî‡"Q+z=$ÝÎ'a–$kÎ2ÝÌ2¾rìÖåÓ<YÖ€eäx©X!_Py¹Öãléº½øL	²,ã\*¶íbÏéEá¹µî”5ÞÅFŽ—ª,)°A–eï&v'°|ËZ¶
ðSfr±m]öñ¢ÔIÅ¢w§p©X!![­ ­Z·Î	6<ÄÉ²&(Û)PÇpEé:·m|¸dMXR¸TL«³­ŽG)ŸZr—VÏÎK²¬	Ë#®eèÖÓ>±q_a9È°L.Y&>^âOlÝÏTlph÷ÆS«K²ÕIucÅÚu…ˆP
ª&(ò²dWœ)¨¡vËòÙî#k}ºLã1ð·O¬sÝ„Ë·¬ñ‰$q¸T¬v%NšÂOìîºá²¡âe9Èš°¤c ªvµÏi¶2Šõ‚¬	Ë.½bµ‹mu ûÀ±õÙ:–ÿi“¬¥Ã?¥uâ@–µô,'¾±M6‡Krë©^±FÂ¶:°
]‹sgïØÆ–‚¬K²Õ)¢ëû•eîœ—ð\5aÙâ¥W¬‘°­l¸;¶±ÛyB›a9Èš°:T[—®/Ö4‡ kÂ²ÅK¯˜e[‚\´èHÒ³/AÖ„el¢Ãô•e|í®à+Èš°¤x©Ê’¬]æ¾Ï×G?UYÖ !=w«,]—æx6*”UP—Š‰u2ÖÙÄ1eW”Ç'öósøðh%/Ë dc8ÿ'6ß¬O¸ô	ý
²w
‡KÅd,ë¸
3¹†ó´}üO†h²¬	Ë×&>±ÇûÆî›òä·}ÊZÎc§§P¸TL±Î&Öåo,»"ÉÌŸö kÂ²¥Mqïx÷­¬°dMXR¸TeIiSX¼Ì±\¾±à
” kÂ²UÅ²Àw,IÖx]VŽ—Ši2ÖñâÕÄËp²tÏVò²¬K2ÖI¢ÙÐýëãüâ[Ö8^’_OŠi6ÖÙqª t>ZÞ=ZkÈ²&,i@3¬x,·Ú±Á^5aÙâePL°±N…­±ÅšœÝõV¥øc¢&$Û)Ú‡6’gÏ‡GïSYÖ„d‹–AËI‚ç’±¥„³HÒn2£Ÿc5aÙŽb±î^ïê¢åõŒüòwY–ìÖd«vÜ¶õ>QþäM@ÁK5Hú­NN0»húÞÐ×+Èd
Ø­G—%eMq›ó…å†x,ûý7ýtã&c/,],Hs²&ë2¨¯KÊšâBôÞ9JÌ°dMX-‹#«ïý!çZ¿£Ï[öëu‰XFõuÙ[…¼e–ƒ¬	K²¡Ã}[[7žâX—`ï#Èê³tìÖô²±nï|È,K—œ>¶ÏŸ)IVïãØ^g¢xY;§	¿ƒÓ¥$kÂ’â¥*Ë#°yÑ4åÊ2w¼gX²&,À–+.^ö…h_Àº”dMXõuy6Ûœ—Y²&,[`Ã½±µ¿äHsH²&,£úºlmÓg9Èš°¤ƒ ®x­²dX²«OÐ«x9¶ß‡AÞ®tMxÇ'ü‚¬Kòß‰y¦âµõÁ¿ü]Ö„%ÅKU–~j{gù¼­ÿ‘µÍ¬;öß©xï“^¡ÿ¨<' d¿±lëôî’87›Í]ÞË?uì¿ƒÏ$W–•AÖ„%ÅK½ê¥cÿñ&êw,Y–G`7ÇnˆGî“’¬K¶õ	zÕKGþ;~¢96ö¹õç¡æ²¬Kößv[­qëœìv´.Y–/UYR`Ã,ýÖ­Ë­KAÖ„%ñ7öÂ²b–ƒ¬	Ë ¾.ÃÌÔ¼ãHÒ˜…õKIÖ„å\ý²ìŒ« æ%Éš°lñ2êu8òàñâ¶þÖQÙ}cÝó´‘SÖ|]6s>l!r°®c	Ç‚¬K¶öÑdÉ<â¶þÖèÜ˜õ¥ÁY–ìÁ#Î­¾²<b·›‚¬	Ë/£ÞÅ Ç<âP¤Ë´u•ø3%Èš°ômÃ	såØÇ~Z{ÛˆøòMÖ¶Ï±µOÔëöqäÁãq×z,õÂ|cY–-°%˜[/¡ëtžzù»¬	KŠ—zý>.p`ƒßØ”·ó‹·õ‚¬	Ëf*€í`J|m¹{yp dX²µOÔ«EScïL¼Lµ»äå
Ú>²,Ùƒ'`–¹Ë­»Z{%Y–/UY-ˆ[ÁïX²&,ÛA0âxY®ñ{AÖ„%ÅKÅÜ:™ðx‡Ï—ùÜz´‹DMH¶°&Þ½’¬]‡ˆ+(Z
²&$)Zª’lamƒ™õìR·ó§KAÖ„ekËÁ÷õÚª<Y¦‰—o²Æ«’}¢b•„-x*ìÂ»°Ä…–…›‡/Y&vCÇ,ûmø¢š& )T*–HÈ€'ˆWŠ¯¡²ä#Š6oYÛËzŽx
ns.©Ð…S>‚¬	K
•Š©X6àÁ¡²m{Ò_Óå.AÖ„eóAÛqúîøØ×.XÂuI²æë’‚¥*Kª1ÂlzÏ›û¹Y²&,ëÌ?°­Æ(š,Ü×å¥D‚_þ.kÀ’}}’b*–xÄñ·olé¬ä[ç¬m›³ËÜ“ËÐËíÌ#o(@²&,[¼LŠ©X6à?S¿³„ü’¬Áºd±OéžòñuWAÖ„e‹—º,[`Ûñ76Ö®D2Ár5aI9Sx•¤¥ïúu	Òw‚¬	Ë/“b*–x&ÖeÜº	¬Ê²&,©‡UŸå kÀ’}’búŽxfö±=Ë#^>ÛI²ñ’xvÜR_õüC„í”‚¬	KŠ—Š-ëìÀƒ¿±Ùî”È¬S5!ÙÂ.v5·­Ón+»-IVÿ­c[Ÿ¤˜¾#ÿ€-'òi#¸Q,‰šÍDRŸä kB’b¥bò®ð¨-¸&KNg»zLÀÿW’5aIc)±AÓ*ËAÖ€%›ú$ÅüÝÛ}gÂg´gYÑÙRËÔþm³‰¯]Xfô‡(Èš°¤X©˜ó!÷¯w-³dMX¶úâ„AÓñ.'Ëæ6H²&,)Zª²së2ùŽ$üÃDMH¶# .@·ây\Y•ƒ¬	É¨¾*°ÕI¢&$Óà¾ñËštýšÛoAÖ€$[údÅ<ìÎA_:I&äâ,‰Ü9¤á]•s¨5º*Éšl‘R—diš3ÕÐÍÔK×OÔ8¾þGöëÁãøzGÎ;ÙãË@±«ŽÄ¹%Y–-RfÅ,,;ïˆî¹ß±dMX¶ ¶ãË³ý4’c¥ kÂ²ÅJ]–Ç3àá]Ë,Y–­sUtï»_ž=ïbÁ,Y}–ž}²^£º'çï°¡Ï…åµ?xd)Éê³ôì¼#Þ½›ÀœCÊÓu¸c_þ#û?ÿþÇÿóööÿúÇ¿þùï¿Þÿò_ÿû‡ŠÛ¶”Â‰÷ïŸÇ
ê'õª"žwÄ¾àï²&©¬8cÅ]jÇ°"†gµrað#ÃRuŠzÕÏN;›1­2dM6§1Õx7}9Ï’éj+2<eºa¶Ç
êõª ~ã ¶¶óµ‰Bd8Èš0llâ[zœzÏuxmž²óãq¼¹1lÔÙ°'ëeÍ=9ëxñ®ðÕDtë²sùR†‚¬CrÖ™hEo?fúå[*¿¼J+:zyŠ‹zYsÏÎ:›û®²dMX,âNÉÚMâ<>©¾û]Õ%…GU”-Žyìí»Šr5AÙÎy[œ6ùäÃò:œK~ù]£!½|T_–dtÃä2ËAÖ„e‹y	/ËýµŸ,8ûJ²,Ù¯'ë¥Í=ë„	Ïížeºæž…ŸC5`IÆ:ÅÏ°<½$bH’¬A*€ýztY¶óžh[ýËAÖ„eË‹&XÎÚ·îžsD“«%Y–-^½Ô¹'c€}'—Y²&,ÃÜ\ƒíµÏWã$Y–-^½t«'c€K“ûž»c¥C§ë^vòd¶mÁåtâýûç±’úñ¡ûÈ®{ÿ¬Xñzd²OæzdC±7íÊ°ìg³kÊ—ôŽÀ°—ýŠa{¬ îŽÓ¸8åÎ0t[pšT¶:lÏ£¹Ç1üI]ExÊZ œì×9¾žçKÃ”” kÂÂ¢*Ã¿ÄûÝß1<e-¶TlyvãwÐß!Éš|J)*V;Ø7G,¬_³¬®"û\ù{ëý¬­³'ßœTq¯Ng£‘K–¤ªmÀ³OQ,zDÎŠÂOêeÚP’K5Ø¥F“5ãŽ^û—›·ì×;ôò‹‘§oáU–ƒ¬	Ë–šU¹Ær5aIaRïˆgãœ‰fU–¢ù6ÎÑgI²__eF/OáR± EÆ9oy–Y’¬ùº¤À63ÛùÌb8”Åx«bÙŽG%ùæd‡µk78]ýß„ŸC5@IÖ9ûÔÀ¦óÝ¯&.ò»7Uãƒòè¢¤!Yx¾á{üØÊð|aYîô]8ˆw;ˆÐc%õãÔ'Ô~…pP5AHAR±Œ•fƒ¤¯§§Òm5ŠÏ ùÂã±’ú±»œ8ÔntnQdMRpTeØr Ÿ%Wž²›W¹îSè‚Ž¹^v¡S'»±S'ßöÛ)Šå*2Æ™éz¼°ÛQ%V5ˆ†dŒ“&ÆK”Wú”«rFëP5X‡ì·Sór™[MñMU–ƒ¬	KßNþv; ¤îåA\dMX¶¸X;ÊÉ'à2ò2K’5Nê1N™ºµsÞoM;:q²&,[|Ôey²4‘ [eI²ÆÝ¹Õ
7l Z[)£‹“ ¸¿eÓZœÌ®Üãd{ì Î>;U1ÉZ8 ­íSsD¡F5`Xfãäqä8{ÅvtädÖ#ûìè²œ«AÞ÷« I»üg5ÈÉýjábáL¢|ï¶: ŒüV5l°£‹°]½Ææ¹øËÉÿÙAA’Õ¿ ìÙgâ“Ž“D×ŠòlË"É”"Ùb§*Ö<ØGt@½M_ê,ÌR w|d¿¾‰~j9Å]Éáµ¹¿äT€üòwY–l±£É’¼p®Â¿L ðÝ§Õ£*» kÀ’¼pêÄõžåí"¿ü]Ö„%…IÅú{áˆrïë²«€Ö3AÔ„ääuÈ°‚qÐ4ÁH¡R1;7ë®“ß%ŸÏNI’¬	ÈÐ¬ñIÒ¿.,Ÿ½<$Y–*³ud…ãÅhs­]m\0˜Üö²&,Û›à¢íH»mOyÞv÷²+'É*œ$Çû­ì¬³+6±²	NÀŽ‚†	1d²	„vöä„Ò:‚¦Á„utA¶¦Ñ‰ø;ƒ¬	HŠf¸2tÖ»¹ ”€ kÂ²É]1uÎ8Øæó8ÄžgcÚ]Yƒô;àˆÃ¢î7=>Ë²À /¨ÄHöÕÙ³­d€ã#¾èq»	ZuÞ²ÆU›j ÄÞõ¦Q6Õï¿°(ÛêìzMÊüo‚xMôŠ2Ô…¤—$«2ÿMÆvWûñ§w¾|÷•%Yý/l`{]–ÖðÅU–ƒ¬	ËÖðåã{Z$Í°dMXR´ÔËòöÃOe×h™R÷}ÞJ¢&$[ÍDi²7ÙÉaâåï²&$)Xª’Lsýæk$IÔ¶2'N
˜äñ=)Ýå¹ªú#k{±.°åÎ®—­ìƒSû{²äÏ]åç¢ÖìòýÖz¿”Õ+©·Ž·«Žá†‚‚ kÂb¤^?k OœaÆµ¾m çúYdWÀ¨0¹Ý“í±’z|•	ãäÜÙz&t’”dMRlÔK·6Ã/Á<0¼ö÷ŠOY†-|mk3º" Éš0¤¨¨ÊÎzx¯š¶_{´E†§ìÊ·´Ü¿¥í±’z[00½zcŸÂ€ßR’µ½±ØSg×K•2¿qb¿DÏpß\Ÿp ð#k¼·!ó›4ÁÒwt9¢õ(Èš°<ââ¾éeZ›ßÀoê¾UvqÿÙ´ƒ?mAÖ„e;äMxxäþ²@Æˆƒ¬	Ëæ²©Ë’Ê´î[H]#] ™VIÖ„%yã<@êé2^—ƒ¬	ËØÖ¥^Ö<ùo£]Y–paùÜ)Éš°l—#—Y²,É[G•eàƒÊµÞXÂ£Ø[ÖÖŽ¾=¥m4±oÙ…%2C”dMXR¼Ô+vÃg…ÝXv-ÝVþ‘µmVìŠ#š®ÝY†½c	ò:‚¬	KŠ—ª,§.‚ìÛ±ýëûïAê9ü‰‹ !ðFì}µÊr5aÕ×eKŒŠóá¿cù<[Ûãàa’Ë;–ð£2È°Œ/ëYql˜e*èçdX²=ŽÃßØ|—øåï²&,)^êÝ&‘üÆz—.çËþ3%ä{zÙ…|OÊ×|?VR?þ²ÄÉß=Ã´ùÎ¡åØ¿>_ÌºÈÎ¾ô¾×š¯ítüXAâ£b‹ìp°ö~¬©®®Œ.Ÿ_dWØÅ;»öXI}E˜3O›ë†Î°;eçÙí)ÝÙµÇ
êkV‘ûNáùq™Ý)kÁ®Íâg=ÝÙÅ¾‘ÚzÙvqÙÅñ¥Ç?Ev‰›h0»ÒïeÚË¤?Ò›C†7Ø2m©ÏÉUTh{Ë.®¿Rëa{¬ î”×_otóÈð½ýY 'Èš0¤(:ó§ã?}åêP6º@J²ú.!qTeIî©°ÞáK}õ%¿dMXÒåâÒñmØÎäÓŽ
n½ìÂz¼_àÇ
êÚñ0qž—²&§ZWÓú^Ž‚¿©§ìÂ~4º;ÃöØA=«ÇEv¾Éð\xeÐŸr/»²§	÷=M{¬¤~,”ˆ÷4Ç{ž{š„‚¹ kpÌûpòäy0ør©k@†ÿÙyðfÀ•ÔÛ&Tg\g8Èš0¤x¨Êð\òÅì+Ã÷ÕŸo)øõ²_1l•Ô‡ƒ¿ìK}¶x6A’dMR<TìÃ!‡WQŸñJéz8fxÊ.0<Ns7†í±’zKhÎœ-Ö’¬q/Uáx¨Ø‡Ã7bÉüÊ°¦óœX2¸Á+Éêß’äp“Å»š7–Ý›?ûRHš—qÈ5gwŠdoãÄ;õ±¹ÏÏQ.ç-ñçdM@¶(&Ú^@:÷
ç_á.VI²&,[ptŠÅ~ò¹™H¼Å#nìKø§=Èš°¤®RÔøßXžÍªuö9’¬	Ë$bQ‘|n¼XµÓE³Ë
®!K²&,[Ö6Ç¥ãcvº>VY’¬í²@ö9»S,*V>åA–Éçó[Êi	²úSYBåêÜø¸òêQ‚ø ¨š ¤p©Š’{0—“ývù9"B9Èš lqm‡ŸX^ñüÄF´i{Ë~Ý·XR¸T¬1²×8ÕýÊò=ûQúJ‰,ÃY–-®9˜'?/®Öü¸~4m†Ê±RdóÛ§å¾²(Y©ÍÆ ÊþÀ²,wŽ•Š‰V2¼‰pŽÇ%2(“dö=äySÅjÍ5VÖ®àQ*Ú÷¼e×åÎÁR•e‹jž-Ó^×X²&,©³ï{VY’¬­gØ9Xª²lQ­À=lvÛ/;XñÇDMHÒ-~˜î9v°§×u©èXÌ²ÖY‚£¥b
}ç<)\•‹$Q’”-Åß×U’ƒ¬>É¸q¬Ô#ÉñÆ‹õõÿ˜¤$ªO2²ßø9¹’Œ]Ûq‰àë*Éštºk2nÒà®'ùzEJSÝ%Y–s-«Ëz¾|Âˆƒ¬	Ë ¾*[POÙß±dMX¶;‹â–í¾ëqþ¯Ùêˆ$kÂ’b¥^©2’çG„_YºîZkIàd)ÉêŸ,ãÆ½§øÛÛ?”ëŒzùåï²ú­tÑq´TdÉž7Ð†åÊò=wááO[5X—ì}#öýÎòöÏå IÖ`]:Ž—zåçè8°ÁŒOòûÙBPá7–e¿¿r…~*/Â¶H×_Ÿ+;f9Èš°lñÒëU #{àXµ\f9Èš°l·,³dMX¶xéõ*ÐÑqy¶I.³dMX¶”©ÁºdX’ÕÎîõ*Ð‘=q°Ä•%2Â–dX²'Ž8Ùûe©ÇYãL[íx½«‘<qÂY†R»`~Þ
¢»XÏŽqpKþ¹Ÿ—w—OŠüòwYƒ],íè’laMœúþÉAÔ„d›d…K–Ë$Y’Q}M¶ &6É|Cr5!ÙŽ€â±ø;’ƒ¬I6ÙñzõçÈn8âàð+Éœ»whÈ­$«Á'²ÎÄƒòŠý­ˆçÛI?²¶¦‘Mv¼^+’ÎÄv™å kÂ’:qf.Ü­±dMXR¬TÌÄ
n8:,ÿ€ÉN$7<Ýuå kÂ’¢¥böŽÝpÄE·Ë[]%œló#kkOÙGtºüŽ%ÉÚ^ Šl²£É’Ýp
ÌÄ†¾§4ïÀ×M’5`Én8¢s×e7æuæåï²&,)^*fb#q¼\e9Èš°l‡@¼÷q[w÷e#%T‹Ðì¹“wqöh¹ŠRçp‰PR7¾>²ˆrP5AÙ¢¥.JòZÅ·G‚;w>% <ì[Ö¸ÖÅž9wùl/—WX²,Ù’'(æaa?ALû9z ÿ‚¬ËÄam†eî-@ž½„%YƒhÉÖ<º,[QœÏxeC·.·Ë.VHœ²YòÐÉâqê~C/® TMPõeÙN8Q°Œ’dS±in^VKà.K9+Œ‹ì¼«KvûÝÕ¥=VP§0©w›+&>ýÁll%«ÏÏ€Ã.²+N·éJüXI½ú°«Kyí+èNÕtu0,£¹^d?ž ˜<'ãœ9rŸß ™¼K¢;U¶Ï¯È3+åQVJ5øŽ²+OPLž“}N(°•'än«
§¼e¿oHG?G;êM¸‚\X:Ìr5aI1Q1yN6:~Ãeæ¼]\² ËAÖ„eËŒŠ£®,ókO+,Y–“tyòék?-k&ï’¬	ËvÖ›HÒåÞ­½dX²[&Ë·­.5o±KžÃŸC5`ÉÎ:	ïUóejHü¿Um‡Döë	ŠùV2ÖñâL”›¹k=Q&t-Q’5È±ÎL$võ3,Y–-\FÅÎW6Ög¢|Ç’d³td¬Å´Ôw,Y–-\FÅŒ+ë8lœ½Êr5aI7úër5`É~=Q1µS'ûy|îì#ldXÖYÓ×ü*Ÿ—O±dMX¶xì¬#ú‰ß¶>[7ÐÅ¡m‚¬	K:¢AK×­O ƒ.ªþÙ~ÈÒåÑ'3²M.Á#œEq¢ßwY‚Í£U´q»YÝ'iž6`¹$ÉÔ²Ø©'*&{ÈRÇb5²&,Óœó*ËAÖ€%;õh²Üùô‡»ëz–1¢()È°Ü9œáÝ«{•O9–‰—o²¶Vh‘z¢bânçöTØ]·íáLÜEþ´Y–ÔžŠêîÃ
ËAÖ„%ÅKÅd›êàoì2ËAÖ„e»Ìï9/³dMXR¼TeÙ,èÄ©Tß±dMX¶™É{ŸU–ƒ¬>ËÄn=Q/s—ÈX'àS¥+Ýn>ì C Éê³Ld¬S'N"7–ÏŽ“’¬	Ë/“^¶'±±Ž›Ê¤nïóÜ“%Éš°léR±Ïó>Räô^Šuâåï²&,[¼LzYØDÆ:Á€å kÂ²qÛë2ËAÖ„eT_—í (^1½²ÜÏTFT’¨	Év[¿#9Èd·ž¤×š•ÈV'lxUv$7Ð¿,‰$S"^‰ÆP~ºÊŽ¯~ù&kü}e¯]’íð¨˜KžÀ¡­ƒ kÂ²§F7ÓbB@«R5aI±R/›ÈT'bŸÂpÄÇÒGž®H²&,Û!PœÿvÏ¦¾)!M¼û]Õ%…J½ô]bO‰eyC	Ž#‚¬	Êvœ–éµïËç<²$kÀ’­z’^ú.‘§ÎÄq$Ä|¶æã?mAÖ€%{êÔ™ey^¨ôû…åØH/Éê›I$¶êIz—Ö¹êø‰r—ï÷ä jB² ÅVÞûª<g¨û‚I²&$)X*&|<ûà9Ü¥›‘úH	²&,iÈ2>X®²dMXR´ÔKÄ&òÕñ8Z.³dMX6:ñ,uûÂv 9h€d¯ÍEI¦:Ï1hƒ+ë/'Káçdõ¯m%2Õ©næêH<O#,Yƒm{õdÅÌ™êDÑ°ñz	(÷[ØæªI²&,[Žh‚q¿{f	"š>%Éš¬Ë,³bæŽMup¾g™å kÂ’l`ud™å kÂ²Ë¬×?™ÈTgâJ×qâ¿dÔá7v5aÙÎ€S7Ö×X²,Ù«'+fïâd—OÜ»¾æãê¹-Él|ÈT'aŸBç^ÎuÁdïYƒxÉ^=Y1{Ç¦:¾4»Êr5aé§ºïŽu¹÷,ñËÛwß%6ëÉŠ)ŸÈc/Å"øc¢&$ÛÈ2cÕ³Fr5!IÑR1áùŠöw)Ý¼˜XQ}$þ‰›#)N:Á.³$YÛ)y‰½z4Y’©NLðD’ÎbQDw€~DW%Yê1ï8¸»ø_6mòËßeMHR¬TLø¥ÎDWÈ"ÉAÔ„$ùÏÍÜçwß‚ªÁ–}z²bÂ'MšÀ^A‚–AÔd;ÿí3Û×%ƒª	HŠ“ª ) a¾žf=qG3AÖàTIö:E<F}…rP5@Éî=E1ÙCF;·i]P¦œ&%Y}?‚ÄF;ÈkŸ—ßù$«Á2±.ËÓD«ïX²&,[Pï½ÜYºþâs/—5aÙbeQLÜ±ÑNÀ›—Î™„L¶%Y–äl>3Rvå kÂ²Eª¢˜ì!£‰êó2ËAÖ„å\3ì2KfØç—gÿž¢Ø«EF;Ë,aÈdX’ÓNÁþ=–ÐìGÖœ%ÅKU–Ô·ŠS{ê<'ý…åx©ÿG–öÛ+ž“îæ9I•ÔãL7È2ÃAÖ„!ÅIÅäkáãÞó¬2<e-Rë.R®2dMR|TLÕn½Á{÷8ç»¿‚’lZeèïÛc%õvÇjf¿zŽZÏ×;÷òK7ÙEßÞè¶›#=vPgƒÍõGN:?RÜ»xxR.ü)³ì÷×bŸÿ”+ßãÀ#cc·±‘\Ð4X„ìÎ£¹ÉF'N|HWA²& Û)OBýÈAÓ$EDÅtyåÐ…‡Å®‚dM@Òo"2~ÞÜ££Æ[Óx{ZÕÃbåó¬F.ƒ$YsT6\šPà¶¬WŽ)æ{ttBDg_Í¥¸spÄ÷é£K	¥ãQ~dŸS°¡óÇÒúlo6”³dÖ"»òÅŠÛç¸‰Ôê~öDkñÙ‘Z’5aéç:z–	M“’dMX¶ YÓälŸá‚z/¿ì´dS«;—ñ±ÃwßÕ	”ƒª	Ê"uQ¶X†/Á.£$Y[gôÄî9x¬è*ÊAUeúÛÆž<U«àÁŠÇòIxÛÚ£<ÎÓO»Söëk=ðç8Öî(÷3ðüw(Ëš°lÑR—e»ãˆ=ìJ=‡ÆùÇyê§è×SÒ*ìü”#¨‰ùŒ+ÉÚ•”o£µî×›ìüÆÕáø¶qmÔƒúj¤ÓÜ¹.DM¶XVðZl^]ÁŠž²óÃ˜˜kÔ)4jÝ Å–ý7}W‚%uc8ýã­QYÖ„a;çí8P^õÓ¤S¶ËñQ~ù»¬v“Îñvà©ZdV<þjÄKM,Ãck¯,«Ý:ÇOiU	|‹'¿b?Côé¾®,«ÝÍJO¡Ø¨Ê’Âì+17²–Om²¬	Ëéè¸}¾­%=6ãÊ²&,)JjY±- ˜¡Ë¥˜ö<¬A–5Ø³²[ÎD“Î*ËAÖ„%ÅKU–ä–’9og†'?7éÈ²&,)°áol›äþK\~ù»¬ÁùƒMxªVQ’Ë+á³dN}S@xÌÖÉ²,É-çÖçòË=žzþ!ºÇQ7Ù…Ôy.÷ýk{¬ NqR•!4œ¥K[—~jAÔ„`sÉÁæÍêá­°?Î²=eëÁ¼Ý	ÒcuŠŽZõ+Vœ:C¦~,óÁpC?Ã)»ÒÖîmí±’úTkÎ2»SÖ‚EC­Ê)¶bœ8Mu`çWØ²ß²ó’z3Ü˜¥½ÆŽdØ±¯NÕªU±â±@Dãþv};Yöû	ÏßN2À™aX;_ülQzÊZº›ÓSZÜµ|uH‘ÆvLtåô,ýc‘à”µ,pðSÚ=Å–»ÿeW*²$Ys–-îZÅ*V<PÆ·ËS7Ën†å kÂ²ëÜÌxíü[µJd9Èš°lñqWÌ“ÎD'î¾¯.ñQd9Èš°¤ÙÉx.á*K’µt}h6/5YFNƒbÿŽØeWSA‡gAÖ€eä†¼.mN¿çÁþ-ûµëzyŠ—ŠU6À­in,û O.ˆäVÙþf›9y¬‘dMHR´TÌ““N7·Þ9ßEË}aY“UÙÂ®_-³dMXR´TÌ­²ÎËc'8Û€vÊçãâü©rå kÀ’}u4Y&>]ÂÞŽX¯—YAŸŽ kÀ2qÑ»¶î£`zvg—ev>ì¬³+æXÓä¬ÉXÃùMùòsˆ,ufM"–4[)¯²dMXR¼TÌ¶²Žx·÷ey¼Dw“]ÉØ¥[ÆŽ+©ï3÷v–²&)N*fîÈ 'Š~&wƒ¤‹dxÊ®0Œ÷¬ë6\feõÈðÐˆU†ƒ¬C6ÔÑdÈÎ7¢å×C¸]d¾©ì|# ™óšƒtž“eMXúö_³¯ä|ã'2v±s¨Oµ.	²çIv¾¯9|Çr5a’6Ë#%1ùËAÖ„e™ñœÐU–ƒ¬	Ë¤¾.éà§Ï’d-=!ù)Íiw¬²dX–¿µñz›bU¤°¥*ž6Ð³Œù²ç~AÖ€%9ßÔÇËãÌtzZ†Ç¹Ú²¬	KŠ—Š™tv¾‰S,ó
K’µœúÊO‰37^—Y²&,)^ª²l¿{è–Y²&,é ˆ+\Ë°Âr5aIñR±*BN8w,³dMXÎùµ.³Ô1l}~ùÊñR‘%9ã„¼ø-¨©â-kü%sœŒÍ¯,ºü Èš°¤x©XãªÓÕÊE–¢^Éþ83£ìY’¬ñ™¤r¼T¬‹?ŽŸ˜Ç¼‡nvDDŸ)AÖ„e³È/?|Çr5aIñR•åØŽ\—[èüÍþ9Y–m$žÎszpÂ/—5`¹s¼T¬qíÜ¶Š‡øæÚ}cáõCAÖ€%ÙådlP×X~Z“BD7AÖ„%ÅKÅÛå$hV¿Ìr5aIïcÓ+õ,A× kÂ’â¥*K*,ÂóeØ·nÃ†ÊFoYã|,ûå8Üß³Êr5aIñRñ¶ûål0BÇ2ÔÇá~²¬	ËvÄC$®,a—º «ÏÒm/õX:2Ì	S™/,wž–dõY:6Ì	¸N^ù“ÃóWïÑ7âGöë½Ï£oÄñŠ—zµhG–9öXkëR’5aIï}VY²&,[¼tz5/Gæ9^œ@ueé·óL2Ãr5aÙ§Q]²&,[¼tz5/G&:×¼–Y²&,Ûý$<¨g™å kÀÒQ¼tzuÇ&:âuý–ìc%Y–ŽGBÎä
Bêö>ÏI+IÖ`ïã(^:½|¬#ˆó±aß»©Ìœ/%Y–-°ae–ƒ¬	KŠ—ª,ÛA°àÞfWºóe ÛzIÖ„%]ôÀ}«,Y–/õò±ŽMt°—Ý2K’5Ž—d¢SÜÌùrå kÀÒs¼Tdé9qŠo[^Xz:‘dX’‰NÙfnÎ†³È³M¼ü]Ö„%ÅK½Üºó|œª“ÔŽåó}KIÖ„%¶™u»}~÷hÿ‰õ.õÒ±ÎÏ†ËU”"\’»N0'XD9¨š ¤h©˜Áó£{¹JStøs´°6“Y_B9¨ ,xa¶Ùç†.Y”ì¹3µ*Ë§ZÚµ	²&,)Xª²¤¨6Q¼ì,C`…$kÂ’ÂÚL!ú¼ä5Ãr¥—ÿ   ÿÿ¼Y–ë¼„wä#Nò”ý¯*"ànQ&®ŠŒQçÿÔUü5	CÑ›er_—â"€‹$95§@°I¢’â¸3”ò™")²Ü2ôù¯Ô`Óêi0X¦%Ï¤bY
Ëñ«åË¿¸Zf‰–Ñ1­®Ž;æôâ¿YÆ»i¨‘™6dý-ïƒ8î¬-ëåu´ÿlyÿ#ûõ}}|–¾,Ï°fûpÞY†ý²™ˆá–51ŽN–Â2žÚ¦/ø¿Y†ÿ!Š,÷ù‚ó_©Ñ2:–HÄs'š/ |Ç²“¥°¬=¬©ØüÊS,;Y
K‰—ŽiuñÜÉæôâw,;Y
ËÚÃqÞ,K‘ýzüàùã‹ÆKÇT¬xîäur-à‰˜Yî1Òb5b“~c#úC|Ë’[}ŠÆKW–ÕSÀÜ¦>XæKð§mÈRXVÏ³ô³¥`oYFøñŸ²–/Óêâ¹“7Üê3Ë²“¥°”¬)šeÙÉRXJ¼tÌ«‹÷N2Ýã¾cÙÉRXÖ‹à@¼œeÙÉX®/ëêÁ³´m5Öw) öC–+ž‘I›ç@¾ê–*!U Î>Ñ1'<i8ú4ÉØxw¤4þ²YÂ²Tž-ve§JAY£erÌà­ZbØa'Qv²”5mñÉg¥¨ÒWe–É1é#<Ñ´Íýe'KA)Qm$Q0…²S% T[ÏU)þ;ñÀ­”¥­u
É[”œUß´{uäf™Ú©	P¨3d)$k¨LŽÙ;qß0I¹\ãåõ¯²–±¦fpV}–e'Ka™>ó½_³¬AmèòiÍ+fÙÉRXÖéHÓYó;–,…¥K?#˜ î;Éô?~`¹a–,…e{h;Ïý¿¿£)CC–ÀRM}<Yîš2…’Öfð ¡*´!K`)î;G1õ¹ú›Ñk2?ªäÖõôIŽ5ßÁEèi”"ËõM»fLGPÆ4ÃRdé,%\:&Õwk°W=­ßì¤TÙƒ.Å|g3Ÿ5úŽe'Ka)áÒ•e­0âYè\OéÍº§C–Â²V¼CfYv²–êé“$j¾ƒ‹]w–pã-KÞcÅ|g35?>14›
þøOY
K‰—®,%e:Ð­>É²“¥°¬9ÓùÙY–,…¥ÄKÇb—šï˜O˜ÝY®Gã·âŸ£“¥°Lcx³,“Kúx‰—ŽÅ.5ßÁ-ÎÕ›òº^"ë1K–Â²š¡›fß±ìdýYFõôI~Õ®¨æ;©‚š.ïM[ý›$–¬ÿ›$q—{û¾LŽY²þï¯EõôÉ~‰õ(æ;{må÷£Ø?™“çšüì×,k$qõX?^ñzK¯`–>ëˆe—Ù/Å|'¤cãÖœ}Xv²–µ#gÀËù–ÂÛ@¢Ã’¥ì±5^ú²LÇ¦Øä
ö[¼4Yú¤cË2úVÐËN–ÀR=}²_:6†þ"8ÍÒø9Yÿ³Oó=Ü//?Ão,=Ö%ì±êé“ýò>QÍw^÷žeÙÉRXJqä~9Ç²“¥°”xéÊ²^M{Ç{>v_›	Ø¤Q
I™ÄÙØY’,…¤DK¿LAú$%#™#)¢\Oî¨Æ;ÇÈ¹gŽd'K ©~>ž$Åx§,¸tùÎóèÏ‘ogØþÍÒ›ìÌ›¥Ûç»³õŸµÔÏ`6ðvðúŠ¥aøœ°d	çõñÉ~¹ž¨†;¸Ykšá%Ë`(Qú3ìd)%6:æx¢Nwà|]Ø¯|ÝGŽÇdxÉÎ0Ü?ÖÖR»CÎ2ü‹;¤:÷ÇÜŽXìä/Ñ°5v/	tÅX²„¸õ‘·çXv²–jÝSüz™£xìdÓ›ácX$5¹‹X²–ê±3ôâÅr·K“qÆ1d	gµî)Ž¹¤ÉÑ¾ôv]Â;¤!KaYšùhJÇ24,Ÿû-YÊº¬q²øõgEqÙ)>ê³,;Y
ËÜÍ'þÃXb½jßÉRXJ¼teYÛÀ[Ò«½ŠxiÈRXJó>¿Î²ìd	,Õ¼§8ævÞ.;ø®®ù™‚ìÑ,YË·ËÎ©ÖoQ®lÿ)Ka)ñÒ•¥¶–í}2 üŽ!KaY“£eÄ¼gKÍºçØ·,·?+ªyOñëÏŠYlögÙÉRXÖô¨ypûŽe'Ka)ñÒ•eÊóL³ìd),åA­Ê9–,¥š÷x²T—³»–%|?Ï’%°—#¦óLýËrM7–ÆýÒ%Ü/Õ¼§8æÐ‹6œ÷™eÙÉRXJÂ¯Ëãµl3,å~ùõˆ%b)ñÒ1«.;ëÀû©VÝèÑÏ!yØ¯ï$ðç3	Ù_å÷r¼F”DneG“ÈÇ±žÿÄ/Þÿþþ³†ºÄIW†õhº2|Ç°“¥0¬Ítò¿1á7“õþ€£Éð’gXÊòÁPþÙN]Íz<Š«NÞñŒÈÞÞ'ïïrYCµÕ‰07pþ˜KùCûã?e	{ªºõ¬Žu±ÕÈóä£éE/Û¥ñ'ý–³µ­òYÛªÿ¬¥^<ã„xõén0Ÿa¨Ž«êÒã‹°Æ¯-õ†0Þ²]&ÂK–°Înà'bfvª„5 ­Ž-±Ñ)ÞQßV÷Šð>Ai"Ùi„}—ÀùÏZêõYI˜Í™EØ©ª+ÏêXÈÚôá9„çYôß²„ ¸¾'ÎoÏÍÇGøñ.ï‰ — èØ¤¬:æÏñ18¹_Úùóçèd),k6's¦Yv²–]YÖ0VXÆfk`ÙÉRXzØß{õÀÃª!Ka)aÒ±(¹é-7DÎ²ìd),ë-o 5Ë²“%°T_žÕ±¥:#{lËrC—HC–ÀRt6sSùd¹äq–oYò%Ry|YÊÄÆ€÷Ù$ËN–ÂRÊògÙÉRX&÷uY«‡æ\ÌeÜâ•Ü>v–,!a.:ëÀË­«vÞQ¶ß%ÜIÔ˜gu,d©ƒŽé›úËN–ÂR²¢x]¶,rˆ²d	,Õ˜Ç“¥8è¼Ç~²Ú†,¥8èìÛH9\U¸càãÏÿNcÍRâ¥cQRtòüŽN–ÂRFX–%X–†*¥„KÇù1Ð)æ{dß¡ìd)(kñp \N¢ìT)(%Zº¢¼²¥­ñ:Ã"/fK”R&9Fš—£ùx0aÈú“LjÊãH2©{Žékó/’Ð½÷G”Û†žÄ;g5ûlßÉm=îyÖ’õ¿$µäÙüj[I½s^ž#)¢ÜÉ$Î9»é&ôÉN–BR¥_Ó@Rçs¦ô(ß×±1ß0K–Âr0[ÎkbSŸ{Žò–,e­‘ró+W&qÎÉæ<âw,E–+“8çìf÷Êw,;YK5äñÜaÕ9ï°çÒ<®²¡Ÿã-KÞcƒ>ü1ò²ó~4§oð‡hÈRXFçu)Î9‡Ä¿ød¹†<Is†.#s,;Y
Ë/}YÊŽ—KjX¢è-Y
Ëš0ŒeÙÉRXJ¼ôëIâžSÌžÃïXv²–5°m#xs,;YK5åÙüú	’¸çä›ÐCÎ×Ù'!#	K–ÀR\tŽ³Œ¯õ÷B•P}äG–œ'PsžÍ¯Ÿ ‰‹N1;Øî,×¦=eÌ²“¥°<Û^ýýòÝŒM
H	–~EË¤V:xƒÙÉR@Ö¨¶,Ê-4‹l°†,…¥K¿BWRKÓÎï;–,…¥dLqÒg–e'K`©N=›_¡+‰¥NÁÍww–è
K–À2©å^—©iØÊí±†,…¥KÇ¤zlò™f)²ä`©–:IŸÜ8Fet 7T)(%\º¢”¤©ÿ²ìd)(¥¼8òVåÊN•‚R¢¥cZ]u¢?ÊN–‚rÐ×nåØÚ%µéñD)~:Ùt@‰ž¹¶d	(ÅOgÛG¬Ð®›%ì%°d),k°Ü³êâ§S6–,…¥Ü‡XŽ÷…X²–5ZîŽ™Ø<ø²ó4Ë?xÙ9‰ŸÎnº²¼lònS†,…e—¾,«ŸŽ™˜þŽe'KaYßÈx~b–e'K`©6=»c&Výtp—ÏeD,ß²ä£ÏÛO'
ê–Ùœ}À¹Í¥°”xéÊ2Ö”3ìˆk[…Fv“?²Ü'ñ’øé7’ÖR"£ÖAK–ÂRâ¥cV]ýt
^—¥­vTd0d),ÅO³<ÿöö–,…¥ÄKÇÄºøê¤ÇËY–,…¥¼‘…Ï±ç·¤†å³¬%K`©¶=ž,×Á	’;ËëYKñ×9¦n,#biÈRXFçu©þ:æŸöåÖ<Œ¹†,…emÉ	Øžy–¥ÈÒ×¥ÄKÇ‚—í$óuäïX&çøsT¿ÖÉu¹ãM¥“¥°”xéXðZõ"»)§Yv²–5°t¬—ó[–àìó–åÚ¦'uôÙ«$b½“±)S8Žæ~¹¡+š!K`©Ö;y¤kk»¦Út¡2d),%^º²ìô™e)²ä;‰Zï`¯´i–,…¥ÄKÇ:‰ZïtàíÍôAB#—–,…e½š›Êw,;Y
Ë/Ç:‰Zïà'd§Yv²–5°4nÍ²ìd	,ÕÑÇs]ªõN(E/Ë‚~C–ÀR­wž­ü`ùìfhÉRXFçu9êè—6q?øcœamz˜bŠ¤È’3ë»{´Üµ){M,íU®ÉN”B²^¡g)¦Hv²’Þ±r×K &Ú©Ë€¦»ö?¹[ªíÎÀäÁ,ËN–ÀRÝ|<YÔ`þîÆ2–ÛpxêCöÿb™ÐÏQ›rFbå²6—)Px5d),%V:Nw‰íNÁþÛÓ,;Y
Kia‰–s,;Y
Ë-ÇÚ¥øîÜß¹÷aÙÉRXÖÀ6ä²5Ç²“¥°”xéÊrðnYÊ•‹w—“¥¸|}ŠE,»¤©K‘åÖH²:ú~õ®¬æ;¦yîËÖ¥%ëÏ2/j'0âÎÔ°D}Î–,…¥ÄK¿zW~Ûïà<Á,K‘ýzX±Œ—éu\Etd}bÉRXJ¼ô«we±ß©wÍ²ìd),k`þ,“Ë«ˆ¥ÄK¿Iû„ŸušfÙÉRXÖÀfZÝ~öà]uèxÜz
ìÿ”ý¿X>¼ºú~YŸ¬ö;¸§`)Í³‡ñnžkü†,¥Øï¬®>-Ë3^>ç
~d¹5’,®>añËd±ßÉxþ`‰Ûå®fÙÉRXÊ³!¨/ë+]¿ßöÇÊRÖe-O,~óYíw
º_îÇû¹<ù9Â‘ýºÞŽÏd³<CdlÄ?Þe]¢¯•·Å/ï“ƒÞ/Ñº<Y×º^—,…e’\QŸs>B3¯w²Äÿ)K`)®>®,Å~§À;É~äu"W`ÉXFuWÇ,S{öÙ>Þe$}¼ÄKÇ=VìwVh 2ÏRfIÈëRxÌ qg¹4ß¾¢ei¨RP&÷e9ôx×~Tó±ßŸã>aþ>wÁŸc¤|YQ{Ã\IY
K	—~#^9êÌòhÚ÷-7ÇØ–,…¥ôäàcìÒà†Òi@&•Ž Õ}šmÝA†ŒÎ°†,¤ºïÀ9’dB M
Èè¼"Õz6Åž Ë•$÷¼´ùst²ò¾JL‚ì4) %LúUº²ï¼"KiVäÝÒÚü9:Y
H‰g¨3dd§I)1Ò±Ì¥¶;ø¼³ç­Á"¤!JÁX£L¦×ÓN\›%þøOYÉ¬AÒ±È%®;É¼“ÝI®¿?FØPˆ4D	$³ÞûdK²|ü§,…¤DIÇ—xîd˜Jß÷°51üY¿EÉ12k<¹ä*¤DIÇú–îä‚<ÿ¯]óÏ¦/Y
Ê:àqŒl¯S(;U
J‰“Žå­¬!µOîÛ¶6(*U²”ÒàþºoMÙ9&Ì²“%°ŸË[Eƒ>ó,My+´,YKõÛ9`ºnß›2k¹µdÛß^UÉ;¬¸ø„à˜®»d6 ~ì°árñAÙÉRPÖ°f>.ÿ¹,·­9À‚Û°!KaY£epL¨ÝN×m{¼"NÈ({iÈRX¦w-a¹Ï°ìd),k¸ôeYãÚŠº´N–é–èùC–ÂòŒkG†‰ž“ejPÂ=¥S% \5Z:¢·\ð{CYÐ²4d	(Åmg³(ÁŸ¡¡JAW¥˜íØŸ>²“¥ ¬`àPí¹žæLø¾X²„­Õ=Z®cžwó,}<ïKÉ–â»ehû`3ðc²d),%Z:fÓÕlg‡©»i–,…emÀ1k:ÝºlŸ{ý‘%³Ü4\:²ÜÃe-qýÞHâ†Òw†,¥˜íìEçt†¿_–È¿ðG–;3›7—ŽÅ1ÛÉÛP¹rŠe'Ka)ætxÍ¯+§-Y
K‰—Žå1ÛIæcŸ]cOžùÓY®/A³5á³O~•vnœ}Y
K‰—Ž1Û)’t¥MVt?3D)«²Þ¡+Á<ÉN–@r×héHR¬vÒŽS±3$QI5Ú1MÁº3ìÑì¯ÏF'–,…¤ÄJÇZ×®=°h^v–¤ˆ’ó=»öª¢iÙJ²L‘ìd)$%Rº’LCéÛ¹-]©ÌˆJ]oYrV¬vŽ'|×Å'$UBÂg×@éŠ²Þ ÍÆŠ;Ê˜nCy Zô–¥/K)/âòÈ$ÊN•€òÐHéX€>´ºˆ3ê1^O—Åˆr†,å¡8ð.²ï¯PšÃ7È²„Vü{Bt,@‹ÑN2Gúo,×c{­K-Y
ËZ^4‡]¾cÙÉRXÖhgÔh7lï™ÊÁhiÈRXÖ„©i>ôK‘¥³¬áÒ—¥tãÀÜÝº¯Íºx-Ÿý|–5a
œgÙÉú³,âß¢_gHYÔôæÖ£aP·dýY–EÕš[—°IÝ’õ?û”Eã¥_­«ˆÑN1S™gŸr;û<c-Y
ËÎÆõŸ,ÛÎç`oÉRXJ¼ô«5Ú1Ë¸Ý•¤=û<÷"þÈr)‹í˜†Óß±Ù¯ó°èã%^º²¬)Óþæ°Ü†eá6ÕÉRXÖ”é@SìúZbó‡ˆ?þS–À2h¼tÜcƒàôe µ.K–À2è£Z0ƒ·—WÊÍÇ?ç
~dÉñRý{<×¥í$sRñã››;ÉÚž~d¹uËò6ÚÁë²¼öÜ|üó!Ü’¥°”xéWƒ.AÛWaÞg-ñvŽÛ”!Ka)Pâ¼O¾³Äÿ)Ka)ñÒ•e…”ñý25>!'Ëç\Á[¶ãåù¯”×‚‡ôös[=šgC–ÀRý{¢_?A£ýa÷u9®;I@~w–,¥í/—æ]ï°£=Ö¥°”xéW….Qg#!Ë²6w’–,…el¸£`š¥ÈÒYJ¼ô+yqÚ)æc,w–·¼ª“X²–µÎ}(çYv²–/]YÖÄ)îÙªë²Ì¬ËN–Â²&Nõ–æïp e§J@©>Ñ¯|Y’æMñ²,­óKB§C–€2é”0\nG3zp²¹dC–Â²†ËäW¾,IïðJRrlXFt½4d),k_/§Yv²–5\&¿’WQÇ<@[r“Z‡ÖZ–,…ekì™fÙÉRX÷uYãšù:äån,AÈ1d),k_Žù¾üw,;YKuóñ\—b¼“7X&¹³DÏY²–j¼ƒ[cO–¡Í?‚s›!Ka)ñÒ±­Ö;>ÆÎ²ìd),k`+#W’Ð–I@€0d),%^:–IÞÞ;°LòÉþ,…¥Üñ9vol›Ãn†,…¥ÄKÇ2‰˜ïìéSr¾]B–,…åØõòÜcSknâ¥!K`©ž>ž,‹6|'yOÿÀýÒ%°,ƒí>w–hzÂ’¥°”xéX&Q÷ÓDîÎ2l¯}†e'KaYÛ€yÈÒœcãŽÎ>oYî“EM}’c™DÝwàS2ó,;Y
ËZg„O¯ÕxÙ4Áƒ›!Ka)ñÒ±L¢î;¦™ÊË2C²¥¬×@üÈÁ4ÉN–@R=}<IªùÎo—oïíŸÃ8ù²–ê¾ƒ›ðj´¼:•Ô©dÈRXJ´t,’¨û¶M«,ãK‘%ŸbÅ}g¬à•¯ÑËL
,YBÓºšú$Ç*É:šeùÙØU½êð`Ð,ËN–Â²FËì˜]5°ÁÁ i–,…åØÖa’¦4%àR`©Pª§'J5ß1íªP„Ò% TóÓáÿß(ïóiJC•‚².ˆì˜WßFs±ËÒ¬I0HbˆR@ÖŽ³{ð+UõûD,YCevLª‹ñNÁó]“ ;Q
ÈÑ&‚&Avª'3w›–ñ™çÜ*Q
H).Ž´øLìT	 ÕËÇä®ÏiÁ­5§¶• vª²”ûà¥ò†2ƒáYK•‚R¢¤cV}w°ñ]Úã«-ÆƒíÕ¥ ¬‰›‚;|Îÿª}œäYB~@í||Yž1m]àþš›’zÛ¥LŸóW>$;Y
Éâ¾*kaÑ¼”ÝWåšU¹¡ò­!Ka)öçxU¦óGk2°øã?e	,ÕÎ';ÖEÄwgÅc])…¦ö¼¡s!K`yü'œ1	;3mµÞöËrC5®·,¥DKW–5UŠGÚóÒ¦ê»3d),%UŠ×å,ËN–Â2¹¯K™óÀ{ìÖ¾¯³v†,…¥ØÔáþžðZÛ÷ŸA¼4d),%^:V¹ŽÁ~Ø”—Û×å_ôÃªïN‚ØÚgÖ¾Ë*–†¬7Ëõ?‹Úùd¯*—*n¯l¶®ý›åó;O¶ª7JýWÆ
–¡yÞ2¤ÇV-[–‚RÂ¥+Êš-5ëD—ËfBo}ÜaU3u§ÿJ~mxúD¹ŽKØ²”-½vXU¬ùRØ›R3=°*;U
Ê±,ì‰²Œ¾èxÉ2½|ä_)î«R¢Þ`÷Ø¼¤÷l¡bËRX–Ïî¸].—öõcÈ²“%°T/ŸìÕF Šµ°ˆ>û}žìR†,eÐ§(!ËõÜR~ÿÇÔ£­JAYƒeñ*=«b-÷ÃeÛ.Ÿ]mU
ÉÕVX°\Ïßì÷Ìöœâ°U)$“û¢¬M8.Ê°ækQ>ÏƒÛª’5€›S/Ÿ$÷$ü#Q:Èâ¾$ËPº'ìåZðºÓ¤`¬^;¸Ck¯#_A”4T	ÕÁ§xµ‚¨b=fÂ®ž¸l»Ä³Kš-K@)V;G‚)Øs3YšÝû§*¥w”T§3‰y_’¹1
y®<_ªä()F;ëï!ç¢,ÛE,JC•B²FI_’õî‡ç¸BJ×«Š’†*…ä˜{Ï,Iºyü+&]·×ÒpƒÖ,ÉN•BRBL¤—ó“®@‰¿ýS•@R½{ŠW«*Öˆk"Ëš/Ž /þ$JŠÃÎŽ´ZÓ!xÞ1D)%Hzõg©âHûÀvìñZÏ==¶*d-'šoRÝ@æ½1ø]ÑÄP¥” éÕ¢Š#'×í8ök|C•B²æGñsÁùhî +ÞN:U
I	’^åfU<˜xÔyYÖWsd &ýIk=ÃéØ’3ü%UI5ì)Ž¥uÖ1{bî$c³»Â_ã­JNïˆ±Î¶ÂËdim‰3Ú]U
I‰“Ž•õÕ‰ð¸âqY‡(;Y
JñÕ)žY”’s%ßAÔ­ÇwQÖ†çœ§Qv²”yy-	^'ÏKHc»¢à`ÈRXJ¨teYC¥i’òËòÙ@aY£šùRÊw,E–|ìQ·žâX[bþi?°„e-C–ÀRlu6\ ,GSÖ¯QÙ²–.]YÊ+ZpÎy9b“F`ÙÉRXÊ+Z8~sëÉ˜e'KaYãåê˜}U[Y†¥µ‡›”!J!)}70e7M²“¥¬ÑruÌ¾Š­Î:pòÉKózrÀ«²“¥°¬Cx‚kše'K`©n=«cþõm«“w–Ï/•ýÈÒ³j«³àòÖåó›7¶,…e–«—¨*Ö°†/—ùž±e),Å+ ÷Äó
úóñé>ñ9%kËzOÉÊ¿"ÑÒ1¡.¶:ëŽo$³,;Y
ËÜÞüƒeÉÍº†,e]J¼tL©¯š2Å{lÜo{ìÓèŒ-KaYÆN±³,;YKµëY“êâ«S:ín,Wôs²–oc‘¦É£Çf†,…¥ÄKÇ¬Ï6øôsLÛÕ5™îMZFÈÙœn—Ï!G¼uŽ„ï$ésóñüøOYB¼TË_–ÎÄm½¹ŠA–,…emÃ)“,Ã£Ù‹-Ka)ñÒ±H¢;8ƒ÷t}€aŠ-Ka)>txM¯5Î°ìd	,Õ¸guÌà©ÃN€çØ;Ër;Ç?‡!K`©;ëÈ96·gpp3d	ñR{<×å®æ}¦YŠì×&Lˆ¥\ñ[Ÿï›aÙÉRX&÷u)‰S|'Ù›§ŸÓýIv“e'KaY§;††Ž½9Ç‚¤!KaYãåæ˜Y“Õ|¥õcú§5(^²–cùØr¼r˜aùùXõîÙsëb²3pö¹³Œ·+šÁÒ%°<4°Á|lÙ›ñÊór’É†,…e—¾,%°°Ü›=6¢=Ö¥°”2#nSŸeÙÉRXÖx¹9ÖIÔd'Â\AÛk"fÈò>b²3Ö!²­KPó2d),%^º²¬‰SÌrÙ·’(…duØñ{¼–8-Y’A{6¿ŠWXF{}–pËà=yÉÛ²þ;lc r;ÿ«¦ÄóÌÒ’¥°”héÊRLvà)vY·ÆY²þë2¨ÉŽùÕç0ÐÖ²|Î¬[²–-ýª—A]vÌ	âïXv²–õh¶D|¶9_³'ËçfP•ÝaKÄ×,%ZúU/Ã¢m oëh*^¨Ï’¥°”&V<G²½–­aùÜ!ò#KŽ—jÞ³ùU/ƒºì$˜]¶t‹—Ï<K–/ÅfgÃïÆÔÁÙ¶%l*†,…¥ÄK¿ŠWzÄ,czµO•=ê-YÂºƒÙØ’^Gûò3ˆ—oYîølPÿžÍ/³‚^Ñ9v;ö+Z>?Oo‹RHÊtäÉx}| J–,…¤DK¿¼zP³Sì’ðÇèD)$kÊÔ,¡GRd¹¦…A-|v¿¬z¯ü¶Á¶­óö`–,¥šíàIèš3Ûóëã—*w~6¨…Ïî—ð	b¶S22~9Q¶/=<'|,Q
HéÇÁ#í{û ieKK–B²J_’ÓÐ¡g;–¦e_,Y
Ë:yÀVÊ\^ÇÚzÀ‰Í¥°¬¡rwLøˆÝÎŠ=û±\Ã]#ëRd¹íêAýv2fÙ:‰ÆŒÿ;YKµñÙ“j¹cnS,pYK5ÝYa	úÎ2¡HoÈRXJ´tLˆë~4ï¾Ç¦” -YB’@lwvì®•÷×6ƒ²S¥ ”pé˜#Hú”ÊÃnÇû©¼ŸÎˆ²“¥ ¬í«æCq_¡UòVÝ|vÇºù˜÷ìïPŠ,9u'Æ;Û½ÒfQvª”jç³;æÔx§ÀCì¾5TÄ%¿YB°Ì:9‡rA÷‘·*¹h©~>¾(åˆŠ#Û^®AA‰;C”²Æ4ó£;È­}4Y[²’5TŽéõÝ1{½?HÞS&àrfÈRXÖ –¬ÎìïXv²–5Vú²”|)jTßöšM*ãŸ£“¥°+YN³ìd	,ÕÎçpÌø¼}wp°ŒË«m×ëÒ%°ß‘=¶´->è#K–Â²FËÃ1ã#¾;ÙìõþØcó«sågC–p†Ußs"ÿÎr}…6ØƒÇ[–|òQ;ßuY›™ ûØcËå³_ƒ%KaYS¦æÄÄKdcÉRX÷u))SxŠ=ÿ÷j+$p›êd){l­/ÄËô
©¹\‚L¬!K`©†>‡cë:ï˜Ï•}°l³„C?²_·7?¯KuÞ1Ÿ¿ùdy3› {¬!Ka)ñÒ1«®Î;–,…e-1š¯ßYæ×Zš ‘áÇWÙ¯×%úx‰—ŽYuqÞ)8·­ëmþ,…e½Ø[×åDyÇ¥¬K‰—®,kÒÔœs»³Ìéº“ÀáYK–Ârìñçi–"KŽ—jès8–HÄy'o°Úµ-å:ûàmÊ%°çc 
Ïð×l*Ïf–,aUC_–5°™!çÆrÝÊ«õƒ?G'KaY›ùçeÚ_{ÛoÚïYÊºLîëRf÷ÛÀ%¸“¼e¹czAœwv<B2Í²“¥°”xéX»çþ»5ì¯©Ÿ£“¥°¬-9x¨}še'K`©†>‡cÅKw
¬“ÜXä¹jÉXŠóÎaû;Ë¦†~îý U`¨RPFçe©Æ;+L­¯íLûÊN–‚r,\æt½]í|~TÉ-jçã»*»°æƒRdÉ¼]ÃÚPoe§JAyË¸8/Åv§˜cá7”å(··H@ýÏ¥ ¬YÓ”á¯ÖØaÈXŠ›O\ü`Â¡YSÌrßo,Á!Ö%°TÛï°ùµ´ÅKP$yË’·Xqó‰‹cÁë"Ysóü7d),‡‹—ë•±ZP–Ã%$
ÄÍ'.Ž/±ÝÉlY÷£i*XQ¸4d),%°/çX¦ÏåNa)ñÒ•e­2&¸Ç®¥ÙcÏ?[¸.;Y
ËØv/gYv²þ,ã¢ñÒeãlšŽ=²|>
Z²þ,£ïì¦=jwŒ½6ôL§%ë/ã¢ñÒ¯Åx§˜uù‡Äz"?²Ü"IýWÊùŸà7¡Ï3xkzYŠ,¥ÄK¿‚WTãÌr­+e>[–,…å`ñr{Å¶Âó<9aÉRöX‰—®,k•qÇ[³,E–Û„Õx¿z0Í²“%°/YÍšÎ­K8…ú#ËMûœÿJ¨¿ØËsÿ|>„[²„=6h¼ôËÆF1ÞY3¾“œ¿ÇÅrÁ?‡Èr=Óê¿Rç–1ËÒ6°ìd),%^ú/£ZïàÞº¦WÛÃÿ<ðfÉRXÖÀfŸ|ÞI˜}TÚÍ²¸¯KIœÂfŸi–,…eg¾ãÃò<}¢xúÄà—[j¾Ý™¶R«@ã{¬!K`%°Ñ¦×‘›û%ö†,…e—Á/·ã`³O)ùö
-øÓ6d),ë_ØÀí,ËN–Â²ÆËà—[ê¿c”Ç²“¥°nŽcùÍ±Ql}bpÌá©ÿ>ÇN³ìd),k`¸“Ì²ìd	,“ÆKÇžúï¬˜e8[Ÿ€ò±†,eÒ‹ ntŽ­_,<û²–/ý†IbÒÀ÷Ø”šŸüÓ6d),ãÐº<Scƒ‡:·,Y
K‰—®,Çâe
ÍKl°¯àG–|öžÝ,ØÝYnwKÃçK–ÂRâ¥cOxÌ™·;ËukXnè~™ú4/…ekZ?Ú—eÐ€»%K`™5^:æ}²&NaGelýÕÃz·,YKñà9ø†ÅeøøOY
K‰—®,k`Ãf!Íº,h]²–µ1÷nÕ·pÖ&@<7­[²–É}]¦¡sìrl×96Àô´!Ka9v¿¬w¨ëãÑë]–,…eq_—’8ÕÍð   ÿÿ¼M®ìºn…§’lýÚi½$ýà!idþ‰EÖÞ–MSºæºÀmà,×©¯dJ$µø´.ërž/¯Ã8“(²–ÔÈjön5ó»½ûðF¼üÊ‚×eæxé˜['{j{]Â:þ†UD$3{¡›$×ÞÏŒôŠ*d–Á1±žùh5”ýû^úAiœÏYJ:š(/ŽÊÀg¿«BP¶XóêäÀc÷‡”ãŸÖí{ÌW”"AÙ‚šê)~]•éSûüYË+}Y¶¤©¹,ë²uù;;ç£ÈBX¶’ª+Ñ•å±ÿ>ÇÍ[c­5Y@¯û¸²d»gýÎÒˆ8Š,€%9ðì¶-÷-Óy3?XMgŠ,„%…KÇzW—ó,ÿŽpY(°©â¾.ËJ¡
AIáÒ±ÜU8®™i‚%u-xö+ö+nY'žM§rEy|ÞÞ£Éd)d!,)\:–»
Ö™m[Ó,…,„%Ýù0Y¶2§!c²Â¥"`Y9\:–H*×Í«$w–FÖä+N°:¡ü‘å³Qª&aIáÒ•e¸÷–ëiõeéZðÌ”"aI–6Ëå“'îÁ(²–Ñ}]RÑLù¬[øô6ºF*V‘…°¤œ©¾[?ç|Ç˜¬x©ÈBXR¼t,]²]†¾°Œå²U¿!¸JR)°E3UÐnuýîc`a²² –ÇKÇ´:ðØ>xù[á¯Ã<m+² –õäØChcü¤ßwl
ÖQ‘…°¤xéÊrÌØ'ÕÜùÆî†Þ,œåX¼ŒÝì†ãwh¢ü;ÂåÆáÒ±BB<i7»œÓñŠ];”æ×A²à›—lÁ£¶œ½B)T!([´ŒŽ5’³¦þ(…,eËšª“ä®(ÃgIÝÖ¸x©ÈX²±'Kvà±w>–Éš~ ÉXîÖÖ–ëoxh.?Ö‡²–-ZFÇÄ:;ðlf¦`š¥…°¤AÎöÎg–¥…°láÒ—eÚÅÞY>;sk²–q¨HòuøÿAiþ…*%…KÇÉÎ¬ö¤Ôn÷0ðËn²;ü;f²~.ÏáG¸4xŠ¬?ËÈ¾>Ñ¯HÉ€'«6G,³ñÓÖdýYÆ…ÝÐGe|]j²–.]YR\³]ccW»L–Í‘&ëŸÀkOiqÍÞú¤Î§ eÃoK“…°Œîër,[B×ú4ÂòoHÆF6à¸G2ËRÈBXf÷uÙ²¦jË·¸wÙïŸ—š,äÛ>•jdóŽ%Éb{}"ûúD¿Bt$ž¤¶	ÿ™e¶†’h² –+Ö$cËñ·~YîÆÆíG[ˆŽìëýŠ$‘x‚É²–õ<’äë>6i_‡ýK,“õu¤!ÃüY–BÂ’â¥_ñ2²jøŽ¥…°¤›[ö ‹Y–BÂ’â¥_‘$®|4÷±W–ñrDSY
YËvT§ã¼c)d,Ù×Ç“%ðØ÷»jéš}¾±óçë¨òëèeÿç_ÿüÏÿº}ÿýÏÿþ¯ýÛ÷ÿüÇÿþ}©1¬ùÄûßÇ*ê”/µ×cýÄ~ó½?3Td!)NúUº"ïØ÷ §ž²†tð3ýµ¦
YCŠ®[ ³½Eï7‹á)‹`HõD›áv|†_†›Q-×d!³û:l>õ
Í•a.g®n„!É®¯¶Çjêidpð4C!`È¾=ÑoP$ƒ¢Z8^}aC7«âÆPÙÛ°¬iáøro)1ºÛÞÛËñ{êÞ©ÆÞF‘…°lq1ù•š#ìlæ™cš¥·–Íìc`Ó¨ý²,FW™&aÙâcò+OF6Ø±KÍÓ,…,„ehÙÎ—O>k«ÉèÜÕdýïVFöíñeI‰Q{¯SkwzÌI!
!I=ªæU‘+Éh“² ’ìÚ“ü*Í‘íu²:'Écë`lá¿¢¯ß¯Ï¯(2×é°KŸX;’ÆûU‘¼_Ù³Ç—dKŠVóýZsêÚ?6£§[“…°lA-Ú±2ŸÍôJ£~£¨BPF÷EÙbš:ÚüŠ2tÇTí_¶… ¤YZvzn¥P… Ìî«²5;+PöÎ±ÇÞ*²”ÔæPZ=Ìš* %ö$ÇÂ${ë¨¾Õ·]Ëï¦g±RæŠ(`Ó“Ù·Õ•ñSs·(8Ÿì`-’*KYl­£:ª¾!)D!$›:‘á¾$Swyö¶ÓT»WöëñÛê1¯L‚¢íÜ¿ÛKr$©bš#›õ$ÇFÌg?{†÷H!
ÙÂ™Ý"yùlg¢©@²S'H¶ÔÙ&’ž Í"
 É†:×	}£®±ÝùÊ‚{wØ§'9Ö•ÙPÇ6¨1võ¬zéÃRj!¥»2S)÷ZH{¬¦Þö–CáqŠ¡…0¤øèÊðe5Øuå.W‹!ÉN×$ÃöXE=µ¡<v®u–!Éb"ó$Çšdá(f×$÷½ë‡Ü/y•á);Ã0Þ¶Çjêcùœã:†Ïw‘4Y C6äIŽ5IvÎ±½^·ÐÍ\/»µÁQdq±ró©iüqeY-–Š,„e‹‹Ù±&IÎ9ÅÞáL³²–4Trr]°²–->fÇ:;ç¬fJgK‰K]¿WMp¤rñÐ®dÍ²²–-Nú²l^ ª“ñ•eìö:e·zèzÙ™8nq’«©·K#w²æ
Y C6âÉŽÙrvÌ±û¯¶shÕ¶X_†"
È•o-œUÛôB²š]XŠ,„$EIÇd9ûåŒ¼YóY÷a)d!,ÛÁdà¶@ºÔ}xãj "Èé°/ËÎìÛuÛ¶žöX›e¡ÉBX¶ŒèÀ¬ý“ÒK!aIQÒ1cÎŽ9¶IÄ4K!aÙŽö4˜i–BÀ’x²c®•sìÛuW–fUO‘°Üéø§Ú"\;]sçp_£á7ü#~Ç²/Ëvü³û°¶œÏîÍò˜Òd!,[z4Ù,—óD| 4NQ_U8J
—ŽI×}4\–pAil}YÊ–%U­£_¡ª”-]QÒáÏ¬/o±\v±ÏV6?²`ï–}ÐW`¥PõG™Ø†'û¥ÑÓÂ6f)dËë™Fß²Ñˆ¥Éú£Lì—“í1ëkçtV-OMÖÿp™Ø†'û¥Óùåµ/íÂr_;‹ˆÍÓ¤Éú§íûåT3>ÍRÈBX¶hYüÒv‰ürÊj¿b·|Z*mÙèŸÐd!,éòÎÈ˜õÓG»Z»6MÂ²…ËâWIì—3°.—®f³†j²–tßÑL§ër/Ýº|>Mi² –lÃã¹.Wî¹1x–u7š, ^®ì/g[*íÝØØrí#ktšì_bùX£KlÃãË²eMUsÍ[26žïØÉ,œelj–ãK!aé/WîN5/L³²–-°%–$ûúxi±¤xéWîJ+Ÿídì,K!aIª#g’röA\­AU–BÀ’mx<YÎšÚ¯ºã¶•õÑd,¶¡«êçý²\Ç
KEÂ’â¥Ÿd
œ5µë¥ž¼j9k²–Te)’t,£õŽUd!,)^ú/›âv»£ô‡óå~Iƒ¥ç3‰"8“„–7öÝ‚ã{ÞÏa)d!,)^ú/Ó×Gg H»v­`Ì5Ôd!,ÛAP-¼c)d,Ù¦§ø¼ûéTI.,+ö•ÇKöÓ©f³Ï•e504YKŠ—~e’D~:ûbÞÞÚ—®õ®ZMš,„eý2.,…,„%ÅKW–­Ì¨Þ‚zÇRÈBX¶–¬m2^°²–/k^ä¨SV;W°÷oØg§M-#õä$ÿU)d$Ù¦Ç“$9êT5qr+DÇ³Õ§ãÒ&ëéàxÊz¿y5À2X;EÂ’¢¥cõ’uZcgY
YË–6µM—¦Y
YË-«cÅ+q™Ñî*˜e)d!,©‡ÕnYßŽÌïÍÂë8jýÃße!,[´¬Ž<òÔ)#—Ö³Ù§\/<«_‡…°lMýðïX
Y Köê©Ž<¶ÕhíYæl\^¿È¾ºÔ«©7+»:ÒdÞ||•ýš¢
hØb“_„4äÃNÜ­ûÂSöÍ½gz¬¦žFBf
UBŠŽŽ¹WvÒYíU˜Kwu}³ž²3×;ÂöXMý_eÄêu
¡P… Ìî«zoìå,ÂSznF¦0M!ª „Å=²{Î@FçøçýæJ´ö5Š,`_SP¦6ü÷÷wíbV~½ìàïo]BLõÄûßÇ*êß¤ìš£ÞH¼1ì~ÒÅ²\Öd!©Õf¤KrŽá)‹`HÑÐ±zE®9ÅîÂšf(d![üRSüïž²†«VäšSÕ×Ñ;†$‹µLìž£¶tŠŽÓ½ÄE•!ÉÎÄòÆp_îÛc…:›ñTÇ
GåCœ™Ÿd¨È’kÎn{iÌ3IqíRÖ?ü]pÎg3_–teÃ<aìµ³a)d!,[ SM/ß±$Yp×›ñTÇ»æØ5Ž=tƒÒËb5*²–-©GÝw,…,„%ÅIÇ»æØÝÓ,…,„ekAµ­\¦Y’,˜%›òlŽçäŸSÔœÖŸYÖ`uê(²€Ž€­	WÛþ#ÅOí[Æž}–d±ã^Ûòø²<[µ‡Þ?ÓîV5(]“…°ù³Ú½Ó,…,„e‹—›c½Šüsª=øuš¥…°LÇRiß±²–-^nŽ9:öÏQËêïX
YË1[ži–ƒ-Ob[žÍ1WGþ9Em(|ÃR‘°Ü©©&ÚùÖ¥ëgH†aôEu<Ebº§Ž§*âÁy5²kŽzµéA!!Hó!G²<9Î <eg²<Yfy²¬›²ï*liÑdŸ@f
YÃæ—³ŽÜ˜cxÊ"zGEöÉ©ÞQQ‘…0¤Ö†$‹Y‡yñŽ†™r²:)œä²ÕGMÖ?p<¥óÔGÂâüðÅ˜g¢Éúg2ûîø²¤´¨]Áše)d!,³­Ëgë·6‹ùáï²–ýª‘y­FÎ²üª‘ùk3âR·õw\Ÿ3tš,„%ÅI¿ªd&ƒœ¢nÚß±Ì.~Xæ×ÑÒ¢vwÀ,K!`É¾;›_¤)nŸ¥ÌÅË¼-MÀrmM¿ û†åW[Ìì»³ùUAòÊ¾Û]çUÚÌ¹&ë¿Íl£š ¼c)d!,)^º²l­ÜÚ™d)d!,ÛÁO-Ç½c)d!,³ûºlí6vEkË]E+¯y4»È¾kj=«©·2…ÿz² †ì·³ûÝ¼ÊdŒ3Pý¸0LÕ°ëÓdë1´€ºéz–ÙòÁú‘Ÿ+ÙoÇ—e+ª–5¢É<t,Ÿó<š,„e»è¯&ß±²–-Nî~æ¦x, ÕªX¬Ëmf]
YËV>TG¼‹Î³CòZÉRC/;QþX¢ÌÙEÑ!™Ùgg÷«,g2Ä¨`M3²†-A:ðnexÊú3dÏu9Í­Ãl`Òd#%HÇ:#{†F®N‘¼SÙ_Çs=F>ðÜ£›d)d!,@Ví‘“­ýûLhD›¥…°¤øèWÓÊl„cßä™f)d!,éº†Ãg?ïäÃ'R“…°¤8éXa+œl;Ì²$Ylgdf+œeäfÝK!`É;ž,É
'Ïîyòe¯°Td,]ß#·³:–ÁÊ|eÁïXvØÙk[d…SÕ’Â;–BÂ²µ£ÚÙË¸vçÉç›vÙ‰¾äM»¸*ê']m¶wÙ,C’ïyR;ð…›v³OYCŠŽuI²¾Ù†M^F+g®ÈBæ–€y§Î1<eý²“ÎîwÃ.³å}ãu;ÖÕohI»17K“0ÌtàÊ¤­‹‹Ï=XÙ™,qk¹=VQâåñ–a\‹íµ;ËPÈB’‘êˆã\Ygž²3WåÖ²¶)º2¤žÿ:²†4 cäFÝÃSÁâ¡cÝ‘\oªÚÖûŽ¡…0l»›t³OY†ä¦ÇZUáÀ50´g¸YûREÀ°pã©Óg=ßÅj.RdçDrÕ‰‹cŽœìoª}G`š¥…°l2v;¯:ËRÈBXÆ¶.sä…¯-œ5Â%÷<ŠQ“…°L˜u)d!,s[—Ž9òBîpÅœ'0ÍRÈBX¶ÆSµ1åK!`Y9^:æUÙG5þ3ËdÍ]Öd,Ùg`fËKEÂ’â¥+Ëf§ŽH}ÇRÈBX¶ÆÓè/YKŠ—ŽùÕÊm 9ÉRÈBX¶À¶zÇKEÂ’â¥+Kºæ?´÷ÙgX
YËv Ül÷€Y–BÀrãxéÈ’mqòÐ;öl—¸šô),Y K²ÅYÔDãŸY–Ýº/©ÈBXR¼t¬°-Î€ý,K!aÙ‚Õ~ÇÆÏrö›§KMYÉ÷ô²ùž(ò=í±Š:ÅIÇúÙáŒôxÔzÞA?¶ê&C!a˜ÆÜ<fž²†]¶~²{X³I|!œ4PÃŠÇ¾ë—aµž²…až,yç¸èÈìoê>¹­™¼š,€!ùß¬.æ=Ããb$Ù¿­OqÑ±–ÅF8ªÁâ•å*~_K©XûUEÂ²°0äv5ÅRÈBXR|t¬ií|à¨K^ïî=Š,„%]Ì°{­fY
YËì¾.)AjŸ#gY
YË– UÆDd?´ÝòŠ¬7ËúïËÂñÒk]²bÉÕÕ=ž3ìÃušÙÝ”O—ýK,Lùø)Ç¡p`Ê`èF?]‡÷-Ï©:;0¢ˆ+<á>ù‰Ä[”\½*Í¬Fn¸Öm;¿…ƒàb²‚­ÝT5Ù¿¿YãÞ!|š5p“@¸ŠÎ«öXE½EÇÕ«*ÉŠ-Œ™•¬i†BÂŽyÝs]Nñ)èš×i«WI’[ï·¹Í¹‚¼z‚« …,d»ã?ÐÊzq=<Þ¯Öe,ÉbÇ•åJg>»µ¼.áÜæ„h…FEÀ’¼p‚:íås®_—…°¤ é•.gÅV;´_°³,…,„%M°±ô˜c)d!,)Xº²$/3]^Ž-ëùŽÖ;V‘…°lm k–%É¾nû°Xf÷uIµC–BÂ2Y(Ï²² –ã¥W‹d_§»°<ÂÉöÌR‘°$OœUõíº°ŒÛ'ÿîcc}Lè²–/½Òè¬Ø›ÙöQ×|¼6Y
YKò 7ß±eîX>Õ tYKŠ—Ž)öÄ)æu‚ºä³$²–Ç¹º,„eË‘ª“hî,×s]–Ç»º,„%ÅKW–-°¬ËÔ]•×Û*K!aÙ›(¸°L»½.…,€eäxéÈ2rŽÔ.o­Ý™$fë§­Èz§Ñù)ûgºæ“öŽ¥‘+øÊ‚ãeäxéÊ’›]Þše)d!,ÛAphŒÄ2ZgÕe!,[¼Ž	uòÈ)jGÓ;–$‹ly¥§´À6dÿy^¿a)d!,[¼^W·X±- »¥g–¥…°Ìé³©ýHïX
Y K²ÞqeÉ9›Ý&9ÇR‘°d{]Æ½ŒžF>ü]Â28¯KöÈQS'·:IWºñ±£â”E¶ðS†ê$Ó,I|&I/‹—ä•3ÒB0ËRÈBX’7¹ÙB0ÍRÈBXR¼t¬y¥AËóö³åîø³‘ýÊ‚ë$ä™³ä}fY
Y ËÌñÒë+ÖOX—=Ë˜­”¦"X—äì½Ï$KEÂ’â¥+Ë04â®lå´±Áj³Pd!,[`³¯áM³²–Ñ}]Ž/§Y
YK
lÞïXEÂ2»¯K:š¹õi–BÂ’zVÍ¼Ï4K!`É–=Á±MÞ:Õ¶!¼²4Ë¹Š,€%yë{Œè•¥¹	ÿÊ‚ó±Å=^–A‚ºÔ9–p~J+4š£îâÖÙÚ`Ÿ|MtYËè¾.[¡Ñ¶_šf)d!,©1g¤æ5ÇRÈBXR¼teÙ|"lûìi–BÂ2‹¾o–BÀ²r¼tì÷iÿ}öÕdY¶Ü±ŒV	P‘°¬-°EµøzeÙ®_w‰Žþ‡¨$:¾²¯ó±Ï‰¶ìñeIžåûØI–BÂ²mËžk¿Ïµ)BÿðwYÈºŒîë²6;‡7ÍRÈBX’Ù·>ÍRÈBXR¼tìÃûzëØ{ŸÔŸIöÇ[º,„e²Òšf)d,Ù²'x]›eÅ¡¼Ï…eëŸyþ:Y ËYGÎ$Kó¥¢ÈBXR¼tì÷!o-ôáM²²–ÍÓ|v]°²–-^FÇ~öØ©#}ÖÎFt½¼¦înTºì_bùàFEOiA»æuüöòï™$Uû‡(d!,[¼ŒŽ}6 K’}ÝSi±l¬voš¥°d+ŸèØWÀž;w!}úSã¸­ÈÞ±ì¹3t7(Oôn)²–-^FÇ¾òÜÉjìK’ÇË½[m“‚Y–BÂ’â¥cn}çÀæ¿.…,„åX¿Ï4K’ïcÙÊÇ—%6ÛÊg–¥…°l9‹y&™f)dýY®låýrëëÂA{]®±cYŒÞ-MÖ¿wëxJónµkÑm²ÝïÆ->{/ê²–/ýrx+¹ïÕÍñÖSÙÙ2¥dÑ4YÿuÙžr¼-Ô"Ï;–BÂ’â¥_o%ž‘;{³,…,„%yÄË9–BÂ2»¯Kº(iÞA˜f)d!,é 8r&™c)d,Ùß'úåc×•›¹÷¹³|¾Žú•ßÙkOÙ—áÈ¸ÃõdimÜ4YKŠ—~ùØuåFV;ïR7¦b3Ô~d±^Mí)­1gèž×É²Xëò+‹=_®ìï“üò±ë:èW°¥îžW²Jóš,„elûH®`Ž¥…°lñÒ—%¶1¿M‰mšf÷eHwÇ‹è »ã²Ä°®'Ü|ªiç‘þæë½öÅ8Sj² ~ìé“üòé+›ï¨?ç¿ýø
Î©+éò^•ùtMÖ?Ÿ¾’ùÎ¢&ïæ¢¥{<÷fkª”-Dú¢¤³Ÿy…dW”ñy1ö²‹qÙn‹‘«©g¾KÊI„B‚0º¯ÆväS}ÈÅj<ããŒ‡›ì+„í±Š:YØ™I„B‚¢_Qke§»²Çr^Ê;Vá)ûnÕÔè•Ü
U BöíI~µ¬¦xÔ)¬W„ç,€|=i( {Ñ€åð>e…´[Sj_°Ÿ9[A\‘õ·EO¡@èWóXÉT§¨Ó:oüB7k	ö²ï%Fv4·ké“¦
YCŠ„Žµ6ÓxÎ2$ÙˆbØ2k¶Çä4C!aH¡Ð1—J&:»zâC’…1<€„ÚÆ,C!`Èž<É±¶‘8ÙiÖ6.ëbåPY@5ÑIn ßªgYÂåD¤°Td!,).:æÃÏÅ²O±ë(åq*ç)û:ïf~G ËCã¶fP6Us¼Ôk”Óá‰ã˜}Ö/õG5³X_Yì•½s,ì&Q
UJŠ’®(›uÎb¿agQ
YÊúvw”B€’y²c2œœsÊb&Ã¯(ŸGé² ”™Óžö6¶µ‹Æn­—ŸÔÖrŸÔÔ«¨· ™Sp™o4ÚoÖm=ƒd]­ EÂæìâÔ±­C£ÓËN0Œ›däŽ›x|alØ´æÎ°®ìÆÜ¸‹ìÌÁ£ÞY·’CN˜{|‰e†Ý);ÃnWØÉÌîdÇü)9ã‡Û;4tëÏ(+²€âpmÀ™e˜gÂú3d£ì˜@-\ý3o.K²Š,à AŽ8«ZÑ‡ÆsÀôõF®úá…,`OÃF;Ù1™JŽ8%˜7Ó,…,„ekR;ÀÞ±l²f0Í’â¢+Ëv¼[íÀ,K!aIç»¡½Íùn½NxS?¼…°¤8é˜\eGœäÿŽ%£×ûTóë86”»de)d,ÙhÇ“%9âÛ,{ß·óÜx;z)_‡"`Y©£TÝ°ÝY¦sÃfÓýÈ‚»pØh';&ÌÙGÝ¾c)d!,[G©Z9}ÇRÈBXR¼tL˜WN‡ZÍqÛ²¬Ý;ÖL˜+²–­&ÙŽ7–Ïæ,š,„%ÅKW–yÄÐc[ÖÎÐ£T{]
YËV=\GâeÜfX
Y K6ÚÉŽ)svÄÙ­wì¶”å|Çn‹•£Sd9ºo,Úg’ã=ò›œªÙºÅ©ÈúÓ­l´ãË²6õë¸²[W`.ÆàfMï!GœEuÕ{`iM·Õd!,[¼,ŽõrÄÙÍúÇ<K!aÙº[ÚXÛ—6ÃRÈBX¶xéË’ê‡öÅ€}¹äa³õuYKê<©eÍ±² –l´SsêäˆSÔùò,«u—ð+‹5ÿ\ÉgQ'ˆïc–Š,„e‹—Å1·NŽ8Óër€¥…°lm`àÝ,K’}Ã³XR¼tÌÇ’#Ž=$íØÇÖó‚rÝ!Üš,àKŽ8«ìß±²–/]YR`³÷±³,…,„e¾/ e=ˆ×2ðÙñË2°ÏNñë=lˆ£Úg^QÖíl¨ÖuMÖÿÛž²vµÉó~$9=·4ðáï²þ©‚À>;ŽË2,<0ÒÚúlËÞùl‹.5YKê»±YvËr¥P… ŒîË²µß˜÷[·%×nYV#ë£ÉBPRÚÔ>‘L¢ª”,ý
^aá¨f¯ÊY”B‚rðp9‰²©‚Y›ìx¢\yú•½*}à¹ïI†§­&@¹òô+û<rEù\îÒT!(ƒóª\9¨¼`÷Ë6Ðü:„,e»Â| \gX
YK
–~eè@f8ö¦y–BÂ’Ìp†ö=S,…,„%EK¿Òe ;œ­{”ó,I|!cœu³ï5÷,k1œh² –ì·ãÉ2p\³Ú›o,­ë?²ØÒe gœuÀ[¹|Ö3­n]Õd!,ƒóº$gœº[s˜æY
YËØÔâ½56œw$ãê–&ëß‚‚{¼d‹œ8¹÷`I²p–m"”jýŽ¥…°ôŽ—ä•SÕ×Ô­DRÎœO‰FÛÖìk–æ×Ñ²3#žfõôÚŒ'?²¯3Ïž½xŠ_{HS<›º|`™/W*•¯C‘°Œ|çÃÎ„ÏÖ[	ñR‘ÄKöåñeIÍ~Ç†ÎÝ¬TÃZãG¼.ÙHgàÒú,K!a÷±d¤SZ}Rï%±üš,„e»90S+}–Øˆç^ÐYìõƒÀ>=¾ë²¶ŸžR»w¬u‹_“…°lÃ"«]ºŒç¾­¬ÆË‹êøË(o­OâìÒSýšµÛé˜»×ºo{—„]¬7«" ˜äM› ùëST‹‘MzªßÝõ8[:p¯k¹Ü90¿!AI"ÝQ
UÊ#«_Û]HÜ‡3àì2‰RÈBP¶{‘{×I”B‚²…Èê×uÒè‘2u®®%YÇE‚²ýÆBdîXfóÃße,Ù¥ÇsY’Î¦VŠþÌ2ïÖO[‘°$;UÍ9þ™eŽ†É÷Evf¿“”ýŽ°ìÒã¹ÉNçšWóa(d![Ž´ØUçãuÿÀP9J*²€£$»õTÇ¾ž<&¿S4´Œ—ú“>eß:fÓ”@¶:kµ×á,C!aHñÑ•!ÕfL2<e[ËÍ@«äòÉš§¨2² †ìÚ³;"É^§ª›÷?34GÞk²€Ùë,%ƒe?–Ç¨ß(²–->nŽ)²×Ù–K{7.k€¥…°lç½`=fYÒ1\ff×ßuÙjˆÙ­=Ë’dÁíl¯³ðb)d!,[œÜ³;d¯SÕ©~·qYËI!
!ÙŽ{ehHúI’GKöìÙO‘u0Znµ.Íz"`Y)¬©•¸–Ñº¡ÈBX¶h¹;ž&+%G“yšœf)d!,=ŽcéïI$Z¦Ãš,„%EKW–4Ò<MN³²–45yäD2ÇRÈBXR´t¼¼Åæ:jÍýz"Y·3	Ì»_Yð.¶r‡ªÿº² –ìÙ³;fÈ\g„eè<{R¶BŽ"`Iæ:·×Ô²=¥ûìÆÖGQ… ¤péxO„¼uJöG)d!([\[FwS(…*%EKÇ¶W²Ö±Ý—æQ
YÊv\FòèS(…*%KÇŽ,rÖÙJ”³(I¼‰%g A]¯¿¥òã4òÇ_Ù4YÖZ¢,kÕ ÔÙ¨gwLÛ‘£NU›ß0TdÉQgXŽ=ÃT­·"XdÔ“Ç´;ê¨“ß±²–äØj'{Ò±gX
YË#L:³l¹RÕƒêK!a™ÆÖå,K!a™ÛºtLÁ²£ŽÚØt+su—¾“™ÇTd!,Ûéo Án–¥õgÉ©'-~IØH–:#ÃbR<;ìŽíàs‚@“õgy<¥¶¡.ô	–š,„%ÅK¿Ä]dKuˆõm]vÆé)ëR“…°lµÅÍŽ—á³žÞâ§ÉBXR¼ôKÜÅ…›½.gY
YKª-Ž+çX
YKŠ—~‰»H¦:¥ÚûØY–BÂ²õâ¨Ö	ïX
Y Ë•ã¥#KrÕÙ†ö,£•2Ñd,ÙVGíƒø3Ë¸Û^ÈBXR¼ôËÂÆuÔ6w.…f¡K“…°é³«?Äw,…,„%ÅKW–-_šýY
YËØÂHF}KóÃYËì¾.©g`øè$K’Å:/Å•'/í}¦X
Y ËÀñÒ¯<ÉVgdïÓ³LÙú:Y K²ÕÙÇÆÏºw·ç´&aIñÒ¯>ÉVgö™d–¥…°l6CwdCèXÚþ.aIñÒ¯NÙV§%í3xæ[ˆBHRX©t-µ#ùlæ¦ÉBH¶h¹úeÖc–s$ÿŽXÉ–:ø³$…,€däXé¸&ÙR§ØWòöÎ$î—¯CšÈk²þø‘-uÔ‰bfÙš1žY*²–ÁyU’¥N©öªœe)d!,[‘q ‰r–¥…°l±ru¬‘ÄÑ³å,KŸ³¥Å’ŠŒþ,…,„%EKW–Øl–[<¬ÅjÌ\Ñd!,©suÄQbŽ¥°$Ïž´:Ö»È\§tQ^XZ®¾š,`ï“(i:Ð¯•>ùÌ«¯ÖKE‘õŸÇKW–G`ÛzïfY
YKº9â;ÇRÈBXF÷uÙÛf÷àÍ²²–ƒCŸgYú}¶XR¼t¬C³¿ÎHþníXã†¿&aIÍ«öÞg–%É‚×eæxéÈ2óAÐ¾Øuìc/v…ÝÚû|e_ç
¬¯ƒ,Î'Y&+Ñ¡Èö>™ã¥+Ë–4UÛeÞ±²–-iªŽÖxÇRÈBXR¼tì)Èœ6µY¦|^ÃÖ<sMÂ’šr&÷>,…,„%ÅKÇÚ%ùílÕìÝJçÐ¬A_Ù÷ý!Ë<f.uW£¥@Q ,.K—l»c—H¶T»VŸÅjUd[ŸÂ=¬#þÛÚm}žûí5YK
—Ž©õ¯íÎRÿ  ÿÿ uæ¶xœ¼A¯åÆq…÷ùo‘E²ÐÉî&›ZY–Çö,224ã$ŽáUìk ›üø°«Þ»$oÕÜêÖ™UD8ºŸÈÓ]U}úÛßüÕ§?½üã²Ô¼ÜÊËÿ½üôñýw/i¸åíÿðã‡_÷2Ü†áþ8ÓüÍP¿™ê§qù.ÍßMÓ­óüéåï?üúÇíÿ¼û÷w?üþÓû?lÿûã§ï?¾ÿø§—_~úáÛö'^¾yùáç¿ÿ×_ÿü—¿ÿç_^þççŸ_þöóÿ¾üS“þçÛËoþÛŸÿú÷ÿ¾i¥ÜÆa9ü•ÿöýOÿÒþÚ§ß~ûúðSÎÃ­ŽoŸÇÛ`>|“­ÆÃ¿ý‰/~øTnyÿ‡ŸÞmOÿÍ7ß¼¼ÿðþÓûï?½ÿð›—?þë»ŸÞ½ÿÍ‡—?þêÝËÇ¾ÿÐþMq¹-ë¤üo?ô—±²–¥)­Ë´ÞÆzøå–¬‡²–eû§É²L·U8K!aY¶¨¤p–BÀrùnhïeŽc¹)n/Ðœ-–KY‰ýÛ'èø™JòçPd¿ˆe2~Žq¸yö±¬Ö7V‘…°œ†h–›±Íë`²Ìóm½³Ì§÷Re)d!,…±Å°ü~¹°_–H–íß­Úï¥—¥…°ÜŒ-/c8K!aI~9G²lÆ6›~éf)d!,›±ÚÂíÌrÃ—î,Ëm±X
Y ËÊ~¹Ä±¬llN–ó­>g©ÈXÖflÓP¼,Ës–Š,„åü^ÖflËbûå8÷¯|^E­Ôe’Û“LÅvK/I’ïH*»eè[¹­Ð{V>å¾Õž–Ó¡’¢’›©Éý}5I
YIòÊP’¥g´¥Ã’BB²YZ¶«^’B@re§¬q$W²´ªm´H§¬·ñ9KEÀr%KKÚòûó,óHÿ"OX¾Ê‚re§\#Y6S›µ…Ã5–${¹k±l[ÀQ3‡k,…,„eóÊ4D²$[ëøÂ:Y
YËfk“ùÝþ©røí_ÄØY*²–Í-cYnÆ6Wíç8³Lóm:øåd±²–›±Ù¬¸Y
Ùx–y ¿Lq’¦¸ÛbW|Ž,ÓxÚYÊŸC“¯ªo¥•L×žýH½?|.·Ùzx’Å¾—Û_i~Ë²Û`¯}¼,IÎ²írKÏÚÇÇRÈBX’_N‘,[‹qÑ¹×X
YËíë9Ž=K!aI~×¹lŠÛTí:—¥…°ÜŒ-MvUÝËRÈXŽì—,ÇflóêûÆNÉXûh²ñkŸí¯4c{j–³±öÑd!,§à÷rä¢©½¿ô²²–m#˜ìýåº­©ï,ëéáU–BÂ’ü2®Ýûê>^–BÂ²[¶ýÒËRÈBX’_Æu¡›b{´‹k,…,„e+œ®ö:ÖËRÈXNì—qÝ®¦¸ÜjG·kI·½ßµžÊ`
KEÀr"cëè’Ynæù¼¶®ÉBX’_ÆuIšb×Þ²·ñÀr¶X’,¶îÓþJ3¶žÉØa¹³\z¬&aI~×'iŠÍØìž—¥…°lÆ¶˜ï¥›¥…°$¿eÙŒM°¸Æ’dÁ~9‘±ÙëX7K!`™Ø/Y&2¶ÉœX_*O÷¼õIžÏ‡h² –©Û 6yž°œ­Z"aI~×¿lŠm„Õ^ÇzY
YËV8Íæ:ÖÍ’dÁ{’D~™ãz^M±ù°×±^–BÂ²[×\Átïy¥tj¾ª,…,„eóËX[O\8µýÒËRÈBX6cSâK!`™É/s`/S£±£çõÀòù”³&`™ÉØ²}*èÄÒ¬(²–Í/cY¶#’«û½4Y
YË6ÄÚq*ÈËRÈBX’_Öð2oí¹/K!aÙŽH=,ÓüÒ]÷Qd!,É/CY6c¼—BÂr3¶iê™Ãó±² –…ý2eáAVû½\ê¡VŒYç7Y0ËB…Sµh%X.–ÆžD‘…°œ‚ßËÂƒ9öŒˆ—¥…°¤`Ïì–¥…°$¿ì“ÞÚµ/K!aIÆx–BÂ’ü2°OR¸pÚÑ'q²²–muèòKK’×ðföËÀÞÜŒmízì‘å¸'/5Y Ë¹[ê[Çî,³5x¦ÈBX’_†²lÆ6úÖ>=,…,„e365ÊæK!aÙü²Öc_#xÌµO-–ÄU–$þÆRÏPìó$ãm?T¬ùEõ‹PZÏÞì²–c)§Ú£În”$GIû@»MâD)T(9×§Vð8€Gm8£œÓe¶š¹Š,`Òyá²é•·R}v¡
øÀr¬O	¨¤üŽI]ÖÛî7‹U7Qd!(i*'¥P… $¯E¹q©ÙüÀ®ãñç°Ž¢j²”­hZìù'J¡
AI^Xò¡ôj`Ý(…,esµd–	¼(…* %gúD¢¤ð:šØuž÷¼r.Lgùs(²_„2?G+™:W°V£¦
AI^XðáôÕ¦t£²”­ÃØq¸Ý‰R¨BP’WÎßQüNµkên”B‚’¢]Íz¥P… $¯EIù;æhÈºýc÷ÀØ’OûJ¥… ló8³oÙÓ’TÁUXNõ)•;Žß±ÓCÖtÈ¿›ë­Td(9~g´§b(Ë|Z²-Ú³“*-Ù>ýôý¯Þ=<üï¾ÿÝ»Ÿ^^ÿ?¿üý6•q˜òwº¿xû«Šx³È9°^G¡;=×í»z¯Ìç±5õWØe;…aHÓ°ìPqÿ³šz‹W6Ïåå|8/ÛƒŽdgº©,èÚŸUÔ›'Î¹²³L]žèb·Ë"Øµj¨Z ~Ân=%n«M²Å®™àX\¥P5™³;k9¬gæé´éR†]ö»ög5õmñ¨ÖžÎìÊ­Îv»¬ƒÝ(>™íÏ>ªÎæ™ãª©…Btªúùìî˜e5F}5ÙøÍ~8žÕ^ÀÌ»ëÍçŒ(éØšê-`ž:váhž9®W(C§ª)(WJ’ÅÖmÊÀ{9ÛÛ?åa)d!,Éã
7…2tjµ7^–BÂró¯YM:½ÆRÈBX’=†²l35jûîK’…b)ÍÜ®§zY’ìåÒÍs–Í3ÇUáÊÈg;ªpyß$ÖÉ¸cE“°¤IMxÿ<ËÅ*ìk²ñþÂÑ<±,é¶,s„ÎÍRÈBXîû»P–BÂ’ü2®W(C§ãH³›¥…°¤L Ÿ_ö°²–ä—q…¸B:µÃ/½,…,„%U?}ëØ–BÀ’£y–¸²NádïIXkEÀ’3tÔ3¼åõþðË`ä
½É^þÆ>¼*ÍË²›Úù¹ÆRÈBX¶àlc½,…,„e
/©Wè^Çš,…,„%Ù°»É^–Möú¼ŽÅ²ùåW~-Ö˜±n–BÂ²/ÊÎÍ2&Êî9KŽæYkxœ¡£n·Ÿ°,ÖòA‘°L½;ù6ïõØ|Ê¼PjŠ, VÀÑ<±,ÛhzZÿK’ÅŽDÎÐéZûøX
YKòË¸£“…2tÜëØ–BÂ2wiv³²–ä—¡,i#è\ût°²–ÍØÔ|Ìk,IÌ’£y"YfÞÚßØqÚ[€‹¹öQd,3oíöeº¥½o>Ÿ^a©ÈBX’_Öc9CG½ÑáÌrÈ’BB’Ê¦ö[é%)d!$É-CIRÙÔvKÉ¯Q‹åüœÙéñ’²’ä•uõÌ¦f_}$…(„dé[ÁzI’ìåêÝs’ÊI’Òsj¶;$;Éyµ~E4~¸µY0ýÉýÒõ9Y=hEB²ùds-…¦v½ÇGRˆBHÒ-Ìf¡›¤…$Ÿìt¶4ûôÀ0ÜŒjL žD=c“ëãØ¤òå.|¤ÑEßøíSºÓ) BåG²p~%üMl#8j¶æ~»h<¿Òðáæ'dü8x§vA8!§cäÀo±¶ÒŠ(àK:÷Îò¤[]_Rƒ¤"!IžØá|œÜá‰.’BBrj½»:ç%)d!$›'ÖÀô™Oüw¬S]$…(„d³±¥guã#I²—{YÖÃ“;†’lÛ¼ärÇ’BB’-þë*d$9r§v²(§ªoUÖù°Îy~0R\¸yh¿“Ûâ¾âYf#‡_“ô—9q§Î¢/|˜Ã^ñøH
QIjÚ>é%)d!$É';¯É8vËG²‰š#0—Iæ®+ÕÝ$…,„$ùd`en¡sŽ³XŸ,'’Ê.ò(½‹\¨YX{féÒÞtË§¯Êd/ï"ŸóãH~µ÷LÈicÔãQÀ›Èa8j,âã:'ïõ¸õ¡>¼¬s8c'–dçÄŽ¤…l66Øst^’BB’Ü1°²ÊY8jØ’BB²m÷ì{Ü$…,„$¹c(ÉVU·¯$Qp= ö^;é%síäó‡ç€5°Z¾òP³`TD$9Ghx$YÖÉÙzx!!Ù|r¬›S"Î¢Ž»\!)D!$§¾ys/I!!™ÂßÉ–Sì³v>’BB’ÆOãI
YÉþN¶Âhî˜žs‘¢’tX£Ç'}$…l4Ém—Æ‘<kT/‹‹0Ÿ›ïØS±Ëò´"ð {­"°ýYE½Y™}=ÏÆpÙ+æÓ)Q}è]¶?N)ãcœRû³Š:9cTÏƒ§ÛÚ3/7È™?Â.zÜ¨i—ÛÔ5%·ìóäãéÝÓù.ëá–nIQ'Œêp°âÒõõ9¶ì-ìY„Ùƒì%ríÏ*êTðìÙ)úØí²vä|Q=V|¨úLpç¸³›Ç§s8²võ‘]û³šz;Ðß³zñ±ÛeãÙqžN$;
¾Ñ‡>Ï.=ÏFÒe£'Œé¯´;ªJÏ®p9¦®>[·è²€uçé¬Q)V|,ª|æb–C€î´>mè²Ñwìð_iTv%¼&ñ°²–ä‡Q'8X±—¹Ãw³²–¹/ÒË’dáï%ùc(ËVìTÇ’®±²–ÍÐÔÁ¾k,…,€%çé¬Q*Vl›8³~b™ÎSUŠ_*² ¿¤à›©ÚÓÇËz`¹>g©ÈBX’_†²lc3Ù¬½Õ9ï±É)v‹*K!aIÁª=÷ì,ûÅãÓ«"uÙèœ+ú+ä—Q]*VÜ¶ñê8öÃMfÇKéžŸ)×e!,Û†Ï¾¾ÞÍRÈBXn~Y†¨š8+N=W™Õµìïeûm¬ŸCÈBX¶üñÅ>+w¼¤Xû)E€’âtÊUgÅ¶Þìè8Øe}z˜.@™8‡Ü¶Ëñ¶îW|'–ÊºM‘³¢¿2Ñ,›¯ÙIõí²Èùð‰5–>Š,„eó5 K!a™ÂßKš3µ—>^–BÂ’îª²Kæ^–BÂ’ì2°]Å¹7ö ²›e“½>Šl±¤aÏ2ÖÇRÈXföË@–œ{Ó±%9±œ¬• "`É¹7íËtê›*,YË)ø½ää»T°Nug™“µ%Qd!,›±u”c½,…,„e
/Û>PM¿ÆRÈBX¶}àhÜ9²LÉþ¨|íef¿àô5CáK!aÙ6‚‘eÇ^K!`YØ/Ç8ÿ¦#èÊÇR‘°¤ü›©£}éc©ÈBX’_†²$c³G!½,…,„åfl©«„·Ðmÿ"Ës¿Td~YØ/Ç

×Míq/K’×}
[Ï]®>–BÂ’ü2p¬€òpÖ5ž¥…°ÜŒ-©µäk,…,€åÌ~ØŠžy#h·Iê±MR­Z"`9óFÐÙ:±\­=‰"aI~Ê²oéfù5ö—3Ÿ×è¹ÅÞÇRÈBX¦ð÷r3¶Uí]cI²à–åã¤äüÆv°²–%ü½¤³=,=$…(„d+›v­b‡{÷rZ,·Td$vËÀNÈQïÓ8“,÷#=í?Ùç$Q IÊÇ™Æžïëd=í-’Š,„$yeàxÈÂ3¬vïr:ŒØ=EÂ²™šš’x¥…°$¯eÙ9ê3Œ’_cÐ‡rÔ¼Ùk$…,„dsÊ1pÐgá’©ý}õ‘l¢3¸o¹ð@NOÀGRÈHVrÊ1pž ²©Ù#['’F!S¬li=Ó;É”­ÿY@–"xÊØé¢´œÕ‰p’¢’tæ±§Ïå#)d!$›OŽ}.NË±C"œ$…(„dî‹ûð’²’ä“JËYÕö’BB²`ÞI! ¹²OöE(-gíñÉù°Y¬yØWYð[Ii99õÌPXûá…,„%9e`_„òrjGÍÎËRÈBX¶Í__Ínøs4–þð²–ä•5;JÌ©³½É‡9õ<N¹©?‡…°l¶6ö¼—>–BÂ’Ü2°jG™9‹:"s%É‚û"œ™Ó5Ûìc)dãYŽûe\­gäÌï{9ßXM6žåHÙ9¥«Fp`9ú"êÃYËæ—S\µg¸±ÏRÈBXÒàªó½ì`)d!,›_Nqõž‘suzj°÷ÎHšÎˆ&
!I›@§[v²’Í-cI’­Ù'|$…(„$µí×&t'9£	döMÛw)Ê'”äÈ÷yØñ/’‹Q%ÐD$)qgì¯;‘œNÖ Td!$É)ãj°#%î8¿®$…(„$š=£å%)d!$É'ãj°#åí¬}gI!
!™[$‡]!ð’²’ä“q5Ø‘ÒvÖŽPI!
!Ù†U‡®×~¨p´L^‘¬x&öÉ¸ìÈY;‹½âÙøíñÉ(I¿É‚ßJÊÚIj Â–Ù(n¼ÉbëvãÄNøVrÖÎbï)½,…,„%eíô|as:ìDžg…h²–)ü½l#8jî5–BÂ²àtÔí¼,…,„%¹e\odä¬õ†ªk,…,„ek.vLiyY
Y KÎð™âêé#‡í,ö¾òÄr²êvŠ,€%…íŒ©g?r`9Ú/d!,É/ëé¶SÍUì²Ó˜ŒU¬"
!ÙlML:‘Lëm¬ŸV#)D“ìG8Á'VÓ9jg1»\N’BB’J¥¦WºI
YÉæ•)°nGA;«µñY’³ÑðÓD!$û¦`Ý$¿ÂìÈé=‘$sçÎry½øåí@¿±pPd,3¬š}‘3ËúôRX]Â²9e
¬ÁrÌÎh_½,…,„eÃ±“%Ü,…,„%ye`6³­™“Zn–$þÆf>ižÉs³²–ä–ŽÙ±w#n–BÂ²›}’ËÍRÈXrzO
¬ø”^¿,Ãáò‘ÙúÕd,_cv|,íå«,v²yäôžXñá˜5[þK!aI›@³J°í æã¹g£×¥ÈBÞKòË¸iØ‘bvV;µÙÍRÈBX6cSâK!aI~X½+\2µ×±e8øål5ŒYËÒuÉ›%É^þÆ>gÉé=)°zÇ1;}ßØñ`9F#W‘°œÙØœïeµj¯²àú§÷D¾—³³˜3>n–BÂ’ZŒfÚÍRÈBX¦ð÷’6‚fÚÍRÈBXRÙÔ®«{Y
YËæ—9°®NA;U½»ìK!a¹Û`_jéf)d,9¿'Öc9jÇ¾ÜòÌÒ¬ìŠfÉQ;vr¡“¥"aÙü2Öc)jgí.ÉžÅ”ÌyEB²…¸ª‡˜IÉCRÈBH6·Œ%Ùl­Ú»Ë\wu°$Y8ËfkÙ®¬{Y
YKrËÀÊ:…í¬¼Ê¹h}iwš,„e`{º$Ë±‰n”9Y@3|r`eãvû½¬ãéšÒõùÚŠì±|þŸv¥œÒ3’Ž9¿F¥@‘¼—œâË²mW{ëe)d!,)p§§íc)d!,É/»$¹SÍD¦eá!;‡,YËV6µO[6OØO‘dûá…,„%ùe`—„BwêjWð¼,…,„e+›vUð|,Iüå,ŸH–+ï.}ïe¬Ý¥"Xû¬¼ì©úXšhEÂ’ü2°ãµòFÐ^û¤Ã=,…,„%]â|/;X
YKòËÀÊ:‡îØ'ÚÝ,…,„ew5ÖÇòkTc9Ë'VÖ)tgÌs$n–BÂ’6‚=¼åhåâk²ñ,'Îò	d9QèÎjß¡7/+m±ûJ'šlüÚgø€¤ý^¶ë'î?Éøš,„eóË×%™8tÇ^û¸Y’ìåo¬ùs´±»{ée)d!,›_–¸.ÉD±;«Z»ÆRÈBX6cëèxyY
YËþ^’±™k7K!aIÁø÷RÈXržO$KŽÞQdœYî¯i5Â4Q IÞ	'©ÈBH’[~aÇ^·ô‘¢’ÍÔ:ºÐÓm¹‚Ž‹±†Õd!$É+ãú]EïÔÕöJI!
!I-FÛ)§[®’Ï«êš,„$9e(ÉÒu¾kÞó|¦ÙØfk¢’- n¶÷"^’B@’ó|J\¯kâàõZÈÏ’,ÖŠG¤Øž3íÃ!‹r,Ö†Š,„$ùd\E}¢ØŽj“¤…¤æ¢=©î%)d!$É'ãz–…îÄ“$QðÚ•"wzº\^’?§>q’Oì;I­E³3R–}Ü)YË?EB²mü:V<^’B@’s|"ßIÜQ¯„üÉmÑ`üŠ(€$ÇítTyN$'ëƒ¢ÈBHFû$î¬£9×ì$)D!$›¡uœšõ’²’ä“q}ç‰wFó“¤…¤ëAœk×’BB’|2®ë<½î˜5ž#ÉÙþ1„(„dÛøu¤øxI
Y INñ‰$™ùx‡í“{g#i¬xQ IÛQ¯{BÒ\®)²’ä“çÌ[?óÌH×}
¶‡¥…°l–¶:²ƒ¥…°lN9vC2·í·ÒËRÈBXR;1ž¥…°l^9öC8lG½HðK!aÙlMÝ_c)d,9Ãg¬£66{/²ñ»³¬§ã²Ê¯ÁªèBzù»œ­:º¢
!ÙÜ2–$ÙZÇÖGR¨BH6WSÞ.‘ª’ä•
Ú©j°ü™d^öü»ð¥ÈBP¶Èsu|÷JRÅ†ÃNß3í
ï Í6¥¥… l•RõÌö%”B€’Ó{æÀZÏ¦XoCG…À‡R‘ ä˜ÅWí1WlŠ*%Ye`‰`fS³=^”B‚’foì8'JªÀbóD'Îî™k²³ªQF×P
YÊy+…*%ye(JÚÿE{¥"AÙ\ÍYNï@)T(9¹g	¬ö,djjðßy~`Û‹ìg+Gã~ƒ7Yl¢ÖD;Ez†òùÙ{M‚rwV_E9u{æ´ÂD‹¨¥ÉBP¶±5ÙíJ¡
AÙ¼r‰Kî™.–šË7J!AI‘Þ‰’TÁ›îY‹=œ°c—ÓÝ(¿Âµ#ÓÂ':ìdœ(…* %çöD¢¬djv—ëŒ27È¼Éb“D'
ØIØi[ÆÜ×lëéá–Š,„%™e`å®ÒP½¸ã¼„]ùˆE7K!aÙ’=Gàe)d!,É-CYRÜ¹9—îf)d!,›¯©	Ï,·5÷Þ¢3Ï¼ÊÂ¿±d—w°³ÚÉÛn–BÂ²tÜ·vÈÛPE€’c{"Q®ÜZ4¯™u¢Td(9_g¶·–G”«õV*ª”ä–uŽ×™ì2¬¥… ¤æbÏÖ…R¨BP’Y†¢¤z©Ýñ¢²”T0µû\G”çË8U”¤
žîáÌž%°9Bá:5ÛeX/J!AIc8=(çÅÃRÈÆ³LœÙÈ2q¸Nô~äM»îI¯á:¶Ynû‘=c2êš,„%¹e\{$Q¸ÎªnÏ®±²–äk=gž},…,„e
/›¯¥àE¬&aÙ6é ^–BÂ²„¿—}÷?»Y~…Rlz×éªß¹XÒŒøË™=5®o™8^'ûêS5Ú¸šl|:q¼Ní×:Ô|Š±öy“Å®c§öÄ²¤m ï½ìa)d!,)8 cŠò2ñKš&d3Ë×N#»š½ð)Ç0óÇ¢Œ›§-êƒ0
MÆæ“5®ûÜÓmHvµÇ‡QˆB0nv–Õ8Œ…& #ÇõÔ¸ve¢dž»r^z^öÒD9WÇ®óLÜÓzóÇçñ_š*$ùc\+q°Žï}ì )D! éê,³#â)T! ÉãÎ$ÎÕé˜›ô¢T#íim®ã*FoK“…$‹%Ùö|j§ï
I!
!I;¾žI»u=|Bð*»€7’ÖSãº”‰ruV5£ús$[çó’€"
(	$ö3Éí5êŠlüµj‰Ãzj\g+q®NÇ×u¨‡Hfk*F“¼•”«“Ô»§®±$ÙË;I‹%9e`Ù5õ–]½,cÊ®ËfjêÝS,s:<¼QªSd!_XòÊÀ²+gë ÞK!aI¶ÏRÈXrdÏXª£tª®çŽ®O·ãÏal±Y KN×Q§êY.åð}~ÖE“|c9´g¬ÖqºNÇø€—%É‚ëu”®Ó3>àe)d!,Sø{ÙŒM½•õK!aÙú‰êÑ{}¿ßŽ¾WY
YËþ^’±u´¶øÆGú9òhœÑd{’×t{»½Š‹‡¥°äÐž5°”^èlÇìd¹Z,Y KÊ×)]3°;Ë¼wÂi²–ä—õt
Ø©jˆÑ5–BÂ’îÌêÙ_Î÷JìöýœÍ‡”…°$¿,©ÞÚU/K!aÙY‹mÓ –${y¬ÇzxòËÀZ,EìÔÒqüÇÉRÈBX¶`×vK!`ÉÑ=‘ïåÌ…Sß7¶˜õXEÀ’CvjÏÁçËjý‡¨ÈBXNÁï%‡ì$;rÛËRÈBXÒŽ9H0ÕÛ´ï/«µŽUd!,É/»$”²SÕƒàŸß_ædÿ$öKŽÙ±G´¦ù6ïwŸï R^ÈBX’_†²lÁÜÁr8øe²?SBÂ²†´ËNË-Í‡ýåj>ü£,€%Ç÷D²\ÈØÔÛ’Ÿ°,Ö{ù*^û,llö7ÖÇR‘…°$¿ì_.\8µ×±^–BÂrjCrfmÝÍRÈBXFûå¦Øò¯ºjëûRÐlç*²–­pÚ1´åe)d!,£ý’¢vêlN5ç¹œê±&K!aÙ
§v‚›¥°äŸÈolå ¹ö9³¬¶Qý*ó>œµc_nàd©ÈBX’_ÎˆpÖN6kx©æÛñç0Y’,¸VPùv{í³o.§Óü þäšd–¡ SWÑÇRÈB@Ò.ÐþÀN·²O·,ÖY.E0 Âù=kà°Oåª©9«ž–tÈ]¬½¶"aÙª¦v~Ï#K£‹®ÈXR€Ï<pÒŽ}Æ2‡Iš­Ú´"`IQ;ç ,åx(ÆNæKEÂr3Ë`–Sºv“$-Ë^ÀKÉúÆ*²–mŠUÝM]c)d!,S{/‡
(k§ª}ùk,…,„e3¶¾÷2XßXEÂ²Ñ,KWÑÇÍRÈBX¶ª©}C×ö1[—Kãà¶"Ï2ì—q"™Ãv²ÙðÊcÙO»M«qÚM“ÂË¶Ó1´îc©ÉBX’_Æ5¢3‡í¨×'ŸYÖc÷ïy‹D+3GíLöÖÒK’dá$É-ãÚÐM±Å+›;'I!
!Ù*¦’ùV÷¡-«ƒ®ÉÆ×	òÀ^úN’©uù=V@“…°l¦fßýìf)d,GöÊ@–´3›ëž3Ëb”ÀÞd±MèLA;“ºh»ÂR‘…°$¯ŒkdÚ±k>n–BÂ’&X£ßËWÙËni=<¹e\ƒ$SÚNUgK¯±²–m¨^fô„åh4H4YKòËP–ÍØì¡-7K’Å6»2¥îLöA’er±² –ûe\$SîNUÛOXV‹¥"`ÉÁ;jæôçY¦j}c_eÁ~9±_†²lES;<ÄÍRÈBX¶¢iG4“—¥…°$¿ŒëweNßQ#V¯±²–dlöÐ–—e“5Oæ_fÙürŒë‘ä‰'rÌ>´›¥…°lÆVãY
Y KŠõ™Ç¸C´™xÖŽú‹¥"`I	<Yê}Âr5šèš,„eóË1®G’)§.f¿ËÍRÈBXÒ%Ð=ûKK’ï/)Ø'˜%›³î“¬eý«,xí“zý2ÝfÇ†*}¿Lì—¡,›±©ë<ô»ò‰¥a9¯²p–t«–ýM·qnÉVc@‘°Ìì—½KNà±ï]Ë¯¡!o?ÇóYŸ7Yìµ@9ó%”,Ã”ÆEÑ„€$³ÙvC[^B²õ!»€Wnã~ÃªÙáQd!,É,›$¿SÕÅ×X
YK2K»Poëx0KÃYK2ËP–-ÿ¼£áåe)d!,›«©ñRfY§ÃÃ›ßX!`YØ,YrüŽ=°~f¹Zë@EÀ²ðDNÏ"öÀ²ZßXEÂ’ü2p<„ãwûÛf&<,…,„%ÍäØ~™Ï/ûáËÃ>Â’ü2”eg1ÖË’dáï%ÝØlàyY’,üK~8T@ñ;«}ê2ÕÃÕ©ácš,„%ø°ýÒËRÈXÎì—,g66ûPÐ¼x™…EÀ’âw:Ò)O,·Æóã¿š,„åü^Î´ì`éÈË_9›gî1úÜ²‡$É‚Ýrf·¡ðÕÎ¦<“4ê_Š(„$™š½†õ’²’ä•¡$û}Ržö{±{X~AŽÞéhxY
Y Ë…½2p8„¢wª:_ñ„e6R`4Y Ë¥3aýÌÒœ¶Wd!,É+‡C–ÎÁX7Ë&>¨—N°YN·1Þx/YKrËP–T4µ÷#^–BÂ²so9Ür=„ÉRÈúXþ?   ÿÿ´K’HE·Ò+xIŠÏÌî°çG÷ ÷¿‘FRÕ#A*”2Ò¸"î#8B¿›ñ²‡,T4µœÝ,…l
K:ŽÒÎG¼,…lKrô™K`š­wìáK\}»ßvSd–.Ùz§£NÐ²,‹}ñB6aU}‚Yb`³k±eÙŽ:Á~÷çêi²),ÑªNMŒO,ÇýÚ‹‡¥Ma‰ñ²ö¡Ñ÷äUíeh7K!›ÂÏÓ(æ‚—›¥MaIñ2°ßÅî;êátÏX
Ù–pmfÄ°²	,ÙÔ§öH6,šŽªÿÆ–ŠlKrß©jý/‡câl°êêŠlÂ·›ú”ÀZ,¹ïŒö ^ÙjóíS¬ME6…%åt½cËqñ›q¢ð§l®LeSŸX–X8U÷ÃŸ±²),÷D°#'q³$ÙÇ5<ëâ)^ÖcÙ}g‹.…l
KLm÷_7K!ÏØÔ§ÄÕcÝw:ê>ãøjoÇ}¼ÔdãYÂÀ‰`Ï·Oi÷³>šl|¼6õ™â¼€ýwìåöihŒFËj}®É¦°$·:sžÒÍRÈ¦°Äx9ÅÕ
Pqy­ö;vúðäÛaXh²ñ5<`ÕÉæK!›ÂãåWEÅéUFû¹ô²²),÷À6ÛÀn–B6%ûD>—#%‚£Y÷9³´ÚFšlKrà¹‚õËþUM5%…Ë¸°:/ó¥MA‰yàhŽxQ
Õ”-ã*x¨¸¾†žU½ö<ë¬OÙä7,ùï@Ç&ÉøZŽ‰õÍÕdSXR´e‰i`Ëý~Ì–B6…%ôÙmyY
Ù–lëÉ’ýw:l
 ŽM83XåíPdÿˆe5nŽå¨k0_³¬«ÅR‘MaIá2®²ŽŠû´Ú[AÐL¬Ãy±Fe)dSXb¨ÖùŒ¥MaIñ2”%¥6Ëy=>v®æs)dSXâŠ¤:Þrµœx7Ià|Š…zíBõPZ×á%UMíã»jã8³ýX
Ù”8ÅjÛîEIªû]÷×Î¦>S\ñsÓ6¶Jãv(²	(Ù}g¶ÍòáUáA‘MaIÑ2®Gä¾³æLAæ&ZÎ§6ƒz;„l
KbU{¯,šð0š•MaIÑ2”%6Õöß3–B6…%Æµ9ž¥MaIá2°ßEî;[‡Œ—¥Ma‰­ãäR/K!›À’M}¦¸™uT\»<'Z–Õ2ÛÒd*dÀSÇžxy°¬³±j¨É&d$ìëË’ª¦ß>N–B6…%5;N»t²²),§ðçrêš)p³²),±É8Ù»$^–B6…%ÆË8SÀ<ö¾ž›¥Ma	8,×“^9I=›S*ŠlÂ¬ûúÔÀ>4ÐPÎÐc ÜÜŒûAaM4a:„ìwÆŽÉXxçUËÕG“Mx*ÙÕ§v¡:Ž±X¶cj«‡¥Ma‰5€›Q/K!›Â£elC7í/Ÿ=€¼{$µÇêi²),q„uŠ.…l
KŠ–ÅX¶ßìŒÄËRÈ¦°Ä&cG¥`nzuçMC%¹TT’K6õ©ÅØ¹s0ö¥òŸ­È&|øûNì%ZÊÕÇùˆ…’¢e(J\ø°w‚Ü(…l
Jk`ç#N”B5%ËÀR,ûï¨Ç@<C)dSPÒüjøS)TSPR¬¬Ä²ýŽ:Áö¥MA‰QÂQ’jò–M}"Q.T1íhv‰%,§ªô"oF+úÏïï?~^îÆ¯ï¿~þþëã/ÿûý;L¥,Ûo?ªhã†GÇKu¿Êwþ4—ÓD¶zÉ‡lç%Ã4ÃôÛûgu
Œ…º¥7ÜÞƒv°žþ‰Õ›pˆz¸ÍWnÛ¬icŽ×Å­Á6˜WüVõ`«
6Ec –äökµc Ú!O­ÓžÇIíPM †á‹oÔØMdµcJ'ž#{‰ÇKíP§Æö;‘ÔVÚËxò†TÂ¼"šÐ,&—œ‹/¼Éo°zÅŠjÂ'
{ï@`Å”Mr:&‘} …h
HÊÕìyG'H¡š’¢_`¹t¥@¥öÍŸ€¢) kß9>NB5$ÄPÔ´ó?H!š’Ìäìir'H¡š ’-w pÉc£’¦h¾¹V¿\MHãÉ§gÐ±	go^$«š¦ARŒì^lÎìÝV¨pÌ/õ„Ré^(²	Ý2Æ™V×3ÙƒR¨¦ ¤(XòÞ°û7Ú­~7J!›‚#š:£yFÉ6$Ÿ™Ç|Ÿy´ªÝ™GÙF¸fû¯*â+Ýì†cç¸	’l:AjúÙåÑµ9m­t·•u ,Ë!þìY}7l®QuQVÄ¦ï)\ÇÛs]6:6Ò¯`·¯cLcÛŸªæ1¼ûBÓe£ß¨ô+£j¥¬ˆgx˜U7X›’ÿzö%¾>oYÈ4âå_ÙÃØfg^–B6…%FÇùAõ   ÿÿ ja:Ò